f-act,_/sec;f-sim,_/sec;frame,_time;__cpu,_time;_gpu_,time_;_grnd,ratio;_flit,ratio;_Vind,_kias;_Vind,_keas;Vtrue,_ktas;Vtrue,_ktgs;_Vind,__mph;Vtrue,mphas;Vtrue,mphgs;alpha,__deg;_beta,__deg;hpath,__deg;vpath,__deg;_slip,__deg;__lat,__deg;__lon,__deg;__alt,ftmsl;__alt,ftagl;___on,runwy;__alt,__ind;__lat,orign;__lon,orign;_lift,___lb;_drag,___lb;_side,___lb;____L,lb-ft;____M,lb-ft;____N,lb-ft;__L/D,ratio;___cl,total;___cd,total;__L/D,*etaP;wing1,_lift;wing1,_lift;wing2,_lift;wing2,_lift;wing3,_lift;wing3,_lift;wing1,_drag;wing1,_drag;wing2,_drag;wing2,_drag;wing3,_drag;wing3,_drag;hstab,_lift;hstab,_lift;vstb1,_lift;hstab,_drag;hstab,_drag;vstb1,_drag
85.72012;19.90000;0.01167;0.00658;0.00351;1.00000;1.00000;88.68457;87.68997;88.71867;88.70380;102.05638;102.09563;102.09563;2.80133;0.26619;5.67718;-1.04939;0.03347;-36.73039;-73.08227;1006.48315;987.34406;0.00000;1000.82935;-36.50000;-73.00000;2647.28223;225.97234;1.73767;68.70838;-164.13721;-28.74309;11.71507;0.50222;0.04287;7.83995;630.56769;630.01385;650.44080;646.97839;27.35561;23.74957;36.56479;36.53625;22.62884;22.42624;0.65973;0.61739;13.74850;12.59713;-1.89513;2.53666;2.65613;1.26406
91.14673;100.32102;0.01097;0.01246;0.00612;1.00000;1.00000;87.59409;86.81281;87.82832;87.82327;100.80148;101.07103;101.07103;2.85943;-0.10065;5.51055;-0.61457;0.01278;-36.72997;-73.08221;1004.25549;998.57794;0.00000;997.49829;-36.50000;-73.00000;2626.21997;225.58507;-7.22498;106.51200;-171.75969;-10.74703;11.64182;0.50834;0.04367;8.83996;630.67963;623.34143;643.18549;638.84674;26.00747;25.42236;36.81585;36.13324;22.54811;22.22975;0.63805;0.63695;22.95149;4.20556;0.02849;2.65739;2.61662;1.28544
91.83566;98.56100;0.01089;0.01065;0.00304;1.00000;1.00000;86.76089;86.19971;87.20664;87.20573;99.84266;100.35561;100.35562;2.88090;-0.72707;5.30335;-0.26233;-0.12644;-36.72956;-73.08217;1003.13977;998.50214;0.00000;995.36017;-36.50000;-73.00000;2609.12329;225.58563;-21.01291;139.43130;-189.90042;23.92480;11.56600;0.51224;0.04429;9.11088;634.67743;616.61011;635.50220;631.16150;23.23452;28.22687;37.21989;35.53758;22.32880;21.98736;0.60308;0.67753;33.64207;-5.22924;3.55207;2.87309;2.65565;1.35789
91.52112;93.61543;0.01093;0.01098;0.00329;1.00000;1.00000;86.15237;85.86806;86.87073;86.87072;99.14238;99.96905;99.96905;2.86378;-1.22728;5.10576;0.02601;-0.31971;-36.72916;-73.08212;1002.84753;998.85083;0.00000;994.21082;-36.50000;-73.00000;2596.65137;225.75555;-29.87852;171.12968;-213.22038;21.19065;11.50205;0.51374;0.04466;9.15404;640.75977;611.68250;627.69220;624.73871;21.06755;30.10486;37.59997;34.93622;21.99465;21.73017;0.58194;0.71126;45.53767;-15.91092;4.21205;3.15889;2.84363;1.50611
91.08813;98.83376;0.01098;0.01050;0.00333;1.00000;1.00000;85.81865;85.86135;86.86443;86.86353;98.75834;99.96181;99.96181;2.77852;-1.68006;4.96905;0.26268;-0.51874;-36.72876;-73.08208;1003.23395;999.27466;0.00000;993.88129;-36.50000;-73.00000;2579.36426;225.37540;-37.85816;203.57037;-231.31270;24.54546;11.44475;0.51040;0.04460;9.09758;647.03839;607.09851;618.03680;616.59039;18.69805;31.39737;37.73855;34.13983;21.44252;21.25770;0.56579;0.73986;56.33639;-26.34539;4.94895;3.53638;3.07413;1.66112
92.38019;90.81828;0.01082;0.01069;0.00338;1.00000;1.00000;85.80973;86.22363;87.23212;87.22961;98.74808;100.38493;100.38494;2.64598;-2.03268;4.90080;0.43457;-0.72263;-36.72836;-73.08203;1004.14185;1000.21906;0.00000;994.22852;-36.50000;-73.00000;2567.19360;225.37770;-44.00815;239.09479;-249.69231;31.56918;11.39063;0.50373;0.04422;8.99144;654.79449;605.38416;609.47125;608.85736;16.38613;32.18565;37.74189;33.38630;20.83465;20.71034;0.55758;0.76261;64.72195;-34.62880;5.69922;3.88532;3.33357;1.82205
90.14967;95.52924;0.01109;0.01123;0.00361;1.00000;1.00000;86.16389;86.95422;87.97293;87.96857;99.15563;101.23744;101.23746;2.47587;-2.27906;4.91594;0.57164;-0.88457;-36.72796;-73.08199;1005.44110;1001.56000;0.00000;995.09686;-36.50000;-73.00000;2560.15112;225.24231;-46.46704;277.06393;-271.62097;-9.45812;11.36621;0.49394;0.04346;8.71945;665.31921;604.10205;601.22095;603.65326;14.60258;32.01337;37.82930;32.59739;20.15941;20.19231;0.56158;0.77580;77.41267;-47.51920;3.07314;4.42336;3.73988;2.03538
91.56386;83.27087;0.01092;0.01105;0.00343;1.00000;1.00000;86.88486;88.01637;89.04967;89.04364;99.98531;102.47653;102.47653;2.25655;-2.78516;4.97225;0.66672;-1.06971;-36.72755;-73.08195;1007.08618;1003.24799;0.00000;996.39435;-36.50000;-73.00000;2545.29663;225.67125;-59.08399;295.65924;-282.05676;39.64045;11.27878;0.47929;0.04250;8.64285;675.49890;600.65405;591.51178;596.88104;10.69095;33.17533;37.79268;31.54967;19.36551;19.52656;0.55940;0.80993;87.91860;-59.58921;6.75565;4.90846;4.17721;2.29830
88.30961;89.45344;0.01132;0.01051;0.00324;1.00000;1.00000;87.86771;89.14190;90.19076;90.18484;101.11636;103.78967;103.78967;2.03866;-2.96852;5.03775;0.65653;-1.29719;-36.72713;-73.08190;1008.85712;1005.06091;0.00000;997.98724;-36.50000;-73.00000;2524.05347;224.84601;-62.88904;291.78372;-266.93744;51.95456;11.22570;0.46337;0.04128;8.60882;679.05945;598.03436;582.85095;590.37134;7.80440;32.97943;37.25399;30.68032;18.62208;18.92194;0.56423;0.81653;89.19571;-64.04194;7.74165;5.00394;4.35924;2.45199
90.32225;91.00009;0.01107;0.01091;0.00339;1.00000;1.00000;88.96228;90.26286;91.32713;91.32251;102.37597;105.09739;105.09739;1.87056;-2.73528;5.18670;0.57618;-1.40175;-36.72672;-73.08186;1010.50360;1006.74847;0.00000;999.69067;-36.50000;-73.00000;2518.30396;223.90463;-55.55725;291.41586;-263.42612;-6.07002;11.24722;0.45090;0.04009;8.63086;681.31921;599.96857;579.36279;588.93042;7.68982;30.68132;36.75177;30.29828;18.17828;18.58253;0.57761;0.79345;89.37163;-66.17374;3.39200;5.04931;4.46028;2.47356
92.19060;87.34387;0.01085;0.01083;0.00349;1.00000;1.00000;90.10503;91.39893;92.47852;92.47536;103.69102;106.42239;106.42239;1.72354;-2.69519;5.38413;0.47390;-1.43587;-36.72630;-73.08181;1011.93384;1008.21967;0.00000;1001.31470;-36.50000;-73.00000;2516.70288;224.52544;-56.53340;293.56696;-260.08322;8.13971;11.20899;0.43948;0.03921;8.61377;684.70276;601.84540;577.83966;588.13617;6.59636;29.64683;36.43275;29.95697;17.86701;18.28896;0.58727;0.78855;89.07766;-67.70726;4.08037;5.07051;4.54130;2.51369
91.64578;90.71941;0.01091;0.01089;0.00347;1.00000;1.00000;91.24229;92.52932;93.62386;93.62191;104.99976;107.74042;107.74041;1.59407;-2.68448;5.55703;0.36889;-1.47940;-36.72587;-73.08176;1013.08472;1009.41058;0.00000;1002.71576;-36.50000;-73.00000;2519.37061;225.55359;-57.73254;290.93088;-254.86835;18.16847;11.16972;0.42926;0.03843;8.67466;688.89471;604.53284;577.49390;588.49445;5.36625;28.96467;36.21444;29.71759;17.62711;18.07569;0.59724;0.78897;88.32053;-68.75693;4.72821;5.07534;4.60806;2.54775
91.41160;90.21200;0.01094;0.01057;0.00350;1.00000;1.00000;92.37012;93.54848;94.65632;94.65532;106.29765;108.92855;108.92856;1.47881;-2.46143;5.71052;0.26481;-1.49778;-36.72543;-73.08170;1013.97137;1010.33661;0.00000;1003.87415;-36.50000;-73.00000;2518.05640;226.04103;-54.31581;259.85394;-236.09425;28.38724;11.13982;0.41974;0.03768;8.99133;687.63464;609.04437;577.55725;588.52032;5.11149;27.38103;35.61997;29.65035;17.42971;17.88706;0.60547;0.77324;79.92265;-62.74964;5.17910;4.79009;4.44283;2.46223
93.16125;93.49290;0.01073;0.01075;0.00346;1.00000;1.00000;93.37716;94.33448;95.45245;95.45210;107.45652;109.84471;109.84470;1.40835;-2.02417;5.87425;0.15140;-1.42074;-36.72499;-73.08165;1014.55475;1010.95856;0.00000;1004.75177;-36.50000;-73.00000;2520.78003;225.81485;-43.62942;240.69193;-224.65976;-14.40054;11.16304;0.41322;0.03702;9.17568;684.07703;614.71057;579.60687;589.81671;6.73638;24.60213;35.04705;29.82854;17.36949;17.80072;0.61368;0.74442;71.47009;-55.61319;1.73274;4.52038;4.24619;2.34035
89.91714;86.58759;0.01112;0.01047;0.00341;1.00000;1.00000;94.19382;94.97503;96.10099;96.10095;108.39631;110.59105;110.59106;1.36198;-1.81979;6.02028;0.05681;-1.29602;-36.72456;-73.08159;1014.84094;1011.28204;0.00000;1005.32642;-36.50000;-73.00000;2527.43140;226.48558;-40.62226;235.95839;-220.66362;-10.64027;11.15935;0.40874;0.03663;9.20095;683.13745;618.80835;582.82318;591.74536;7.37978;23.23864;34.78306;29.96108;17.40295;17.76629;0.61958;0.73300;66.79981;-51.68129;1.69282;4.38069;4.14821;2.28198
91.72945;96.15385;0.01090;0.01071;0.00351;1.00000;1.00000;94.87640;95.57317;96.70630;96.70628;109.18182;111.28763;111.28761;1.31980;-1.79184;6.09511;-0.00565;-1.21651;-36.72411;-73.08153;1014.90497;1011.38257;0.00000;1005.63184;-36.50000;-73.00000;2535.90283;227.57011;-41.66003;236.95827;-219.10739;2.96254;11.14339;0.40500;0.03634;9.17300;684.97339;621.86475;585.84003;593.78351;7.05691;22.92739;34.72575;30.01932;17.43772;17.74986;0.62373;0.73402;65.16033;-50.70092;2.72090;4.34433;4.13607;2.27363
91.90192;90.87605;0.01088;0.01063;0.00351;1.00000;1.00000;95.49107;96.16010;97.30009;97.30008;109.88916;111.97095;111.97095;1.27299;-1.76054;6.10294;-0.03206;-1.17084;-36.72366;-73.08147;1014.84369;1011.35663;0.00000;1005.71741;-36.50000;-73.00000;2543.08765;228.53717;-41.66124;235.92926;-218.82721;2.03928;11.12768;0.40120;0.03605;9.18523;687.24463;624.94971;587.80707;595.24896;6.72987;22.51728;34.66503;30.05795;17.42978;17.71391;0.62897;0.73573;64.43271;-50.63863;2.83064;4.34466;4.15589;2.28273
91.69762;91.00009;0.01091;0.01052;0.00333;1.00000;1.00000;96.07790;96.71639;97.86285;97.86283;110.56447;112.61855;112.61856;1.22133;-1.72840;6.06661;-0.03882;-1.14279;-36.72322;-73.08141;1014.74005;1011.28717;0.00000;1005.67859;-36.50000;-73.00000;2545.64648;229.25294;-41.75993;231.39412;-216.50047;5.65737;11.10410;0.39700;0.03575;9.22893;688.57275;627.47180;588.37140;595.31445;6.30488;22.06334;34.53115;30.05006;17.36860;17.62580;0.63390;0.73689;63.06514;-50.08815;3.22393;4.32771;4.16488;2.28843
91.25159;92.87638;0.01096;0.01053;0.00340;1.00000;1.00000;96.63577;97.22222;98.37450;98.37447;111.20646;113.20736;113.20736;1.17071;-1.66914;6.00753;-0.04375;-1.12169;-36.72276;-73.08135;1014.62128;1011.20154;0.00000;1005.58447;-36.50000;-73.00000;2545.24292;226.67772;-40.08146;224.56763;-211.89587;6.99779;11.22847;0.39282;0.03498;9.40082;688.78973;629.55219;588.40222;594.86066;6.02584;21.43050;34.33556;30.02752;17.29325;17.52789;0.63854;0.73523;60.95288;-48.89296;3.29656;4.28837;4.15476;2.28310
93.85957;97.64671;0.01065;0.01074;0.00348;1.00000;1.00000;97.15026;97.68741;98.84500;98.84496;111.79853;113.74879;113.74879;1.12555;-1.58967;5.94992;-0.05153;-1.08707;-36.72231;-73.08129;1014.48303;1011.09546;0.00000;1005.46985;-36.50000;-73.00000;2545.28857;227.00067;-38.57000;218.63684;-209.16971;3.22043;11.21269;0.38909;0.03470;9.44391;688.67102;631.58789;588.58679;594.60352;5.94194;20.68334;34.14066;30.02061;17.23197;17.44691;0.64294;0.73251;58.68155;-47.39944;3.04872;4.24461;4.13570;2.27192
85.88791;95.84971;0.01164;0.01056;0.00348;1.00000;1.00000;97.61456;98.09119;99.25331;99.25325;112.33282;114.21867;114.21867;1.08669;-1.52304;5.89981;-0.06323;-1.05207;-36.72186;-73.08123;1014.31616;1010.95947;0.00000;1005.32593;-36.50000;-73.00000;2544.90381;227.27559;-37.49976;213.29010;-205.44258;3.51326;11.19744;0.38584;0.03446;9.47459;688.41003;633.21429;588.74304;594.36853;5.85513;20.03885;33.96800;30.00768;17.18103;17.37799;0.64654;0.73044;56.48802;-45.97866;3.04371;4.20175;4.11504;2.26008
90.62610;94.24183;0.01103;0.01064;0.00341;1.00000;1.00000;98.02156;98.44383;99.60984;99.60975;112.80120;114.62896;114.62896;1.05462;-1.46972;5.85916;-0.07635;-1.02091;-36.72140;-73.08118;1014.11249;1010.78516;0.00000;1005.15576;-36.50000;-73.00000;2545.31592;227.56636;-36.63235;209.13371;-202.45045;3.56318;11.18494;0.38314;0.03425;9.49784;688.42511;634.66223;589.04681;594.40491;5.77902;19.50872;33.84013;30.00121;17.14460;17.32995;0.64971;0.72906;54.71380;-44.84990;3.01753;4.16846;4.09983;2.25104
91.42978;95.06607;0.01094;0.01067;0.00349;1.00000;1.00000;98.38390;98.76141;99.93083;99.93073;113.21818;114.99835;114.99835;1.02704;-1.42548;5.82837;-0.08733;-0.99280;-36.72094;-73.08112;1013.87006;1010.57117;0.00000;1004.95166;-36.50000;-73.00000;2546.35889;227.88293;-35.89229;206.12166;-200.14066;3.21513;11.17398;0.38083;0.03408;9.50992;688.70251;636.02411;589.43463;594.61438;5.71406;19.05250;33.74574;29.99953;17.11709;17.29528;0.65267;0.72822;53.31200;-43.99821;2.95785;4.14407;4.09098;2.24525
93.58104;96.72114;0.01069;0.01082;0.00350;1.00000;1.00000;98.70499;99.04591;100.21831;100.21817;113.58768;115.32917;115.32918;1.00273;-1.39059;5.80658;-0.09440;-0.96890;-36.72048;-73.08105;1013.60114;1010.32941;0.00000;1004.71265;-36.50000;-73.00000;2547.49561;228.19609;-35.33538;203.17522;-198.08240;3.27149;11.16363;0.37882;0.03393;9.52885;689.09772;637.23651;589.77057;594.87372;5.63485;18.66972;33.67191;29.99664;17.09277;17.26787;0.65537;0.72782;52.16222;-43.34447;2.92731;4.12620;4.08628;2.24182
91.60172;92.46417;0.01092;0.01119;0.00365;1.00000;1.00000;98.99303;99.29999;100.47496;100.47481;113.91914;115.62452;115.62452;0.98104;-1.36184;5.79190;-0.09808;-0.94876;-36.72002;-73.08100;1013.31519;1010.06927;0.00000;1004.44684;-36.50000;-73.00000;2548.39966;228.47202;-34.87882;200.49869;-195.91080;3.22110;11.15410;0.37702;0.03380;9.54563;689.46454;638.26520;590.03259;595.11127;5.55162;18.33376;33.60901;29.99044;17.07002;17.24412;0.65773;0.72762;51.19915;-42.85444;2.89135;4.11250;4.08414;2.23973
91.58076;92.45562;0.01092;0.01090;0.00343;1.00000;1.00000;99.24953;99.52358;100.70076;100.70061;114.21432;115.88437;115.88437;0.96198;-1.33658;5.78216;-0.09932;-0.93221;-36.71955;-73.08094;1013.02130;1009.79993;0.00000;1004.16302;-36.50000;-73.00000;2549.02979;228.70218;-34.48807;197.99377;-193.65077;3.61304;11.14563;0.37542;0.03368;9.55462;689.70129;639.15173;590.25928;595.29773;5.47172;18.03820;33.55014;29.98401;17.04983;17.22300;0.65970;0.72743;50.26849;-42.36713;2.88517;4.09828;4.08082;2.23720
94.15793;98.37678;0.01062;0.01084;0.00336;1.00000;1.00000;99.47344;99.71568;100.89468;100.89453;114.47200;116.10754;116.10753;0.94566;-1.31138;5.77599;-0.09885;-0.91758;-36.71909;-73.08088;1012.72839;1009.53003;0.00000;1003.87421;-36.50000;-73.00000;2549.48730;228.88199;-34.02949;195.74881;-191.66653;3.10569;11.13887;0.37404;0.03358;9.55787;689.82861;639.91266;590.45258;595.46014;5.42673;17.75732;33.49587;29.97953;17.03263;17.20520;0.66137;0.72707;49.43869;-41.92356;2.81771;4.08516;4.07717;2.23441
91.92245;90.05764;0.01088;0.01056;0.00344;1.00000;1.00000;99.66954;99.88350;101.06407;101.06393;114.69766;116.30246;116.30246;0.93162;-1.29204;5.77161;-0.09715;-0.90418;-36.71862;-73.08083;1012.43542;1009.25897;0.00000;1003.57581;-36.50000;-73.00000;2549.90332;229.04404;-33.70922;193.90630;-190.25282;2.70536;11.13281;0.37284;0.03349;9.56028;689.98639;640.49738;590.62024;595.63129;5.37853;17.52533;33.45329;29.97257;17.01798;17.19073;0.66282;0.72686;48.82592;-41.62794;2.76783;4.07625;4.07563;2.23290
88.82784;84.13967;0.01126;0.00570;0.00314;1.00000;1.00000;99.72437;99.93050;101.11150;101.11134;114.76076;116.35704;116.35703;0.92770;-1.28790;5.77024;-0.09639;-0.90065;-36.71848;-73.08080;1012.34637;1009.17639;0.00000;1003.48639;-36.50000;-73.00000;2550.00562;229.09164;-33.66597;193.39821;-189.85109;2.91709;11.13094;0.37251;0.03347;9.56074;690.03680;640.64648;590.66608;595.67529;5.35635;17.46935;33.44199;29.96984;17.01390;17.18652;0.66322;0.72686;48.66043;-41.55178;2.77793;4.07391;4.07531;2.23261
90.28513;73.91530;0.01108;0.01057;0.00472;1.00000;1.00000;99.88641;100.06801;101.25021;101.25007;114.94723;116.51666;116.51665;0.91617;-1.27540;5.76515;-0.09353;-0.89121;-36.71801;-73.08075;1012.06201;1008.91205;0.00000;1003.19702;-36.50000;-73.00000;2550.21973;229.22121;-33.51048;191.59961;-188.56227;3.24380;11.12558;0.37152;0.03339;9.56509;690.15173;641.06781;590.77948;595.79773;5.29104;17.30354;33.40669;29.96141;17.00123;17.17401;0.66435;0.72682;48.15468;-41.31618;2.79083;4.06662;4.07402;2.23154
88.99765;94.44655;0.01124;0.01052;0.00304;1.00000;1.00000;100.02532;100.18412;101.36728;101.36714;115.10709;116.65138;116.65137;0.90659;-1.26209;5.75927;-0.09024;-0.88326;-36.71754;-73.08069;1011.78729;1008.65594;0.00000;1002.91211;-36.50000;-73.00000;2550.41626;229.32214;-33.27486;190.31300;-187.42499;2.70846;11.12154;0.37068;0.03333;9.55642;690.21448;641.43829;590.90179;595.90741;5.25664;17.14496;33.37513;29.95641;16.99164;17.16381;0.66534;0.72665;47.71441;-41.10530;2.74527;4.06020;4.07250;2.23024
94.14381;95.89566;0.01062;0.01055;0.00319;1.00000;1.00000;100.14301;100.28230;101.46622;101.46611;115.24252;116.76524;116.76524;0.89859;-1.25224;5.75258;-0.08632;-0.87644;-36.71708;-73.08063;1011.52448;1008.41034;0.00000;1002.64148;-36.50000;-73.00000;2550.61230;229.41504;-33.15041;188.79633;-186.52704;2.94361;11.11790;0.36999;0.03328;9.56726;690.27094;641.75708;591.00537;596.01361;5.21771;17.02282;33.34901;29.95271;16.98366;17.15570;0.66615;0.72659;47.33467;-40.91394;2.75580;4.05460;4.07104;2.22919
94.17564;95.72126;0.01062;0.01037;0.00336;1.00000;1.00000;100.24252;100.36481;101.54933;101.54921;115.35704;116.86089;116.86087;0.89191;-1.24401;5.74491;-0.08196;-0.87102;-36.71661;-73.08057;1011.27258;1008.17426;0.00000;1002.37646;-36.50000;-73.00000;2550.77222;229.49133;-33.04028;187.60266;-185.73355;3.03172;11.11489;0.36940;0.03323;9.56616;690.31372;642.02313;591.09888;596.09882;5.18437;16.92119;33.32694;29.94980;16.97738;17.14879;0.66683;0.72654;47.01095;-40.75040;2.75969;4.04977;4.06972;2.22823
93.47897;99.70090;0.01070;0.01083;0.00356;1.00000;1.00000;100.32608;100.43309;101.61806;101.61798;115.45319;116.93999;116.93999;0.88638;-1.23615;5.73671;-0.07737;-0.86640;-36.71614;-73.08051;1011.03345;1007.94965;0.00000;1002.12164;-36.50000;-73.00000;2550.86035;229.54684;-32.91098;186.68840;-185.02995;2.81456;11.11259;0.36891;0.03320;9.57032;690.32056;642.23700;591.17853;596.16315;5.16368;16.82924;33.30714;29.94751;16.97231;17.14287;0.66738;0.72642;46.73049;-40.60570;2.74293;4.04537;4.06828;2.22718
95.10983;97.97198;0.01051;0.01081;0.00361;1.00000;1.00000;100.39502;100.48851;101.67380;101.67372;115.53253;117.00413;117.00413;0.88194;-1.22990;5.72852;-0.07262;-0.86243;-36.71568;-73.08045;1010.81000;1007.73920;0.00000;1001.88306;-36.50000;-73.00000;2550.93286;229.59204;-32.82420;185.72588;-184.46541;2.88110;11.11072;0.36852;0.03317;9.57511;690.31342;642.40967;591.24554;596.22357;5.14537;16.75694;33.29056;29.94589;16.96832;17.13840;0.66781;0.72634;46.48611;-40.47034;2.74580;4.04132;4.06669;2.22615
91.37856;86.25151;0.01094;0.01043;0.00350;1.00000;1.00000;100.45127;100.53181;101.71731;101.71724;115.59726;117.05419;117.05420;0.87832;-1.22418;5.72051;-0.06804;-0.85918;-36.71521;-73.08040;1010.60028;1007.54114;0.00000;1001.66437;-36.50000;-73.00000;2550.83032;229.61177;-32.73754;184.77924;-183.74709;2.95520;11.10932;0.36818;0.03314;9.56793;690.24231;642.51489;591.27924;596.25055;5.13233;16.69471;33.27367;29.94331;16.96444;17.13418;0.66811;0.72618;46.24016;-40.32978;2.74862;4.03670;4.06438;2.22474
87.79652;83.50034;0.01139;0.00540;0.00302;1.00000;1.00000;100.48222;100.54728;101.73358;101.71870;115.63287;117.07292;117.07293;0.09279;-1.20053;5.70891;0.98002;-0.86932;-36.71491;-73.08036;1011.02588;1007.97357;0.00000;1001.54120;-36.50000;-73.00000;2129.67822;206.77219;-30.77119;194.93059;18.22523;-11.54321;10.29963;0.30730;0.02984;8.88059;610.89191;563.28845;485.03772;489.39328;-4.60928;6.71047;27.11892;24.19570;13.26829;13.39324;0.67108;0.68367;32.68527;-52.40648;1.86992;3.79731;4.22469;2.30169
88.92902;88.24568;0.01124;0.01134;0.00481;1.00000;1.00000;100.45873;100.25457;101.44594;101.34225;115.60585;116.74191;116.74191;-0.39319;-1.17886;5.67004;2.59072;-0.92740;-36.71445;-73.08030;1016.74060;1013.69763;0.00000;1003.01715;-36.50000;-73.00000;1872.70715;194.20061;-29.58665;198.01117;-82.78708;-18.80513;9.64316;0.27180;0.02819;8.24055;558.90985;511.51746;416.73218;420.92468;-10.16808;0.65680;23.58071;20.92132;11.31676;11.42321;0.68502;0.67041;31.95600;-53.27637;1.42865;3.77555;4.22923;2.31715
92.09623;79.39028;0.01086;0.01075;0.00315;1.00000;1.00000;100.19251;99.89276;101.09238;100.96684;115.29948;116.33504;116.33505;-0.73379;-1.26693;5.60524;2.85585;-1.02698;-36.71398;-73.08025;1025.19189;1022.15692;0.00000;1008.47711;-36.50000;-73.00000;1685.28748;186.21959;-31.39650;219.81366;-77.60387;-15.75328;9.05000;0.24638;0.02722;7.53303;523.64410;473.70309;368.34717;371.77798;-14.56588;-3.02587;21.36749;18.73836;10.11716;10.19409;0.70394;0.66832;31.44201;-59.12845;1.87135;3.79095;4.34774;2.35445
94.94205;98.26078;0.01053;0.01037;0.00318;1.00000;1.00000;99.94029;99.98701;101.19913;101.12988;115.00924;116.45789;116.45788;-0.98783;-1.46933;5.50176;2.11959;-1.18467;-36.71351;-73.08018;1032.82031;1029.79199;0.00000;1016.13019;-36.50000;-73.00000;1559.60938;182.66209;-36.36619;240.06862;-68.09175;-7.53458;8.53822;0.22757;0.02665;7.04587;504.35693;448.17795;334.37851;338.41251;-18.72205;-5.02062;20.13326;17.31144;9.38119;9.46290;0.73573;0.67679;35.27173;-68.48522;2.83316;3.92180;4.61676;2.45687
90.99144;89.26978;0.01099;0.01028;0.00339;1.00000;1.00000;100.06041;100.58724;101.81326;101.80331;115.14747;117.16461;117.16460;-1.10057;-1.58972;5.35634;0.80028;-1.41801;-36.71305;-73.08013;1037.23279;1034.20972;0.00000;1023.04968;-36.50000;-73.00000;1518.16089;183.36455;-40.26888;226.30396;-22.37290;19.58746;8.27947;0.21889;0.02644;7.08639;500.77844;442.43100;322.52869;327.40939;-21.32894;-5.52604;19.78060;16.90978;9.18299;9.26663;0.76296;0.68683;33.36855;-72.04950;4.82937;3.96245;4.73586;2.51423
94.58651;98.21253;0.01057;0.01069;0.00351;1.00000;1.00000;100.59173;101.30579;102.54144;102.53978;115.75890;118.00258;118.00258;-0.98622;-1.29689;5.26263;-0.32510;-1.49862;-36.71258;-73.08008;1037.81335;1034.79407;0.00000;1027.17749;-36.50000;-73.00000;1598.71826;187.04320;-32.15831;186.72426;-14.40208;-10.03174;8.54732;0.22725;0.02659;7.69728;513.78503;463.51965;343.14578;348.48480;-18.65763;-5.81606;20.42438;17.90523;9.63230;9.73177;0.74852;0.69201;26.42679;-63.69114;2.37626;3.86861;4.52288;2.44068
93.52021;97.42790;0.01069;0.01046;0.00350;1.00000;1.00000;101.22443;101.76053;102.99867;102.98537;116.48700;118.52876;118.52875;-0.86177;-1.06931;5.27745;-0.92038;-1.37258;-36.71210;-73.08002;1035.79688;1032.78003;0.00000;1027.93213;-36.50000;-73.00000;1673.81714;186.66812;-26.95486;148.31462;-16.72168;-12.90716;8.96681;0.23580;0.02630;8.28721;524.03699;480.03903;363.48358;369.84128;-15.86713;-5.68384;21.04079;18.78817;10.08066;10.21816;0.72977;0.69082;21.60840;-56.34392;1.62368;3.76349;4.32818;2.35987
92.54864;94.75978;0.01081;0.01144;0.00388;1.00000;1.00000;101.64229;101.80737;103.04120;103.02035;116.96786;118.57770;118.57771;-0.77579;-0.93733;5.33147;-1.15282;-1.24729;-36.71162;-73.07996;1032.57532;1029.55945;0.00000;1026.23254;-36.50000;-73.00000;1711.96216;187.10146;-24.91579;111.62138;-10.01813;-2.90987;9.14991;0.24095;0.02633;8.69058;526.31018;487.08871;375.39166;382.46823;-14.09648;-5.27302;21.29212;19.25626;10.34183;10.50583;0.71306;0.68304;15.54888;-48.80960;1.98705;3.68367;4.05770;2.26683
92.24425;86.85080;0.01084;0.01060;0.00350;1.00000;1.00000;101.69711;101.54049;102.76565;102.74384;117.03095;118.26060;118.26059;-0.68807;-0.74230;5.41452;-1.18012;-1.09894;-36.71115;-73.07991;1028.98242;1025.96606;0.00000;1023.25134;-36.50000;-73.00000;1742.79321;186.62535;-20.34104;115.98592;-16.40241;-9.75398;9.33846;0.24658;0.02640;7.97332;526.24512;492.63223;386.40866;391.42026;-11.76493;-5.29677;21.44765;19.67539;10.58084;10.70941;0.69360;0.67346;10.68174;-41.54277;1.14426;3.55494;3.86722;2.17776
93.44848;89.77467;0.01070;0.01070;0.00364;1.00000;1.00000;101.52657;101.38029;102.59837;102.58102;116.83469;118.06811;118.06812;-0.64084;-0.62955;5.50176;-1.05388;-0.93142;-36.71068;-73.07986;1025.57703;1022.55865;0.00000;1019.82867;-36.50000;-73.00000;1762.10767;183.94681;-16.75343;139.64110;-25.10969;-26.48990;9.57944;0.25010;0.02611;7.97083;527.83679;496.42154;392.66135;395.72910;-10.34071;-5.49984;21.59993;19.92953;10.72100;10.80974;0.68440;0.67100;10.44494;-39.66269;-0.19090;3.53100;3.82396;2.15639
90.15495;87.93528;0.01109;0.00556;0.00331;1.00000;1.00000;101.41756;101.39567;102.61015;102.59795;116.70925;118.08165;118.08165;-0.63661;-0.71837;5.53733;-0.88360;-0.84742;-36.71027;-73.07980;1023.05542;1020.03424;0.00000;1016.96356;-36.50000;-73.00000;1767.38037;187.58827;-20.22648;153.47812;-30.53297;-13.60736;9.42159;0.25077;0.02662;8.01978;530.75433;497.01767;393.73340;396.38342;-10.78564;-4.95940;21.74609;19.94641;10.74832;10.82491;0.68850;0.67243;13.11050;-42.11092;0.90693;3.57349;3.88358;2.18248
92.28780;96.49714;0.01084;0.01053;0.00388;1.00000;1.00000;101.40874;101.47816;102.69006;102.68277;116.69910;118.17362;118.17362;-0.65469;-0.82955;5.51549;-0.68287;-0.84048;-36.70980;-73.07975;1020.70337;1017.67755;0.00000;1014.05383;-36.50000;-73.00000;1763.65344;188.05751;-23.08546;154.66397;-31.59396;-7.31993;9.37827;0.24984;0.02664;8.16668;532.49969;495.96759;391.78775;394.98334;-11.71227;-4.51118;21.79661;19.85590;10.70833;10.79027;0.69607;0.67545;15.77973;-45.19342;1.60100;3.62756;3.96189;2.21814
93.04311;89.67805;0.01075;0.01028;0.00316;1.00000;1.00000;101.45500;101.48883;102.69812;102.69376;116.75233;118.18289;118.18289;-0.67466;-0.85916;5.46220;-0.52739;-0.86074;-36.70933;-73.07969;1018.88873;1015.85687;0.00000;1011.69403;-36.50000;-73.00000;1753.90393;187.77252;-23.66352;147.66228;-30.04049;-8.07776;9.34058;0.24841;0.02659;8.22122;531.16364;494.17630;388.80432;392.45926;-12.16890;-4.55229;21.69888;19.74672;10.64085;10.72786;0.69880;0.67630;16.25487;-46.15154;1.66080;3.64044;3.98444;2.22861
93.25916;94.20631;0.01072;0.01043;0.00332;1.00000;1.00000;101.44913;101.39641;102.60243;102.59954;116.74558;118.07278;118.07278;-0.68309;-0.84697;5.40501;-0.43023;-0.87593;-36.70886;-73.07964;1017.44897;1014.40961;0.00000;1009.83813;-36.50000;-73.00000;1745.55066;187.13866;-23.26808;145.09967;-28.46438;-9.14818;9.32758;0.24767;0.02655;8.12848;528.74286;492.51505;386.97708;390.39590;-12.20824;-4.68494;21.57455;19.66971;10.59663;10.67488;0.69739;0.67478;15.56043;-45.63680;1.60266;3.62397;3.96544;2.21978
95.03015;98.75568;0.01052;0.01029;0.00337;1.00000;1.00000;101.36963;101.27718;102.47998;102.47784;116.65409;117.93185;117.93185;-0.68178;-0.83472;5.35689;-0.37044;-0.87772;-36.70839;-73.07958;1016.24615;1013.19794;0.00000;1008.37170;-36.50000;-73.00000;1741.87805;186.68437;-22.85465;148.47438;-28.56164;-11.44600;9.33060;0.24773;0.02655;8.06207;527.35773;491.59680;386.40756;389.38687;-12.08560;-4.73101;21.51691;19.63820;10.58027;10.64692;0.69524;0.67313;15.39076;-45.35391;1.45216;3.61326;3.95208;2.21287
95.13764;96.59969;0.01051;0.01037;0.00350;1.00000;1.00000;101.26749;101.19972;102.40002;102.39838;116.53654;117.83984;117.83983;-0.67900;-0.85782;5.31595;-0.32266;-0.88101;-36.70791;-73.07953;1015.19983;1012.14124;0.00000;1007.13794;-36.50000;-73.00000;1741.25073;186.59018;-23.42123;153.52238;-29.45289;-10.32731;9.33195;0.24802;0.02658;8.05240;527.50635;491.12616;386.23175;389.01169;-12.15837;-4.56283;21.53399;19.62082;10.57434;10.63523;0.69518;0.67256;16.17256;-45.98937;1.57998;3.62158;3.96422;2.21768
95.25101;93.74707;0.01050;0.01017;0.00345;1.00000;1.00000;101.19424;101.16341;102.36192;102.36071;116.45226;117.79599;117.79599;-0.67913;-0.89443;5.28002;-0.27747;-0.89568;-36.70744;-73.07947;1014.29742;1011.22717;0.00000;1006.08698;-36.50000;-73.00000;1740.73340;186.61914;-24.28061;154.85280;-29.79384;-8.53396;9.32773;0.24813;0.02660;8.09788;528.09082;490.68753;385.78714;388.77863;-12.36521;-4.34810;21.56564;19.59719;10.56334;10.62813;0.69639;0.67267;17.14895;-46.94232;1.76546;3.63704;3.98599;2.22742
93.38490;90.05764;0.01071;0.01061;0.00353;1.00000;1.00000;101.14937;101.12720;102.32410;102.32323;116.40062;117.75248;117.75249;-0.68019;-0.91540;5.25292;-0.23839;-0.91529;-36.70697;-73.07941;1013.52368;1010.44031;0.00000;1005.18304;-36.50000;-73.00000;1739.34424;186.53204;-24.67294;153.66484;-29.43028;-8.20415;9.32464;0.24811;0.02661;8.12291;528.15295;490.14041;385.21576;388.50262;-12.49546;-4.23215;21.57081;19.56966;10.54897;10.62047;0.69690;0.67248;17.61361;-47.44094;1.81446;3.64364;3.99619;2.23182
94.72369;96.03380;0.01056;0.01026;0.00345;1.00000;1.00000;101.10513;101.06620;102.26138;102.26070;116.34972;117.68030;117.68030;-0.67919;-0.91784;5.23933;-0.20854;-0.92989;-36.70650;-73.07936;1012.85229;1009.75439;0.00000;1004.40088;-36.50000;-73.00000;1737.78809;186.31055;-24.60572;151.82375;-28.88962;-8.68742;9.32737;0.24819;0.02661;8.13768;527.68555;489.56921;384.81207;388.31229;-12.48235;-4.19901;21.55527;19.54731;10.53728;10.61470;0.69606;0.67161;17.58936;-47.40269;1.76587;3.63928;3.99152;2.22924
92.72401;90.01711;0.01078;0.01038;0.00351;1.00000;1.00000;101.04315;100.98649;102.17983;102.17928;116.27839;117.58646;117.58645;-0.67542;-0.91314;5.23930;-0.18612;-0.93634;-36.70603;-73.07931;1012.25830;1009.14441;0.00000;1003.72119;-36.50000;-73.00000;1736.96704;186.06364;-24.37034;152.25565;-28.72502;-9.63023;9.33534;0.24846;0.02661;8.10635;527.18347;489.10501;384.74057;388.27371;-12.38000;-4.18055;21.54353;19.53475;10.53250;10.61232;0.69451;0.67042;17.49280;-47.20486;1.67128;3.63180;3.98214;2.22428
94.59876;94.06453;0.01057;0.01108;0.00373;1.00000;1.00000;100.96902;100.91262;102.10429;102.10388;116.19308;117.49953;117.49954;-0.67091;-0.91534;5.24820;-0.16579;-0.93800;-36.70556;-73.07925;1011.72894;1008.59766;0.00000;1003.12543;-36.50000;-73.00000;1736.96802;185.90506;-24.34211;153.77657;-29.00739;-10.03401;9.34331;0.24882;0.02663;8.10158;527.04840;488.78079;384.80280;388.37036;-12.30444;-4.11991;21.55021;19.52795;10.53107;10.61329;0.69336;0.66950;17.67769;-47.25455;1.62611;3.62968;3.97964;2.22244
94.71576;91.91177;0.01056;0.01050;0.00358;1.00000;1.00000;100.89818;100.85382;102.04411;102.04378;116.11156;117.43027;117.43027;-0.66745;-0.92596;5.25970;-0.14482;-0.94093;-36.70509;-73.07920;1011.26306;1008.11316;0.00000;1002.59363;-36.50000;-73.00000;1737.08679;185.81668;-24.53955;155.41599;-29.31656;-9.79210;9.34839;0.24913;0.02665;8.10144;527.16034;488.48987;384.80093;388.44070;-12.29775;-4.02219;21.56621;19.51955;10.52886;10.61382;0.69285;0.66892;18.05768;-47.52866;1.64328;3.63237;3.98363;2.22370
93.58540;93.78224;0.01069;0.01064;0.00358;1.00000;1.00000;100.83887;100.80432;101.99341;101.99317;116.04330;117.37193;117.37193;-0.66525;-0.93719;5.27040;-0.12396;-0.94628;-36.70462;-73.07915;1010.85968;1007.68951;0.00000;1002.12762;-36.50000;-73.00000;1736.83630;185.73141;-24.75409;155.65092;-29.43027;-9.49290;9.35133;0.24934;0.02666;8.12640;527.21979;488.17615;384.65692;388.44061;-12.31705;-3.93251;21.57687;19.50837;10.52378;10.61273;0.69257;0.66846;18.40502;-47.80997;1.66905;3.63537;3.98821;2.22537
93.41394;93.34454;0.01071;0.01030;0.00357;1.00000;1.00000;100.78590;100.75162;101.93956;101.93938;115.98235;117.30996;117.30996;-0.66301;-0.94306;5.27935;-0.10576;-0.95217;-36.70415;-73.07909;1010.51465;1007.32288;0.00000;1001.72150;-36.50000;-73.00000;1736.01343;185.54147;-24.83033;155.25781;-24.19890;-9.39543;9.35647;0.24948;0.02666;8.13296;527.07788;487.84717;384.53452;388.36914;-12.30755;-3.87040;21.57784;19.49775;10.51920;10.60976;0.69199;0.66783;18.22290;-47.87462;1.66671;3.57154;3.98755;2.22497
94.40035;93.89672;0.01059;0.01025;0.00347;1.00000;1.00000;100.73238;100.69335;101.88020;101.88007;115.92075;117.24164;117.24163;-0.66040;-0.94403;5.28678;-0.08707;-0.95575;-36.70368;-73.07904;1010.22662;1007.01178;0.00000;1001.37903;-36.50000;-73.00000;1735.76160;185.38844;-24.78701;155.74878;-29.42566;-9.85666;9.36284;0.24974;0.02667;8.13237;526.79565;487.53281;384.44952;388.27557;-12.26186;-3.83104;21.57256;19.48937;10.51544;10.60606;0.69111;0.66708;18.46261;-47.69394;1.63175;3.57003;3.98223;2.22316
96.36625;94.17970;0.01038;0.01037;0.00352;1.00000;1.00000;100.67474;100.63580;101.82159;101.82150;115.85443;117.17419;117.17419;-0.65802;-0.94681;5.29191;-0.07608;-0.95809;-36.70321;-73.07899;1009.98273;1006.74347;0.00000;1001.08661;-36.50000;-73.00000;1735.08301;185.24066;-24.81774;156.22289;-29.39794;-9.89766;9.36664;0.24992;0.02668;8.13205;526.52783;487.20709;384.32834;388.14484;-12.23106;-3.78424;21.56752;19.48004;10.51091;10.60140;0.69033;0.66636;18.57735;-47.73621;1.63046;3.56827;3.98034;2.22188
95.06635;94.52689;0.01052;0.01044;0.00358;1.00000;1.00000;100.61873;100.58513;101.77000;101.76993;115.78997;117.11482;117.11482;-0.65501;-0.95200;5.29408;-0.06688;-0.96068;-36.70274;-73.07893;1009.76855;1006.50360;0.00000;1000.84009;-36.50000;-73.00000;1735.03064;185.14221;-24.90990;156.87743;-29.52770;-9.86027;9.37134;0.25017;0.02669;8.13549;526.45599;487.01358;384.33984;388.14648;-12.20900;-3.71574;21.57226;19.47692;10.50984;10.59999;0.68973;0.66578;18.76856;-47.83813;1.64126;3.56833;3.98049;2.22165
95.79844;99.77053;0.01044;0.01045;0.00355;1.00000;1.00000;100.56898;100.54192;101.72601;101.72594;115.73273;117.06420;117.06419;-0.65252;-0.95871;5.29350;-0.05767;-0.96411;-36.70228;-73.07888;1009.58240;1006.29022;0.00000;1000.63141;-36.50000;-73.00000;1734.97595;185.06477;-25.04569;157.28830;-29.65640;-9.65549;9.37497;0.25037;0.02671;8.14183;526.43494;486.83789;384.32336;388.14154;-12.20553;-3.64428;21.57813;19.47344;10.50838;10.59858;0.68933;0.66531;18.98102;-47.97579;1.66680;3.56935;3.98196;2.22209
96.73361;91.05810;0.01034;0.01028;0.00352;1.00000;1.00000;100.52436;100.50101;101.68437;101.68435;115.68137;117.01630;117.01631;-0.65036;-0.96433;5.29096;-0.04921;-0.96828;-36.70181;-73.07883;1009.42310;1006.10248;0.00000;1000.43878;-36.50000;-73.00000;1734.78723;184.97983;-25.15189;157.40433;-29.65521;-9.48832;9.37825;0.25055;0.02672;8.14532;526.36169;486.65009;384.28076;388.11548;-12.20205;-3.58136;21.58086;19.46913;10.50638;10.59673;0.68891;0.66484;19.13607;-48.07055;1.68793;3.56950;3.98236;2.22207
95.03035;96.13536;0.01052;0.01027;0.00354;1.00000;1.00000;100.48250;100.46034;101.64304;101.64301;115.63319;116.96872;116.96872;-0.64825;-0.96774;5.28785;-0.04189;-0.97204;-36.70134;-73.07877;1009.28723;1005.93671;0.00000;1000.27747;-36.50000;-73.00000;1734.52661;184.88393;-25.20304;157.18187;-29.62693;-9.45063;9.38171;0.25072;0.02672;8.15371;526.22607;486.46063;384.23090;388.09140;-12.18662;-3.53202;21.58041;19.46494;10.50418;10.59498;0.68840;0.66433;19.23072;-48.10727;1.69558;3.56854;3.98126;2.22136
94.98605;99.14733;0.01053;0.01022;0.00345;1.00000;1.00000;100.44148;100.41873;101.60075;101.60074;115.58600;116.92005;116.92007;-0.64594;-0.96959;5.28506;-0.03613;-0.97489;-36.70088;-73.07871;1009.17133;1005.78949;0.00000;1000.14172;-36.50000;-73.00000;1734.31958;184.78351;-25.20910;157.57910;-29.63238;-9.60230;9.38568;0.25089;0.02673;8.14432;526.07336;486.28101;384.22842;388.06680;-12.15814;-3.49023;21.57955;19.46163;10.50301;10.59327;0.68779;0.66378;19.29704;-48.10852;1.68770;3.56693;3.97921;2.22017
96.23709;98.57072;0.01039;0.01053;0.00362;1.00000;1.00000;100.40078;100.38262;101.56407;101.56406;115.53915;116.87785;116.87786;-0.64376;-0.97298;5.28292;-0.03080;-0.97694;-36.70041;-73.07866;1009.07098;1005.65631;0.00000;1000.02112;-36.50000;-73.00000;1734.29187;184.71245;-25.26163;158.11807;-29.74940;-9.63835;9.38914;0.25107;0.02674;8.14265;526.02203;486.14188;384.24142;388.07321;-12.13966;-3.44393;21.58302;19.45936;10.50233;10.59248;0.68735;0.66337;19.42876;-48.17535;1.68941;3.56693;3.97921;2.21994
95.83818;92.66123;0.01043;0.01033;0.00357;1.00000;1.00000;100.36480;100.35149;101.53245;101.53243;115.49775;116.84145;116.84145;-0.64204;-0.97784;5.28101;-0.02573;-0.97970;-36.69994;-73.07861;1008.98639;1005.53760;0.00000;999.92249;-36.50000;-73.00000;1734.19507;184.65190;-25.35977;158.27354;-29.75792;-9.37096;9.39170;0.25121;0.02675;8.14713;525.99005;485.99365;384.21631;388.07205;-12.13887;-3.39266;21.58652;19.45571;10.50092;10.59163;0.68705;0.66301;19.55547;-48.25561;1.71300;3.56722;3.97973;2.22001
95.92326;98.05844;0.01043;0.01057;0.00356;1.00000;1.00000;100.33343;100.32177;101.50227;101.50227;115.46165;116.80673;116.80674;-0.64051;-0.98069;5.27972;-0.02144;-0.98245;-36.69947;-73.07855;1008.91632;1005.43195;0.00000;999.83954;-36.50000;-73.00000;1734.02039;184.58383;-25.39620;158.06635;-29.74302;-9.42074;9.39422;0.25134;0.02675;8.15609;525.91162;485.84604;384.17151;388.06961;-12.12867;-3.35595;21.58731;19.45203;10.49904;10.59084;0.68669;0.66265;19.63996;-48.29890;1.71164;3.56683;3.97934;2.21964
95.68147;99.76057;0.01045;0.01152;0.00378;1.00000;1.00000;100.30278;100.29236;101.47243;101.47240;115.42638;116.77238;116.77237;-0.63887;-0.98233;5.27936;-0.01808;-0.98453;-36.69901;-73.07850;1008.85773;1005.33661;0.00000;999.76776;-36.50000;-73.00000;1733.88965;184.51462;-25.40430;158.31555;-29.74258;-9.52204;9.39703;0.25146;0.02676;8.14883;525.82098;485.71198;384.16455;388.06540;-12.10945;-3.32567;21.58766;19.44920;10.49803;10.59005;0.68628;0.66228;19.69790;-48.31226;1.70456;3.56592;3.97820;2.21893
93.92316;100.47222;0.01065;0.01071;0.00357;1.00000;1.00000;100.27375;100.26453;101.44420;101.44420;115.39297;116.73990;116.73991;-0.63732;-0.98479;5.27976;-0.01517;-0.98612;-36.69854;-73.07845;1008.80798;1005.24841;0.00000;999.70752;-36.50000;-73.00000;1733.78943;184.45479;-25.44387;158.26341;-29.77464;-9.45089;9.39954;0.25159;0.02677;8.16274;525.75775;485.58517;384.14325;388.07541;-12.09636;-3.29205;21.58911;19.44638;10.49673;10.58966;0.68593;0.66194;19.77869;-48.34953;1.70980;3.56555;3.97778;2.21856
96.44087;94.74183;0.01037;0.01091;0.00374;1.00000;1.00000;100.24562;100.23894;101.41825;101.41825;115.36060;116.71004;116.71004;-0.63581;-0.98704;5.28046;-0.01281;-0.98780;-36.69807;-73.07839;1008.76630;1005.17963;0.00000;999.66028;-36.50000;-73.00000;1733.74512;184.40141;-25.46756;158.88040;-29.81683;-9.55597;9.40202;0.25171;0.02677;8.14884;525.71667;485.47433;384.15558;388.07309;-12.08271;-3.26072;21.59142;19.44412;10.49629;10.58903;0.68560;0.66164;19.86035;-48.38873;1.70419;3.56534;3.97753;2.21828
93.67595;98.17397;0.01068;0.01046;0.00364;1.00000;1.00000;100.22102;100.21892;101.39794;101.39793;115.33230;116.68667;116.68666;-0.63466;-0.99056;5.28132;-0.01026;-0.98934;-36.69761;-73.07834;1008.73199;1005.12878;0.00000;999.61743;-36.50000;-73.00000;1733.74048;184.36884;-25.53621;158.90910;-29.88241;-9.46741;9.40365;0.25181;0.02678;8.16191;525.73108;485.38596;384.13412;388.09039;-12.08186;-3.22742;21.59542;19.44196;10.49522;10.58899;0.68544;0.66145;19.98068;-48.47594;1.71325;3.56630;3.97883;2.21875
93.66883;91.74312;0.01068;0.01031;0.00352;1.00000;1.00000;100.20002;100.19778;101.37651;101.37652;115.30813;116.66201;116.66202;-0.63361;-0.99288;5.28188;-0.00829;-0.99162;-36.69714;-73.07829;1008.70441;1005.13196;0.00000;999.58752;-36.50000;-73.00000;1733.56970;184.31712;-25.57471;158.92397;-29.80829;-9.31986;9.40536;0.25189;0.02678;8.15433;525.66058;485.26788;384.10510;388.07315;-12.07837;-3.19857;21.59533;19.43870;10.49397;10.58808;0.68518;0.66117;20.01854;-48.48896;1.72461;3.56560;3.97806;2.21828
96.24174;91.01666;0.01039;0.01026;0.00360;1.00000;1.00000;100.17896;100.17877;101.35723;101.35724;115.28390;116.63982;116.63983;-0.63249;-0.99339;5.28273;-0.00686;-0.99273;-36.69667;-73.07823;1008.68182;1005.15033;0.00000;999.56238;-36.50000;-73.00000;1733.53894;184.27512;-25.55779;159.09068;-29.85394;-9.62416;9.40734;0.25198;0.02679;8.16139;525.61578;485.19653;384.10620;388.08249;-12.06010;-3.18347;21.59622;19.43766;10.49344;10.58788;0.68490;0.66095;20.07502;-48.51299;1.70348;3.56539;3.97776;2.21801
94.22121;98.45426;0.01061;0.01049;0.00363;1.00000;1.00000;100.16022;100.16190;101.34013;101.34014;115.26232;116.62015;116.62016;-0.63151;-0.99564;5.28329;-0.00553;-0.99403;-36.69621;-73.07818;1008.66339;1005.17145;0.00000;999.53589;-36.50000;-73.00000;1733.48254;184.23956;-25.61332;159.05238;-29.84575;-9.27917;9.40885;0.25206;0.02679;8.17079;525.57764;485.11700;384.10065;388.08783;-12.05791;-3.15632;21.59725;19.43587;10.49286;10.58762;0.68471;0.66073;20.11367;-48.52588;1.72800;3.56495;3.97725;2.21770
94.06026;93.32711;0.01063;0.01018;0.00338;1.00000;1.00000;100.13370;100.05993;101.23693;101.23693;115.23180;116.50139;116.50139;-0.62858;-0.98505;5.28453;-0.00984;-0.99700;-36.69574;-73.07813;1008.64545;1005.19147;0.00000;999.51495;-36.50000;-73.00000;1730.10681;183.74362;-25.76307;139.00465;-26.41352;-0.90248;9.41587;0.25208;0.02677;8.47652;523.64795;484.27686;383.31915;388.19058;-12.00756;-3.09895;21.51694;19.41222;10.47158;10.58774;0.68203;0.65817;18.66280;-47.16640;2.22795;3.53049;3.93534;2.19884
95.62148;96.58104;0.01046;0.01037;0.00360;1.00000;1.00000;99.98605;99.67454;100.84690;100.84687;115.06189;116.05255;116.05256;-0.60665;-0.86521;5.29942;-0.04678;-0.97965;-36.69527;-73.07807;1008.57141;1005.15411;0.00000;999.48578;-36.50000;-73.00000;1723.72900;182.07872;-22.85901;108.52187;-20.40413;-2.54796;9.46694;0.25310;0.02674;8.93885;517.72894;482.68643;382.92038;388.52084;-11.05843;-3.39430;21.28892;19.41167;10.45098;10.58811;0.66971;0.64961;14.46407;-42.68341;1.86771;3.48568;3.79923;2.13332
95.66350;97.13453;0.01045;0.01005;0.00351;1.00000;1.00000;99.58548;98.95993;100.12357;100.12337;114.60093;115.22015;115.22015;-0.55162;-0.66910;5.34451;-0.11120;-0.90474;-36.69481;-73.07802;1008.34253;1004.96021;0.00000;999.38721;-36.50000;-73.00000;1720.66943;176.73415;-17.90452;88.54225;-14.74063;-3.50626;9.73592;0.25631;0.02633;8.65637;509.79053;481.10394;384.79129;389.64526;-9.22041;-3.70918;21.03689;19.48831;10.47832;10.60479;0.64804;0.63542;8.60191;-35.57781;1.32860;3.33666;3.59832;2.03691
94.12032;97.77083;0.01062;0.01052;0.00355;1.00000;1.00000;98.91294;98.14301;99.29641;99.29597;113.82698;114.26827;114.26826;-0.47625;-0.48445;5.41218;-0.16929;-0.77614;-36.69435;-73.07796;1007.92212;1004.57318;0.00000;999.14655;-36.50000;-73.00000;1725.86243;174.69337;-13.24613;99.69147;-16.80944;-18.69059;9.87938;0.26138;0.02646;8.32203;504.56058;480.64709;389.03677;391.86502;-7.11656;-3.84353;20.94953;19.64911;10.56941;10.65193;0.62915;0.62195;5.67085;-30.73545;-0.00964;3.23096;3.45353;1.96363
93.95584;94.35742;0.01064;0.01034;0.00360;1.00000;1.00000;98.16250;97.48320;98.62810;98.62762;112.96339;113.49919;113.49919;-0.41261;-0.48743;5.46230;-0.17847;-0.66294;-36.69390;-73.07790;1007.40015;1004.08307;0.00000;998.74115;-36.50000;-73.00000;1734.46350;173.87540;-13.72470;118.73318;-21.72394;-14.15462;9.97532;0.26625;0.02669;8.16181;504.06613;480.27414;392.70596;394.07547;-6.25928;-3.10426;21.06568;19.75438;10.65751;10.70297;0.61893;0.61355;6.99017;-30.39805;0.29954;3.19871;3.41566;1.94041
96.88402;99.28514;0.01032;0.01036;0.00364;1.00000;1.00000;97.54056;97.05429;98.19348;98.19321;112.24767;112.99904;112.99905;-0.37620;-0.61047;5.45906;-0.13568;-0.62458;-36.69344;-73.07785;1006.93488;1003.64825;0.00000;998.25317;-36.50000;-73.00000;1739.93896;173.74060;-16.78679;120.25380;-24.42762;-4.94949;10.01458;0.26946;0.02691;8.72676;505.84549;479.46719;393.76489;395.59811;-6.44980;-2.00371;21.23806;19.77046;10.68570;10.73797;0.61640;0.61004;10.37554;-32.90139;1.15876;3.22045;3.44917;1.95281
95.17478;80.39877;0.01051;0.01020;0.00350;1.00000;1.00000;97.06780;96.63481;97.76862;97.76852;111.70364;112.51012;112.51014;-0.35113;-0.68409;5.41264;-0.08574;-0.64521;-36.69299;-73.07780;1006.61975;1003.36182;0.00000;997.81805;-36.50000;-73.00000;1737.91333;175.65074;-18.55480;122.36258;-24.15991;-5.00210;9.89414;0.27149;0.02744;8.60469;505.27063;477.57129;393.41833;395.27554;-6.53700;-1.25809;21.27745;19.73013;10.67751;10.72521;0.61261;0.60584;12.01573;-34.07515;1.38864;3.21975;3.45274;1.95231
95.29858;100.01000;0.01049;0.01003;0.00352;1.00000;1.00000;96.63220;96.19724;97.32565;97.32560;111.20235;112.00036;112.00034;-0.32532;-0.71562;5.35640;-0.05063;-0.66940;-36.69254;-73.07774;1006.42749;1003.19702;0.00000;997.50085;-36.50000;-73.00000;1734.76709;174.68697;-19.14612;107.08532;-23.42782;-3.51090;9.93072;0.27347;0.02754;9.34381;503.54630;475.69388;392.45529;395.32166;-6.37965;-0.75263;21.26153;19.70058;10.65228;10.72366;0.60730;0.60088;12.79467;-34.29539;1.55404;3.20373;3.43526;1.94222
96.11943;99.65122;0.01040;0.01029;0.00348;1.00000;1.00000;96.15630;95.60774;96.72904;96.72902;110.65470;111.31380;111.31381;-0.28717;-0.69059;5.30705;-0.04752;-0.69219;-36.69210;-73.07770;1006.29468;1003.09027;0.00000;997.29779;-36.50000;-73.00000;1729.70581;170.43048;-17.96392;107.02123;-19.35637;-0.59197;10.14904;0.27604;0.02720;8.83014;499.47702;473.05463;392.62637;394.75363;-5.81986;-0.37762;21.16487;19.67316;10.65646;10.70786;0.59733;0.59205;11.34354;-32.13328;1.64468;3.13936;3.35626;1.90208
96.72001;97.66579;0.01034;0.01018;0.00357;1.00000;1.00000;95.61200;95.09399;96.20907;96.20903;110.02833;110.71542;110.71542;-0.24327;-0.64144;5.28789;-0.04941;-0.66776;-36.69165;-73.07764;1006.15344;1002.97351;0.00000;997.14777;-36.50000;-73.00000;1731.72058;169.47821;-16.22380;109.02648;-22.59551;-13.91822;10.21795;0.27936;0.02734;9.24472;497.79224;472.20163;393.76318;395.81805;-4.95762;-0.22453;21.18312;19.73076;10.68797;10.73901;0.58898;0.58578;11.86634;-31.55544;0.68008;3.11152;3.31945;1.88071
95.08647;94.26849;0.01052;0.01038;0.00354;1.00000;1.00000;95.08542;94.54266;95.65107;95.65104;109.42235;110.07329;110.07330;-0.20173;-0.68957;5.27315;-0.04988;-0.66671;-36.69121;-73.07759;1006.01636;1002.85968;0.00000;997.00970;-36.50000;-73.00000;1729.85632;170.91231;-18.26362;109.19176;-21.03255;2.14324;10.12131;0.28232;0.02789;8.73214;495.73434;469.95093;394.24850;395.98779;-4.76715;0.54946;21.19429;19.71316;10.70433;10.74726;0.58145;0.57890;11.75178;-30.75690;1.81341;3.07154;3.27360;1.85658
94.11948;91.65062;0.01062;0.01004;0.00345;1.00000;1.00000;94.54629;94.04767;95.15009;95.15005;108.80193;109.49677;109.49677;-0.15805;-0.67862;5.26543;-0.04741;-0.66577;-36.69077;-73.07755;1005.87476;1002.73993;0.00000;996.86511;-36.50000;-73.00000;1732.39429;170.12509;-17.12878;118.81551;-23.04643;-11.76236;10.18306;0.28572;0.02806;8.68072;495.03076;468.99396;395.41299;396.86389;-4.13746;0.88475;21.26294;19.75727;10.74171;10.77818;0.57479;0.57365;12.98804;-31.02446;0.87797;3.05863;3.25553;1.84400
95.90826;99.22604;0.01043;0.01032;0.00356;1.00000;1.00000;94.07073;93.67975;94.77770;94.77768;108.25467;109.06823;109.06822;-0.12678;-0.76242;5.26081;-0.02562;-0.67064;-36.69033;-73.07749;1005.76862;1002.65436;0.00000;996.73132;-36.50000;-73.00000;1734.63892;169.85077;-19.03001;125.97563;-25.31334;-5.09811;10.21272;0.28834;0.02823;8.79307;495.85156;467.92734;395.85556;397.37192;-4.17008;1.60893;21.38581;19.75620;10.76045;10.79785;0.57185;0.57180;15.27472;-32.58482;1.42202;3.07378;3.27289;1.85080
96.73205;92.74718;0.01034;0.01032;0.00350;1.00000;1.00000;93.68282;93.28595;94.37923;94.37923;107.80827;108.60969;108.60969;-0.10247;-0.83439;5.24657;-0.00463;-0.70955;-36.68989;-73.07744;1005.73267;1002.63751;0.00000;996.63245;-36.50000;-73.00000;1730.76172;168.99817;-20.79540;107.30337;-21.79910;7.88110;10.24130;0.29013;0.02833;9.22205;494.31271;465.67984;394.70197;397.49100;-4.32172;2.29658;21.38271;19.70139;10.73386;10.80787;0.56751;0.56801;15.45978;-32.50599;2.34654;3.05225;3.25001;1.83949
93.55204;82.61732;0.01069;0.01025;0.00351;1.00000;1.00000;93.25350;92.77396;93.86123;93.86123;107.31422;108.01357;108.01357;-0.06229;-0.75187;5.25046;-0.01175;-0.72245;-36.68946;-73.07739;1005.71332;1002.63599;0.00000;996.59106;-36.50000;-73.00000;1728.44153;167.64214;-18.00425;109.44428;-20.91433;-8.55265;10.31030;0.29295;0.02841;8.91144;491.07129;464.05048;395.25626;397.67651;-3.42822;2.24392;21.31921;19.72522;10.75803;10.82470;0.55873;0.56060;14.42772;-30.75555;1.10907;3.00019;3.18536;1.80408
95.48730;91.54994;0.01047;0.01035;0.00357;1.00000;1.00000;92.77529;92.32642;93.40838;93.40836;106.76390;107.49245;107.49243;-0.02076;-0.74501;5.27547;-0.01603;-0.69966;-36.68903;-73.07734;1005.67133;1002.61066;0.00000;996.56042;-36.50000;-73.00000;1730.37048;166.98904;-17.82190;110.06059;-23.01833;-9.10804;10.36218;0.29613;0.02858;9.40494;490.10123;463.17728;396.12643;398.65213;-2.88677;2.56079;21.37135;19.76917;10.79272;10.86371;0.55292;0.55594;15.18557;-30.64226;1.01126;2.98331;3.16240;1.79023
96.18016;94.03799;0.01040;0.01014;0.00358;1.00000;1.00000;92.31561;91.84100;92.91721;92.91721;106.23490;106.92723;106.92724;0.01905;-0.78729;5.28998;-0.01903;-0.70630;-36.68860;-73.07729;1005.62628;1002.58087;0.00000;996.52112;-36.50000;-73.00000;1728.62146;166.03526;-19.02923;108.79085;-20.82902;3.98382;10.41117;0.29896;0.02872;9.02864;488.18286;461.19009;396.50595;398.81592;-2.72823;3.20767;21.38245;19.75994;10.81537;10.88076;0.54653;0.55051;14.86041;-29.73111;1.89341;2.94520;3.11815;1.76731
96.64370;98.16433;0.01035;0.01002;0.00340;1.00000;1.00000;91.84339;91.40091;92.47189;92.47188;105.69149;106.41475;106.41475;0.06143;-0.74916;5.30745;-0.01995;-0.69695;-36.68817;-73.07724;1005.56958;1002.53821;0.00000;996.47485;-36.50000;-73.00000;1730.78772;165.34657;-17.31305;117.02679;-22.81944;-12.27546;10.46764;0.30223;0.02887;8.94928;487.24829;460.52957;397.58984;399.60208;-2.01665;3.33796;21.43307;19.81896;10.85965;10.91785;0.54120;0.54586;15.69681;-29.71801;0.75973;2.93170;3.09767;1.75364
94.16930;81.93363;0.01062;0.01015;0.00348;1.00000;1.00000;91.41869;91.06725;92.13427;92.13427;105.20276;106.02623;106.02623;0.09253;-0.82742;5.31844;-0.00279;-0.69284;-36.68774;-73.07719;1005.53503;1002.51648;0.00000;996.42084;-36.50000;-73.00000;1732.79285;165.15218;-19.18138;117.82013;-24.80651;-3.92671;10.49210;0.30480;0.02905;9.43080;487.84348;459.68762;397.86832;400.20938;-2.04777;3.98280;21.54364;19.82959;10.88001;10.94607;0.53840;0.54488;17.60525;-30.98655;1.40583;2.94541;3.11106;1.75906
95.01678;99.52229;0.01052;0.01005;0.00350;1.00000;1.00000;91.05315;90.65617;91.71839;91.71838;104.78210;105.54765;105.54763;0.12157;-0.87567;5.31076;0.00685;-0.72407;-36.68732;-73.07715;1005.54785;1002.54077;0.00000;996.39868;-36.50000;-73.00000;1728.45996;164.19641;-20.36482;106.44808;-21.02645;8.05658;10.52678;0.30680;0.02914;9.31256;485.62292;457.47629;397.20288;399.97879;-2.06721;4.55072;21.51462;19.79075;10.87292;10.95293;0.53305;0.54087;17.01121;-30.11430;2.24418;2.90854;3.07019;1.73896
95.89725;99.35420;0.01043;0.01028;0.00340;1.00000;1.00000;90.62992;90.13799;91.19414;91.19414;104.29505;104.94434;104.94434;0.16574;-0.78316;5.31717;-0.00662;-0.72310;-36.68690;-73.07710;1005.55219;1002.55554;0.00000;996.39899;-36.50000;-73.00000;1725.58777;162.86522;-17.84818;93.36640;-18.75043;-3.68984;10.59519;0.30982;0.02924;9.53487;481.92352;455.92221;397.32492;400.56372;-1.17392;4.48090;21.43151;19.83230;10.89359;10.99142;0.52491;0.53316;15.50941;-28.01092;1.34480;2.84815;2.99882;1.69990
97.30045;101.40959;0.01028;0.01023;0.00346;1.00000;1.00000;90.11229;89.56475;90.61411;90.61411;103.69937;104.27686;104.27686;0.22472;-0.71481;5.34012;-0.03104;-0.69192;-36.68649;-73.07705;1005.49957;1002.51208;0.00000;996.38873;-36.50000;-73.00000;1726.75708;161.80580;-16.19030;105.45200;-19.86211;-8.01366;10.67179;0.31401;0.02942;8.99509;479.29153;454.81250;399.20615;401.19330;-0.24382;4.63841;21.43649;19.91514;10.97481;11.03607;0.51693;0.52595;14.74915;-26.23332;0.88192;2.79578;2.93372;1.66438
98.31158;99.63136;0.01017;0.01034;0.00363;1.00000;1.00000;89.58710;89.14823;90.19260;90.19259;103.09500;103.79179;103.79179;0.27230;-0.75239;5.35885;-0.02803;-0.66020;-36.68607;-73.07700;1005.41266;1002.43329;0.00000;996.33459;-36.50000;-73.00000;1731.63428;161.64542;-16.81260;112.13472;-23.64436;-9.84451;10.71255;0.31785;0.02967;9.54466;479.93863;454.53574;400.48135;402.42654;0.11503;5.15781;21.58050;19.98827;11.03586;11.09367;0.51325;0.52414;16.79060;-27.32283;0.81009;2.80657;2.94048;1.66519
94.78159;88.67606;0.01055;0.01011;0.00356;1.00000;1.00000;89.15024;88.73421;89.77367;89.77367;102.59226;103.30970;103.30971;0.30764;-0.85425;5.35104;-0.01205;-0.67561;-36.68565;-73.07695;1005.36279;1002.39020;0.00000;996.26843;-36.50000;-73.00000;1729.83618;161.06787;-19.33707;107.64790;-21.59151;7.84197;10.73980;0.32049;0.02984;9.37183;479.09668;452.65421;400.25452;402.39014;-0.09877;5.99001;21.63601;19.96405;11.04934;11.11202;0.50869;0.52203;17.39749;-27.51241;2.11245;2.79263;2.92444;1.65742
98.40272;101.88487;0.01016;0.00991;0.00350;1.00000;1.00000;88.72466;88.32001;89.35458;89.35458;102.10252;102.82742;102.82742;0.34723;-0.82876;5.33973;-0.00395;-0.68808;-36.68524;-73.07690;1005.34125;1002.37451;0.00000;996.21973;-36.50000;-73.00000;1729.87280;160.37291;-17.89850;107.45132;-22.12223;-6.66537;10.78657;0.32351;0.02999;9.63991;477.84760;451.67734;400.54681;402.86960;0.43768;6.14990;21.66524;20.00460;11.07968;11.14965;0.50433;0.51796;17.95589;-27.44659;1.13410;2.77905;2.90389;1.64405
94.14762;91.50805;0.01062;0.00993;0.00352;1.00000;1.00000;88.30394;87.84126;88.87021;88.87022;101.61836;102.27002;102.27003;0.38899;-0.83711;5.33699;-0.00421;-0.68893;-36.68483;-73.07686;1005.33661;1002.37451;0.00000;996.19775;-36.50000;-73.00000;1726.48535;159.39894;-18.45902;98.08774;-19.68093;4.71896;10.83122;0.32641;0.03014;9.51007;475.15891;449.72098;400.39499;402.90747;0.73395;6.55644;21.63776;20.00744;11.10031;11.17746;0.49816;0.51293;17.14423;-26.16433;1.85169;2.73320;2.85252;1.61758
90.07292;86.84324;0.01110;0.01010;0.00351;1.00000;1.00000;87.82430;87.34747;88.37061;88.37061;101.06641;101.69509;101.69509;0.44204;-0.79094;5.34026;-0.01619;-0.68199;-36.68443;-73.07681;1005.30786;1002.34924;0.00000;996.18359;-36.50000;-73.00000;1727.53967;158.62175;-16.83031;106.80209;-20.66126;-6.70943;10.89094;0.33031;0.03033;9.25738;473.43271;448.74930;401.62173;403.47955;1.47474;6.72437;21.67412;20.07990;11.16958;11.22694;0.49264;0.50769;17.16392;-25.36693;1.02365;2.70299;2.81288;1.59435
97.82986;91.08298;0.01022;0.01017;0.00353;1.00000;1.00000;87.36077;86.97923;87.99800;87.99799;100.53298;101.26630;101.26628;0.48444;-0.83243;5.34816;-0.00704;-0.66429;-36.68402;-73.07676;1005.27179;1002.31573;0.00000;996.15454;-36.50000;-73.00000;1730.90088;158.50598;-17.48288;117.33310;-23.83352;-7.78306;10.92010;0.33376;0.03056;9.27396;473.99548;448.30457;402.58243;404.13071;1.74445;7.17721;21.80770;20.13373;11.22743;11.27135;0.48972;0.50674;19.07483;-26.50171;0.99074;2.71887;2.82302;1.59751
94.00167;100.66439;0.01064;0.01057;0.00369;1.00000;1.00000;86.99453;86.69540;87.71088;87.71086;100.11152;100.93588;100.93587;0.51160;-0.96433;5.33309;0.01908;-0.69142;-36.68361;-73.07671;1005.28662;1002.33191;0.00000;996.13208;-36.50000;-73.00000;1731.57617;160.62178;-20.76468;108.46571;-23.67572;4.17533;10.78046;0.33608;0.03117;9.98505;474.93295;447.22690;402.05627;404.60294;1.36547;7.99244;21.93369;20.11786;11.22977;11.30503;0.48757;0.50896;20.84678;-27.97312;2.00897;2.69848;2.84464;1.61050
95.42381;88.58965;0.01048;0.00997;0.00345;1.00000;1.00000;86.65150;86.21844;87.22842;87.22842;99.71677;100.38068;100.38068;0.54494;-0.97283;5.31102;0.01997;-0.74007;-36.68321;-73.07667;1005.35223;1002.39795;0.00000;996.15289;-36.50000;-73.00000;1723.03406;159.20810;-21.02864;83.82742;-17.56074;15.38218;10.82253;0.33813;0.03124;10.21822;470.76715;444.22180;400.48459;404.03943;1.48151;8.36996;21.81107;20.06238;11.20443;11.31953;0.48084;0.50369;18.78360;-25.82586;2.72976;2.62859;2.77204;1.57420
91.61488;100.17029;0.01092;0.01041;0.00373;1.00000;1.00000;86.16036;85.58554;86.58809;86.58807;99.15158;99.64380;99.64378;0.61628;-0.77216;5.32815;-0.02960;-0.72230;-36.68281;-73.07662;1005.34106;1002.38599;0.00000;996.19189;-36.50000;-73.00000;1722.00085;155.61378;-15.57974;91.58929;-16.92971;-8.53727;11.06586;0.34294;0.03099;9.37579;466.14954;443.00690;402.28290;404.71701;2.99270;7.95714;21.72695;20.19332;11.30825;11.39257;0.47353;0.49220;16.51953;-22.61491;0.78608;2.58498;2.67207;1.51600
97.74014;100.52271;0.01023;0.01040;0.00355;1.00000;1.00000;85.59475;85.10125;86.09798;86.09795;98.50068;99.07979;99.07978;0.68414;-0.72958;5.37397;-0.04687;-0.65219;-36.68242;-73.07658;1005.23291;1002.27618;0.00000;996.16522;-36.50000;-73.00000;1728.62036;155.48798;-14.61976;110.58932;-21.87649;-15.90850;11.11739;0.34819;0.03132;9.19578;466.13712;443.23465;404.80231;406.16150;3.85901;8.15870;21.88089;20.34283;11.43864;11.48145;0.47015;0.48888;17.86866;-22.81638;0.18282;2.58103;2.65741;1.50534
94.06607;75.27287;0.01063;0.01029;0.00363;1.00000;1.00000;85.13400;84.80526;85.79842;85.79841;97.97045;98.73507;98.73505;0.72109;-0.92323;5.38125;-0.01668;-0.64875;-36.68202;-73.07652;1005.14496;1002.18555;0.00000;996.08173;-36.50000;-73.00000;1732.96118;158.02046;-19.22618;115.23052;-25.21185;1.19106;10.96669;0.35151;0.03205;9.77142;468.66830;442.67914;405.13174;406.83612;3.35512;9.25434;22.11737;20.35426;11.47977;11.52772;0.46797;0.49351;21.21489;-25.54991;1.63091;2.63444;2.70568;1.53046
97.34995;100.04003;0.01027;0.00991;0.00344;1.00000;1.00000;84.79102;84.45087;85.43988;85.43987;97.57576;98.32246;98.32246;0.74778;-1.03954;5.35118;0.01624;-0.70543;-36.68163;-73.07648;1005.15247;1002.18939;0.00000;996.01581;-36.50000;-73.00000;1728.00952;157.33078;-21.54413;94.65167;-20.74996;15.49072;10.98329;0.35345;0.03218;10.38872;467.35049;440.39047;403.57410;406.54190;2.95746;10.01328;22.12993;20.29241;11.45197;11.54774;0.46365;0.49361;21.16702;-25.46559;2.74786;2.57582;2.68799;1.52515
92.49262;94.46439;0.01081;0.01010;0.00354;1.00000;1.00000;84.38881;83.87690;84.85922;84.85923;97.11291;97.65426;97.65427;0.79992;-0.90797;5.34029;-0.00668;-0.72948;-36.68123;-73.07643;1005.17651;1002.20880;0.00000;996.01282;-36.50000;-73.00000;1720.46533;155.67690;-18.30693;85.15836;-14.39464;4.14854;11.05151;0.35674;0.03228;9.76739;462.06583;437.87476;403.13687;406.07242;3.84689;9.80292;21.97521;20.31701;11.48051;11.58387;0.45711;0.48398;18.53833;-22.60807;1.79679;2.52708;2.59412;1.47106
92.90669;90.50594;0.01076;0.01007;0.00345;1.00000;1.00000;83.84944;83.30372;84.27924;84.27920;96.49222;96.98682;96.98682;0.87601;-0.74912;5.36978;-0.05046;-0.68241;-36.68084;-73.07639;1005.10309;1002.12976;0.00000;996.00665;-36.50000;-73.00000;1723.44275;154.90170;-14.68693;99.35217;-17.97691;-14.92568;11.12604;0.36229;0.03256;9.25393;459.67929;437.53455;405.27869;407.12973;5.18549;9.53400;22.01664;20.48436;11.61306;11.67895;0.45366;0.47589;18.59701;-21.52329;0.25724;2.52493;2.54276;1.40497
96.76324;102.30180;0.01033;0.01023;0.00369;1.00000;1.00000;83.32545;82.91908;83.88994;83.88991;95.88921;96.53883;96.53882;0.93673;-0.83903;5.39581;-0.04119;-0.63993;-36.68046;-73.07635;1004.97821;1001.99841;0.00000;995.93793;-36.50000;-73.00000;1731.03979;155.31110;-16.67230;115.56860;-23.86152;-7.68630;11.14563;0.36727;0.03295;9.30157;461.55017;437.79062;407.28891;408.48648;5.36202;10.25725;22.26543;20.59887;11.73435;11.76721;0.45132;0.47798;21.29372;-23.17781;0.82288;2.55844;2.56395;1.41435
97.20187;96.73987;0.01029;0.01027;0.00363;1.00000;1.00000;82.94119;82.69371;83.66188;83.66189;95.44702;96.27637;96.27638;0.96544;-1.04491;5.37766;0.01060;-0.66734;-36.68007;-73.07630;1004.93427;1001.94696;0.00000;995.83850;-36.50000;-73.00000;1734.45459;155.73189;-20.57531;120.45535;-27.48653;5.40863;11.13744;0.37001;0.03322;9.57125;464.19180;437.21124;407.30933;408.80661;4.75030;11.30144;22.49349;20.58971;11.76251;11.80128;0.44954;0.48503;24.39838;-25.75116;1.98427;2.58146;2.61562;1.44393
96.40581;100.17029;0.01037;0.01016;0.00349;1.00000;1.00000;82.68365;82.48510;83.45096;83.45091;95.15065;96.03365;96.03367;0.97462;-1.15359;5.33826;0.06839;-0.72717;-36.67969;-73.07626;1005.03772;1002.04205;0.00000;995.81561;-36.50000;-73.00000;1729.97510;155.44160;-22.37835;105.75630;-24.00916;12.52312;11.12942;0.37092;0.03333;10.34864;463.91214;435.66394;405.34412;408.20526;4.31484;11.83288;22.51128;20.51727;11.70733;11.79980;0.44707;0.48757;25.75223;-27.30970;2.61447;2.60286;2.68048;1.45475
96.24132;101.90563;0.01039;0.01040;0.00365;1.00000;1.00000;82.41734;82.02709;82.98778;82.98774;94.84418;95.50064;95.50063;1.00113;-1.05377;5.32017;0.05326;-0.76736;-36.67931;-73.07621;1005.20569;1002.20081;0.00000;995.91040;-36.50000;-73.00000;1716.70703;153.62282;-20.31533;74.43447;-13.52094;13.53765;11.17482;0.37220;0.03331;10.95784;457.76556;432.36148;402.87903;406.79947;4.73642;11.63027;22.24719;20.44977;11.65214;11.79721;0.44134;0.47864;21.45579;-23.33288;2.52023;2.48843;2.52973;1.40185
97.17207;90.19572;0.01029;0.01042;0.00360;1.00000;1.00000;81.93925;81.34228;82.29498;82.29497;94.29401;94.70338;94.70338;1.09677;-0.82018;5.35844;-0.03452;-0.72747;-36.67892;-73.07616;1005.22766;1002.21246;0.00000;996.03333;-36.50000;-73.00000;1716.67664;152.27350;-15.43778;83.23875;-14.97221;-5.62679;11.27364;0.37848;0.03357;9.48148;452.85907;430.99969;405.28137;407.96191;6.36063;11.18970;22.20448;20.63726;11.81846;11.92398;0.43649;0.46572;18.90897;-19.67156;0.85962;2.42090;2.41809;1.33559
98.19072;99.41346;0.01018;0.01044;0.00374;1.00000;1.00000;81.33368;80.77240;81.71825;81.71818;93.59713;94.03969;94.03969;1.19034;-0.75390;5.41715;-0.07702;-0.65262;-36.67855;-73.07612;1005.08038;1002.05420;0.00000;996.03491;-36.50000;-73.00000;1723.67822;152.18523;-14.35645;79.08452;-18.27852;-9.49235;11.32619;0.38541;0.03403;10.81858;452.09140;431.30661;407.55774;410.48737;7.32883;11.44093;22.37439;20.86077;11.98285;12.09550;0.43413;0.46182;19.29102;-18.91163;0.46184;2.39537;2.38173;1.31317
97.11960;90.47318;0.01030;0.01182;0.00392;1.00000;1.00000;80.72886;80.14128;81.07948;81.07938;92.90112;93.30461;93.30462;1.27682;-0.81674;5.44634;-0.09587;-0.62513;-36.67817;-73.07607;1004.86890;1001.83075;0.00000;995.90881;-36.50000;-73.00000;1724.18286;151.65855;-16.09279;87.73218;-16.73631;9.39447;11.36885;0.39162;0.03445;9.55890;450.16980;429.53302;409.25952;410.96841;7.55318;12.24673;22.48812;20.95757;12.13538;12.19795;0.42783;0.46071;18.71884;-17.63991;1.76025;2.34733;2.33066;1.28544
97.27278;100.02000;0.01028;0.01031;0.00360;1.00000;1.00000;80.13909;79.64472;80.57684;80.57676;92.22242;92.72618;92.72618;1.35449;-0.79557;5.45553;-0.08663;-0.60247;-36.67780;-73.07603;1004.64331;1001.59253;0.00000;995.70984;-36.50000;-73.00000;1729.59521;151.68546;-14.67984;102.19171;-20.66047;-10.12739;11.40251;0.39776;0.03488;9.45519;450.54028;429.56497;410.96127;412.13892;8.24304;12.51865;22.68347;21.11887;12.27639;12.31540;0.42676;0.45936;20.63146;-18.58830;0.47082;2.36334;2.32963;1.28184
98.16512;98.32842;0.01019;0.01030;0.00357;1.00000;1.00000;79.65356;79.31282;80.24089;80.24088;91.66369;92.33957;92.33958;1.40095;-0.94744;5.44353;-0.03371;-0.59583;-36.67743;-73.07599;1004.49408;1001.42975;0.00000;995.50482;-36.50000;-73.00000;1732.91650;152.08768;-17.43344;109.98528;-24.49232;-3.19691;11.39419;0.40187;0.03527;9.81012;452.43790;429.15262;411.17245;412.43802;8.04191;13.30688;22.91084;21.15837;12.33966;12.37046;0.42434;0.46503;23.90564;-21.20077;1.13402;2.42420;2.37116;1.30459
96.95644;98.36711;0.01031;0.01006;0.00351;1.00000;1.00000;79.28597;78.92757;79.85111;79.85110;91.24067;91.89103;91.89102;1.43903;-1.13763;5.39470;0.01982;-0.65425;-36.67706;-73.07594;1004.48529;1001.40668;0.00000;995.37573;-36.50000;-73.00000;1728.05164;151.64619;-21.56990;77.26263;-23.53944;28.19500;11.39528;0.40466;0.03551;11.48257;451.04980;426.86688;409.30609;412.40347;7.36329;14.36586;22.94518;21.10897;12.31454;12.42603;0.41785;0.47012;23.87473;-20.96926;3.47505;2.36664;2.38890;1.30155
96.00736;98.88263;0.01042;0.01033;0.00354;1.00000;1.00000;78.82984;78.25956;79.17531;79.17530;90.71577;91.11333;91.11333;1.50695;-0.96735;5.36737;-0.02017;-0.69242;-36.67669;-73.07590;1004.50507;1001.41138;0.00000;995.35059;-36.50000;-73.00000;1716.29468;149.69136;-17.46103;72.61557;-13.59211;9.65122;11.46556;0.40880;0.03565;10.10484;444.63000;423.18463;408.29779;410.99677;8.28665;14.00660;22.75517;21.11869;12.35815;12.47215;0.41318;0.45818;20.33728;-17.46572;2.03019;2.28808;2.24617;1.23839
98.25605;98.81422;0.01018;0.01084;0.00375;1.00000;1.00000;78.21279;77.61948;78.52761;78.52753;90.00568;90.36797;90.36796;1.61897;-0.74117;5.40256;-0.07290;-0.63194;-36.67633;-73.07586;1004.38611;1001.27661;0.00000;995.33148;-36.50000;-73.00000;1722.19592;149.37389;-12.66774;89.59215;-17.30117;-18.12279;11.52943;0.41700;0.03617;9.41554;442.64496;423.51297;411.29355;412.83743;9.90988;13.61726;22.88755;21.40883;12.59328;12.65641;0.41575;0.44861;19.98856;-15.96024;-0.18478;2.24624;2.19418;1.17954
97.15481;95.45628;0.01029;0.00997;0.00309;1.00000;1.00000;77.62193;77.19248;78.09542;78.09539;89.32572;89.87061;89.87062;1.69756;-0.86958;5.43492;-0.05857;-0.58000;-36.67597;-73.07581;1004.22052;1001.09442;0.00000;995.21631;-36.50000;-73.00000;1729.82446;150.11530;-15.28696;105.97063;-23.16638;-8.08211;11.52331;0.42349;0.03675;9.75444;444.82312;423.78259;413.14047;414.08908;10.01832;14.43279;23.20570;21.55190;12.76001;12.77846;0.41374;0.45468;23.14527;-18.11511;0.58532;2.29840;2.22100;1.19347
97.69252;96.97440;0.01024;0.00992;0.00306;1.00000;1.00000;77.17879;76.82639;77.72496;77.72496;88.81577;89.44429;89.44429;1.74877;-1.13585;5.41201;-0.00800;-0.61830;-36.67561;-73.07578;1004.14557;1001.00299;0.00000;995.08472;-36.50000;-73.00000;1729.98035;150.31760;-20.37924;95.28146;-23.59787;19.76380;11.50883;0.42757;0.03715;10.14648;445.79056;422.22479;412.56702;414.39816;9.26128;15.72610;23.41217;21.54016;12.80129;12.85695;0.40687;0.46514;25.13447;-19.74760;2.77726;2.29216;2.27539;1.20789
98.38822;91.19096;0.01016;0.01007;0.00341;1.00000;1.00000;76.76367;76.34982;77.24285;77.24286;88.33806;88.88949;88.88950;1.79753;-1.14756;5.37441;0.01281;-0.68139;-36.67525;-73.07573;1004.16388;1001.00458;0.00000;995.01923;-36.50000;-73.00000;1722.64001;151.15929;-20.30737;77.95086;-18.12699;16.89409;11.39619;0.43109;0.03783;10.77881;442.80542;419.71732;410.79166;413.61609;9.37112;15.99001;23.36276;21.52330;12.79572;12.91074;0.40286;0.46337;24.13465;-18.78604;2.67298;2.25052;2.23540;1.18649
98.60732;101.75010;0.01014;0.01044;0.00356;1.00000;1.00000;76.26648;75.75765;76.64373;76.64372;87.76590;88.20004;88.20004;1.88294;-0.98653;5.38247;-0.02749;-0.67886;-36.67490;-73.07569;1004.15210;1000.97534;0.00000;995.01508;-36.50000;-73.00000;1719.04321;148.44919;-16.37242;82.84329;-16.03925;-0.84960;11.58001;0.43694;0.03773;9.87964;439.15338;417.92288;411.37332;413.63974;10.40037;15.70238;23.35578;21.64698;12.92638;13.02446;0.40252;0.45435;22.61789;-16.74882;1.19575;2.21931;2.13264;1.14531
97.67375;99.02951;0.01024;0.01033;0.00359;1.00000;1.00000;75.71454;75.24635;76.12634;76.12631;87.13074;87.60463;87.60463;1.97845;-0.93746;5.41747;-0.04689;-0.64019;-36.67455;-73.07565;1004.05774;1000.86292;0.00000;994.98419;-36.50000;-73.00000;1724.44763;150.39688;-15.64312;97.13345;-20.04014;-9.17720;11.46598;0.44429;0.03875;9.46456;438.89932;417.94220;413.39664;414.88855;11.17188;15.88964;23.56575;21.85234;13.12792;13.18175;0.40354;0.45287;23.59629;-16.80648;0.54330;2.21824;2.11589;1.13382
97.11602;90.48955;0.01030;0.01008;0.00357;1.00000;1.00000;75.22353;74.89035;75.76609;75.76609;86.56570;87.19006;87.19006;2.04491;-1.10438;5.42921;-0.01326;-0.63507;-36.67419;-73.07561;1003.97986;1000.76630;0.00000;994.89874;-36.50000;-73.00000;1729.75635;151.05414;-18.51411;108.27755;-25.55936;-0.19099;11.45123;0.44991;0.03929;9.64343;441.01187;417.83090;414.37811;415.58762;11.03097;16.73901;23.86386;21.94526;13.25655;13.28341;0.40073;0.46159;26.35201;-18.76987;1.31045;2.24465;2.14690;1.15402
97.27603;91.24919;0.01028;0.01052;0.00367;1.00000;1.00000;74.84358;74.53827;75.40993;75.40992;86.12846;86.78021;86.78021;2.08169;-1.28184;5.40340;0.03513;-0.68706;-36.67385;-73.07556;1004.01483;1000.78186;0.00000;994.85107;-36.50000;-73.00000;1724.29919;150.81433;-21.86054;91.99584;-19.87331;24.30681;11.43326;0.45274;0.03960;10.22833;439.90543;415.90506;412.65820;414.69193;10.44660;17.59425;23.89936;21.89916;13.24172;13.31421;0.39393;0.46893;26.44291;-19.04367;3.16136;2.23498;2.17544;1.15549
97.03088;100.29084;0.01031;0.00995;0.00343;1.00000;1.00000;74.44135;74.00238;74.86785;74.86784;85.66557;86.15639;86.15639;2.15189;-1.15641;5.39248;0.01430;-0.72090;-36.67350;-73.07552;1004.08197;1000.82892;0.00000;994.88049;-36.50000;-73.00000;1717.54907;149.63156;-18.96475;74.12689;-22.74539;11.63545;11.47852;0.45752;0.03986;10.46449;435.51529;413.49094;411.66620;414.44531;11.10495;17.40638;23.80678;21.96305;13.29313;13.42297;0.39302;0.46111;24.09273;-16.05694;2.17484;2.15214;2.06075;1.11026
94.98701;98.13543;0.01053;0.00990;0.00349;1.00000;1.00000;73.91066;73.39008;74.24835;74.24831;85.05487;85.44347;85.44347;2.26302;-0.97512;5.43328;-0.04959;-0.68041;-36.67316;-73.07549;1004.04089;1000.76709;0.00000;994.91571;-36.50000;-73.00000;1717.62976;149.17645;-15.35255;85.17397;-16.00825;-9.20156;11.51408;0.46521;0.04040;9.56051;432.77921;412.34100;413.26318;415.42834;12.32256;17.09952;23.91276;22.17780;13.50957;13.60749;0.39667;0.45236;23.62144;-15.35732;0.48450;2.13710;2.01379;1.07459
96.95298;100.41169;0.01031;0.01010;0.00358;1.00000;1.00000;73.34608;72.92976;73.78249;73.78246;84.40517;84.90739;84.90738;2.36593;-1.04039;5.47253;-0.06036;-0.63987;-36.67282;-73.07544;1003.90753;1000.61243;0.00000;994.86584;-36.50000;-73.00000;1725.50391;149.96155;-16.52325;97.23433;-19.83860;-5.73827;11.50631;0.47326;0.04113;9.93879;434.14801;412.84613;415.53500;417.08481;12.70073;17.70948;24.24498;22.40495;13.74507;13.79619;0.39679;0.45775;25.34244;-16.22029;0.72778;2.13483;2.01804;1.07753
94.67294;89.75050;0.01056;0.00998;0.00357;1.00000;1.00000;72.87624;72.51793;73.36575;73.36575;83.86448;84.42781;84.42781;2.43615;-1.23172;5.46936;-0.02262;-0.65665;-36.67248;-73.07540;1003.81799;1000.50110;0.00000;994.75934;-36.50000;-73.00000;1725.78455;150.26920;-20.06001;93.99134;-22.21623;16.37864;11.48462;0.47873;0.04168;9.87425;434.25055;411.71750;415.50494;417.16644;12.32877;18.67303;24.43629;22.46597;13.84630;13.89925;0.39075;0.46798;26.59960;-16.96108;2.42081;2.14830;2.05293;1.08151
97.96581;98.25113;0.01021;0.01048;0.00366;1.00000;1.00000;72.44194;72.11511;72.95821;72.95820;83.36470;83.95881;83.95879;2.49962;-1.26111;5.44869;-0.00090;-0.68998;-36.67214;-73.07536;1003.79376;1000.45441;0.00000;994.68115;-36.50000;-73.00000;1724.28577;150.12727;-19.70131;97.47897;-20.89972;8.16391;11.48549;0.48367;0.04211;9.75695;433.55536;410.58823;415.25613;416.88602;12.51697;18.96286;24.54741;22.53287;13.92743;13.98816;0.38964;0.46984;27.27169;-17.38485;1.93075;2.15470;2.04723;1.07692
97.57560;101.45076;0.01025;0.01032;0.00364;1.00000;1.00000;72.04164;71.76936;72.60844;72.60842;82.90405;83.55630;83.55629;2.55832;-1.25492;5.44372;0.02502;-0.69670;-36.67181;-73.07533;1003.81830;1000.45581;0.00000;994.65680;-36.50000;-73.00000;1724.71619;150.21909;-19.08699;101.66466;-22.61669;0.48941;11.48134;0.48846;0.04254;9.73213;433.33823;410.17169;415.28693;416.92273;12.85205;19.09692;24.66923;22.62523;14.01820;14.07664;0.39047;0.47046;28.26627;-17.96238;1.37755;2.17373;2.05015;1.07733
97.72902;97.58002;0.01023;0.01014;0.00361;1.00000;1.00000;71.68906;71.42404;72.25917;72.25915;82.49831;83.15437;83.15437;2.60759;-1.32045;5.44079;0.04730;-0.71002;-36.67147;-73.07528;1003.90112;1000.51489;0.00000;994.68262;-36.50000;-73.00000;1721.30078;150.10008;-20.57327;87.10812;-20.89563;16.65010;11.46769;0.49222;0.04292;10.50082;431.87216;409.01190;414.31747;416.52328;12.75285;19.52350;24.69569;22.65985;14.05454;14.14374;0.38700;0.47414;27.54836;-17.10704;2.49956;2.14712;2.02589;1.06835
97.59608;101.68801;0.01025;0.01005;0.00343;1.00000;1.00000;71.30318;70.95200;71.78168;71.78168;82.05424;82.60489;82.60489;2.68838;-1.25691;5.44744;0.02139;-0.72033;-36.67114;-73.07524;1003.97968;1000.56909;0.00000;994.75385;-36.50000;-73.00000;1717.73218;149.56453;-18.93395;89.07670;-18.58431;6.84094;11.48489;0.49776;0.04334;9.84863;429.28909;407.13733;414.42236;416.43030;13.25716;19.52609;24.74276;22.75402;14.17750;14.26811;0.38731;0.47072;26.79166;-16.13256;1.75110;2.10332;1.98221;1.03953
97.53568;101.19408;0.01025;0.01027;0.00358;1.00000;1.00000;70.86143;70.53059;71.35537;71.35536;81.54588;82.11430;82.11429;2.77839;-1.20478;5.47722;-0.00052;-0.69639;-36.67081;-73.07520;1003.99603;1000.56067;0.00000;994.81689;-36.50000;-73.00000;1720.60144;149.80165;-17.60339;99.38770;-21.10946;-5.40843;11.48586;0.50456;0.04393;9.52008;428.93784;406.80994;415.64648;417.31207;13.89687;19.57985;24.94222;22.93213;14.36541;14.43048;0.39041;0.46970;27.81685;-16.56990;0.80580;2.11372;1.97368;1.03154
98.55117;97.78995;0.01015;0.00991;0.00350;1.00000;1.00000;70.45460;70.18256;71.00327;71.00326;81.07771;81.70911;81.70909;2.84500;-1.32089;5.49331;0.00945;-0.69235;-36.67049;-73.07516;1004.00391;1000.54321;0.00000;994.83722;-36.50000;-73.00000;1721.25415;150.20647;-20.01635;91.60558;-21.25613;13.96380;11.45926;0.50977;0.04449;10.15298;428.78055;406.34741;415.68097;417.56448;13.76086;20.22362;25.09459;23.02965;14.47249;14.54095;0.38684;0.47758;27.97437;-16.38968;2.19466;2.11195;1.96478;1.03087
99.81075;99.01970;0.01002;0.00976;0.00348;1.00000;1.00000;70.05794;69.69487;70.50989;70.50989;80.62124;81.14133;81.14133;2.92815;-1.31683;5.49384;-0.01157;-0.71321;-36.67016;-73.07513;1004.01166;1000.52509;0.00000;994.85260;-36.50000;-73.00000;1715.95300;149.66898;-19.65437;77.43104;-16.42325;16.26471;11.46499;0.51534;0.04495;10.33928;425.61166;404.28040;415.11096;417.40842;13.94321;20.49628;25.10334;23.12037;14.57060;14.68094;0.38464;0.47793;26.05866;-14.44201;2.38877;2.03992;1.90702;0.97566
96.98093;101.27607;0.01031;0.00993;0.00353;1.00000;1.00000;69.43774;69.15603;69.96467;69.96463;79.90753;80.51390;80.51390;3.04659;-1.18058;5.52071;-0.05860;-0.69076;-36.66984;-73.07509;1003.93500;1000.42206;0.00000;994.84375;-36.50000;-73.00000;1717.32593;149.61882;-16.55691;94.87338;-18.09804;-8.21652;11.47801;0.52382;0.04564;9.13466;424.07620;403.23114;416.74130;418.16830;14.91853;20.30431;25.30432;23.34455;14.82757;14.88925;0.39091;0.47245;26.33535;-14.11870;0.54086;2.02451;1.84234;0.95300
96.04649;92.72137;0.01041;0.01004;0.00359;1.00000;1.00000;68.81113;68.85886;69.66390;69.66389;79.18644;80.16779;80.16779;3.13790;-1.30363;5.54466;-0.03131;-0.65968;-36.66952;-73.07505;1003.81824;1000.27838;0.00000;994.76788;-36.50000;-73.00000;1728.30676;151.14320;-18.21763;118.82258;-26.72153;-10.29889;11.43490;0.53173;0.04650;9.04875;427.63275;404.77774;419.08765;419.71786;15.13902;20.93769;25.75370;23.57762;15.08280;15.06375;0.39265;0.48365;30.40240;-17.21077;0.45756;2.13501;1.93243;0.98360
97.31886;97.86651;0.01028;0.00973;0.00354;1.00000;1.00000;68.43778;68.79855;69.60294;69.60287;78.75680;80.09763;80.09763;3.13946;-1.66602;5.50619;0.07765;-0.70619;-36.66920;-73.07501;1003.86005;1000.29272;0.00000;994.69562;-36.50000;-73.00000;1730.48425;152.21442;-24.44522;113.81745;-29.98164;23.03461;11.36873;0.53334;0.04691;10.08509;430.88644;405.31595;417.88593;418.86417;14.04333;22.18355;25.95524;23.51882;15.04073;15.02868;0.38218;0.50573;32.71663;-19.24991;3.12577;2.22452;1.99745;1.03219
98.76662;98.97070;0.01012;0.00996;0.00346;1.00000;1.00000;68.24570;68.57917;69.38123;69.38106;78.53576;79.84250;79.84251;3.13940;-1.73143;5.44298;0.13096;-0.79800;-36.66888;-73.07497;1004.09515;1000.49976;0.00000;994.75916;-36.50000;-73.00000;1718.58044;151.20676;-25.23747;92.15908;-21.58794;35.24624;11.36576;0.53306;0.04690;10.37127;427.61096;402.76508;414.88239;416.59930;13.56722;22.43016;25.73642;23.37767;14.90530;14.97745;0.37554;0.50770;30.08024;-17.20589;4.09890;2.14343;1.94803;1.01445
99.01307;95.56575;0.01010;0.00991;0.00347;1.00000;1.00000;67.91544;68.12395;68.92092;68.92085;78.15569;79.31278;79.31278;3.21402;-1.39547;5.45711;0.07843;-0.80239;-36.66856;-73.07494;1004.32385;1000.71167;0.00000;994.95624;-36.50000;-73.00000;1710.34204;149.88446;-19.19246;72.86930;-16.63716;7.00976;11.41107;0.53762;0.04711;10.68970;422.21024;400.54910;413.87244;416.74713;14.74504;21.48599;25.55920;23.49381;14.96824;15.13950;0.38378;0.48796;27.14545;-14.37686;1.79658;2.03573;1.86408;0.94993
97.89496;96.31128;0.01022;0.01007;0.00357;1.00000;1.00000;67.34351;67.55889;68.34930;68.34929;77.49753;78.65498;78.65498;3.34804;-1.14907;5.54423;-0.02888;-0.72345;-36.66824;-73.07490;1004.37463;1000.75488;0.00000;995.14124;-36.50000;-73.00000;1710.14905;149.68619;-14.96787;90.53129;-15.20586;-17.11810;11.42490;0.54659;0.04784;9.14593;419.28732;399.11172;415.80453;417.66788;16.04497;20.93923;25.71942;23.75597;15.27982;15.37539;0.39485;0.47614;26.53150;-13.39526;-0.26418;1.98872;1.77883;0.91482
97.99644;99.71083;0.01020;0.00995;0.00354;1.00000;1.00000;66.70461;67.22333;68.00970;68.00967;76.76229;78.26418;78.26418;3.46903;-1.31668;5.60913;-0.05182;-0.66484;-36.66793;-73.07486;1004.26917;1000.64136;0.00000;995.18121;-36.50000;-73.00000;1723.72339;151.59187;-17.74306;117.85899;-28.53413;-9.89543;11.37082;0.55644;0.04894;8.86296;422.95764;400.71115;419.30023;419.89557;16.23040;21.78740;26.27217;24.06232;15.64741;15.61955;0.39584;0.49149;30.50329;-16.01164;0.29441;2.09229;1.85525;0.93863
90.02684;91.25754;0.01111;0.01109;0.00386;1.00000;1.00000;66.28541;67.08633;67.87107;67.87106;76.27988;78.10464;78.10464;3.49018;-1.69768;5.58443;0.02428;-0.70653;-36.66762;-73.07482;1004.23962;1000.60309;0.00000;995.12341;-36.50000;-73.00000;1724.73450;152.59169;-24.59504;97.57258;-26.29070;34.04021;11.30294;0.55904;0.04946;10.55724;425.01669;401.01132;418.07416;419.45883;15.09602;23.16852;26.44421;24.04944;15.62698;15.64157;0.38210;0.51645;31.15220;-16.66549;3.75111;2.12743;1.88548;0.95273
98.44369;96.24638;0.01016;0.00997;0.00326;1.00000;1.00000;65.96252;66.70195;67.48227;67.48226;75.90832;77.65722;77.65722;3.54358;-1.65805;5.53481;0.02708;-0.78140;-36.66731;-73.07478;1004.30951;1000.66400;0.00000;995.11536;-36.50000;-73.00000;1714.58496;151.54233;-23.25024;83.27786;-18.03168;30.64132;11.31423;0.56218;0.04969;10.15121;420.93768;398.23370;416.37833;418.12579;15.15008;23.17843;26.30525;24.04162;15.62519;15.71666;0.37981;0.51401;28.38726;-14.31637;3.58108;2.03000;1.81942;0.91436
94.60312;75.42047;0.01057;0.01001;0.00355;1.00000;1.00000;65.47563;66.22592;67.00067;67.00065;75.34801;77.10300;77.10298;3.65835;-1.31125;5.56239;-0.02545;-0.75294;-36.66700;-73.07475;1004.31085;1000.65887;0.00000;995.15234;-36.50000;-73.00000;1714.46167;151.25258;-16.77610;90.75468;-18.69498;-10.96840;11.33509;0.57025;0.05031;9.34613;418.29950;397.43808;417.45016;419.28027;16.62165;22.28490;26.40110;24.30797;15.86017;15.96807;0.39529;0.49608;28.14480;-13.71325;0.33595;2.00129;1.78009;0.87518
98.68851;103.60547;0.01013;0.01051;0.00364;1.00000;1.00000;64.90820;65.80672;66.57648;66.57646;74.69502;76.61485;76.61485;3.76513;-1.28657;5.62275;-0.04876;-0.68641;-36.66669;-73.07471;1004.23425;1000.57538;0.00000;995.14166;-36.50000;-73.00000;1716.45996;151.93115;-17.22703;80.46105;-21.36108;-0.66364;11.29762;0.57821;0.05118;10.62003;417.34296;397.35046;418.09671;420.36655;17.05659;22.48399;26.59410;24.54268;16.08126;16.18294;0.39916;0.49854;28.07562;-13.12766;0.90065;1.98738;1.75907;0.86229
99.50747;98.89240;0.01005;0.01042;0.00360;1.00000;1.00000;64.31335;65.29351;66.05716;66.05708;74.01049;76.01722;76.01722;3.89019;-1.40799;5.64057;-0.08997;-0.67870;-36.66639;-73.07467;1004.10156;1000.43781;0.00000;995.07043;-36.50000;-73.00000;1714.73022;152.28963;-19.27484;89.02058;-18.54996;14.49704;11.25967;0.58674;0.05211;9.30849;415.70139;395.54501;419.03860;420.16940;17.01738;23.14233;26.82151;24.71483;16.34851;16.37632;0.39562;0.50946;27.48732;-12.36796;2.02909;1.94984;1.72225;0.84405
95.62149;99.80041;0.01046;0.01015;0.00365;1.00000;1.00000;63.68344;64.89894;65.65778;65.65769;73.28559;75.55763;75.55763;4.00998;-1.44564;5.63633;-0.09291;-0.67844;-36.66608;-73.07463;1003.91107;1000.25781;0.00000;994.93616;-36.50000;-73.00000;1721.45605;153.44121;-18.96667;105.65741;-22.72465;0.64142;11.21899;0.59623;0.05314;8.92000;417.26086;396.04678;420.85767;421.42136;17.44258;23.50723;27.21880;24.98621;16.64103;16.62663;0.40016;0.51721;29.67052;-13.91231;1.14094;2.01097;1.74127;0.85196
96.52252;102.92301;0.01036;0.01003;0.00347;1.00000;1.00000;63.19384;64.70669;65.46317;65.46317;72.72217;75.33368;75.33368;4.06305;-1.61092;5.61425;-0.01151;-0.68739;-36.66578;-73.07459;1003.79889;1000.15546;0.00000;994.77045;-36.50000;-73.00000;1726.94580;154.65419;-21.15294;114.91798;-28.09113;3.92113;11.16650;0.60169;0.05388;9.13938;420.07996;397.14407;421.17578;421.57587;17.30540;24.11606;27.52057;25.09895;16.75984;16.71021;0.39816;0.53090;32.38573;-16.07094;1.52164;2.11013;1.79608;0.88498
98.80491;101.72940;0.01012;0.00980;0.00349;1.00000;1.00000;62.90691;64.58572;65.34087;65.34078;72.39198;75.19293;75.19294;4.06607;-1.84030;5.56223;0.09211;-0.73973;-36.66548;-73.07456;1003.88141;1000.24725;0.00000;994.68646;-36.50000;-73.00000;1723.93201;154.94698;-24.66386;109.60976;-27.94836;23.06275;11.12595;0.60289;0.05419;9.52663;420.84036;396.60886;419.43457;420.05402;16.63147;24.80767;27.56514;25.00954;16.68973;16.65697;0.38882;0.54512;33.05280;-16.72967;3.07884;2.14180;1.82092;0.90932
94.37946;99.31474;0.01060;0.01024;0.00351;1.00000;1.00000;62.69155;64.36198;65.11472;65.11456;72.14415;74.93269;74.93270;4.08335;-1.85216;5.52047;0.13156;-0.79860;-36.66518;-73.07452;1004.11060;1000.48505;0.00000;994.77081;-36.50000;-73.00000;1715.33887;154.24643;-24.67993;87.50179;-23.98602;28.88356;11.12077;0.60406;0.05432;10.55313;418.19348;394.71484;417.03159;418.77713;16.46135;24.86727;27.41318;24.93777;16.59514;16.67292;0.38530;0.54518;31.21821;-15.16588;3.52581;2.07785;1.78336;0.89235
98.43855;102.97601;0.01016;0.00993;0.00337;1.00000;1.00000;62.34319;63.87190;64.61910;64.61908;71.74326;74.36234;74.36234;4.18039;-1.57965;5.54429;0.05407;-0.80310;-36.66488;-73.07449;1004.30597;1000.68842;0.00000;994.96753;-36.50000;-73.00000;1705.12451;153.08830;-20.45276;66.00742;-16.90820;17.80322;11.13818;0.60972;0.05474;10.89899;412.30807;391.78476;415.88910;418.57504;17.25702;24.22620;27.25095;25.06281;16.69621;16.87931;0.39349;0.52964;27.54287;-11.81166;2.44319;1.93845;1.68856;0.82664
96.80971;100.14020;0.01033;0.01001;0.00351;1.00000;1.00000;61.71634;63.19685;63.93612;63.93604;71.02190;73.57638;73.57639;4.36837;-1.23499;5.63817;-0.10098;-0.73152;-36.66459;-73.07445;1004.26605;1000.65601;0.00000;995.11456;-36.50000;-73.00000;1702.05786;152.96803;-15.22461;68.02882;-11.29494;-3.61714;11.12689;0.62169;0.05587;9.59021;407.64297;389.74237;417.39120;419.74683;18.64785;23.55978;27.41055;25.45340;17.09928;17.26466;0.41213;0.51438;25.16817;-9.42144;0.48986;1.83643;1.57704;0.76810
99.79786;101.79153;0.01002;0.01003;0.00351;1.00000;1.00000;60.89243;62.59003;63.32191;63.32145;70.07376;72.86955;72.86954;4.59070;-1.16338;5.73878;-0.21688;-0.63537;-36.66430;-73.07442;1003.94513;1000.34180;0.00000;995.04694;-36.50000;-73.00000;1713.40491;155.02255;-14.09606;85.72902;-20.55859;-15.39934;11.05262;0.63803;0.05773;9.01861;408.25418;390.56213;421.50378;422.91345;19.61943;23.82406;28.01680;26.01896;17.72271;17.77119;0.42695;0.52053;26.72182;-9.86600;-0.47599;1.86083;1.56033;0.74113
99.28112;104.01498;0.01007;0.00983;0.00356;1.00000;1.00000;60.13599;62.18904;62.91586;62.91549;69.20326;72.40228;72.40227;4.74134;-1.48237;5.75837;-0.19260;-0.60821;-36.66401;-73.07438;1003.54181;999.94458;0.00000;994.75696;-36.50000;-73.00000;1723.82068;157.39615;-18.77808;111.12322;-24.90962;0.15738;10.95211;0.65021;0.05937;8.45975;411.79431;391.80658;424.16959;424.00320;19.39506;25.04735;28.65122;26.35371;18.16171;18.04068;0.42206;0.54956;30.15806;-12.61124;0.88935;1.97099;1.63550;0.76671
93.75901;76.35920;0.01067;0.01008;0.00350;1.00000;1.00000;59.62113;62.03301;62.75777;62.75775;68.61078;72.22036;72.22037;4.78659;-1.92119;5.68219;-0.05563;-0.66740;-36.66372;-73.07434;1003.30011;999.70850;0.00000;994.41382;-36.50000;-73.00000;1729.52380;159.08797;-24.74071;118.22659;-30.02217;19.30993;10.87149;0.65565;0.06031;8.82463;415.98129;392.94037;423.96091;423.50931;18.52034;26.40138;29.04044;26.40032;18.24421;18.08506;0.40690;0.58243;33.38572;-15.30418;2.74416;2.10135;1.71098;0.82070
96.17586;100.85729;0.01040;0.01005;0.00339;1.00000;1.00000;59.34946;61.91536;62.63880;62.63871;68.29813;72.08344;72.08344;4.77445;-2.18325;5.57137;0.09139;-0.77198;-36.66343;-73.07430;1003.34265;999.75598;0.00000;994.21356;-36.50000;-73.00000;1723.74548;159.06830;-28.15519;102.73371;-28.74359;35.55058;10.83651;0.65595;0.06053;9.65000;416.24954;391.98648;421.09824;421.52667;17.69916;27.11451;28.99593;26.23928;18.06654;18.00813;0.39350;0.59944;33.45732;-15.49157;4.22644;2.11414;1.72899;0.84794
97.55083;97.13453;0.01025;0.00984;0.00342;1.00000;1.00000;59.10066;61.54424;62.26353;62.26342;68.01183;71.65160;71.65160;4.81652;-2.04363;5.52017;0.10841;-0.84631;-36.66314;-73.07427;1003.55524;999.97314;0.00000;994.24481;-36.50000;-73.00000;1708.46167;157.49327;-25.84323;75.92549;-18.89551;35.51305;10.84784;0.65799;0.06066;10.16453;410.58914;388.44513;417.92664;419.57071;17.83372;26.72404;28.68309;26.16101;17.96284;18.06503;0.39409;0.58902;29.57503;-12.31226;4.08355;1.96887;1.64605;0.79842
97.92204;91.81893;0.01021;0.01006;0.00344;1.00000;1.00000;58.60427;60.96928;61.68194;61.68195;67.44059;70.98232;70.98232;4.98169;-1.59615;5.58462;-0.00735;-0.81541;-36.66286;-73.07423;1003.65387;1000.07574;0.00000;994.39691;-36.50000;-73.00000;1704.35547;157.14226;-18.47440;83.27679;-16.56590;-3.05374;10.84594;0.66885;0.06167;8.88210;406.25543;386.27759;418.80618;420.49689;19.35887;25.64645;28.79461;26.48670;18.30592;18.44293;0.41870;0.56414;28.28446;-11.01213;0.81418;1.90136;1.58115;0.75238
98.98354;101.45076;0.01010;0.00980;0.00351;1.00000;1.00000;57.94777;60.53884;61.24639;61.24634;66.68510;70.48109;70.48109;5.15382;-1.44145;5.70613;-0.07506;-0.71540;-36.66257;-73.07420;1003.56067;999.98584;0.00000;994.45691;-36.50000;-73.00000;1713.84998;159.00937;-15.86441;110.22049;-24.19455;-26.05938;10.77830;0.68217;0.06329;8.20552;407.66211;387.46777;421.78967;422.51273;20.44965;25.47399;29.32886;26.93933;18.82076;18.80961;0.43870;0.56222;30.94623;-12.87711;-1.14715;1.98520;1.60201;0.76247
97.58066;100.31097;0.01025;0.00997;0.00349;1.00000;1.00000;57.43274;60.34350;61.04869;61.04869;66.09241;70.25358;70.25358;5.22543;-1.84958;5.74930;-0.01335;-0.68978;-36.66230;-73.07417;1003.46991;999.89795;0.00000;994.39575;-36.50000;-73.00000;1719.83850;160.98732;-22.74834;110.97676;-28.45520;11.95065;10.68307;0.68900;0.06449;8.83194;410.77170;388.75797;422.22943;422.48233;19.72487;26.76527;29.72213;27.07756;19.01510;18.89252;0.42436;0.59497;32.98952;-14.39554;1.82526;2.06995;1.65049;0.79417
98.44297;104.12328;0.01016;0.01014;0.00348;1.00000;1.00000;57.08955;60.13638;60.83918;60.83915;65.69748;70.01248;70.01247;5.26693;-2.22683;5.68935;0.05355;-0.77049;-36.66201;-73.07413;1003.51086;999.94122;0.00000;994.34381;-36.50000;-73.00000;1716.65234;161.53409;-27.96082;107.54684;-26.76309;36.86854;10.62718;0.69247;0.06516;8.89519;411.23572;387.60983;421.02469;421.02737;18.79676;27.84827;29.86302;27.03014;19.02633;18.91364;0.40677;0.62357;33.16953;-14.61886;4.03912;2.08017;1.65912;0.80298
98.85768;101.90563;0.01012;0.01032;0.00361;1.00000;1.00000;56.78965;59.89559;60.59568;60.59562;65.35236;69.73227;69.73227;5.31945;-2.19819;5.63712;0.08152;-0.83997;-36.66174;-73.07410;1003.63434;1000.06653;0.00000;994.38599;-36.50000;-73.00000;1713.13489;161.39891;-26.65504;102.44827;-24.73853;25.83668;10.61429;0.69662;0.06563;8.94417;410.20337;386.55539;419.99905;420.58878;18.93834;27.81266;29.89761;27.07522;19.04775;19.03685;0.40891;0.62336;32.83322;-14.37774;3.31222;2.06748;1.64833;0.78853
98.56091;98.19323;0.01015;0.00997;0.00342;1.00000;1.00000;56.43099;59.49986;60.19545;60.19543;64.93962;69.27170;69.27170;5.41236;-1.94167;5.65870;0.04951;-0.84524;-36.66145;-73.07407;1003.77283;1000.20630;0.00000;994.49792;-36.50000;-73.00000;1705.50928;160.87511;-23.22357;72.38300;-20.69169;20.54700;10.60145;0.70277;0.06629;10.47413;405.85730;384.79822;418.44156;420.68738;19.56810;27.26950;29.77593;27.23460;19.11891;19.27844;0.42017;0.60940;29.80915;-11.57168;2.66699;1.94897;1.57760;0.73883
99.91156;103.88531;0.01001;0.00982;0.00347;1.00000;1.00000;55.88352;58.88634;59.57473;59.57466;64.30961;68.55738;68.55738;5.61403;-1.60731;5.74609;-0.09139;-0.79089;-36.66118;-73.07403;1003.74390;1000.17816;0.00000;994.59387;-36.50000;-73.00000;1701.22998;161.07916;-18.31649;82.22575;-16.30525;1.10006;10.56145;0.71569;0.06776;8.58481;401.43304;382.46729;419.79962;421.30597;20.71579;26.61226;29.97807;27.63472;19.58839;19.70242;0.44272;0.59494;28.00224;-9.92067;0.83706;1.86361;1.50701;0.68365
96.11068;104.01498;0.01040;0.01045;0.00376;1.00000;1.00000;55.17157;58.42116;59.10390;59.10365;63.49031;68.01556;68.01556;5.82739;-1.49690;5.84539;-0.17097;-0.69992;-36.66091;-73.07400;1003.49243;999.92706;0.00000;994.54193;-36.50000;-73.00000;1712.63794;163.60187;-16.27197;111.12685;-24.00818;-21.67580;10.46833;0.73201;0.06993;7.80958;403.37552;383.93423;423.37479;423.68951;21.73004;26.64070;30.66324;28.20561;20.23669;20.17967;0.46475;0.59926;30.88625;-12.01838;-0.98323;1.96213;1.53031;0.69524
97.44706;99.32460;0.01026;0.01003;0.00339;1.00000;1.00000;54.61888;58.29193;58.97295;58.97292;62.85429;67.86487;67.86487;5.90636;-1.92432;5.85777;-0.06242;-0.67131;-36.66063;-73.07396;1003.26208;999.69647;0.00000;994.32874;-36.50000;-73.00000;1725.34595;166.43398;-22.41398;131.16647;-34.42594;-3.62970;10.36655;0.74071;0.07145;7.98161;409.24408;386.82999;424.92914;424.22174;21.25351;27.91076;31.28045;28.42586;20.52999;20.27968;0.45334;0.63526;35.54597;-15.70889;0.65615;2.16131;1.63690;0.75503
98.43960;102.04082;0.01016;0.01016;0.00347;1.00000;1.00000;54.40013;58.32213;59.00357;59.00340;62.60255;67.90009;67.90009;5.85739;-2.55231;5.74271;0.13651;-0.76771;-36.66036;-73.07393;1003.32880;999.76257;0.00000;994.16937;-36.50000;-73.00000;1723.38062;167.26237;-31.42222;123.06911;-35.22977;38.67104;10.30346;0.73910;0.07173;8.56355;412.17215;386.95306;422.41391;421.70105;19.65103;29.48998;31.34626;28.16584;20.30414;20.04940;0.41997;0.67894;36.96009;-17.04199;4.34010;2.23187;1.69898;0.82257
98.48183;99.67108;0.01015;0.00990;0.00337;1.00000;1.00000;54.32508;58.19764;58.87791;58.87745;62.51619;67.75550;67.75550;5.82423;-2.74782;5.60923;0.22766;-0.90917;-36.66009;-73.07389;1003.67078;1000.10339;0.00000;994.25153;-36.50000;-73.00000;1709.60388;165.90263;-33.48420;102.07958;-27.26896;52.21513;10.30486;0.73634;0.07146;8.98194;409.33069;383.89877;418.62131;418.83685;18.81573;29.85897;31.03564;27.86019;19.99339;19.91846;0.40364;0.68913;34.63255;-15.39512;5.59667;2.13577;1.65734;0.82392
99.01594;102.04082;0.01010;0.01030;0.00347;1.00000;1.00000;54.11964;57.86366;58.54034;58.54010;62.27977;67.36702;67.36702;5.90053;-2.36405;5.59652;0.16190;-0.96045;-36.65982;-73.07386;1004.02618;1000.45734;0.00000;994.54797;-36.50000;-73.00000;1700.65259;164.62311;-27.32773;86.10181;-22.35442;25.86544;10.33058;0.74096;0.07172;9.37380;404.80261;381.35968;417.19885;418.87228;19.69774;28.86506;30.87281;27.94413;20.01659;20.15833;0.42064;0.66239;32.18248;-13.32141;3.33849;2.03166;1.58687;0.74800
96.88071;102.12418;0.01032;0.01037;0.00356;1.00000;1.00000;53.69816;57.32489;57.99540;57.99540;61.79474;66.73992;66.73992;6.07946;-1.82090;5.71961;-0.00362;-0.89392;-36.65955;-73.07382;1004.17682;1000.60590;0.00000;994.84399;-36.50000;-73.00000;1694.02991;164.32156;-20.13772;73.31924;-15.46125;5.82792;10.30924;0.75201;0.07295;9.11389;399.01498;379.23306;417.51642;419.86478;21.11919;27.69892;30.87479;28.34292;20.37075;20.59833;0.45146;0.63198;28.63155;-10.17050;1.21236;1.88410;1.49090;0.66942
97.16568;99.12767;0.01029;0.01037;0.00366;1.00000;1.00000;53.02501;56.75016;57.41379;57.41349;61.02010;66.07062;66.07063;6.34865;-1.50804;5.89291;-0.18861;-0.76219;-36.65929;-73.07379;1003.99701;1000.42358;0.00000;994.95007;-36.50000;-73.00000;1701.69177;166.58255;-15.23771;101.98923;-20.14124;-27.58491;10.21531;0.77079;0.07545;7.61169;398.25986;379.46194;421.45184;422.43167;22.52677;27.25435;31.52624;29.03616;21.17537;21.20782;0.48567;0.62482;29.80569;-10.85843;-1.59812;1.91342;1.46944;0.65615
97.68824;98.13543;0.01024;0.01006;0.00363;1.00000;1.00000;52.37518;56.51999;57.18064;57.18039;60.27229;65.80231;65.80231;6.50792;-1.85255;5.97623;-0.17013;-0.67947;-36.65902;-73.07376;1003.65936;1000.08307;0.00000;994.78912;-36.50000;-73.00000;1719.22949;170.36153;-20.07325;133.40640;-32.87395;-19.89577;10.09165;0.78509;0.07780;7.43771;404.29788;382.92569;425.10379;424.37976;22.51777;28.38309;32.39523;29.51113;21.79168;21.51219;0.48456;0.66054;34.90249;-14.80777;-0.80783;2.12958;1.56998;0.70820
96.29224;90.02521;0.01039;0.00976;0.00336;1.00000;1.00000;52.06761;56.60068;57.26218;57.26215;59.91834;65.89614;65.89614;6.47645;-2.66045;5.87837;0.04851;-0.74785;-36.65876;-73.07372;1003.54279;999.96313;0.00000;994.53937;-36.50000;-73.00000;1726.02551;172.55537;-31.70144;136.33873;-39.24929;28.57846;10.00273;0.78595;0.07857;7.93248;410.35739;385.08496;424.20087;422.86417;20.85225;30.42675;32.74870;29.37236;21.71000;21.30919;0.44439;0.72111;38.48946;-17.77818;3.50637;2.30038;1.68676;0.77646
96.45837;98.03920;0.01037;0.00988;0.00335;1.00000;1.00000;52.04507;56.61617;57.27806;57.27761;59.89240;65.91442;65.91443;6.38539;-3.18366;5.68704;0.22990;-0.92368;-36.65850;-73.07369;1003.80103;1000.21753;0.00000;994.47772;-36.50000;-73.00000;1713.01624;171.57376;-38.58669;107.39729;-32.40278;65.61498;9.98414;0.77960;0.07808;8.86856;409.26602;382.65353;419.55191;419.24249;19.18223;31.57534;32.40319;28.90121;21.21630;21.01095;0.40878;0.75498;36.56752;-16.46556;6.81801;2.21842;1.66733;0.83175
92.50762;97.27626;0.01081;0.01074;0.00356;1.00000;1.00000;51.94260;56.24670;56.90459;56.90434;59.77448;65.48463;65.48463;6.43675;-2.89656;5.60097;0.16867;-1.04995;-36.65824;-73.07366;1004.17334;1000.58569;0.00000;994.70374;-36.50000;-73.00000;1693.49939;168.96452;-34.03087;68.44330;-18.75274;58.72853;10.02281;0.78088;0.07791;10.12231;401.47903;377.70432;415.97433;417.75116;19.42640;30.77168;31.92350;28.79404;21.02370;21.19093;0.41408;0.73256;30.84366;-11.84127;6.11605;1.97592;1.53394;0.74175
98.68080;102.04082;0.01013;0.01012;0.00349;1.00000;1.00000;51.44943;55.52727;56.17680;56.17670;59.20695;64.64711;64.64711;6.71675;-1.98071;5.73028;-0.10816;-0.99533;-36.65798;-73.07362;1004.23962;1000.64734;0.00000;994.97510;-36.50000;-73.00000;1686.35852;168.45715;-20.81747;70.75917;-10.65333;3.91505;10.01061;0.79786;0.07970;8.18297;394.13983;374.51147;417.45294;419.73035;21.77201;28.75242;32.07518;29.43552;21.61437;21.93707;0.46992;0.67800;27.26708;-8.78978;1.14722;1.82034;1.41619;0.61890
98.85844;102.77493;0.01012;0.00993;0.00358;1.00000;1.00000;50.64777;54.95037;55.59285;55.59201;58.28442;63.97511;63.97511;7.05262;-1.35375;5.98365;-0.31496;-0.79019;-36.65772;-73.07359;1003.86078;1000.26361;0.00000;994.98676;-36.50000;-73.00000;1701.92908;172.16760;-11.37670;107.67813;-20.84401;-57.68250;9.88530;0.82223;0.08318;7.09710;395.49863;377.16296;422.53259;423.74411;24.12243;27.72696;33.02951;30.46372;22.65024;22.73726;0.53369;0.65310;29.89668;-10.59036;-4.08331;1.91979;1.39437;0.65197
99.99442;102.64832;0.01000;0.00975;0.00348;1.00000;1.00000;49.98419;54.78378;55.42391;55.42348;57.52078;63.78070;63.78070;7.20018;-1.85238;6.11801;-0.22491;-0.65472;-36.65747;-73.07356;1003.37775;999.77521;0.00000;994.66016;-36.50000;-73.00000;1721.91028;176.80397;-19.73317;132.84290;-35.52336;-22.78591;9.73909;0.83695;0.08594;7.35357;402.66772;381.94897;426.11539;425.53662;23.83491;29.22347;33.94858;30.96414;23.32303;22.96273;0.52358;0.70131;35.60958;-14.99940;-1.32930;2.17311;1.55059;0.68332
99.36097;95.52924;0.01006;0.00983;0.00342;1.00000;1.00000;49.69057;54.79052;55.43059;55.43059;57.18290;63.78838;63.78839;7.16899;-2.88789;5.98428;0.01849;-0.74675;-36.65722;-73.07352;1003.20746;999.59900;0.00000;994.27759;-36.50000;-73.00000;1722.19312;178.61020;-34.44734;129.46146;-38.45346;41.52944;9.64219;0.83688;0.08679;7.74160;406.78394;382.48737;424.18658;422.52017;21.60687;31.67379;34.17467;30.70791;23.18234;22.66640;0.46418;0.78042;37.61596;-16.64235;4.45774;2.27166;1.62816;0.75225
95.93421;102.72213;0.01042;0.01029;0.00339;1.00000;1.00000;49.56281;54.65960;55.29829;55.29806;57.03587;63.63614;63.63614;7.13398;-3.43575;5.74218;0.16758;-0.95675;-36.65696;-73.07349;1003.38623;999.77148;0.00000;994.14380;-36.50000;-73.00000;1708.73340;179.12410;-41.51533;108.45206;-32.81127;70.69596;9.53938;0.83432;0.08746;8.04467;404.91736;379.07288;420.07571;418.81699;20.06131;32.79721;33.92855;30.29705;22.80767;22.47967;0.42781;0.81986;35.32230;-14.91343;7.33067;2.15665;1.59287;0.80179
95.15080;73.04602;0.01051;0.00987;0.00338;1.00000;1.00000;49.33368;54.33753;54.97267;54.97253;56.77219;63.26142;63.26142;7.20416;-3.15639;5.63072;0.13027;-1.08556;-36.65671;-73.07346;1003.64868;1000.02753;0.00000;994.27582;-36.50000;-73.00000;1697.49707;177.55971;-36.12113;94.56830;-25.88177;43.40625;9.56015;0.83869;0.08773;8.18164;400.87518;375.86545;417.62592;418.15985;20.56569;32.02832;33.76654;30.27676;22.70869;22.72906;0.44064;0.79768;33.73561;-13.84768;5.15250;2.09621;1.54093;0.72403
99.16699;100.18032;0.01008;0.00994;0.00351;1.00000;1.00000;48.92568;53.86689;54.49662;54.49661;56.30267;62.71359;62.71358;7.39258;-2.48488;5.72493;-0.01320;-1.05738;-36.65646;-73.07343;1003.75488;1000.12671;0.00000;994.47931;-36.50000;-73.00000;1692.97229;177.39708;-26.76438;91.06744;-19.57504;9.82843;9.54341;0.85113;0.08919;7.70789;396.72266;374.35428;417.83896;419.30832;22.19674;30.59550;33.88548;30.71759;23.06288;23.24713;0.48348;0.75490;31.54843;-12.13599;1.84322;2.00173;1.47324;0.63355
95.30831;96.72114;0.01049;0.01020;0.00358;1.00000;1.00000;48.36243;53.37447;53.99832;53.99810;55.65449;62.14016;62.14016;7.64432;-1.98323;5.92755;-0.16204;-0.92740;-36.65621;-73.07340;1003.61182;999.97632;0.00000;994.55023;-36.50000;-73.00000;1695.86633;179.31458;-20.35525;97.18602;-21.20262;-14.33935;9.45749;0.86839;0.09182;7.40174;394.99893;374.75635;419.45563;420.92761;23.70465;29.74637;34.36675;31.41112;23.69440;23.81754;0.52775;0.73266;31.21393;-11.65908;-0.61687;1.98749;1.44253;0.60121
98.28957;99.33446;0.01017;0.01000;0.00353;1.00000;1.00000;47.74995;53.01948;53.63894;53.63858;54.94967;61.72659;61.72659;7.86949;-2.01066;6.08411;-0.21057;-0.80544;-36.65596;-73.07336;1003.29205;999.64893;0.00000;994.40851;-36.50000;-73.00000;1706.64038;182.81331;-20.74705;123.19264;-30.41757;-24.27859;9.33543;0.88565;0.09487;6.87395;397.74176;376.96753;422.14526;422.18832;24.31252;30.09894;35.16063;32.04584;24.41804;24.22831;0.54653;0.74986;34.21428;-13.94056;-1.40448;2.12577;1.49453;0.64222
98.81171;99.51238;0.01012;0.00995;0.00345;1.00000;1.00000;47.30953;52.93029;53.54851;53.54848;54.44284;61.62253;61.62254;7.95591;-2.61681;6.07240;-0.06821;-0.79463;-36.65571;-73.07333;1003.05005;999.39893;0.00000;994.14087;-36.50000;-73.00000;1718.79736;186.43312;-29.51265;136.63116;-50.77105;5.38471;9.21938;0.89497;0.09707;6.95815;403.38864;380.01953;423.37671;422.02737;23.55902;31.67007;35.81408;32.29297;24.75346;24.27075;0.52228;0.80526;37.16998;-15.41571;1.37397;2.23713;1.57609;0.68391
96.08405;97.66579;0.01041;0.01025;0.00345;1.00000;1.00000;47.11646;52.91795;53.53608;53.53591;54.22065;61.60823;61.60822;7.89561;-3.34692;5.90288;0.14734;-0.91432;-36.65547;-73.07330;1003.12378;999.46423;0.00000;993.96552;-36.50000;-73.00000;1712.06824;186.76489;-39.18280;127.41687;-39.22567;43.69030;9.16697;0.89188;0.09729;7.31459;404.84760;379.13297;420.29199;418.75012;21.91532;33.20076;35.74216;31.91237;24.44424;23.94972;0.47599;0.85886;37.46613;-16.46801;5.00882;2.25554;1.62322;0.75753
97.58789;102.60619;0.01025;0.01009;0.00348;1.00000;1.00000;46.99784;52.76288;53.37945;53.37904;54.08415;61.42798;61.42797;7.88196;-3.63982;5.72479;0.22415;-1.07427;-36.65522;-73.07327;1003.44006;999.77179;0.00000;994.04266;-36.50000;-73.00000;1698.43188;185.47621;-42.14276;111.59694;-28.67978;57.59108;9.15714;0.88998;0.09719;7.48359;402.19516;375.79288;416.95959;415.87286;21.02535;33.67229;35.48629;31.58599;24.15102;23.84338;0.45386;0.87877;34.87669;-14.81782;6.36347;2.12447;1.57769;0.77159
96.91213;97.17228;0.01032;0.01011;0.00351;1.00000;1.00000;46.76661;52.47709;53.09056;53.09039;53.81805;61.09552;61.09552;7.97576;-3.34420;5.68308;0.14149;-1.15374;-36.65498;-73.07324;1003.74194;1000.06458;0.00000;994.30652;-36.50000;-73.00000;1691.40308;184.62572;-37.16895;105.20389;-23.85942;35.97107;9.16125;0.89598;0.09780;7.45609;399.31134;373.52646;415.59659;415.85507;21.64545;32.94706;35.48101;31.67645;24.17492;24.14775;0.47152;0.85717;34.12108;-14.41184;4.41883;2.10042;1.54233;0.70274
95.80984;90.71117;0.01044;0.01014;0.00349;1.00000;1.00000;46.41515;52.10106;52.71022;52.71022;53.41360;60.65784;60.65784;8.15934;-2.79580;5.80319;0.00197;-1.11452;-36.65473;-73.07321;1003.86163;1000.17480;0.00000;994.56134;-36.50000;-73.00000;1689.85498;185.10716;-29.86733;100.73888;-23.13284;12.42226;9.12906;0.90813;0.09948;7.23906;396.50119;372.87384;416.04504;417.09689;22.95876;31.89948;35.68531;32.14351;24.53779;24.64652;0.51051;0.82472;32.47660;-12.87337;1.96768;2.02844;1.48602;0.63229
98.25881;97.84736;0.01018;0.00996;0.00352;1.00000;1.00000;45.94765;51.67962;52.28377;52.28359;52.87561;60.16709;60.16710;8.40682;-2.37231;5.99600;-0.15207;-1.00424;-36.65449;-73.07318;1003.74799;1000.05145;0.00000;994.65991;-36.50000;-73.00000;1693.19128;187.18044;-24.76111;101.99560;-35.01893;-3.39620;9.04577;0.92482;0.10224;7.08178;394.92020;373.33884;417.44543;418.60703;24.17860;31.27127;36.16053;32.83317;25.14408;25.21736;0.55046;0.80906;32.14350;-11.76119;0.23598;2.02328;1.44722;0.59541
94.54139;71.22507;0.01058;0.00996;0.00352;1.00000;1.00000;45.41532;51.34469;51.94470;51.94432;52.26302;59.77689;59.77689;8.63943;-2.33915;6.14483;-0.21647;-0.89485;-36.65425;-73.07315;1003.44836;999.74176;0.00000;994.54773;-36.50000;-73.00000;1700.66895;190.38359;-24.27207;124.43427;-32.11219;-16.29193;8.93286;0.94107;0.10535;6.55096;396.82605;375.17993;419.49936;419.40775;24.83618;31.47824;36.90119;33.48259;25.83092;25.61607;0.57274;0.82324;34.12748;-13.89497;-0.78169;2.12809;1.49238;0.62862
99.83701;103.42331;0.01002;0.01087;0.00386;1.00000;1.00000;44.99574;51.24363;51.84226;51.84219;51.78018;59.65901;59.65901;8.73647;-2.83097;6.14540;-0.09032;-0.86910;-36.65401;-73.07311;1003.18970;999.47260;0.00000;994.28577;-36.50000;-73.00000;1710.41064;193.81651;-31.14664;138.71584;-36.64384;1.32883;8.82490;0.95019;0.10767;6.54254;401.68118;378.08868;420.55328;419.11252;24.36135;32.73982;37.51676;33.76675;26.19048;25.65705;0.55554;0.87140;36.19808;-15.60759;1.05999;2.20207;1.57380;0.68383
97.81345;101.03049;0.01022;0.00981;0.00342;1.00000;1.00000;44.80598;51.24307;51.84171;51.84161;51.56181;59.65837;59.65837;8.69398;-3.53447;5.98713;0.11026;-0.96668;-36.65377;-73.07308;1003.20923;999.48145;0.00000;994.09052;-36.50000;-73.00000;1707.91150;194.64696;-40.67136;131.47729;-31.26848;38.33685;8.77441;0.94882;0.10814;6.82163;403.89453;378.07162;418.48755;416.67343;22.95346;34.20598;37.55850;33.49103;25.98822;25.39512;0.51134;0.92620;37.40741;-17.03806;4.53788;2.28009;1.63307;0.73789
93.82359;99.05894;0.01066;0.01009;0.00351;1.00000;1.00000;44.70439;51.11689;51.71425;51.71389;51.44489;59.51170;59.51170;8.67084;-3.91256;5.80091;0.21266;-1.11872;-36.65353;-73.07305;1003.48157;999.74255;0.00000;994.12585;-36.50000;-73.00000;1695.94458;193.65903;-45.02751;109.53619;-34.67882;59.25255;8.75737;0.94683;0.10812;7.39761;401.47714;375.03659;415.02164;414.03729;21.90589;34.84978;37.28407;33.14505;25.64875;25.28209;0.48264;0.95386;35.61832;-15.17887;6.51551;2.18373;1.58330;0.76613
98.94216;95.77627;0.01011;0.01037;0.00351;1.00000;1.00000;44.45822;50.66333;51.25558;51.25556;51.16161;58.98388;58.98388;8.82615;-3.64896;5.74677;0.05495;-1.21848;-36.65330;-73.07302;1003.72339;999.97302;0.00000;994.34540;-36.50000;-73.00000;1677.70142;191.90376;-41.30314;79.48829;-19.13396;61.64076;8.74241;0.95349;0.10907;7.77528;394.03540;370.17157;412.22083;412.64313;22.13609;34.20483;37.04877;33.25892;25.65349;25.67046;0.49475;0.94042;30.24615;-11.11789;6.34987;1.93471;1.44944;0.67881
96.81109;94.49117;0.01033;0.00997;0.00343;1.00000;1.00000;43.87596;50.02873;50.61343;50.61272;50.49155;58.24490;58.24490;9.16527;-2.82426;5.89913;-0.30404;-1.16572;-36.65306;-73.07299;1003.54401;999.78210;0.00000;994.49194;-36.50000;-73.00000;1671.35376;192.50221;-29.60968;95.44694;-41.28821;7.53296;8.68226;0.97414;0.11220;6.96380;388.44397;367.73996;412.58612;412.57071;24.00150;32.61524;37.37076;34.03794;26.29314;26.39114;0.55983;0.89421;29.11576;-8.86579;1.85697;1.85641;1.36138;0.56861
96.70571;102.85950;0.01034;0.01009;0.00364;1.00000;1.00000;43.15814;49.54680;50.12527;50.12010;49.66550;57.68314;57.68314;9.24600;-2.32917;6.20727;-0.82330;-1.01201;-36.65284;-73.07296;1002.74701;998.97333;0.00000;994.25848;-36.50000;-73.00000;1647.57336;189.90251;-23.52351;90.01009;-34.83124;-15.78142;8.67589;0.97905;0.11285;6.95113;381.30737;363.28772;407.01474;407.50284;24.69304;31.27816;36.83482;33.88931;26.12690;26.16632;0.58825;0.84896;29.66038;-10.08830;-0.10480;1.90659;1.34514;0.54524
97.98940;98.41550;0.01021;0.01041;0.00363;1.00000;1.00000;42.58720;49.31439;49.88885;49.86895;49.00848;57.41107;57.41107;9.31191;-2.46487;6.52837;-1.61862;-0.91044;-36.65261;-73.07293;1000.97021;997.18433;0.00000;993.38116;-36.50000;-73.00000;1637.65991;189.81706;-26.01923;89.87082;-25.93411;8.68467;8.62757;0.98235;0.11386;6.89392;379.17026;360.95084;404.92706;405.17023;24.44236;31.37885;36.84278;33.76777;26.20490;26.05901;0.58277;0.85732;28.24835;-9.51665;1.13248;1.80487;1.32872;0.54291
99.59327;101.21458;0.01004;0.00982;0.00351;1.00000;1.00000;42.27552;49.32606;49.89848;49.85529;48.64980;57.42215;57.42215;9.36616;-2.69505;6.72395;-2.38419;-0.89229;-36.65237;-73.07290;998.00586;994.20746;0.00000;991.52692;-36.50000;-73.00000;1643.37585;191.26128;-29.18744;92.68872;-26.95695;26.85528;8.59231;0.98532;0.11467;6.85265;380.74435;361.69687;406.53116;406.48740;24.20013;31.96509;37.16974;33.91650;26.43846;26.22839;0.57502;0.88216;28.20658;-9.40906;2.27639;1.80353;1.32854;0.55126
96.15572;86.70771;0.01040;0.01003;0.00353;1.00000;1.00000;42.27341;49.56319;50.13540;50.06391;48.64738;57.69479;57.69480;9.30451;-2.68656;6.77424;-3.06020;-0.89807;-36.65215;-73.07286;993.97491;990.16357;0.00000;988.57446;-36.50000;-73.00000;1651.80042;191.54353;-29.07570;93.80461;-20.38526;24.65745;8.62363;0.98091;0.11375;6.87472;382.80316;363.59012;408.86169;408.75980;24.23431;32.07058;37.23516;33.97921;26.45453;26.27291;0.57403;0.88220;28.01615;-9.54516;2.22471;1.79980;1.33622;0.55365
94.91798;99.98000;0.01054;0.01016;0.00351;1.00000;1.00000;42.57491;49.98433;50.55773;50.45973;48.99434;58.18080;58.18080;9.19757;-2.51679;6.72807;-3.56804;-0.88384;-36.65192;-73.07283;989.03284;985.20813;0.00000;984.57404;-36.50000;-73.00000;1667.75659;192.07309;-27.21447;93.29301;-17.27730;15.40857;8.68293;0.97377;0.11215;6.92892;386.19229;367.38443;413.01031;413.00061;24.59274;31.96071;37.30762;34.14944;26.50400;26.34594;0.58213;0.86991;28.00897;-9.51931;1.63522;1.80611;1.34745;0.55280
98.23643;101.86413;0.01018;0.01087;0.00373;1.00000;1.00000;43.11899;50.51810;51.09343;50.97880;49.62045;58.79727;58.79726;9.06793;-2.36153;6.61251;-3.83870;-0.85120;-36.65168;-73.07279;983.44653;979.60803;0.00000;979.68481;-36.50000;-73.00000;1688.17786;192.91875;-25.81681;92.55907;-16.21584;11.08911;8.75072;0.96497;0.11027;6.99910;390.54926;372.09100;418.29346;418.37888;24.96424;31.91699;37.42893;34.34490;26.59421;26.42246;0.58975;0.85863;28.10411;-9.40585;1.28420;1.81736;1.36101;0.55587
99.36468;101.45076;0.01006;0.01008;0.00356;1.00000;1.00000;43.80914;51.08640;51.66370;51.54564;50.41466;59.45353;59.45353;8.87316;-2.28032;6.41997;-3.87427;-0.81935;-36.65145;-73.07276;977.57495;973.72211;0.00000;974.17334;-36.50000;-73.00000;1702.79602;192.43224;-25.34927;92.38042;-14.11426;12.30570;8.84881;0.95179;0.10756;7.09837;393.82663;375.40265;422.08411;422.36700;25.02869;31.83179;37.29296;34.24162;26.45216;26.27423;0.58680;0.84521;29.18129;-10.28133;1.30207;1.90323;1.38449;0.56371
102.24663;102.61673;0.00978;0.00981;0.00341;1.00000;1.00000;44.55391;51.63236;52.21131;52.10064;51.27172;60.08371;60.08370;8.73875;-2.23113;6.13923;-3.73110;-0.79680;-36.65121;-73.07273;971.71948;967.85187;0.00000;968.38245;-36.50000;-73.00000;1722.31287;193.17412;-25.24790;92.53705;-17.08435;14.16712;8.91586;0.94245;0.10571;7.17453;398.14319;379.64783;427.11700;427.40524;25.18000;31.94295;37.39537;34.35058;26.50346;26.30743;0.58714;0.84089;29.40334;-10.03798;1.38874;1.91719;1.39651;0.57059
100.98289;106.68943;0.00990;0.00980;0.00302;1.00000;1.00000;45.25758;52.07795;52.65761;52.56659;52.08149;60.59729;60.59729;8.64237;-2.16436;5.76811;-3.36923;-0.77777;-36.65097;-73.07270;966.20746;962.32385;0.00000;962.61298;-36.50000;-73.00000;1739.58154;194.00378;-24.77747;92.61788;-19.34591;13.13655;8.96674;0.93568;0.10435;7.23809;401.88474;383.46695;431.56839;431.86832;25.39283;32.01446;37.51895;34.50212;26.58597;26.38070;0.59038;0.83668;29.58961;-9.85052;1.29296;1.92978;1.40705;0.57510
102.21844;103.86373;0.00978;0.00969;0.00301;1.00000;1.00000;45.83262;52.36773;52.94679;52.88131;52.74324;60.93008;60.93008;8.57997;-2.08680;5.30821;-2.84988;-0.75682;-36.65072;-73.07267;961.33771;957.43768;0.00000;957.16907;-36.50000;-73.00000;1750.86926;194.51340;-24.04911;92.46510;-22.36133;10.85014;9.00128;0.93136;0.10347;7.28703;404.22128;386.02011;434.44626;434.77484;25.60054;31.98284;37.58452;34.60991;26.64062;26.42254;0.59472;0.83115;29.77613;-9.68917;1.08908;1.94007;1.41348;0.57717
96.15755;104.82180;0.01040;0.00979;0.00318;1.00000;1.00000;46.20520;52.46802;53.04507;53.00393;53.17200;61.04317;61.04317;8.55856;-2.02505;4.76019;-2.25670;-0.73507;-36.65048;-73.07264;957.35718;953.44043;0.00000;952.39105;-36.50000;-73.00000;1754.95508;194.68594;-23.43060;92.28043;-25.97100;9.47852;9.01429;0.92997;0.10317;7.31294;404.93234;386.97830;435.44727;435.80399;25.74724;31.89209;37.59721;34.65721;26.66900;26.42876;0.59867;0.82620;29.94805;-9.56596;0.91671;1.94704;1.41486;0.57732
101.37673;102.62726;0.00986;0.01001;0.00337;1.00000;1.00000;46.33655;52.30950;52.88241;52.85956;53.32315;60.85600;60.85600;8.57554;-1.98621;4.10701;-1.68448;-0.71973;-36.65023;-73.07262;954.29303;950.36462;0.00000;948.42444;-36.50000;-73.00000;1746.85217;194.02225;-24.55891;14.94942;-54.29363;29.93809;9.00336;0.93129;0.10344;-78.02818;400.29114;386.00400;431.74719;435.46921;25.41432;31.94906;37.12595;34.73322;26.38259;26.53691;0.59101;0.82921;26.63095;-4.41383;3.12768;1.79593;1.35597;0.55373
93.21623;95.41985;0.01073;0.00974;0.00330;1.00000;1.00000;45.93129;51.25859;51.81802;51.78946;52.85678;59.63111;59.63111;8.47571;-1.56894;3.45142;-1.90243;-0.72289;-36.64999;-73.07260;951.70850;947.77026;0.00000;945.31555;-36.50000;-73.00000;1647.19348;179.67044;-19.45017;7.21035;-38.99855;44.32247;9.16786;0.91454;0.09975;49.68826;370.99536;362.30338;413.12445;414.48203;24.07525;29.44891;34.40054;32.91877;24.97263;25.09681;0.56826;0.76149;17.80973;2.01636;4.20682;1.42583;1.19776;0.45556
99.70362;105.67473;0.01003;0.01055;0.00352;1.00000;1.00000;44.84948;50.32698;50.87339;50.79063;51.61187;58.54405;58.54404;8.52699;-0.77739;2.97210;-3.26852;-0.60999;-36.64976;-73.07258;947.91693;943.96887;0.00000;942.38068;-36.50000;-73.00000;1581.85925;171.30238;-9.16671;5.61113;-20.30100;-4.12455;9.23431;0.91108;0.09866;14.92519;352.02341;347.28958;400.22351;401.25827;24.41969;26.79326;32.87212;32.07364;24.25036;24.41173;0.59674;0.68396;14.38168;3.13853;0.91347;1.24520;1.06995;0.36064
100.27259;105.14142;0.00997;0.00973;0.00338;1.00000;1.00000;43.82471;49.94117;50.47873;50.27501;50.43258;58.08988;58.08988;8.57751;-0.38858;2.67447;-5.14926;-0.46058;-36.64952;-73.07257;941.67126;937.71326;0.00000;938.24097;-36.50000;-73.00000;1558.14673;168.57104;-5.83177;4.43746;-16.66983;3.52492;9.24326;0.91134;0.09860;9.38722;344.13083;342.15292;396.10934;396.27606;24.64296;25.79843;32.29087;31.90284;24.13936;24.15111;0.61383;0.65522;11.36812;5.48685;1.04456;1.12704;1.06545;0.33565
104.67162;108.44811;0.00955;0.00955;0.00342;1.00000;1.00000;43.38962;50.20166;50.73516;50.34197;49.93188;58.38498;58.38497;8.44951;-0.28520;2.48669;-7.13771;-0.35253;-36.64929;-73.07256;932.51160;928.54327;0.00000;931.81653;-36.50000;-73.00000;1556.25842;167.01549;-5.37605;5.64617;1.45816;14.10029;9.31805;0.90082;0.09667;7.03851;343.04816;342.06201;396.85809;396.41263;24.58384;25.50259;31.93049;31.69316;23.96235;23.89364;0.61060;0.64211;9.36107;6.26424;1.60553;1.08330;1.08640;0.33587
102.41464;107.56158;0.00976;0.00956;0.00335;1.00000;1.00000;43.74766;51.07188;51.60537;50.98726;50.34391;59.38641;59.38641;8.22180;-0.23825;2.37887;-8.87683;-0.28510;-36.64906;-73.07254;920.38055;916.40155;0.00000;922.57629;-36.50000;-73.00000;1581.34912;167.57231;-5.21523;5.82792;14.13671;18.06770;9.43682;0.88441;0.09372;5.04362;348.53351;347.98730;403.88031;403.12128;24.75045;25.60619;31.93629;31.78311;23.94312;23.86562;0.60739;0.63583;8.31575;6.80091;1.90089;1.08679;1.12610;0.34779
103.35593;109.37330;0.00968;0.00932;0.00316;1.00000;1.00000;44.85704;52.38639;52.92221;52.10837;51.62057;60.90179;60.90179;7.93816;-0.16537;2.36139;-10.06111;-0.23821;-36.64882;-73.07253;905.78674;901.79645;0.00000;910.55524;-36.50000;-73.00000;1626.41028;169.72632;-4.59332;4.99605;21.79342;16.70259;9.58255;0.86454;0.09022;2.43928;358.60104;358.51736;415.63245;414.70532;25.19710;25.87920;32.19628;32.13834;24.06409;24.00550;0.60945;0.63103;7.73252;7.45250;1.89367;1.11632;1.18337;0.36536
102.42956;100.07005;0.00976;0.00938;0.00326;1.00000;1.00000;46.51718;53.92008;54.45853;53.53688;53.53102;62.66976;62.66976;7.65108;-0.08224;2.45447;-10.55608;-0.19860;-36.64857;-73.07252;889.54266;885.54065;0.00000;896.18866;-36.50000;-73.00000;1683.10425;172.96954;-3.79165;3.60127;24.01031;13.84024;9.73064;0.84450;0.08679;-1.95658;371.28180;371.72565;430.10168;429.06189;25.81999;26.25618;32.63391;32.67723;24.30038;24.26120;0.61556;0.62848;7.44134;8.29406;1.77983;1.15994;1.25220;0.38644
101.79593;105.90977;0.00982;0.00958;0.00333;1.00000;1.00000;48.46468;55.44962;55.98933;55.07693;55.77216;64.43137;64.43137;7.39316;-0.02414;2.67434;-10.35783;-0.16239;-36.64833;-73.07250;872.59467;868.58002;0.00000;880.17688;-36.50000;-73.00000;1746.25806;175.47598;-1.33071;1.84451;-46.01110;3.20980;9.95155;0.82852;0.08326;-11.87251;384.15475;385.66757;444.95734;443.85757;26.46336;26.82968;33.09443;33.30283;24.58177;24.55800;0.62273;0.63255;10.70273;10.60406;0.95428;1.34212;1.36727;0.40246
105.32832;107.21561;0.00949;0.00936;0.00325;1.00000;1.00000;50.44080;56.84425;57.38338;56.54753;58.04624;66.03561;66.03561;6.97142;-0.09896;3.03663;-9.79123;-0.11752;-36.64807;-73.07249;855.86560;851.59924;0.00000;863.44794;-36.50000;-73.00000;1762.66772;172.75818;-2.27722;0.12904;27.49460;10.50648;10.20309;0.79577;0.07799;-66.06351;390.18317;390.69403;450.25311;449.26028;26.06008;26.67181;32.59233;32.71321;23.95952;23.93367;0.59846;0.61731;8.25029;8.42762;1.44395;1.37910;1.37869;0.42383
102.02020;100.87764;0.00980;0.00930;0.00327;1.00000;1.00000;52.25837;57.98170;58.51785;57.82085;60.13786;67.34115;67.34115;6.83713;-0.19268;3.50226;-8.85204;-0.10910;-36.64780;-73.07247;839.90332;835.33728;0.00000;846.80145;-36.50000;-73.00000;1813.07666;176.49094;-3.63436;-0.06631;13.83751;16.35975;10.27292;0.78673;0.07658;88.50780;401.89185;401.86346;462.57956;461.56635;26.33992;27.42344;33.24103;33.29283;24.30778;24.30596;0.59932;0.63190;8.98766;9.16952;1.95772;1.42961;1.42935;0.45330
103.51501;107.42292;0.00966;0.00936;0.00329;1.00000;1.00000;53.69608;58.69751;59.22795;58.71601;61.79235;68.15831;68.15832;6.76193;-0.20008;4.08412;-7.53875;-0.11044;-36.64754;-73.07245;825.76831;820.88239;0.00000;831.17328;-36.50000;-73.00000;1846.04492;179.01387;-3.58571;-0.55135;7.35518;12.73600;10.31230;0.78162;0.07579;40.27072;409.44592;409.31122;470.66376;469.69543;26.65283;27.81669;33.66482;33.72133;24.54557;24.58485;0.60386;0.63883;9.36924;9.58671;1.84021;1.46231;1.46150;0.46424
97.48662;102.64832;0.01026;0.00946;0.00348;1.00000;1.00000;54.61225;58.93277;59.45497;59.12345;62.84666;68.41956;68.41956;6.74608;-0.19352;4.81250;-6.05343;-0.10748;-36.64727;-73.07242;813.93744;808.70563;0.00000;817.18146;-36.50000;-73.00000;1858.71252;180.08121;-3.36336;-1.16748;-0.01468;9.30798;10.32152;0.78071;0.07564;31.79619;412.20462;412.07523;473.69189;472.77908;26.80692;27.96038;33.84507;33.91493;24.65648;24.72325;0.60686;0.64161;9.67368;9.91543;1.68334;1.47494;1.47379;0.46707
101.07539;102.95480;0.00989;0.00968;0.00366;1.00000;1.00000;54.91816;58.68385;59.19
