  _Vind,_kias ;   _Vind,_keas ;   Vtrue,_ktas ;   Vtrue,_ktgs ;   _Vind,__mph ;   Vtrue,mphas ;   Vtrue,mphgs ;   __lat,__deg ;   __lon,__deg ;   __alt,ftmsl ;   __alt,ftagl ;   ___on,runwy ;   __alt,__ind ;   __lat,orign ;   __lon,orign ;   __L/D,ratio ;   ___cl,total ;   ___cd,total ;   __L/D,*etaP ;   wing1,_lift ;   wing1,_lift ;   wing2,_lift ;   wing2,_lift ;   wing3,_lift ;   wing3,_lift ;   wing1,_drag ;   wing1,_drag ;   wing2,_drag ;   wing2,_drag ;   wing3,_drag ;   wing3,_drag ; 
-21;64.0783;65.01082;65.00949;-24.16637;74.81312;74.8131;-36.82716;-73.09485;978.99524;952.02808;0;-9.12409;-36.5;-73;10.33556;0.27858;0.02695;91.98357;223.45204;223.31248;195.42697;190.85175;0.17138;0.14265;9.7046;9.69716;5.33601;5.1944;0.25525;0.25525; 
28.92816;66.07734;67.03299;66.81411;33.28993;77.14019;77.14018;-36.82688;-73.09468;972.94891;945.98132;0;577.89307;-36.5;-73;11.35552;0.56753;0.04998;9.84595;416.3439;394.80185;409.30368;411.3967;17.29684;20.9362;25.97545;23.78444;15.4619;15.36002;0.40578;0.4766; 
57.34147;68.0207;68.993;68.61972;65.98739;79.39574;79.39573;-36.8266;-73.09451;961.73096;934.76324;1;876.06702;-36.5;-73;11.00794;0.59426;0.05398;9.13236;467.27298;433.73758;459.41299;459.43457;15.17098;30.14957;30.52705;26.90638;18.16474;17.97224;0.39002;0.66187; 
65.78639;70.02794;71.01531;70.56477;75.70563;81.72297;81.72297;-36.8263;-73.09435;948.74451;921.78717;0;935.77087;-36.5;-73;11.19682;0.58652;0.05238;9.27288;485.77325;453.71191;477.1026;478.64789;16.9522;28.98515;31.18775;27.91347;18.45136;18.55664;0.42413;0.6369; 
69.49282;71.95988;72.95992;72.53944;79.97091;83.96078;83.96078;-36.826;-73.09418;935.21594;908.26959;0;936.49323;-36.5;-73;11.29598;0.58418;0.05172;9.3983;505.78705;479.79617;501.29486;503.64426;20.71661;27.07172;32.20795;29.59587;19.316;19.43133;0.484;0.60283; 
71.68185;73.64685;74.65643;74.31387;82.49;85.91309;85.91309;-36.82569;-73.09401;922.59015;895.65436;0;925.70502;-36.5;-73;11.34206;0.55743;0.04915;9.48906;510.03613;482.13095;500.12021;501.9491;18.48741;26.93037;31.54348;28.76425;18.59821;18.598;0.46462;0.60519; 
73.421;75.15236;76.16947;75.8799;84.49138;87.65427;87.65426;-36.82537;-73.09383;910.93463;884.00885;0;913.52777;-36.5;-73;11.39363;0.52905;0.04643;9.57585;510.08511;479.27005;492.75946;494.63635;15.76338;26.38032;30.525;27.58776;17.57926;17.6197;0.44557;0.60088; 
74.94578;76.52258;77.54581;77.28779;86.24606;89.23812;89.23811;-36.82504;-73.09367;900.06848;873.1521;0;901.9967;-36.5;-73;11.45996;0.50668;0.04421;9.66797;509.6857;480.10013;487.80865;490.15121;15.26202;24.14401;29.6025;26.91881;16.83014;16.92446;0.45203;0.57223; 
76.36266;77.80725;78.83549;78.599;87.87658;90.72227;90.72227;-36.82471;-73.09349;889.60699;862.70258;0;891.0437;-36.5;-73;11.47469;0.4885;0.04257;9.71083;510.89343;482.07294;485.0163;487.55939;14.57649;22.58536;28.97758;26.43653;16.31263;16.39805;0.45655;0.55758; 
77.66304;78.98817;80.0201;79.80006;89.37303;92.08548;92.08548;-36.82438;-73.09332;879.49457;852.60168;0;880.57007;-36.5;-73;11.45679;0.4729;0.04128;10.54871;512.82953;483.48828;482.69467;485.9834;13.08159;22.10738;28.53035;25.99516;15.88078;16.00259;0.45425;0.55804; 
78.82306;79.85249;80.88387;80.67356;90.70796;93.07951;93.07951;-36.82403;-73.09314;869.56696;842.68475;0;870.38025;-36.5;-73;11.48171;0.46014;0.04008;11.61455;509.53503;483.57846;480.24316;484.58844;12.64942;20.82336;27.8977;25.70299;15.53055;15.72822;0.45622;0.54414; 
79.66757;80.30785;81.3334;81.12444;91.67981;93.5968;93.59681;-36.82368;-73.09296;859.78888;832.91663;0;860.48138;-36.5;-73;11.54007;0.45254;0.03921;13.46141;503.35883;482.94144;479.27676;484.56873;13.46044;19.0092;27.32377;25.62238;15.36954;15.62198;0.46243;0.52175; 
80.14978;80.42128;81.43636;81.22396;92.23473;93.71529;93.71529;-36.82334;-73.09279;849.85663;822.99353;0;850.56134;-36.5;-73;11.73469;0.4501;0.03836;31.91522;496.49695;483.03738;480.87369;485.47989;14.27606;18.03856;26.90212;25.77442;15.41649;15.64748;0.46568;0.50555; 
80.28304;80.24037;81.24117;81.02175;92.38807;93.49068;93.49068;-36.82299;-73.09261;839.83051;812.97571;0;840.63574;-36.5;-73;11.80999;0.45114;0.0382;6.60577;488.65054;483.35364;482.61969;486.5661;16.07522;16.54737;26.52019;26.093;15.53425;15.75488;0.4764;0.48334; 
80.12803;79.8775;80.86173;80.63202;92.20969;93.05402;93.05402;-36.82264;-73.09244;829.7088;802.86127;0;830.67072;-36.5;-73;11.94318;0.45262;0.0379;11.71117;479.48938;481.3407;483.0914;486.02899;17.56893;15.44293;26.11788;26.30396;15.64447;15.81019;0.48563;0.46432; 
79.80452;79.49871;80.46596;80.2272;91.8374;92.59858;92.59858;-36.8223;-73.09226;819.31427;792.47314;0;820.48926;-36.5;-73;11.9615;0.46108;0.03855;13.16452;481.97845;483.02377;488.15988;490.67764;17.76409;16.56637;26.5827;26.67002;16.01331;16.13521;0.48437;0.47232; 
79.43599;79.13199;80.08246;79.84064;91.41331;92.15725;92.15725;-36.82195;-73.09209;808.84283;782.00714;0;810.12799;-36.5;-73;11.96658;0.46569;0.03892;13.58525;481.80142;481.79318;489.07419;491.36902;17.61855;17.32549;26.7598;26.75652;16.14822;16.27187;0.47994;0.47676; 
79.06684;78.77068;79.70444;79.46014;90.9885;91.72223;91.72223;-36.82161;-73.09192;798.30365;771.47253;0;799.64001;-36.5;-73;11.84641;0.47087;0.03975;13.60374;481.06357;481.9801;490.31448;492.65765;18.36811;17.26758;26.88591;26.97673;16.30749;16.43868;0.48567;0.47329; 
78.6958;78.38068;79.29763;79.07015;90.56152;91.25409;91.25409;-36.82127;-73.09175;787.84436;761.01691;0;789.11487;-36.5;-73;11.83449;0.49292;0.04165;13.6277;494.36374;495.36417;510.67438;512.86121;20.33913;19.28543;28.49954;28.59592;17.56541;17.68651;0.506;0.49315; 
78.24525;77.7521;78.65099;78.5053;90.04304;90.50994;90.50995;-36.82093;-73.09158;778.58575;751.76117;0;778.86365;-36.5;-73;11.78494;0.52509;0.04456;13.46875;511.931;512.68323;537.80548;539.84534;22.96051;22.17796;30.81783;30.89444;19.40654;19.52972;0.53705;0.52608; 
77.5402;76.6787;77.55774;77.50681;89.23167;89.25186;89.25186;-36.82059;-73.09141;772.07056;745.24799;0;769.96045;-36.5;-73;11.69596;0.55504;0.04746;13.14005;520.80145;521.72699;555.04907;556.97931;25.20774;24.28763;32.59948;32.70105;20.94361;21.07056;0.56631;0.55163; 
76.41455;75.07494;75.93245;75.93031;87.93629;87.3815;87.3815;-36.82027;-73.09125;769.25378;742.43243;0;763.76483;-36.5;-73;11.64203;0.57293;0.04921;12.78155;511.78036;512.76453;549.66016;551.39655;25.76371;24.83447;32.73494;32.84291;21.27122;21.38547;0.56971;0.5536; 
74.82494;73.08186;73.91703;73.91111;86.10701;85.0622;85.0622;-36.81995;-73.09109;769.63684;742.81598;0;760.94653;-36.5;-73;11.55621;0.58923;0.05099;12.40264;497.02759;497.82416;537.57922;539.04901;25.79419;25.07092;32.49583;32.58303;21.34214;21.43999;0.56423;0.55115; 
72.82072;70.76448;71.57596;71.5458;83.8006;82.36814;82.36814;-36.81963;-73.09093;772.29431;745.47327;0;761.12445;-36.5;-73;11.46327;0.60945;0.05317;12.01176;479.10263;479.84119;522.32068;523.53723;25.81043;25.15589;32.10438;32.18769;21.34923;21.43386;0.55993;0.54726; 
70.53313;68.33331;69.12087;69.0782;81.16808;79.54288;79.54288;-36.81933;-73.09078;776.20251;749.38055;0;763.55414;-36.5;-73;11.34024;0.63146;0.05568;-22.26301;460.42163;461.05304;506.6915;506.4967;25.76752;25.12405;31.7059;31.77637;21.41267;21.39371;0.55622;0.54306; 
67.57203;66.02815;66.79313;66.75301;77.76051;76.86417;76.86417;-36.81903;-73.09064;780.25684;753.43341;0;767.18744;-36.5;-73;11.12895;0.66636;0.05988;5.5754;450.06213;450.63379;501.88138;499.65158;26.52825;25.91324;32.32536;32.38845;22.33565;22.15017;0.57361;0.55972; 
64.55922;63.93339;64.67771;64.6404;74.29343;74.42979;74.42979;-36.81875;-73.0905;784.0672;757.24176;0;771.09637;-36.5;-73;10.72843;0.71196;0.06636;7.36083;450.52786;448.73343;502.54764;500.11328;28.04541;26.99372;33.94978;33.6794;23.76228;23.51446;0.61346;0.58894; 
61.7973;62.10396;62.83032;62.79491;71.11507;72.30385;72.30385;-36.81848;-73.09036;787.68671;760.85876;0;774.88135;-36.5;-73;10.395;0.75672;0.0728;7.53804;452.90268;446.37537;502.98468;500.43118;28.36215;29.10992;35.75155;34.7854;25.20946;24.80645;0.62591;0.6509; 
59.35537;60.57921;61.29098;61.25288;68.30495;70.5324;70.5324;-36.81821;-73.09023;791.27655;764.44556;0;778.53174;-36.5;-73;10.05939;0.79968;0.0795;7.27566;459.69916;445.25546;503.48285;500.77567;27.79913;32.06294;37.8524;35.72036;26.59052;26.01946;0.6133;0.74655; 
57.31106;59.45033;60.15223;60.10419;65.95239;69.22195;69.22196;-36.81795;-73.09011;795.11407;768.27966;0;782.17749;-36.5;-73;9.76988;0.83343;0.08531;7.04898;468.52972;444.99231;500.94321;498.24368;26.58566;35.1687;39.65575;36.19628;27.43201;26.72494;0.58017;0.8552; 
55.77059;58.75094;59.44838;59.38217;64.17965;68.41198;68.41199;-36.81769;-73.08999;799.46423;772.62604;0;786.06;-36.5;-73;9.47179;0.85676;0.09045;6.73635;478.5849;446.25641;496.88867;493.95761;25.28647;37.81953;40.94289;36.28365;27.72705;26.94384;0.544;0.9501; 
54.78059;58.49953;59.19849;59.10414;63.04037;68.12441;68.12441;-36.81743;-73.08987;804.64557;777.80316;0;790.50549;-36.5;-73;9.37367;0.86184;0.09194;6.52833;487.56839;446.63757;489.28659;486.49454;23.9352;39.37244;41.30277;35.62504;27.1847;26.40883;0.50854;1.00198; 
54.41113;58.72902;59.43607;59.30579;62.61521;68.39781;68.39782;-36.81717;-73.08977;810.76495;783.91797;0;795.71558;-36.5;-73;9.37824;0.85212;0.09086;6.3896;496.77151;447.14023;480.45877;478.31369;22.39067;40.25416;41.03573;34.47744;26.06976;25.3687;0.4744;1.02381; 
54.69537;59.45928;60.18151;60.00785;62.94231;69.25565;69.25564;-36.81691;-73.08965;817.97205;791.11993;0;801.90961;-36.5;-73;9.47253;0.82866;0.08748;6.29145;507.55838;447.71207;471.36743;470.73074;20.60571;40.66957;40.45181;33.00778;24.56156;24.01557;0.44399;1.02649; 
55.61058;60.56529;61.30836;61.08726;63.99551;70.5524;70.5524;-36.81665;-73.08955;826.18774;799.32996;0;809.06012;-36.5;-73;9.60882;0.79263;0.08249;6.4176;515.64343;445.44733;460.39185;462.29962;17.78604;41.21215;39.4341;31.19913;22.7192;22.40526;0.40821;1.03192; 
56.99157;61.62432;62.38903;62.15001;65.58473;71.79602;71.79602;-36.81636;-73.08945;835.60187;808.73755;0;817.6051;-36.5;-73;9.88963;0.74613;0.07545;7.04136;507.99496;438.55228;446.79285;449.83844;14.98961;40.2223;37.01966;29.27166;20.67163;20.66548;0.37922;0.97966; 
58.27164;62.24072;63.02145;62.8047;67.05781;72.5238;72.5238;-36.81609;-73.08936;844.62708;817.75598;0;826.48077;-36.5;-73;10.17092;0.72235;0.07102;7.63094;496.3403;436.97809;443.66306;447.37393;16.32011;36.72236;35.23959;28.77326;19.8588;20.07969;0.39513;0.86293; 
59.18219;62.44051;63.23157;63.05301;68.10565;72.76559;72.76558;-36.8158;-73.08926;853.03711;826.15875;0;835.34943;-36.5;-73;10.32809;0.71638;0.06936;8.10052;485.88174;437.14993;446.97275;451.4509;18.71888;33.83837;34.44646;29.07702;19.97362;20.23045;0.42391;0.77799; 
59.52788;62.22085;63.01617;62.87684;68.50346;72.51772;72.51772;-36.81552;-73.08916;860.61749;833.7312;0;843.73083;-36.5;-73;10.31191;0.72321;0.07013;8.48958;477.92114;436.40073;453.94641;457.63174;19.83822;33.45145;34.51278;29.75023;20.70183;20.8545;0.43651;0.7652; 
59.26803;61.61491;62.40857;62.30325;68.20443;71.8185;71.8185;-36.81524;-73.08907;867.22986;840.33508;0;851.2724;-36.5;-73;10.245;0.74172;0.0724;7.97927;471.95483;435.57483;462.89502;464.96097;21.13773;33.62156;35.1651;30.79294;21.85477;21.89474;0.45468;0.77334; 
58.57857;61.11091;61.90337;61.81551;67.41102;71.23714;71.23714;-36.81496;-73.08899;873.04535;846.1416;0;857.90735;-36.5;-73;10.14037;0.76793;0.07573;7.35087;477.20209;440.40396;473.79092;474.57925;23.01245;34.02974;36.6819;32.11829;23.24149;23.09823;0.48933;0.79344; 
58.02037;61.08478;61.88203;61.78785;66.76865;71.21258;71.21258;-36.81468;-73.08891;878.66998;851.7569;0;863.83069;-36.5;-73;10.01183;0.78153;0.07806;7.07864;489.42361;446.80444;479.27676;479.24182;22.70244;35.96729;38.01677;32.67082;23.90751;23.51621;0.48325;0.85431; 
57.9567;61.54668;62.35557;62.23541;66.69538;71.75751;71.75751;-36.8144;-73.08882;884.76862;857.84583;0;869.59015;-36.5;-73;9.94589;0.77595;0.07802;6.89903;502.91541;450.87555;478.26535;477.18765;20.64247;38.25933;38.58866;32.22132;23.55927;23.02981;0.44816;0.92205; 
58.49162;62.33492;63.16069;63.0056;67.31095;72.68403;72.68404;-36.81412;-73.08875;891.77087;864.83765;0;875.81287;-36.5;-73;10.00637;0.75163;0.07512;7.43656;508.37393;451.20544;469.3252;470.24731;18.26778;38.94505;37.70309;31.03792;22.17502;21.93035;0.41716;0.93232; 
59.32145;62.72882;63.56704;63.39957;68.26591;73.15165;73.15164;-36.81384;-73.08867;899.4939;871.87659;0;882.84991;-36.5;-73;10.18026;0.7275;0.07146;7.91352;497.65948;445.26431;459.99457;462.23734;17.72071;37.00191;35.93996;30.00972;20.98225;21.0188;0.41043;0.8663; 
59.82638;62.62159;63.46552;63.31496;68.84697;73.03481;73.03481;-36.81355;-73.0886;907.11603;878.04401;0;890.383;-36.5;-73;10.32497;0.72056;0.06979;8.39699;484.16888;440.41702;457.2717;460.70746;19.32353;34.28566;34.8346;29.88335;20.73005;20.92326;0.43049;0.7873; 
59.76525;62.12327;62.96697;62.84505;68.77662;72.4611;72.46111;-36.81326;-73.08853;914.10785;883.59241;0;897.84589;-36.5;-73;10.32919;0.73087;0.07076;7.89571;475.33051;437.79678;461.87341;464.02475;21.1057;33.07214;34.87699;30.48602;21.42634;21.4823;0.45591;0.75602; 
59.27623;61.78526;62.63016;62.5256;68.21387;72.0735;72.0735;-36.81298;-73.08846;920.37665;888.43646;0;904.75183;-36.5;-73;10.23303;0.7501;0.0733;7.37796;480.81253;441.3942;470.5549;471.30054;22.15938;33.8409;36.15625;31.39818;22.49957;22.30759;0.47396;0.78363; 
58.92842;61.94699;62.79978;62.68971;67.81361;72.2687;72.2687;-36.81269;-73.0884;926.5036;893.34833;0;911.14307;-36.5;-73;10.12216;0.758;0.07488;7.13497;493.92252;447.26688;475.19873;475.12735;21.25595;36.04238;37.34322;31.69905;22.91539;22.53987;0.45886;0.84982; 
59.09956;62.51242;63.37918;63.24557;68.01057;72.93546;72.93546;-36.81241;-73.08834;933.112;899.45789;0;917.44214;-36.5;-73;10.08556;0.74697;0.07406;7.54143;503.40503;450.54056;472.1601;472.77814;19.13637;37.80292;37.3772;31.1495;22.29404;22.00154;0.42839;0.89632; 
59.63175;62.80527;63.68286;63.53629;68.62299;73.28493;73.28494;-36.81212;-73.08829;940.31158;906.16089;0;924.13788;-36.5;-73;10.1817;0.72902;0.0716;8.01942;496.37479;446.17099;464.57236;466.40359;18.08993;37.05039;36.1072;30.33458;21.34225;21.31678;0.41404;0.86703; 
59.94385;62.60638;63.48797;63.35267;68.98215;73.06065;73.06066;-36.81182;-73.08823;947.53796;912.85956;1;931.25134;-36.5;-73;10.3151;0.72444;0.07023;8.17916;483.9014;441.34222;461.74893;464.47092;19.64625;34.51534;35.1212;30.24258;21.1208;21.2652;0.43437;0.7938; 
59.80041;62.25573;63.13861;63.02111;68.81709;72.65862;72.65862;-36.81154;-73.08818;954.22888;917.15417;1;938.26819;-36.5;-73;10.31995;0.73511;0.07123;7.64394;480.84836;441.51703;466.71536;468.4288;21.60793;33.33422;35.47158;30.85976;21.79429;21.77537;0.46519;0.7652; 
59.49233;62.21934;63.1077;62.99516;68.46255;72.62305;72.62305;-36.81125;-73.08813;960.6532;921.1759;1;945.01337;-36.5;-73;10.25255;0.74125;0.0723;7.39987;486.43497;442.91736;468.83798;469.46609;21.17042;34.43382;36.1263;30.95874;22.10003;21.84135;0.45785;0.79909; 
59.47952;62.57412;63.47352;63.36218;68.44781;73.04403;73.04403;-36.81096;-73.08809;967.03162;924.2655;1;951.51019;-36.5;-73;10.2117;0.73143;0.07163;7.60445;491.76968;442.51569;464.75644;465.1814;18.95348;36.06059;36.05343;30.30326;21.55485;21.27079;0.4245;0.84354; 
59.82925;62.93421;63.84468;63.74398;68.85027;73.47115;73.47114;-36.81067;-73.08804;973.27069;927.15509;1;957.87207;-36.5;-73;10.28597;0.71399;0.06941;8.07348;487.78806;439.04736;457.70203;459.28519;17.64355;35.76279;35.04854;29.50261;20.66465;20.60059;0.40742;0.82933; 
60.22131;63.02213;63.93927;63.86375;69.30145;73.58;73.58001;-36.81037;-73.08801;978.98621;929.50836;1;964.05225;-36.5;-73;10.42105;0.7044;0.06759;8.4037;478.37177;435.6991;454.65356;457.33676;18.53866;33.732;34.06674;29.2619;20.27207;20.39082;0.4188;0.76988; 
60.38717;62.9419;63.86235;63.81389;69.49232;73.49149;73.49149;-36.81007;-73.08797;983.73828;932.91003;1;969.6615;-36.5;-73;10.48262;0.70657;0.0674;8.26786;473.01376;435.50571;458.16095;460.48779;20.20572;32.22578;33.91292;29.63579;20.59463;20.66959;0.44288;0.72985; 
60.37988;62.94866;63.87271;63.84259;69.48393;73.50341;73.50341;-36.80978;-73.08794;987.45703;936.49469;1;974.33685;-36.5;-73;10.45297;0.71284;0.06819;8.04359;474.90039;437.9866;464.25806;465.71732;20.79062;32.50643;34.43631;30.13214;21.15187;21.07697;0.45193;0.73801; 
60.42611;63.14093;64.07063;64.04975;69.53712;73.73116;73.73117;-36.80949;-73.08791;990.46088;939.36493;1;978.10858;-36.5;-73;10.40655;0.7157;0.06877;8.0939;480.16919;441.39481;469.16406;470.28851;20.3641;33.68075;35.00376;30.43817;21.48965;21.35705;0.44529;0.76932; 
60.63372;63.38384;64.31954;64.30328;69.77604;74.01761;74.0176;-36.80919;-73.08788;993.04852;941.8194;1;981.185;-36.5;-73;10.41324;0.71331;0.0685;8.36188;482.23517;443.41934;471.17715;472.66153;20.06276;34.10509;35.07812;30.5239;21.49695;21.43933;0.44112;0.779; 
60.89323;63.50303;64.44266;64.43031;70.07468;74.15929;74.1593;-36.8089;-73.08785;995.32666;943.96576;1;983.80341;-36.5;-73;10.46269;0.71018;0.06788;8.58647;479.69797;443.62708;471.92581;473.78995;20.52088;33.43456;34.80846;30.58882;21.45071;21.47499;0.44848;0.75889; 
61.04815;63.48328;64.42447;64.41615;70.25296;74.13836;74.13836;-36.8086;-73.08783;997.27576;945.78271;1;986.10156;-36.5;-73;10.49744;0.71039;0.06767;8.53924;476.41299;443.38553;473.57214;475.30606;21.32875;32.6229;34.66386;30.77416;21.589;21.60617;0.46182;0.73707; 
61.06178;63.4421;64.38414;64.37883;70.26865;74.09194;74.09194;-36.8083;-73.08781;998.83423;947.53827;1;988.03003;-36.5;-73;10.49336;0.71346;0.06799;8.35401;476.02963;443.98557;476.33899;477.59216;21.79622;32.499;34.84452;31.02547;21.86756;21.81318;0.46968;0.73449; 
61.04163;63.48109;64.42491;64.42112;70.24546;74.13887;74.13887;-36.80801;-73.08778;1000.10669;949.53674;1;989.60529;-36.5;-73;10.47116;0.71585;0.06836;8.29039;478.22113;445.37662;478.78012;479.71204;21.73606;32.953;35.14059;31.19871;22.07592;21.96677;0.4686;0.74702; 
61.08956;63.58712;64.53359;64.53032;70.30061;74.26393;74.26392;-36.80771;-73.08777;1001.2428;951.39545;1;990.91718;-36.5;-73;10.46222;0.71528;0.06837;8.41134;480.07666;446.4256;479.68423;480.68597;21.43281;33.37676;35.2562;31.22092;22.09222;21.99232;0.46357;0.75784; 
61.19823;63.66552;64.61417;64.61128;70.42567;74.35665;74.35665;-36.80741;-73.08775;1002.3056;953.16711;1;992.06891;-36.5;-73;10.47807;0.71302;0.06805;8.57179;479.51218;446.38983;479.38882;480.63165;21.34378;33.30709;35.12868;31.17102;22.00237;21.94934;0.46217;0.7551; 
61.28505;63.66578;64.61536;64.61314;70.52558;74.35803;74.35802;-36.80711;-73.08775;1003.27448;954.83704;1;993.13416;-36.5;-73;10.50202;0.71184;0.06778;8.61185;477.4689;445.82913;479.255;480.60062;21.62714;32.86668;34.95877;31.17999;21.97397;21.94887;0.46695;0.74302; 
61.29692;63.62071;64.57038;64.56895;70.53924;74.30627;74.30627;-36.80682;-73.08773;1004.08612;956.34082;1;994.08905;-36.5;-73;10.51083;0.7128;0.06782;8.52345;476.15482;445.62543;480.01624;481.22116;21.99894;32.54305;34.93994;31.27767;22.06657;22.02383;0.47353;0.73461; 
61.25971;63.59533;64.54524;64.54431;70.49642;74.27734;74.27734;-36.80652;-73.08772;1004.73389;956.7287;1;994.89349;-36.5;-73;10.50123;0.71462;0.06805;8.44055;476.53455;446.04373;481.24615;482.23056;22.12842;32.61303;35.069;31.3908;22.20046;22.12006;0.47582;0.73698; 
61.2352;63.61292;64.56359;64.56289;70.46821;74.29846;74.29845;-36.80622;-73.08772;1005.27087;956.89148;1;995.54962;-36.5;-73;10.4887;0.71553;0.06822;8.46544;477.64105;446.63309;482.07834;482.9931;22.01016;32.89087;35.19583;31.44638;22.27034;22.17527;0.47365;0.74451; 
61.24732;63.64096;64.59253;64.59191;70.48216;74.33176;74.33175;-36.80592;-73.08772;1005.7583;956.99603;1;996.10071;-36.5;-73;10.48704;0.71522;0.0682;8.54372;477.97839;446.8497;482.21274;483.22043;21.89256;33.02365;35.20805;31.44706;22.26133;22.18323;0.47154;0.74777; 
61.27078;63.63858;64.59054;64.59005;70.50916;74.32947;74.32946;-36.80563;-73.08772;1006.20923;957.05371;1;996.59875;-36.5;-73;10.49518;0.71482;0.06811;8.59984;477.22208;446.65628;482.10376;483.21558;21.97126;32.88855;35.14187;31.45177;22.24405;22.1887;0.47297;0.74396; 
61.26645;63.60223;64.554;64.55368;70.50417;74.28742;74.28742;-36.80533;-73.08772;1006.59052;957.04047;1;997.04236;-36.5;-73;10.50074;0.71532;0.06812;8.57547;476.27109;446.43387;482.2952;483.39786;22.1783;32.68383;35.10704;31.4986;22.27922;22.22638;0.47671;0.73859; 
61.22655;63.55814;64.50954;64.50935;70.45826;74.23625;74.23625;-36.80503;-73.08772;1006.89502;956.93927;1;997.42114;-36.5;-73;10.49662;0.71667;0.06828;8.52648;475.99539;446.46899;482.86627;483.86514;22.33286;32.6311;35.15729;31.57354;22.36054;22.29108;0.47949;0.73753; 
61.17646;63.53075;64.48196;64.48183;70.40062;74.20451;74.20451;-36.80473;-73.08772;1007.13232;956.76514;1;997.72766;-36.5;-73;10.48667;0.71799;0.06847;8.49686;476.38278;446.70184;483.44077;484.34558;22.34419;32.75035;35.24719;31.63416;22.43422;22.34859;0.47963;0.74101; 
61.13926;63.51924;64.47047;64.47036;70.3578;74.1913;74.19129;-36.80444;-73.08773;1007.33521;956.54974;1;997.9704;-36.5;-73;10.47908;0.71871;0.06859;8.51405;476.79614;446.89197;483.70636;484.60376;22.28893;32.88567;35.30596;31.66241;22.46701;22.38026;0.47857;0.74471; 
61.11698;63.5052;64.45641;64.45632;70.33217;74.17511;74.17512;-36.80414;-73.08775;1007.52612;955.95074;1;998.17993;-36.5;-73;10.47842;0.71899;0.06862;8.55312;476.71109;446.88177;483.6868;484.63123;22.29206;32.89715;35.30659;31.67417;22.46999;22.39578;0.47861;0.74499; 
61.09376;63.4748;64.42571;64.42564;70.30544;74.13979;74.1398;-36.80384;-73.08775;1007.70044;955.48102;1;998.37323;-36.5;-73;10.48022;0.71941;0.06864;8.56231;476.1893;446.75021;483.6362;484.6293;22.40566;32.78356;35.28346;31.69766;22.48074;22.41588;0.48069;0.74201; 
61.05492;63.43081;64.38121;64.38116;70.26076;74.08858;74.08857;-36.80354;-73.08777;1007.84613;955.97266;1;998.54529;-36.5;-73;10.47853;0.7203;0.06874;8.5313;475.72507;446.63287;483.76654;484.73456;22.53654;32.69191;35.28933;31.73946;22.51998;22.4515;0.4831;0.73978; 
61.00225;63.38933;64.33921;64.33919;70.20013;74.04025;74.04025;-36.80325;-73.08778;1007.9585;955.80444;1;998.68988;-36.5;-73;10.47146;0.72148;0.0689;8.50809;475.70447;446.65137;484.04721;484.9595;22.59488;32.71843;35.34031;31.7865;22.57505;22.49562;0.48413;0.74077; 
60.94953;63.35892;64.30843;64.3084;70.13947;74.00482;74.00481;-36.80295;-73.08781;1008.04816;955.15167;1;998.80182;-36.5;-73;10.46304;0.72249;0.06905;8.49749;475.93936;446.72595;484.26605;485.13629;22.57773;32.81839;35.39867;31.81948;22.6173;22.53077;0.48374;0.74366; 
60.90742;63.33412;64.28333;64.28331;70.091;73.97594;73.97594;-36.80265;-73.08782;1008.12976;955.97308;1;998.89246;-36.5;-73;10.45735;0.72316;0.06915;8.51428;476.05093;446.74231;484.3046;485.19095;22.55532;32.88907;35.43033;31.83751;22.63714;22.55332;0.48327;0.74567; 
60.87005;63.3052;64.25405;64.25404;70.048;73.94225;73.94225;-36.80235;-73.08784;1008.21082;957.30109;1;998.97992;-36.5;-73;10.45447;0.72371;0.06922;8.52107;475.89417;446.65817;484.24115;485.15671;22.57495;32.89137;35.43693;31.85186;22.64878;22.57051;0.48361;0.74582; 
60.83057;63.27006;64.21846;64.21844;70.00257;73.90129;73.90128;-36.80206;-73.08788;1008.28516;958.83557;1;999.06219;-36.5;-73;10.45175;0.72439;0.06931;8.52122;475.64938;446.55051;484.22403;485.14792;22.62873;32.86487;35.44482;31.8736;22.66937;22.59265;0.48459;0.74527; 
60.78525;63.23309;64.181;64.18099;69.95042;73.85818;73.85818;-36.80176;-73.0879;1008.34692;958.98328;1;999.13293;-36.5;-73;10.44725;0.72523;0.06942;8.49819;475.5098;446.48035;484.29434;485.19363;22.67453;32.8649;35.46869;31.90128;22.70066;22.6201;0.48542;0.74548; 
60.7375;63.19886;64.14629;64.14629;69.89546;73.81824;73.81824;-36.80146;-73.08793;1008.39728;958.29114;1;999.19769;-36.5;-73;10.4414;0.7261;0.06954;8.48254;475.51309;446.45404;484.38504;485.25778;22.6932;32.90154;35.50334;31.92774;22.73282;22.6478;0.48572;0.74667; 
60.69285;63.17019;64.11723;64.11723;69.84409;73.7848;73.7848;-36.80117;-73.08796;1008.44122;957.60376;1;999.24768;-36.5;-73;10.43569;0.72686;0.06965;8.47801;475.58807;446.45822;484.4364;485.3085;22.69414;32.95107;35.53627;31.9488;22.75749;22.67131;0.48569;0.74821; 
60.65239;63.1437;64.09039;64.09039;69.79752;73.75391;73.75392;-36.80087;-73.08799;1008.48419;956.9256;1;999.28882;-36.5;-73;10.43128;0.72748;0.06974;8.48373;475.5965;446.42792;484.4321;485.30844;22.69746;32.98357;35.55828;31.96412;22.77476;22.6894;0.48572;0.74925; 
60.61644;63.11659;64.06291;64.0629;69.75616;73.72228;73.72228;-36.80058;-73.08803;1008.52722;956.263;1;999.33435;-36.5;-73;10.42784;0.72803;0.06982;8.48898;475.5014;446.35843;484.38098;485.27362;22.71157;32.99385;35.56982;31.97691;22.78784;22.70459;0.48596;0.74967; 
60.57941;63.08664;64.03255;64.03255;69.71354;73.68735;73.68735;-36.80029;-73.08807;1008.56769;955.61212;1;999.37561;-36.5;-73;10.42452;0.72862;0.0699;8.47371;475.35727;446.2659;484.36185;485.24426;22.73712;32.99452;35.58199;31.99273;22.80574;22.72191;0.48642;0.74985; 
60.54099;63.05946;64.00499;64.00499;69.66933;73.65563;73.65563;-36.79999;-73.0881;1008.59796;954.95953;1;999.41785;-36.5;-73;10.42482;0.72856;0.06989;8.46944;474.94113;445.85461;483.89453;484.77292;22.71875;32.95822;35.5479;31.95957;22.78187;22.69689;0.48602;0.74901; 
60.50735;63.04012;63.98536;63.98537;69.63062;73.63304;73.63306;-36.7997;-73.08815;1008.59705;954.28827;1;999.44312;-36.5;-73;10.41952;0.72934;0.07;8.46691;475.11029;446.0007;484.12833;485.00455;22.74172;33.00341;35.58981;31.99493;22.8168;22.73046;0.48644;0.75038; 
60.4789;63.02239;63.96735;63.96734;69.59788;73.61232;73.61231;-36.7994;-73.08819;1008.57562;953.47919;1;999.44165;-36.5;-73;10.41491;0.73003;0.0701;8.47309;475.22745;446.1246;484.33713;485.22089;22.76117;33.04401;35.62496;32.02764;22.84767;22.76226;0.4868;0.75159; 
60.4501;62.98774;63.93217;63.93214;69.56473;73.57183;73.57183;-36.79911;-73.08824;1008.56042;952.65057;1;999.42126;-36.5;-73;10.31903;0.74455;0.07215;8.38981;482.86481;453.8602;494.74518;495.61383;23.71172;33.97928;36.82154;33.16453;23.83955;23.74975;0.50561;0.77882; 
60.32361;62.75345;63.69496;63.68951;69.41917;73.29885;73.29885;-36.79882;-73.08829;1009.19019;952.46814;1;999.51056;-36.5;-73;10.09678;0.78112;0.07736;8.01764;498.79871;469.7753;516.68158;517.29346;25.84012;36.08582;39.54059;35.71158;26.14397;26.00218;0.55108;0.84416; 
59.90942;62.20583;63.14151;63.09925;68.94254;72.66196;72.66196;-36.79853;-73.08833;1011.77344;954.2312;1;1000.43805;-36.5;-73;9.86776;0.81614;0.08271;7.37374;510.79852;479.92505;530.81329;530.57391;27.38863;37.89173;41.92234;37.69721;28.08819;27.79867;0.58729;0.90781; 
59.1478;61.47182;62.40152;62.25824;68.06608;71.81039;71.81039;-36.79824;-73.08839;1017.28815;958.92719;1;1003.30164;-36.5;-73;9.65843;0.84343;0.08733;6.97282;519.20996;483.35535;532.9444;531.83704;27.67717;39.53339;43.52688;38.54679;29.07789;28.57562;0.59349;0.97027; 
58.17509;60.68134;61.60703;61.2899;66.94671;70.8961;70.8961;-36.79796;-73.08844;1026.07483;966.90912;1;1008.90228;-36.5;-73;9.41339;0.86014;0.09137;6.62599;524.09735;480.82605;524.57977;522.8623;26.49407;41.20737;44.2034;38.23787;29.03596;28.34571;0.56372;1.03483; 
57.09644;59.90509;60.82988;60.28062;65.70541;70.00178;70.00178;-36.79768;-73.0885;1038.33081;978.3559;1;1017.80707;-36.5;-73;9.37769;0.85474;0.09115;6.41209;518.51965;466.4017;499.85062;497.74725;23.59969;41.63454;42.79;35.90958;27.14145;26.38321;0.49967;1.05583; 
56.1542;59.46642;60.39749;59.71223;64.6211;69.5042;69.5042;-36.79741;-73.08855;1053.02905;992.37115;1;1029.90454;-36.5;-73;9.51377;0.81785;0.08597;6.29864;505.93805;442.06854;462.61179;462.63663;19.53705;40.42385;39.83155;32.06343;23.72685;23.19825;0.42761;1.02084; 
55.5976;59.33935;60.28219;59.56129;63.98058;69.37151;69.3715;-36.79714;-73.08862;1068.56653;1006.5954;1;1044.18848;-36.5;-73;9.52847;0.79518;0.08345;6.32196;500.43408;429.36636;441.7702;443.60193;16.35834;40.73017;38.27496;29.99211;21.82852;21.53244;0.38427;1.03035; 
55.35414;59.32669;60.28308;59.61012;63.70041;69.37254;69.37254;-36.79687;-73.08869;1084.0708;1021.04108;1;1059.51794;-36.5;-73;9.63304;0.77797;0.08076;6.37284;494.05591;421.08682;429.13812;432.43204;15.24136;39.65064;36.98324;28.73603;20.58719;20.54992;0.37215;0.9932; 
55.3773;59.51114;60.48355;59.90165;63.72706;69.60323;69.60323;-36.7966;-73.08877;1098.72095;1034.64966;1;1074.77063;-36.5;-73;9.75552;0.76453;0.07837;6.45865;490.32065;417.74393;423.28104;427.51141;15.26315;38.24969;36.13398;28.07733;19.90184;19.95875;0.37416;0.94548; 
55.66694;59.9144;60.90553;60.41464;64.06037;70.08884;70.08884;-36.79633;-73.08884;1112.23584;1047.10547;1;1089.29749;-36.5;-73;9.76019;0.7631;0.07818;6.48059;495.52954;422.69604;428.76425;433.07156;15.55333;38.51178;36.51456;28.40547;20.15781;20.19336;0.37967;0.94937; 
56.17671;60.44172;61.45306;61.01024;64.647;70.71893;70.71893;-36.79606;-73.08894;1124.93188;1058.71802;1;1102.87915;-36.5;-73;9.76519;0.76371;0.07821;6.52452;503.28473;430.13562;437.4213;441.81107;15.973;39.10472;37.16416;28.98607;20.60376;20.64888;0.38721;0.9627; 
56.81948;60.86703;61.89672;61.47622;65.38669;71.22948;71.22948;-36.79578;-73.08903;1137.2439;1069.92542;1;1115.68567;-36.5;-73;9.87653;0.75803;0.07675;7.03707;502.57339;434.91162;442.35699;446.37018;16.11781;39.09971;36.89288;29.3044;20.71308;20.81125;0.38867;0.95044; 
57.3138;60.89388;61.93502;61.5412;65.95554;71.27354;71.27355;-36.79551;-73.08912;1149.28088;1080.83923;1;1128.08435;-36.5;-73;9.99055;0.75817;0.07589;7.24414;495.28702;436.76755;446.71429;450.12503;18.07115;37.12753;36.39534;29.77944;20.96174;21.11937;0.41127;0.88538; 
57.45549;60.76528;61.8148;61.44363;66.1186;71.13521;71.13522;-36.79523;-73.08922;1160.90051;1091.68066;1;1140.08728;-36.5;-73;10.03228;0.76541;0.07629;7.0742;492.69699;438.68646;451.77637;454.85028;20.01353;35.80605;36.59985;30.37068;21.51376;21.54663;0.4386;0.84909; 
57.41772;60.83001;61.89101;61.51988;66.07513;71.22291;71.22292;-36.79496;-73.08932;1172.24536;1102.62036;1;1151.65808;-36.5;-73;9.94881;0.77209;0.07761;6.85854;499.39719;441.5625;456.78421;458.35645;19.71195;37.10631;37.46078;30.708;22.03316;21.78818;0.43453;0.89126; 
57.50523;61.12849;62.20533;61.81465;66.17584;71.58462;71.58462;-36.79469;-73.08942;1183.82202;1113.78162;1;1163.13599;-36.5;-73;9.892;0.76805;0.07764;6.83277;506.43692;442.46469;456.52017;458.48798;18.11287;38.82413;37.84933;30.46938;21.86814;21.64496;0.41349;0.94365; 
57.79555;61.41744;62.51035;62.10155;66.50993;71.93563;71.93563;-36.79442;-73.08954;1195.71985;1125.25354;1;1174.74597;-36.5;-73;9.93138;0.75645;0.07617;7.01584;505.72128;441.1232;452.83783;455.36087;17.0974;38.94322;37.29759;29.97949;21.3027;21.23006;0.40155;0.94223; 
58.11946;61.52927;62.6353;62.22662;66.88268;72.07942;72.07943;-36.79415;-73.08965;1207.75159;1137.01343;1;1186.5918;-36.5;-73;10.0359;0.74889;0.07462;7.2036;500.38678;439.97263;450.67276;453.41534;17.69803;37.49186;36.55079;29.77577;20.95856;20.98945;0.40914;0.89429; 
58.31006;61.51017;62.62693;62.22965;67.10202;72.06979;72.0698;-36.79388;-73.08977;1219.72339;1148.76599;1;1198.60181;-36.5;-73;10.09231;0.74848;0.07416;7.21037;496.77386;440.03345;451.57709;454.06448;18.75292;36.29395;36.29685;29.89737;21.03188;21.01723;0.42282;0.85868; 
58.35822;61.52128;62.64906;62.26056;67.15744;72.09525;72.09525;-36.79361;-73.08989;1231.4104;1160.23071;1;1210.42419;-36.5;-73;10.0713;0.75059;0.07453;7.09641;497.98633;440.6636;453.60464;455.49829;18.82736;36.53281;36.55;30.02875;21.24492;21.11061;0.42375;0.86701; 
58.40417;61.66068;62.80194;62.41203;67.21032;72.27119;72.27119;-36.79334;-73.09001;1243.17004;1171.76001;1;1222.25024;-36.5;-73;10.0404;0.74994;0.07469;7.04824;501.81052;441.52097;454.54733;456.40598;18.20027;37.37088;36.84279;30.00168;21.27535;21.11279;0.41614;0.89222; 
58.55858;61.857;63.013;62.6166;67.38801;72.51408;72.51408;-36.79307;-73.09014;1255.0957;1183.44702;1;1234.12012;-36.5;-73;10.04921;0.74515;0.07415;7.12789;503.34708;441.74442;453.69733;455.93417;17.64474;37.6749;36.74862;29.82629;21.06787;20.97397;0.40988;0.89936; 
58.77384;61.97935;63.14881;62.75117;67.63573;72.67036;72.67036;-36.7928;-73.09028;1267.06995;1195.17639;1;1246.01978;-36.5;-73;10.09408;0.7402;0.07333;7.24884;501.3269;441.42975;452.64407;455.09479;17.71931;37.15586;36.38732;29.69534;20.86406;20.83277;0.41108;0.88151; 
58.93435;62.00095;63.18193;62.79042;67.82044;72.70847;72.70848;-36.79253;-73.09041;1278.94836;1206.80505;1;1257.91248;-36.5;-73;10.13441;0.73859;0.07288;7.28619;498.78152;441.27817;452.84692;455.19595;18.23561;36.44118;36.15585;29.72004;20.84571;20.81573;0.41763;0.85974; 
59.0009;62.00528;63.19735;62.81262;67.89703;72.72621;72.72622;-36.79226;-73.09055;1290.70911;1218.31079;1;1269.75525;-36.5;-73;10.13899;0.73953;0.07294;7.23516;498.56625;441.68356;454.08478;456.13477;18.52313;36.27918;36.21939;29.81808;20.96399;20.87508;0.42128;0.85551; 
59.0349;62.06972;63.274;62.89074;67.93615;72.81442;72.81441;-36.792;-73.0907;1302.41992;1229.76086;1;1281.53015;-36.5;-73;10.12094;0.7398;0.0731;7.19144;500.51825;442.2449;455.05457;456.94681;18.26947;36.70494;36.40715;29.84388;21.02988;20.90672;0.41825;0.86835; 
59.11407;62.18571;63.40321;63.01681;68.02726;72.96311;72.96311;-36.79173;-73.09084;1314.10706;1241.1825;1;1293.20911;-36.5;-73;10.12116;0.73768;0.07289;7.22102;501.95724;442.62769;454.93781;457.01404;17.95718;36.95423;36.42305;29.77369;20.95015;20.85184;0.41473;0.87496; 
59.24312;62.28003;63.51042;63.12204;68.17577;73.08649;73.08649;-36.79147;-73.09099;1325.93176;1252.73364;1;1304.98499;-36.5;-73;10.14009;0.73452;0.07244;7.28814;501.36661;442.49622;454.28931;456.50809;17.84768;36.81596;36.24895;29.67761;20.82228;20.75777;0.41361;0.8695; 
59.357;62.31326;63.55532;63.1693;68.30682;73.13816;73.13816;-36.7912;-73.09115;1337.71448;1264.23792;1;1316.75623;-36.5;-73;10.16465;0.73283;0.0721;7.32808;499.85724;442.31219;454.15265;456.35886;18.04988;36.43986;36.08109;29.65889;20.77454;20.72242;0.41617;0.85773; 
59.41695;62.31889;63.57207;63.1902;68.37581;73.15744;73.15744;-36.79094;-73.0913;1349.48499;1275.72363;1;1328.56555;-36.5;-73;10.17671;0.73295;0.07202;7.31117;499.26926;442.46506;454.74084;456.82022;18.30202;36.20351;36.06274;29.70906;20.82022;20.74968;0.41945;0.85101; 
59.44578;62.34853;63.61336;63.23339;68.40899;73.20495;73.20495;-36.79068;-73.09147;1361.2699;1287.33215;1;1340.39429;-36.5;-73;10.17235;0.73323;0.07208;7.28646;500.02029;442.84116;455.39557;457.37744;18.29652;36.30217;36.14686;29.74307;20.86962;20.77414;0.41953;0.85413; 
59.48886;62.41173;63.68882;63.30777;68.45856;73.29179;73.29179;-36.79042;-73.09163;1372.98828;1298.81335;1;1352.12378;-36.5;-73;10.16635;0.73233;0.07203;7.29047;501.0116;443.07883;455.52365;457.51831;18.07673;36.52657;36.19173;29.71316;20.85012;20.75133;0.41689;0.86038; 
59.5589;62.47251;63.76189;63.37957;68.53915;73.37588;73.37589;-36.79016;-73.0918;1384.73242;1311.6759;1;1363.84717;-36.5;-73;10.17207;0.7306;0.07182;7.32383;501.03482;443.03461;455.22946;457.29236;17.9247;36.56405;36.12663;29.65595;20.78308;20.7021;0.41509;0.86072; 
59.62931;62.50313;63.80414;63.42256;68.62019;73.42449;73.42449;-36.7899;-73.09196;1396.42969;1324.73962;1;1375.53198;-36.5;-73;10.18726;0.72937;0.0716;7.3519;500.31042;442.94202;455.07669;457.16962;18.00539;36.36829;36.0276;29.63378;20.74124;20.67445;0.41618;0.85452; 
59.67509;62.51267;63.82492;63.44548;68.67287;73.44841;73.4484;-36.78964;-73.09214;1408.16382;1337.83862;1;1387.27869;-36.5;-73;10.19772;0.72911;0.0715;7.35317;499.78925;443.00256;455.30408;457.35007;18.1663;36.18169;35.98742;29.65329;20.75141;20.67934;0.41828;0.84904; 
59.69967;62.52611;63.84965;63.47178;68.70116;73.47687;73.47687;-36.78939;-73.09232;1419.85181;1350.07239;1;1398.99255;-36.5;-73;10.19762;0.72921;0.07151;7.34176;499.96075;443.17233;455.67319;457.64716;18.20309;36.18333;36.01589;29.67493;20.77953;20.69254;0.4188;0.84919; 
59.72231;62.55547;63.89061;63.51281;68.72721;73.52401;73.52402;-36.78913;-73.0925;1431.50525;1361.57373;1;1410.65515;-36.5;-73;10.19421;0.72893;0.0715;7.33617;500.47513;443.31851;455.85944;457.81198;18.11069;36.29633;36.05044;29.66998;20.78277;20.68973;0.41769;0.8524; 
59.75706;62.59046;63.9374;63.55899;68.7672;73.57785;73.57786;-36.78888;-73.09268;1443.21399;1373.11951;1;1422.3595;-36.5;-73;10.19557;0.72814;0.07142;7.35012;500.68265;443.35718;455.79269;457.77496;18.01745;36.34991;36.03633;29.64474;20.75543;20.66902;0.4166;0.85364; 
59.79728;62.61344;63.97198;63.59364;68.81348;73.61765;73.61765;-36.78862;-73.09287;1454.9624;1384.69421;1;1434.10071;-36.5;-73;10.20242;0.72733;0.07129;7.36582;500.39053;443.31015;455.67551;457.67834;18.02034;36.28009;35.98459;29.62543;20.72679;20.64878;0.41669;0.85127; 
59.82798;62.62236;63.99226;63.61494;68.84882;73.64098;73.64098;-36.78837;-73.09306;1466.78333;1396.32996;1;1445.92517;-36.5;-73;10.20923;0.72703;0.07121;7.376;500.05078;443.31778;455.73996;457.73734;18.0995;36.1712;35.95137;29.62991;20.72374;20.64678;0.41772;0.848; 
59.84478;62.62898;64.01006;63.63375;68.86815;73.66146;73.66145;-36.78812;-73.09325;1478.44336;1407.79688;1;1457.59839;-36.5;-73;10.21097;0.72703;0.0712;7.37086;500.02643;443.39108;455.92587;457.89185;18.14183;36.14028;35.95618;29.64207;20.73687;20.65357;0.41828;0.84714; 
59.85775;62.64193;64.03433;63.65838;68.88306;73.6894;73.6894;-36.78788;-73.09345;1490.11523;1419.26709;1;1469.28101;-36.5;-73;10.2096;0.72695;0.0712;7.36592;500.24368;443.47137;456.06351;458.01031;18.11272;36.18449;35.97445;29.64432;20.74349;20.65555;0.41794;0.84841; 
59.87415;62.65945;64.06329;63.68717;68.90195;73.72272;73.72272;-36.78763;-73.09365;1501.77197;1430.22412;1;1480.94019;-36.5;-73;10.20957;0.72662;0.07117;7.37015;500.40646;443.50467;456.07306;458.02908;18.06287;36.22377;35.9758;29.63437;20.73438;20.6481;0.41735;0.84943; 
59.89455;62.67357;64.08875;63.71258;68.92542;73.75201;73.75202;-36.78738;-73.09386;1513.40698;1442.0144;1;1492.56848;-36.5;-73;10.21231;0.7262;0.07111;7.37931;500.3313;443.49298;456.01407;457.99234;18.04874;36.20671;35.95428;29.62317;20.71901;20.63768;0.41721;0.84875; 
59.9123;62.68015;64.10659;63.73084;68.94584;73.77254;73.77254;-36.78714;-73.09406;1525.13086;1452.68103;1;1504.29187;-36.5;-73;10.21603;0.72596;0.07106;7.38368;500.15228;443.48114;456.01816;458.00021;18.07947;36.15413;35.93375;29.62174;20.71338;20.63414;0.41761;0.84714; 
59.92284;62.68327;64.12076;63.7456;68.95797;73.78886;73.78886;-36.7869;-73.09427;1536.69592;1463.45215;1;1515.87085;-36.5;-73;10.21778;0.72591;0.07104;7.38593;500.06995;443.50391;456.09167;458.06479;18.10909;36.12328;35.92894;29.62709;20.71764;20.63655;0.41799;0.84624; 
59.92913;62.68776;64.13651;63.76174;68.96522;73.80698;73.80698;-36.78666;-73.09448;1548.44397;1475.03577;1;1527.62317;-36.5;-73;10.21758;0.72593;0.07105;7.38049;500.14279;443.5412;456.1842;458.14407;18.10912;36.13337;35.93822;29.6313;20.72398;20.64002;0.41801;0.84655; 
59.93588;62.69558;64.15565;63.78092;68.97298;73.82901;73.82902;-36.78642;-73.0947;1560.16772;1488.1189;1;1539.34851;-36.5;-73;10.21721;0.72582;0.07104;7.38012;500.24698;443.56348;456.21777;458.17575;18.086;36.1573;35.94374;29.6286;20.72291;20.63851;0.41773;0.84722; 
59.94529;62.70342;64.17483;63.80003;68.98381;73.85107;73.85107;-36.78618;-73.09492;1571.89294;1499.37549;1;1551.06958;-36.5;-73;10.21799;0.72562;0.07101;7.38682;500.2515;443.56842;456.1954;458.17023;18.0708;36.16046;35.93653;29.62321;20.71578;20.63402;0.41755;0.84721; 
59.95402;62.70682;64.18938;63.81476;68.99386;73.86782;73.86781;-36.78595;-73.09514;1583.53259;1508.70105;1;1562.70923;-36.5;-73;10.21991;0.72548;0.07099;7.39094;500.15805;443.54865;456.186;458.16135;18.08188;36.1362;35.9254;29.62096;20.71177;20.63138;0.4177;0.84647; 
59.95936;62.70803;64.20181;63.82752;69;73.88213;73.88212;-36.78571;-73.09536;1595.29309;1518.09119;1;1574.46838;-36.5;-73;10.22112;0.72545;0.07098;7.39034;500.09839;443.55499;456.22162;458.19043;18.10052;36.11565;35.92148;29.62377;20.71372;20.63255;0.41794;0.84587; 
59.96173;62.70862;64.21349;63.83948;69.00272;73.89557;73.89557;-36.78548;-73.09559;1606.91687;1527.96594;1;1586.09326;-36.5;-73;10.22104;0.72547;0.07098;7.3897;500.09735;443.56274;456.26419;458.22552;18.1036;36.11707;35.92421;29.62652;20.71742;20.6348;0.41797;0.84591; 
59.9635;62.71135;64.22673;63.85279;69.00476;73.9108;73.9108;-36.78526;-73.0958;1617.86865;1537.88159;1;1597.04797;-36.5;-73;10.22088;0.72547;0.07098;7.38822;500.164;443.57858;456.2984;458.25549;18.09824;36.12706;35.93014;29.6271;20.71924;20.63571;0.41791;0.84622; 
59.96758;62.71486;64.24252;63.86858;69.00945;73.92897;73.92897;-36.78501;-73.09605;1630.67078;1550.01538;1;1609.85522;-36.5;-73;10.22082;0.72537;0.07097;7.38942;500.17014;443.56931;456.2865;458.24146;18.08311;36.13658;35.92754;29.62354;20.7161;20.63288;0.41772;0.84644; 
59.97095;62.71606;64.25485;63.88102;69.01334;73.94317;73.94317;-36.78479;-73.09629;1642.32056;1562.35608;1;1621.50476;-36.5;-73;10.22163;0.72532;0.07096;7.39448;500.12756;443.55945;456.27911;458.24442;18.08669;36.12778;35.92273;29.62285;20.71409;20.63263;0.41776;0.84616; 
59.97232;62.71523;64.26513;63.89151;69.01492;73.95499;73.95499;-36.78456;-73.09653;1654.07031;1574.72021;1;1633.25354;-36.5;-73;10.22242;0.72532;0.07095;7.39155;500.08182;443.54868;456.29568;458.25244;18.09911;36.11421;35.92065;29.62435;20.71562;20.63358;0.41791;0.84579; 
59.97221;62.71517;64.27617;63.90271;69.01479;73.9677;73.9677;-36.78433;-73.09677;1665.7804;1586.50952;1;1644.96594;-36.5;-73;10.22246;0.72536;0.07096;7.39232;500.10138;443.55566;456.32361;458.28073;18.1041;36.11387;35.92446;29.62649;20.7184;20.63567;0.41798;0.84581; 
59.97235;62.71635;64.28839;63.91495;69.01495;73.98177;73.98177;-36.78411;-73.09702;1677.3949;1598.35193;1;1656.5791;-36.5;-73;10.22204;0.72535;0.07096;7.39041;500.13702;443.55566;456.3302;458.28928;18.09527;36.1246;35.92754;29.62579;20.7187;20.63575;0.41787;0.84612; 
59.97366;62.71665;64.29982;63.92641;69.01646;73.99491;73.9949;-36.78389;-73.09726;1689.1084;1610.37781;1;1668.28979;-36.5;-73;10.222;0.72531;0.07096;7.39512;500.10934;443.53635;456.31107;458.27832;18.08777;36.1281;35.92444;29.62388;20.71661;20.63501;0.41776;0.84618; 
59.97372;62.71575;64.31003;63.93676;69.01653;74.00666;74.00666;-36.78367;-73.09751;1700.83582;1623.20166;1;1680.01978;-36.5;-73;10.22271;0.72533;0.07095;7.39373;500.08545;443.52951;456.31839;458.29208;18.09797;36.11785;35.92369;29.62524;20.71731;20.63668;0.41789;0.84591; 
59.97315;62.71503;64.32045;63.94728;69.01588;74.01865;74.01865;-36.78345;-73.09776;1712.58276;1635.48889;1;1691.77026;-36.5;-73;10.22285;0.72535;0.07095;7.39059;500.0834;443.52856;456.32788;458.30276;18.10373;36.11388;35.92483;29.62639;20.71872;20.63768;0.41796;0.84581; 
59.97194;62.71416;64.33062;63.95754;69.01448;74.03036;74.03036;-36.78324;-73.09801;1724.22632;1647.67285;1;1703.41235;-36.5;-73;10.22252;0.72537;0.07096;7.39132;500.08163;443.51675;456.33017;458.30722;18.10002;36.11917;35.92629;29.62648;20.71963;20.63859;0.4179;0.84597; 
59.97136;62.71368;64.34118;63.96815;69.01381;74.04251;74.0425;-36.78303;-73.09827;1735.85852;1659.84961;1;1715.04822;-36.5;-73;10.22249;0.72539;0.07096;7.39036;500.09131;443.50974;456.33286;458.3132;18.09869;36.12197;35.92802;29.62657;20.72014;20.6395;0.41788;0.84607; 
59.97115;62.71335;64.35195;63.97895;69.01357;74.0549;74.05489;-36.78282;-73.09853;1747.52637;1672.06812;1;1726.7146;-36.5;-73;10.22257;0.72538;0.07096;7.39138;500.08731;443.50052;456.3237;458.31503;18.0982;36.1218;35.92782;29.62611;20.71953;20.63987;0.41788;0.84606; 
59.97018;62.71202;64.36163;63.98874;69.01245;74.06605;74.06606;-36.78262;-73.09879;1759.13123;1684.2251;1;1738.31506;-36.5;-73;10.2226;0.7254;0.07096;7.39212;500.06076;443.48636;456.31882;458.31256;18.09935;36.1201;35.92668;29.62624;20.71972;20.64049;0.41788;0.84601; 
59.96853;62.71094;64.37166;63.99885;69.01056;74.07758;74.07759;-36.78241;-73.09906;1770.82788;1696.48303;1;1750.01428;-36.5;-73;10.22279;0.72543;0.07096;7.39101;500.06396;443.48056;456.32968;458.3222;18.10435;36.11737;35.92871;29.6273;20.7213;20.64182;0.41794;0.84596; 
59.96702;62.71029;64.3818;64.00903;69.00881;74.08925;74.08925;-36.78221;-73.09932;1782.21594;1708.42175;1;1761.41138;-36.5;-73;10.2226;0.72544;0.07096;7.39126;500.06735;443.47482;456.32904;458.32336;18.10289;36.12007;35.92981;29.6274;20.72184;20.64227;0.41792;0.84605; 
59.96642;62.70909;64.39246;64.01976;69.00813;74.10152;74.10153;-36.78199;-73.0996;1794.64319;1721.18262;1;1773.83826;-36.5;-73;10.22248;0.72546;0.07097;7.38998;500.05856;443.45807;456.32803;458.31549;18.10067;36.12255;35.93033;29.62704;20.72245;20.64238;0.41788;0.84613; 
59.9646;62.70774;64.40228;64.02966;69.00603;74.11282;74.11282;-36.78179;-73.09988;1806.40247;1731.83972;1;1785.5979;-36.5;-73;10.22263;0.72549;0.07097;7.39052;500.06149;443.4483;456.33002;458.32236;18.10393;36.12111;35.93219;29.6277;20.72338;20.64377;0.41792;0.84612; 
59.9632;62.7065;64.41237;64.03979;69.00442;74.12443;74.12442;-36.78159;-73.10016;1818.32178;1742.85571;1;1797.52295;-36.5;-73;10.22246;0.72551;0.07097;7.39019;500.04892;443.43936;456.32944;458.32028;18.10345;36.12244;35.93228;29.62808;20.72409;20.64433;0.4179;0.84615; 
59.96136;62.70548;64.42289;64.05038;69.0023;74.13654;74.13654;-36.78139;-73.10045;1830.42432;1754.12256;1;1809.6449;-36.5;-73;10.22246;0.72554;0.07098;7.3912;500.05896;443.43253;456.33173;458.32639;18.1048;36.12316;35.93441;29.62855;20.725;20.64538;0.41792;0.8462; 
59.9601;62.70492;64.43344;64.06095;69.00085;74.14868;74.14867;-36.78119;-73.10072;1842.07422;1764.97229;1;1821.27124;-36.5;-73;10.22223;0.72555;0.07098;7.39157;500.06293;443.4223;456.32541;458.32233;18.10089;36.12742;35.93523;29.62793;20.72493;20.64542;0.41786;0.84633; 
59.95925;62.70379;64.44362;64.0712;68.99987;74.1604;74.1604;-36.781;-73.10101;1853.93689;1777.26831;1;1833.12756;-36.5;-73;10.22227;0.72555;0.07098;7.38927;500.05005;443.40506;456.32251;458.31311;18.09994;36.1279;35.93513;29.62746;20.72519;20.64545;0.41784;0.84635; 
59.95753;62.70282;64.45368;64.08131;68.99789;74.17198;74.17198;-36.78081;-73.1013;1865.5144;1790.50903;1;1844.71326;-36.5;-73;10.22236;0.72557;0.07098;7.38999;500.04758;443.39697;456.31827;458.31686;18.1021;36.12644;35.93578;29.6277;20.72542;20.64629;0.41787;0.84632; 
59.95611;62.70205;64.4642;64.09188;68.99626;74.18408;74.18408;-36.78062;-73.10159;1877.34875;1804.05969;1;1856.55078;-36.5;-73;10.22228;0.72559;0.07098;7.3902;500.04434;443.3876;456.3147;458.31686;18.10153;36.12747;35.93627;29.62759;20.72565;20.64672;0.41786;0.84636; 
59.95531;62.70114;64.47451;64.10226;68.99534;74.19595;74.19594;-36.78043;-73.10188;1889.08276;1817.81458;1;1868.27588;-36.5;-73;10.22234;0.72561;0.07098;7.38834;500.04919;443.37503;456.31561;458.32019;18.10183;36.12832;35.93801;29.62755;20.7263;20.64755;0.41786;0.84641; 
59.95434;62.7002;64.48453;64.11234;68.99422;74.20747;74.20746;-36.78025;-73.10216;1900.5658;1831.57813;1;1879.76331;-36.5;-73;10.22224;0.72561;0.07098;7.3884;500.03271;443.36115;456.30539;458.31558;18.09982;36.12952;35.93721;29.62708;20.72593;20.6478;0.41782;0.84644; 
59.95298;62.69893;64.49429;64.12218;68.99266;74.2187;74.2187;-36.78008;-73.10245;1912.11401;1845.4292;1;1891.32092;-36.5;-73;10.22242;0.72565;0.07099;7.39028;500.03293;443.35831;456.31036;458.33255;18.10528;36.12657;35.93885;29.62851;20.72703;20.64991;0.41789;0.84638; 
59.95141;62.69832;64.5049;64.13285;68.99085;74.23092;74.23093;-36.7799;-73.10275;1923.86523;1859.53271;1;1903.08081;-36.5;-73;10.22241;0.72567;0.07099;7.38904;500.04736;443.35181;456.31317;458.33804;18.10598;36.12764;35.94114;29.62865;20.72784;20.65063;0.4179;0.84644; 
59.95022;62.69794;64.5162;64.14417;68.98948;74.24391;74.24392;-36.77971;-73.10306;1936.03186;1872.9303;1;1915.2417;-36.5;-73;10.22215;0.72566;0.07099;7.38806;500.04633;443.33502;456.2999;458.3273;18.0994;36.13307;35.94113;29.62709;20.72703;20.65005;0.41781;0.84659; 
59.94991;62.69759;64.52766;64.15566;68.98912;74.2571;74.2571;-36.77953;-73.10337;1948.35608;1883.69177;1;1927.5741;-36.5;-73;10.22231;0.72566;0.07099;7.38829;500.04489;443.32425;456.29095;458.32858;18.09923;36.13255;35.94115;29.62652;20.72637;20.65046;0.4178;0.84658; 
59.94952;62.6968;64.53821;64.16629;68.98869;74.26925;74.26924;-36.77936;-73.10368;1960.18567;1894.01843;1;1939.38623;-36.5;-73;10.22255;0.72566;0.07099;7.38905;500.02924;443.31168;456.28696;458.32797;18.10207;36.12892;35.94057;29.62643;20.72638;20.65084;0.41784;0.84649; 
59.94854;62.69566;64.54835;64.17651;68.98755;74.28091;74.28091;-36.77919;-73.10399;1971.96521;1904.29895;1;1951.16516;-36.5;-73;10.22254;0.72568;0.07099;7.38747;500.01749;443.3002;456.28833;458.32663;18.10335;36.12816;35.94083;29.62663;20.72717;20.65131;0.41784;0.84647; 
59.94715;62.69493;64.55869;64.18694;68.98595;74.29282;74.29282;-36.77902;-73.10429;1983.60352;1914.8717;1;1962.79639;-36.5;-73;10.22242;0.7257;0.07099;7.38731;500.02353;443.29456;456.29388;458.33273;18.10283;36.13068;35.94262;29.62713;20.7282;20.65227;0.41783;0.84656; 
59.94576;62.69429;64.56909;64.19739;68.98435;74.30479;74.30479;-36.77886;-73.1046;1995.19556;1926.9436;1;1974.38232;-36.5;-73;10.22234;0.72571;0.07099;7.38899;500.02155;443.28439;456.29132;458.3316;18.10118;36.13264;35.94315;29.62689;20.72838;20.6526;0.41781;0.84662; 
59.94462;62.69399;64.57994;64.20828;68.98304;74.31728;74.31728;-36.77869;-73.10491;2006.89551;1939.06116;1;1986.08716;-36.5;-73;10.22249;0.72573;0.07099;7.38852;500.03931;443.28204;456.29669;458.33957;18.10306;36.13259;35.94538;29.62727;20.7291;20.6534;0.41784;0.84665; 
59.94428;62.69397;64.59122;64.21958;68.98265;74.33025;74.33025;-36.77853;-73.10522;2018.70166;1951.31042;1;1997.8866;-36.5;-73;10.22251;0.72573;0.07099;7.38553;500.04886;443.27121;456.2948;458.33566;18.10058;36.13491;35.94644;29.62641;20.72902;20.65313;0.4178;0.84673; 
59.94433;62.69423;64.60262;64.231;68.9827;74.34337;74.34337;-36.77838;-73.10554;2030.35095;1963.22803;1;2009.53577;-36.5;-73;10.22245;0.7257;0.07099;7.3895;500.03546;443.25858;456.28049;458.3252;18.09578;36.13698;35.94458;29.6249;20.72762;20.65216;0.41773;0.84677; 
59.94412;62.69246;64.61198;64.2405;68.98247;74.35414;74.35415;-36.77822;-73.10586;2042.04724;1975.16455;1;2021.23743;-36.5;-73;10.2228;0.72571;0.07099;7.38558;499.99765;443.23325;456.2793;458.31418;18.09962;36.13157;35.94313;29.62475;20.7282;20.65242;0.41777;0.84663; 
59.94283;62.69153;64.62213;64.25075;68.98098;74.36583;74.36583;-36.77807;-73.10617;2053.66357;1987.03955;1;2032.85425;-36.5;-73;10.2229;0.72575;0.07099;7.38826;500.00635;443.23718;456.29099;458.3335;18.1055;36.12913;35.94545;29.62657;20.72988;20.65436;0.41785;0.84658; 
59.94149;62.69147;64.63324;64.2619;68.97944;74.37861;74.37862;-36.77792;-73.10649;2065.31934;1999.01709;1;2044.50684;-36.5;-73;10.22278;0.72578;0.071;7.38329;500.04144;443.23456;456.30029;458.34268;18.10416;36.13348;35.94948;29.62667;20.73106;20.65508;0.41784;0.84674; 
59.94192;62.69222;64.64497;64.27361;68.97993;74.39211;74.39212;-36.77777;-73.1068;2076.77368;2010.29041;1;2055.96753;-36.5;-73;10.22236;0.72573;0.07099;7.38849;500.03876;443.22031;456.27667;458.32941;18.09202;36.14257;35.9479;29.62414;20.72873;20.65373;0.41767;0.84697; 
59.94193;62.69165;64.6556;64.2843;68.97994;74.40434;74.40433;-36.77763;-73.10713;2088.52344;2022.08069;1;2067.72803;-36.5;-73;10.22281;0.72574;0.07099;7.39053;500.022;443.20737;456.26929;458.33551;18.09519;36.1382;35.947;29.62408;20.72809;20.65478;0.41771;0.84686; 
59.94098;62.69068;64.66608;64.29488;68.97885;74.4164;74.4164;-36.77748;-73.10747;2100.45435;2034.72705;1;2079.64795;-36.5;-73;10.22325;0.72575;0.07099;7.38744;500.00772;443.19815;456.27078;458.33765;18.10277;36.13034;35.94673;29.62455;20.72867;20.65529;0.41781;0.84665; 
59.94046;62.69085;64.67741;64.30627;68.97825;74.42944;74.42944;-36.77734;-73.10779;2112.08301;2047.04846;1;2091.27246;-36.5;-73;10.22301;0.72575;0.07099;7.38802;500.02365;443.19437;456.2706;458.34259;18.09945;36.13471;35.94841;29.62413;20.72888;20.65546;0.41776;0.84678; 
59.94049;62.69054;64.68812;64.31703;68.97829;74.44176;74.44176;-36.77721;-73.10812;2123.57324;2059.21875;1;2102.76587;-36.5;-73;10.2229;0.72575;0.07099;7.38842;500.01523;443.18063;456.26547;458.34222;18.09506;36.13857;35.94829;29.62348;20.72859;20.6558;0.4177;0.84689; 
59.9398;62.68976;64.69875;64.32775;68.97749;74.454;74.45399;-36.77707;-73.10845;2135.50293;2071.8501;1;2114.71436;-36.5;-73;10.22315;0.72576;0.07099;7.38806;500.00662;443.16913;456.2641;458.3468;18.09777;36.13592;35.94852;29.62362;20.72878;20.65673;0.41773;0.84683; 
59.93907;62.6895;64.70983;64.3389;68.97665;74.46675;74.46675;-36.77694;-73.10879;2147.33887;2084.54321;1;2126.54614;-36.5;-73;10.22333;0.72577;0.07099;7.38692;500.01508;443.16629;456.2674;458.35519;18.10081;36.13396;35.94986;29.62397;20.72929;20.65745;0.41777;0.84679; 
59.93872;62.68953;64.72127;64.35036;68.97624;74.47991;74.4799;-36.77681;-73.10913;2159.17065;2093.38184;1;2138.37915;-36.5;-73;10.22322;0.72576;0.07099;7.3866;500.01743;443.15533;456.26071;458.35101;18.09698;36.13702;35.95007;29.62292;20.72882;20.65706;0.41772;0.84688; 
59.93887;62.68921;64.7324;64.36155;68.97642;74.49271;74.49271;-36.77668;-73.10947;2171.07373;2101.63892;1;2150.26733;-36.5;-73;10.22327;0.72576;0.07099;7.387;500.01028;443.14319;456.25601;458.34943;18.09531;36.13792;35.94986;29.62236;20.72852;20.65721;0.41769;0.84691; 
59.93865;62.68903;64.74339;64.37261;68.97617;74.50536;74.50536;-36.77655;-73.1098;2182.67358;2109.65186;1;2161.85962;-36.5;-73;10.22351;0.72576;0.07099;7.38574;500.00732;443.13416;456.2583;458.34778;18.09712;36.13565;35.95002;29.62211;20.72876;20.65714;0.41772;0.84686; 
59.93818;62.68859;64.75405;64.38335;68.97562;74.51763;74.51762;-36.77643;-73.11014;2194.23291;2117.60327;1;2173.41675;-36.5;-73;10.22363;0.72577;0.07099;7.38589;500.00391;443.12344;456.25974;458.34888;18.09772;36.13518;35.95061;29.622;20.72918;20.65748;0.41772;0.84686; 
59.93799;62.68851;64.76527;64.39462;68.97541;74.53055;74.53053;-36.77631;-73.11048;2205.96729;2125.64209;1;2185.15796;-36.5;-73;10.22358;0.72577;0.07099;7.38845;500.00876;443.11819;456.25751;458.35388;18.09609;36.1373;35.95137;29.62183;20.72916;20.65793;0.4177;0.84692; 
59.93803;62.68869;64.7764;64.40579;68.97546;74.54335;74.54335;-36.7762;-73.11082;2217.33398;2133.39697;1;2196.53638;-36.5;-73;10.22355;0.72576;0.07099;7.38646;500.01514;443.10843;456.25684;458.34869;18.09291;36.14006;35.95195;29.62094;20.72904;20.65748;0.41765;0.847; 
59.93797;62.6882;64.78735;64.41682;68.97539;74.55595;74.55595;-36.77608;-73.11116;2229.20874;2142.3125;1;2208.41284;-36.5;-73;10.22377;0.72576;0.07099;7.38661;500.00333;443.09509;456.25513;458.34781;18.09365;36.13852;35.95161;29.62064;20.72899;20.65779;0.41766;0.84697; 
59.93746;62.68783;64.79832;64.42786;68.9748;74.56858;74.56858;-36.77597;-73.11151;2240.97046;2152.29736;1;2220.17627;-36.5;-73;10.22391;0.72577;0.07099;7.38585;500.00095;443.08765;456.25668;458.34821;18.09519;36.13705;35.95197;29.62062;20.72936;20.65796;0.41768;0.84694; 
59.9369;62.68792;64.80969;64.43929;68.97416;74.58167;74.58167;-36.77586;-73.11185;2252.65967;2164.26099;1;2231.85474;-36.5;-73;10.22408;0.72578;0.07099;7.3848;500.01755;443.08472;456.26364;458.35547;18.09699;36.1365;35.95396;29.62077;20.73003;20.65842;0.41771;0.84695; 
59.93713;62.6884;64.82143;64.45103;68.97442;74.59517;74.59517;-36.77575;-73.1122;2264.28833;2180.68359;1;2243.47803;-36.5;-73;10.22389;0.72575;0.07099;7.38514;500.01733;443.07104;456.24942;458.34555;18.08981;36.14153;35.95329;29.61888;20.72869;20.65735;0.41761;0.84708; 
59.93751;62.68811;64.8326;64.4623;68.97486;74.60802;74.60802;-36.77565;-73.11256;2276.14478;2197.48438;1;2255.33105;-36.5;-73;10.22407;0.72573;0.07098;7.38593;500.00031;443.05475;456.24109;458.34363;18.08842;36.14105;35.95213;29.61806;20.72792;20.65753;0.41758;0.84706; 
59.93739;62.6878;64.84357;64.47336;68.97472;74.62066;74.62066;-36.77554;-73.11291;2287.84717;2214.12158;1;2267.0354;-36.5;-73;10.2244;0.72574;0.07098;7.38673;499.99374;443.05002;456.24139;458.35202;18.09281;36.13662;35.95206;29.61845;20.72802;20.65834;0.41764;0.84695; 
59.93698;62.68737;64.85449;64.48436;68.97425;74.63322;74.63322;-36.77544;-73.11326;2299.61865;2230.12402;1;2278.80786;-36.5;-73;10.22449;0.72575;0.07098;7.38579;499.99051;443.04196;456.24268;458.35703;18.09435;36.13545;35.95264;29.61855;20.72847;20.6589;0.41766;0.84693; 
59.9367;62.68742;64.86591;64.49583;68.97393;74.64635;74.64635;-36.77535;-73.11362;2311.43896;2244.13037;1;2290.6355;-36.5;-73;10.22439;0.72575;0.07098;7.38598;499.99902;443.03552;456.24295;458.3624;18.09173;36.13877;35.95384;29.61824;20.72861;20.65932;0.41762;0.84703; 
59.93647;62.6875;64.87736;64.50733;68.97366;74.65953;74.65953;-36.77525;-73.11398;2323.26953;2257.00024;1;2302.46216;-36.5;-73;10.22448;0.72574;0.07098;7.38629;499.99991;443.02625;456.23969;458.3645;18.09021;36.13978;35.95409;29.61767;20.72825;20.65952;0.4176;0.84706; 
59.93662;62.68769;64.88873;64.51875;68.97384;74.67262;74.67262;-36.77517;-73.11433;2334.91455;2270.76807;1;2314.10791;-36.5;-73;10.2247;0.72574;0.07098;7.38631;500.00168;443.01877;456.23761;458.36917;18.09069;36.13879;35.95436;29.61726;20.72792;20.65984;0.41761;0.84704; 
59.93663;62.68794;64.90034;64.53042;68.97385;74.68598;74.68598;-36.77508;-73.11469;2346.70166;2284.97656;1;2325.89209;-36.5;-73;10.2249;0.72573;0.07098;7.38735;500.00772;443.01196;456.2348;458.3754;18.09116;36.13795;35.95494;29.61681;20.72756;20.66015;0.41762;0.84703; 
59.9368;62.68718;64.91094;64.5411;68.97404;74.69818;74.69817;-36.77499;-73.11505;2358.53955;2299.23853;1;2337.73169;-36.5;-73;10.22498;0.72572;0.07098;7.38579;499.97882;442.99173;456.22852;458.36615;18.09007;36.13699;35.95329;29.61604;20.72734;20.65991;0.41759;0.847; 
59.93617;62.68671;64.92178;64.55205;68.97332;74.71065;74.71066;-36.77491;-73.11541;2370.29028;2307.54932;1;2349.48145;-36.5;-73;10.2252;0.72574;0.07098;7.38352;499.9859;442.98672;456.23895;458.37405;18.09362;36.13501;35.95506;29.61666;20.72851;20.66078;0.41764;0.84697; 
59.93619;62.68751;64.93391;64.56419;68.97334;74.72461;74.72462;-36.77483;-73.11577;2382.0166;2320.18042;1;2361.20874;-36.5;-73;10.22499;0.72573;0.07098;7.38685;500.00562;442.98727;456.23444;458.37866;18.08888;36.14009;35.95613;29.61594;20.72794;20.66061;0.41758;0.84711; 
59.93636;62.68768;64.94548;64.57581;68.97353;74.73793;74.73793;-36.77475;-73.11613;2393.8313;2333.15527;1;2373.02344;-36.5;-73;10.22511;0.72571;0.07097;7.38491;499.9982;442.97052;456.23062;458.37006;18.08547;36.1416;35.95557;29.61466;20.7274;20.65998;0.41753;0.84715; 
59.93662;62.6876;64.95684;64.58723;68.97384;74.751;74.751;-36.77468;-73.1165;2405.69678;2346.19238;1;2384.88867;-36.5;-73;10.22539;0.7257;0.07097;7.38596;499.98715;442.96097;456.2265;458.36838;18.08693;36.1387;35.95466;29.61422;20.72696;20.65987;0.41755;0.84707; 
59.93674;62.68728;64.96782;64.59829;68.97398;74.76363;74.76362;-36.7746;-73.11687;2417.40942;2359.06787;1;2396.59766;-36.5;-73;10.22559;0.72571;0.07097;7.38632;499.98315;442.95343;456.22983;458.3736;18.08941;36.13649;35.95512;29.61443;20.72744;20.66043;0.41758;0.84702; 
59.93609;62.68655;64.97832;64.6089;68.97322;74.77572;74.77572;-36.77454;-73.11723;2429.07544;2371.89844;1;2408.25806;-36.5;-73;10.22562;0.72572;0.07097;7.38494;499.97794;442.93854;456.23373;458.37103;18.08886;36.13734;35.95599;29.61421;20.72823;20.66067;0.41757;0.84706; 
59.93551;62.68697;64.99014;64.62077;68.97256;74.78931;74.78932;-36.77447;-73.11759;2440.84668;2384.17407;1;2420.03662;-36.5;-73;10.22573;0.72573;0.07097;7.38585;500.0076;442.94058;456.24078;458.38339;18.08947;36.13874;35.95878;29.61443;20.72875;20.66138;0.41758;0.84713; 
59.93602;62.68836;65.00291;64.63351;68.97314;74.80401;74.80401;-36.77441;-73.11796;2452.57251;2396.08716;1;2431.75586;-36.5;-73;10.22547;0.72569;0.07097;7.38557;500.01913;442.93393;456.22983;458.37378;18.08024;36.14587;35.95826;29.61234;20.72719;20.65985;0.41746;0.84731; 
59.93751;62.68841;65.01437;64.64504;68.97485;74.8172;74.81719;-36.77435;-73.11832;2464.36865;2408.06689;1;2443.55713;-36.5;-73;10.22585;0.72566;0.07096;7.3862;499.98596;442.91348;456.21854;458.36569;18.07917;36.14292;35.95525;29.61102;20.72577;20.65941;0.41744;0.84721; 
59.93769;62.68694;65.02418;64.655;68.97506;74.82849;74.82848;-36.77429;-73.1187;2476.08496;2419.96094;1;2455.27588;-36.5;-73;10.22632;0.72567;0.07096;7.38832;499.94623;442.90323;456.21597;458.37442;18.088;36.13333;35.9532;29.61217;20.7261;20.66086;0.41755;0.84694; 
59.93614;62.68563;65.03431;64.66528;68.97328;74.84015;74.84015;-36.77423;-73.11906;2487.94434;2431.99512;1;2467.13574;-36.5;-73;10.22639;0.72573;0.07097;7.3852;499.95859;442.9003;456.23746;458.39514;18.09418;36.13176;35.95712;29.61412;20.72895;20.66314;0.41763;0.84694; 
59.93492;62.68641;65.04649;64.67747;68.97187;74.85417;74.85417;-36.77418;-73.11944;2499.68896;2443.9082;1;2478.88501;-36.5;-73;10.22608;0.72574;0.07097;7.38356;500.01083;442.90207;456.24338;458.40726;18.08845;36.14064;35.9618;29.61366;20.72951;20.66364;0.41756;0.84722; 
59.93553;62.68819;65.05964;64.69055;68.97257;74.8693;74.8693;-36.77414;-73.1198;2511.354;2457.45752;1;2490.54663;-36.5;-73;10.22587;0.72568;0.07097;7.38564;500.02585;442.8877;456.21982;458.39401;18.07562;36.14969;35.96097;29.61029;20.7266;20.66171;0.41739;0.84746; 
59.93728;62.68834;65.07138;64.70237;68.97459;74.88281;74.88282;-36.77409;-73.12019;2523.31128;2471.47168;1;2502.5;-36.5;-73;10.22642;0.72564;0.07096;7.3861;499.99463;442.86438;456.19965;458.38162;18.07529;36.14481;35.95747;29.6083;20.72428;20.66085;0.41739;0.84732; 
59.93776;62.6871;65.08155;64.71269;68.97514;74.89452;74.89452;-36.77404;-73.12055;2535.10352;2485.19897;1;2514.2937;-36.5;-73;10.22701;0.72564;0.07095;7.38584;499.9509;442.8511;456.19962;458.38489;18.08441;36.13402;35.95497;29.6091;20.72462;20.66173;0.4175;0.84701; 
59.93636;62.68574;65.09164;64.72292;68.97353;74.90612;74.90613;-36.774;-73.12093;2546.94629;2498.48511;1;2526.13501;-36.5;-73;10.22702;0.72568;0.07096;7.38565;499.94751;442.84793;456.20999;458.40097;18.08998;36.13146;35.95688;29.61069;20.72656;20.66354;0.41756;0.84696; 
59.93465;62.6854;65.10268;64.73403;68.97157;74.91883;74.91883;-36.77397;-73.1213;2558.68994;2511.65234;1;2537.87988;-36.5;-73;10.22679;0.72572;0.07096;7.38313;499.98721;442.84152;456.22601;458.41534;18.08717;36.1387;35.96235;29.61109;20.7286;20.66491;0.41753;0.84721; 
59.93449;62.687;65.1157;64.747;68.97137;74.93381;74.93382;-36.77393;-73.12167;2570.37646;2524.7478;1;2549.56641;-36.5;-73;10.22651;0.7257;0.07096;7.38366;500.04056;442.83649;456.21783;458.41595;18.07625;36.15007;35.96578;29.60889;20.72738;20.66415;0.4174;0.84756; 
59.93604;62.68806;65.12804;64.75933;68.97316;74.94801;74.94803;-36.7739;-73.12204;2581.94019;2537.69727;1;2561.13159;-36.5;-73;10.2265;0.72563;0.07096;7.38349;500.01627;442.81409;456.19284;458.39008;18.06562;36.15455;35.96177;29.60558;20.72434;20.66174;0.41725;0.84765; 
59.9367;62.6875;65.13879;64.77019;68.97393;74.96038;74.96039;-36.77387;-73.12241;2593.58057;2549.37256;1;2572.76807;-36.5;-73;10.22725;0.72562;0.07095;7.38606;499.983;442.80194;456.18857;458.3923;18.07329;36.14444;35.95921;29.60575;20.72376;20.66233;0.41735;0.84736; 
59.93597;62.68591;65.14859;64.78014;68.97308;74.97166;74.97166;-36.77385;-73.12279;2605.34644;2561.06812;1;2584.53247;-36.5;-73;10.2277;0.72566;0.07095;7.38503;499.95932;442.79288;456.19962;458.40237;18.08382;36.13506;35.95943;29.60735;20.72557;20.6638;0.41748;0.84712; 
59.93494;62.6858;65.1601;64.79176;68.9719;74.98492;74.98492;-36.77382;-73.12317;2617.28516;2572.94653;1;2596.48267;-36.5;-73;10.22745;0.72568;0.07095;7.38424;499.99167;442.79196;456.21371;458.41638;18.08242;36.1403;35.96377;29.60793;20.72743;20.66475;0.41746;0.8473; 
59.93478;62.68673;65.17243;64.80407;68.97172;74.9991;74.9991;-36.7738;-73.12354;2628.9917;2585.37695;1;2608.18408;-36.5;-73;10.22699;0.72567;0.07096;7.38344;500.0289;442.77933;456.21082;458.4137;18.06966;36.15383;35.96695;29.60594;20.72701;20.66425;0.4173;0.8477; 
59.93528;62.68703;65.18412;64.81577;68.97228;75.01254;75.01254;-36.77378;-73.12392;2640.74243;2598.84912;1;2619.93286;-36.5;-73;10.22709;0.72563;0.07095;7.38557;500.00974;442.75925;456.19159;458.40094;18.06298;36.15659;35.96446;29.60383;20.72487;20.66339;0.4172;0.84776; 
59.93584;62.68651;65.19492;64.82669;68.97294;75.02497;75.02498;-36.77377;-73.12429;2652.45142;2611.88892;1;2631.6438;-36.5;-73;10.22787;0.72563;0.07095;7.38319;499.9892;442.74957;456.19333;458.40417;18.07231;36.14569;35.9632;29.6042;20.72491;20.6639;0.41732;0.84747; 
59.93531;62.68618;65.20602;64.83787;68.97233;75.03774;75.03773;-36.77376;-73.12467;2664.29126;2624.44336;1;2643.47949;-36.5;-73;10.22799;0.72565;0.07095;7.38445;499.99051;442.7453;456.19641;458.41711;18.07554;36.14367;35.96436;29.60474;20.72561;20.66493;0.41736;0.84743; 
59.9351;62.686;65.21712;64.84906;68.97208;75.05054;75.05054;-36.77375;-73.12505;2675.93115;2636.78882;1;2655.12109;-36.5;-73;10.22773;0.72565;0.07095;7.38279;500.00034;442.73392;456.19815;458.42004;18.07038;36.14986;35.96619;29.60418;20.72609;20.66529;0.41729;0.84761; 
59.93461;62.6861;65.22875;64.86073;68.97152;75.0639;75.0639;-36.77375;-73.12543;2687.81152;2649.28296;1;2667.00244;-36.5;-73;10.22786;0.72565;0.07095;7.38373;500.02057;442.72351;456.19351;458.42783;18.06828;36.1525;35.96832;29.60344;20.72573;20.66598;0.41727;0.84772; 
59.9345;62.68652;65.24052;64.87252;68.9714;75.07745;75.07745;-36.77374;-73.1258;2699.50562;2660.81641;1;2678.69751;-36.5;-73;10.22797;0.72563;0.07095;7.38358;500.02441;442.7106;456.18518;458.42694;18.06496;36.15437;35.96841;29.6021;20.72475;20.66578;0.41723;0.84777; 
59.93468;62.68663;65.25211;64.88417;68.9716;75.09079;75.09079;-36.77374;-73.12618;2711.33472;2672.26709;1;2690.5271;-36.5;-73;10.2282;0.72562;0.07094;7.38257;500.01825;442.69891;456.17828;458.42563;18.06474;36.15298;35.96782;29.60123;20.72403;20.66562;0.41722;0.84774; 
59.93531;62.68657;65.26354;64.89569;68.97233;75.10394;75.10394;-36.77375;-73.12656;2723.15674;2683.71411;1;2702.35254;-36.5;-73;10.22849;0.72561;0.07094;7.38199;500.00705;442.68839;456.17535;458.42761;18.06656;36.14988;35.96715;29.60084;20.72374;20.66575;0.41724;0.84766; 
59.93526;62.68616;65.27433;64.90657;68.97227;75.11636;75.11637;-36.77375;-73.12693;2734.71094;2694.90405;1;2713.90747;-36.5;-73;10.22855;0.72562;0.07094;7.38476;499.99677;442.68146;456.17419;458.43713;18.0675;36.1492;35.96712;29.60115;20.72393;20.6667;0.41725;0.84764; 
59.93472;62.68555;65.28499;64.91733;68.97164;75.12862;75.12862;-36.77376;-73.1273;2746.3291;2713.8894;1;2725.53491;-36.5;-73;10.22853;0.72563;0.07094;7.38259;499.99585;442.66867;456.1803;458.44138;18.06629;36.15145;35.96854;29.60119;20.72487;20.66748;0.41723;0.84772; 
59.93398;62.6855;65.29638;64.92876;68.97079;75.14174;75.14174;-36.77377;-73.12768;2758.09546;2733.36743;1;2737.29688;-36.5;-73;10.22867;0.72564;0.07094;7.38147;500.02292;442.66147;456.18536;458.44943;18.06639;36.15314;35.97172;29.601;20.7255;20.66817;0.41723;0.8478; 
59.93402;62.68599;65.30842;64.94081;68.97085;75.15559;75.15558;-36.77378;-73.12806;2769.9436;2742.46167;1;2749.13989;-36.5;-73;10.22856;0.72562;0.07094;7.38168;500.03177;442.65045;456.17633;458.44342;18.06037;36.158;35.97202;29.59948;20.7246;20.66743;0.41715;0.84794; 
59.93412;62.68638;65.32026;64.95271;68.97096;75.16921;75.16922;-36.7738;-73.12843;2781.6875;2750.72705;1;2760.87939;-36.5;-73;10.22872;0.7256;0.07094;7.38199;500.02957;442.63635;456.16721;458.4379;18.05722;36.15904;35.97147;29.59804;20.72353;20.66685;0.41711;0.84797; 
59.93481;62.68652;65.33192;64.96442;68.97175;75.18263;75.18264;-36.77382;-73.12881;2793.49146;2759.02466;1;2772.69043;-36.5;-73;10.22904;0.72559;0.07093;7.38301;500.02704;442.62439;456.16354;458.43686;18.05781;36.15708;35.97132;29.59725;20.72306;20.66667;0.41712;0.84793; 
59.93472;62.68638;65.34303;64.97561;68.97164;75.19541;75.19541;-36.77385;-73.12918;2805.0498;2767.13965;1;2784.23999;-36.5;-73;10.22919;0.72558;0.07093;7.38204;500.01846;442.61346;456.16534;458.43652;18.05809;36.15621;35.9712;29.59694;20.72327;20.66675;0.41712;0.84791; 
59.93476;62.68552;65.35352;64.98621;68.97169;75.2075;75.2075;-36.77387;-73.12955;2816.73462;2776.69287;1;2795.93066;-36.5;-73;10.22915;0.72559;0.07093;7.38172;500.00171;442.59827;456.16171;458.43365;18.05668;36.15715;35.97078;29.59662;20.72344;20.66704;0.41709;0.84794; 
59.93394;62.68504;65.36456;64.99735;68.97076;75.2202;75.2202;-36.7739;-73.12994;2828.56177;2788.20044;1;2807.7561;-36.5;-73;10.22934;0.72561;0.07093;7.38087;500.021;442.59058;456.17181;458.44644;18.05891;36.15737;35.974;29.5971;20.7247;20.66837;0.41712;0.84799; 
59.93352;62.68557;65.3765;65.0093;68.97027;75.23393;75.23393;-36.77393;-73.1303;2840.22363;2799.54053;1;2819.41821;-36.5;-73;10.22924;0.7256;0.07093;7.38019;500.03574;442.58691;456.16776;458.44778;18.05515;36.16109;35.97492;29.5963;20.72427;20.66812;0.41708;0.84809; 
59.93351;62.68605;65.38838;65.02121;68.97025;75.24761;75.24761;-36.77397;-73.13068;2851.87744;2810.86621;1;2831.06885;-36.5;-73;10.22929;0.72558;0.07093;7.37957;500.03787;442.57385;456.16028;458.44553;18.05084;36.16394;35.9749;29.59495;20.72339;20.66773;0.41702;0.84818; 
59.93432;62.68616;65.39988;65.03277;68.97119;75.26083;75.26083;-36.77401;-73.13105;2863.52344;2822.17725;1;2842.71484;-36.5;-73;10.22948;0.72557;0.07093;7.38081;500.03424;442.55682;456.15134;458.44473;18.0483;36.16475;35.97473;29.59368;20.72246;20.66775;0.41698;0.84821; 
59.93431;62.68577;65.41097;65.04396;68.97117;75.27361;75.27361;-36.77404;-73.13142;2875.2793;2833.66064;1;2854.46069;-36.5;-73;10.22979;0.72556;0.07093;7.38154;500.01651;442.54706;456.14575;458.44907;18.05088;36.16088;35.97357;29.59359;20.72201;20.66832;0.41701;0.8481; 
59.93409;62.68556;65.42202;65.05508;68.97092;75.28632;75.28631;-36.77409;-73.13179;2886.81738;2846.73853;1;2866.01196;-36.5;-73;10.23009;0.72557;0.07093;7.378;500.03101;442.5372;456.15195;458.4567;18.05425;36.15866;35.97593;29.59353;20.72282;20.66896;0.41706;0.84807; 
59.93382;62.68582;65.43383;65.06694;68.97061;75.29991;75.29991;-36.77414;-73.13216;2898.60596;2860.11304;1;2877.79443;-36.5;-73;10.22973;0.72556;0.07093;7.3806;500.02759;442.52863;456.14401;458.45694;18.04693;36.16533;35.97559;29.59258;20.72218;20.66886;0.41696;0.84824; 
59.93364;62.68536;65.44472;65.07792;68.97041;75.31244;75.31244;-36.77418;-73.13253;2910.20044;2873.27979;1;2889.38525;-36.5;-73;10.23015;0.72557;0.07092;7.3768;500.03052;442.51627;456.15005;458.46521;18.0503;36.16256;35.9771;29.59273;20.7228;20.66991;0.417;0.8482; 
59.93416;62.68616;65.45712;65.09035;68.971;75.32671;75.32671;-36.77423;-73.1329;2921.99707;2886.68799;1;2901.18726;-36.5;-73;10.23015;0.72556;0.07092;7.37921;500.05182;442.51294;456.14603;458.47415;18.04744;36.16565;35.97864;29.59194;20.72224;20.6701;0.41697;0.8483; 
59.93429;62.68585;65.46832;65.10162;68.97115;75.3396;75.3396;-36.77429;-73.13328;2933.76904;2900.08081;1;2912.95703;-36.5;-73;10.23022;0.72554;0.07092;7.3801;500.02991;442.49115;456.1355;458.46564;18.04349;36.16707;35.97719;29.59056;20.72139;20.66975;0.41691;0.84833; 
59.93399;62.68581;65.47987;65.11326;68.9708;75.35289;75.35288;-36.77435;-73.13365;2945.57617;2913.52588;1;2924.76685;-36.5;-73;10.23067;0.72555;0.07092;7.37772;500.03238;442.48627;456.14474;458.47791;18.04827;36.16292;35.97839;29.59109;20.7221;20.67076;0.41697;0.84824; 
59.93414;62.68565;65.49115;65.1246;68.97099;75.36588;75.36588;-36.77441;-73.13402;2957.28784;2928.85645;1;2936.47876;-36.5;-73;10.23058;0.72555;0.07092;7.37974;500.03656;442.47717;456.14151;458.48065;18.0458;36.16566;35.97959;29.59057;20.72224;20.67092;0.41693;0.84833; 
59.93373;62.68554;65.5024;65.13591;68.9705;75.37881;75.37881;-36.77447;-73.13438;2968.95215;2946.00513;1;2948.14844;-36.5;-73;10.23052;0.72555;0.07092;7.37888;500.0416;442.46115;456.14148;458.47949;18.04078;36.17069;35.98111;29.58963;20.72245;20.67099;0.41686;0.8485; 
59.93359;62.68507;65.5134;65.147;68.97034;75.39148;75.39148;-36.77454;-73.13476;2980.74707;2963.35547;1;2959.93994;-36.5;-73;10.23053;0.72555;0.07092;7.3772;500.03253;442.44595;456.14252;458.47592;18.03772;36.17335;35.9814;29.58911;20.72274;20.67117;0.41681;0.84858; 
59.93312;62.68476;65.52462;65.15828;68.96981;75.40439;75.40439;-36.7746;-73.13512;2992.57397;2974.89551;1;2971.76465;-36.5;-73;10.23068;0.72556;0.07092;7.37834;500.03848;442.43973;456.14264;458.48468;18.03844;36.17344;35.98285;29.58918;20.72303;20.67201;0.41682;0.8486; 
59.93297;62.68497;65.53645;65.17014;68.96963;75.418;75.41799;-36.77468;-73.1355;3004.46729;2986.16919;1;2983.65625;-36.5;-73;10.2307;0.72555;0.07092;7.37638;500.05093;442.42709;456.14331;458.48541;18.03483;36.17714;35.98473;29.58821;20.7232;20.67196;0.41677;0.84873; 
59.9329;62.6853;65.54833;65.18208;68.96955;75.43168;75.43168;-36.77475;-73.13587;3016.28784;2997.37183;1;2995.4707;-36.5;-73;10.23073;0.72553;0.07092;7.37711;500.05719;442.41171;456.13608;458.48151;18.02947;36.18121;35.98556;29.58668;20.72251;20.67154;0.4167;0.84886; 
59.93336;62.68517;65.55949;65.1933;68.97008;75.44451;75.44451;-36.77483;-73.13623;3027.86353;3008.34131;1;3007.05615;-36.5;-73;10.23082;0.72552;0.07092;7.37772;500.04077;442.39941;456.13058;458.47803;18.02721;36.18188;35.98447;29.58598;20.72202;20.67143;0.41666;0.84887; 
59.93322;62.68487;65.57073;65.20464;68.96992;75.45745;75.45746;-36.77491;-73.1366;3039.66821;3019.52661;1;3018.86768;-36.5;-73;10.23121;0.72554;0.07091;7.37595;500.04544;442.39005;456.13779;458.49048;18.03084;36.17912;35.98631;29.58627;20.72278;20.6726;0.4167;0.84883; 
59.93317;62.68471;65.58203;65.216;68.96986;75.47046;75.47047;-36.77499;-73.13696;3051.39307;3030.63477;1;3030.58545;-36.5;-73;10.23099;0.72552;0.07091;7.37594;500.03555;442.37891;456.13095;458.48822;18.02593;36.18322;35.98597;29.58545;20.72247;20.67246;0.41663;0.84894; 
59.93252;62.68402;65.59283;65.22688;68.96912;75.48289;75.48287;-36.77508;-73.13732;3063.16919;3041.79004;1;3042.36304;-36.5;-73;10.23127;0.72554;0.07091;7.37583;500.03726;442.3653;456.13428;458.50021;18.02774;36.18243;35.98792;29.58567;20.72315;20.67394;0.41665;0.84895; 
59.9317;62.68397;65.60435;65.23846;68.96817;75.49614;75.49614;-36.77517;-73.13769;3074.9834;3052.98022;1;3054.17676;-36.5;-73;10.23132;0.72555;0.07091;7.37418;500.0528;442.35757;456.13379;458.50711;18.0266;36.18443;35.99012;29.58524;20.72339;20.67443;0.41663;0.84904; 
59.93167;62.68504;65.6169;65.251;68.96814;75.51058;75.51057;-36.77526;-73.13805;3086.65869;3064.03784;1;3065.85327;-36.5;-73;10.23118;0.72553;0.07091;7.37475;500.07968;442.34766;456.1282;458.51151;18.01823;36.19263;35.99248;29.58355;20.72265;20.67422;0.41653;0.84929; 
59.93256;62.68549;65.62884;65.26299;68.96915;75.52431;75.52432;-36.77535;-73.1384;3098.3457;3075.24487;1;3077.54126;-36.5;-73;10.23125;0.72549;0.07091;7.37359;500.07056;442.3251;456.11432;458.50137;18.0106;36.19701;35.99151;29.58123;20.72105;20.67343;0.41642;0.84941; 
59.93318;62.68539;65.64026;65.2745;68.96987;75.53747;75.53747;-36.77545;-73.13876;3110.10791;3086.52905;1;3089.30054;-36.5;-73;10.23172;0.72549;0.07091;7.37686;500.04727;442.31909;456.10898;458.51102;18.01488;36.19107;35.98969;29.58145;20.72035;20.6743;0.41647;0.84924; 
59.93313;62.6842;65.65042;65.2848;68.96982;75.54916;75.54916;-36.77555;-73.13911;3121.74097;3097.68945;1;3100.93799;-36.5;-73;10.23207;0.7255;0.0709;7.37313;500.02216;442.30267;456.11575;458.51315;18.02031;36.18544;35.98952;29.58193;20.72153;20.67509;0.41653;0.8491; 
59.93186;62.68396;65.66177;65.29623;68.96836;75.56221;75.56221;-36.77565;-73.13947;3133.5498;3109.01904;1;3112.74976;-36.5;-73;10.23203;0.72553;0.07091;7.37355;500.05142;442.29913;456.12982;458.53064;18.02058;36.18875;35.99407;29.58252;20.72332;20.67647;0.41654;0.84924; 
59.93165;62.68466;65.67414;65.3086;68.96811;75.57645;75.57645;-36.77576;-73.13983;3145.4043;3120.39258;1;3124.59741;-36.5;-73;10.23161;0.72552;0.07091;7.37357;500.07281;442.29129;456.12601;458.53061;18.01009;36.19962;35.99613;29.58115;20.723;20.67613;0.41639;0.84955; 
59.9319;62.68455;65.68555;65.32006;68.96841;75.58958;75.58958;-36.77587;-73.14019;3157.125;3131.63794;1;3136.31689;-36.5;-73;10.23167;0.72549;0.07091;7.37317;500.06287;442.26788;456.11414;458.51837;18.00369;36.20348;35.9956;29.57923;20.72193;20.67547;0.4163;0.84967; 
59.93168;62.68434;65.69682;65.3314;68.96815;75.60255;75.60254;-36.77598;-73.14054;3168.81494;3142.85474;1;3148.0061;-36.5;-73;10.23217;0.7255;0.0709;7.37312;500.06122;442.26071;456.117;458.52753;18.00797;36.19915;35.99626;29.57948;20.72211;20.67639;0.41636;0.84957; 
59.93166;62.68465;65.70872;65.34336;68.96813;75.61626;75.61625;-36.77609;-73.14089;3180.58252;3154.14624;1;3159.77588;-36.5;-73;10.23225;0.72549;0.0709;7.37139;500.07016;442.25076;456.11697;458.52859;18.00637;36.20048;35.99762;29.57863;20.72222;20.67612;0.41634;0.84963; 
59.93177;62.68456;65.71986;65.35456;68.96825;75.62906;75.62906;-36.7762;-73.14124;3192.00366;3165.16528;1;3171.20117;-36.5;-73;10.23206;0.72548;0.0709;7.37205;500.06104;442.2323;456.11255;458.52139;17.99928;36.20637;35.9976;29.57732;20.72198;20.67575;0.41623;0.84979; 
59.93174;62.68446;65.73133;65.36612;68.96822;75.64227;75.64227;-36.77632;-73.14158;3203.76025;3178.2749;1;3182.95898;-36.5;-73;10.23231;0.72548;0.0709;7.37036;500.0694;442.21997;456.11749;458.52728;17.99883;36.20728;35.99949;29.57697;20.72242;20.67644;0.41622;0.84985; 
59.93146;62.6842;65.74277;65.37765;68.9679;75.65544;75.65544;-36.77644;-73.14193;3215.6626;3189.94507;1;3194.85181;-36.5;-73;10.23243;0.72547;0.0709;7.37065;500.05765;442.20831;456.11539;458.52603;17.998;36.2072;35.99914;29.57652;20.72237;20.67651;0.4162;0.84985; 
59.93118;62.68425;65.7543;65.38923;68.96758;75.66871;75.66871;-36.77657;-73.14227;3227.28418;3197.67261;1;3206.47705;-36.5;-73;10.23243;0.72548;0.0709;7.37018;500.06851;442.20172;456.11633;458.53613;17.99591;36.2102;36.00097;29.57629;20.72261;20.67727;0.41617;0.84995; 
59.93116;62.68442;65.76608;65.40105;68.96755;75.68225;75.68225;-36.7767;-73.14262;3239.02979;3209.92993;0;3218.22363;-36.5;-73;10.23252;0.72547;0.0709;7.37074;500.07117;442.18991;456.10989;458.53836;17.99316;36.21207;36.0016;29.57531;20.72208;20.67734;0.41614;0.85002; 
59.93113;62.68436;65.77764;65.41268;68.96751;75.69556;75.69556;-36.77682;-73.14297;3250.82324;3222.63184;0;3230.01611;-36.5;-73;10.23265;0.72547;0.0709;7.37089;500.07147;442.17612;456.10815;458.54449;17.99115;36.21385;36.00261;29.5747;20.722;20.67797;0.4161;0.85009; 
59.93113;62.6844;65.78922;65.42433;68.96751;75.70889;75.70889;-36.77695;-73.1433;3262.51099;3235.20898;0;3241.70703;-36.5;-73;10.23291;0.72547;0.0709;7.36981;500.0788;442.1644;456.10638;458.55057;17.99103;36.21375;36.00403;29.57409;20.7219;20.67844;0.4161;0.85012; 
59.93114;62.68469;65.80104;65.4362;68.96753;75.7225;75.7225;-36.77709;-73.14365;3274.17041;3247.74512;0;3253.36572;-36.5;-73;10.23285;0.72545;0.07089;7.36764;500.0806;442.14822;456.10016;458.54529;17.98535;36.21807;36.00455;29.57251;20.72137;20.67788;0.41602;0.85025; 
59.93174;62.68467;65.81266;65.44788;68.96822;75.73586;75.73586;-36.77723;-73.14398;3285.97778;3260.42969;0;3265.16992;-36.5;-73;10.23286;0.72543;0.07089;7.36897;500.06818;442.13644;456.09198;458.54855;17.9816;36.22057;36.00385;29.57179;20.72061;20.6783;0.41596;0.85031; 
59.93127;62.68449;65.82415;65.45947;68.96768;75.74908;75.74908;-36.77737;-73.14433;3297.87988;3273.20483;0;3277.06958;-36.5;-73;10.23334;0.72545;0.07089;7.36873;500.07593;442.12863;456.09882;458.56421;17.98646;36.21668;36.00585;29.57218;20.72126;20.67966;0.41603;0.85024; 
59.93121;62.68447;65.8357;65.47108;68.96761;75.76237;75.76237;-36.77751;-73.14466;3309.66528;3285.84375;0;3288.85522;-36.5;-73;10.23321;0.72544;0.07089;7.3691;500.06961;442.11777;456.09387;458.56512;17.98237;36.22012;36.00591;29.57144;20.72104;20.67969;0.41597;0.85034; 
59.93081;62.68463;65.84731;65.48275;68.96715;75.77574;75.77573;-36.77766;-73.145;3321.31738;3298.32837;0;3300.50122;-36.5;-73;10.23325;0.72544;0.07089;7.36987;500.08319;442.10913;456.09561;458.57379;17.97974;36.22355;36.00801;29.57102;20.72129;20.68034;0.41593;0.85046; 
59.93095;62.6847;65.85899;65.49448;68.96731;75.78918;75.78917;-36.77781;-73.14532;3333.12476;3310.96851;0;3312.31128;-36.5;-73;10.23337;0.72543;0.07089;7.3683;500.08868;442.0943;456.09583;458.57346;17.9768;36.22606;36.00932;29.57007;20.72131;20.68039;0.41589;0.85055; 
59.9313;62.68444;65.87022;65.50578;68.96772;75.80209;75.80209;-36.77795;-73.14565;3344.8064;3322.34082;0;3323.99756;-36.5;-73;10.23339;0.72542;0.07089;7.36929;500.07281;442.07645;456.08865;458.56528;17.973;36.22796;36.00846;29.56889;20.7208;20.67997;0.41583;0.8506; 
59.93066;62.68392;65.88133;65.51699;68.96698;75.81489;75.81489;-36.77811;-73.14599;3356.67383;3333.82813;0;3335.86743;-36.5;-73;10.23373;0.72544;0.07089;7.36706;500.0751;442.06927;456.09708;458.57559;17.97678;36.2254;36.01015;29.56948;20.72181;20.6811;0.41588;0.85056; 
59.92999;62.68435;65.89347;65.52917;68.9662;75.82885;75.82886;-36.77827;-73.14632;3368.52734;3345.30933;0;3347.71558;-36.5;-73;10.23379;0.72544;0.07089;7.3667;500.10092;442.06226;456.10245;458.586;17.97451;36.22905;36.01338;29.56901;20.72236;20.68162;0.41585;0.8507; 
59.93048;62.68507;65.90567;65.54139;68.96677;75.8429;75.8429;-36.77842;-73.14664;3380.15308;3356.57666;0;3359.33887;-36.5;-73;10.23347;0.72541;0.07089;7.36627;500.1044;442.04785;456.09222;458.57657;17.96391;36.23789;36.01345;29.56696;20.72131;20.68054;0.41571;0.85094; 
59.93118;62.68489;65.91708;65.55287;68.96758;75.85602;75.85603;-36.77858;-73.14697;3391.91284;3367.98169;0;3371.10474;-36.5;-73;10.23369;0.72539;0.07088;7.36663;500.086;442.02893;456.08545;458.56894;17.96121;36.23823;36.01226;29.56578;20.72059;20.68025;0.41566;0.85095; 
59.93113;62.68451;65.92815;65.56404;68.96751;75.86877;75.86877;-36.77875;-73.14729;3403.57056;3379.29395;0;3382.75928;-36.5;-73;10.2341;0.72539;0.07088;7.36521;500.0751;442.01901;456.08957;458.57333;17.96544;36.23359;36.01235;29.56596;20.72106;20.68079;0.41571;0.85084; 
59.93073;62.68399;65.93923;65.57522;68.96706;75.88152;75.88152;-36.77891;-73.1476;3415.33374;3390.71606;0;3394.53003;-36.5;-73;10.23405;0.72541;0.07088;7.36623;500.0712;442.01056;456.09094;458.58221;17.96469;36.23521;36.01337;29.56616;20.72165;20.68174;0.41569;0.8509; 
59.93022;62.68419;65.95097;65.58701;68.96647;75.89503;75.89503;-36.77908;-73.14792;3427.02856;3402.07886;0;3406.22192;-36.5;-73;10.23422;0.72542;0.07088;7.36483;500.10526;442.0011;456.09686;458.59723;17.96363;36.23837;36.01778;29.56579;20.72238;20.68282;0.41569;0.85104; 
59.93026;62.68475;65.96316;65.5992;68.96651;75.90905;75.90903;-36.77925;-73.14823;3438.76245;3413.48682;0;3417.95605;-36.5;-73;10.23392;0.72539;0.07088;7.36498;500.1077;441.98611;456.08463;458.59122;17.95336;36.24699;36.01788;29.56383;20.7212;20.68215;0.41554;0.85128; 
59.93044;62.68519;65.97526;65.61135;68.96672;75.92297;75.92297;-36.77942;-73.14854;3450.54028;3424.94507;0;3429.72803;-36.5;-73;10.23419;0.72537;0.07088;7.36648;500.10861;441.97232;456.07562;458.59421;17.95071;36.24792;36.01801;29.56256;20.72008;20.6823;0.41551;0.85132; 
59.9308;62.68493;65.98656;65.62276;68.96714;75.93599;75.936;-36.7796;-73.14886;3462.2373;3436.33179;0;3441.43042;-36.5;-73;10.23456;0.72536;0.07087;7.3638;500.08929;441.95554;456.0715;458.59021;17.95205;36.2444;36.01689;29.56174;20.71967;20.68215;0.41552;0.85123; 
59.931;62.68481;65.99828;65.63456;68.96736;75.94947;75.94947;-36.77978;-73.14917;3474.22119;3449.18091;0;3453.41284;-36.5;-73;10.23474;0.72537;0.07087;7.36446;500.09088;441.94998;456.07425;458.60495;17.95386;36.24338;36.01814;29.56206;20.72012;20.68333;0.41554;0.85122; 
59.9307;62.68469;66.00986;65.64622;68.96703;75.9628;75.9628;-36.77996;-73.14948;3486.04248;3461.96777;0;3465.22632;-36.5;-73;10.23472;0.72536;0.07087;7.36267;500.09521;441.93472;456.07452;458.60666;17.95037;36.24693;36.01971;29.56123;20.72041;20.68353;0.41549;0.85134; 
59.93032;62.68463;66.02142;65.65783;68.96658;75.97609;75.97608;-36.78014;-73.14979;3497.77466;3474.65747;0;3476.96167;-36.5;-73;10.23473;0.72537;0.07087;7.36259;500.09872;441.92374;456.07468;458.61368;17.9472;36.25047;36.02102;29.56083;20.72052;20.68427;0.41544;0.85145; 
59.93011;62.68462;66.03309;65.66957;68.96635;75.98952;75.98952;-36.78033;-73.15009;3509.56494;3487.40869;0;3488.75195;-36.5;-73;10.23488;0.72536;0.07087;7.36334;500.1033;441.91296;456.07233;458.61816;17.94589;36.25157;36.02212;29.56023;20.72039;20.68466;0.41542;0.8515; 
59.93031;62.68441;66.04438;65.68092;68.96657;76.00252;76.00251;-36.78051;-73.15039;3521.18896;3499.6189;0;3500.37744;-36.5;-73;10.23495;0.72536;0.07087;7.36149;500.1011;441.89835;456.07315;458.61563;17.94366;36.25338;36.02288;29.55949;20.72063;20.68464;0.41539;0.85157; 
59.92999;62.68461;66.05611;65.6927;68.96621;76.01601;76.01601;-36.7807;-73.15069;3532.79639;3510.82153;0;3511.9873;-36.5;-73;10.23502;0.72536;0.07087;7.3633;500.1123;441.89142;456.07135;458.62384;17.94174;36.25566;36.02447;29.55905;20.72056;20.68517;0.41536;0.85166; 
59.93014;62.68526;66.06842;65.70506;68.96637;76.03018;76.03019;-36.78089;-73.15098;3544.50562;3522.04053;0;3523.69482;-36.5;-73;10.23499;0.72534;0.07087;7.36348;500.12393;441.88004;456.0686;458.62375;17.93579;36.26092;36.02571;29.55772;20.72013;20.68483;0.41528;0.85182; 
59.93096;62.68518;66.08018;65.71687;68.96732;76.04371;76.04371;-36.78109;-73.15128;3556.43164;3532.18311;0;3535.62622;-36.5;-73;10.23504;0.72532;0.07087;7.3608;500.10104;441.86136;456.06244;458.61203;17.93136;36.26276;36.02402;29.55641;20.71948;20.68412;0.41521;0.85186; 
59.93065;62.68431;66.09085;65.72765;68.96696;76.056;76.05598;-36.78128;-73.15157;3568.09766;3542.06519;0;3547.29053;-36.5;-73;10.23557;0.72533;0.07086;7.35984;500.09039;441.8475;456.06827;458.61893;17.93745;36.25681;36.02479;29.55685;20.72032;20.68518;0.41529;0.85172; 
59.92999;62.68419;66.10243;65.73932;68.96621;76.06933;76.06934;-36.78148;-73.15186;3579.87524;3551.58179;0;3559.0769;-36.5;-73;10.23555;0.72535;0.07087;7.35991;500.10962;441.84384;456.07492;458.63058;17.93709;36.2593;36.02778;29.55706;20.72135;20.686;0.41528;0.85182; 
59.92969;62.6847;66.11468;65.75159;68.96586;76.08341;76.08341;-36.78168;-73.15215;3591.64868;3561.10229;0;3570.84351;-36.5;-73;10.23511;0.72533;0.07087;7.35888;500.11725;441.8273;456.07022;458.62051;17.92539;36.27012;36.02881;29.55511;20.72097;20.68503;0.41513;0.85213; 
59.92977;62.68511;66.12676;65.7637;68.96595;76.09732;76.09731;-36.78189;-73.15244;3603.36108;3570.58105;0;3582.55615;-36.5;-73;10.23536;0.72532;0.07086;7.36051;500.13126;441.81439;456.06339;458.6301;17.92215;36.2729;36.03046;29.55406;20.72013;20.68578;0.41509;0.85224; 
59.93005;62.68485;66.13809;65.77512;68.96627;76.11036;76.11036;-36.78209;-73.15271;3615.05933;3580.05566;0;3594.24878;-36.5;-73;10.23578;0.72531;0.07086;7.35911;500.11731;441.79794;456.05853;458.62851;17.92366;36.26949;36.02984;29.5533;20.71965;20.68588;0.4151;0.85216; 
59.93001;62.68452;66.14928;65.7864;68.96622;76.12324;76.12324;-36.7823;-73.15299;3626.73682;3589.52173;0;3605.92456;-36.5;-73;10.23585;0.72531;0.07086;7.35923;500.10223;441.78964;456.0564;458.63354;17.92392;36.26872;36.02931;29.55327;20.71968;20.68641;0.4151;0.85213; 
59.92978;62.68435;66.16076;65.79796;68.96596;76.13645;76.13645;-36.78251;-73.15327;3638.52026;3599.0813;0;3617.72095;-36.5;-73;10.23596;0.72532;0.07086;7.35785;500.11374;441.77988;456.05966;458.64343;17.92379;36.26992;36.03165;29.55311;20.7203;20.68723;0.41509;0.8522; 
59.92953;62.68458;66.17272;65.80997;68.96568;76.15022;76.15022;-36.78272;-73.15355;3650.36987;3607.44287;0;3629.56665;-36.5;-73;10.23586;0.72531;0.07086;7.35828;500.12659;441.76593;456.05725;458.64819;17.91777;36.27619;36.03368;29.55204;20.72021;20.68758;0.41501;0.8524; 
59.92931;62.68497;66.18485;65.82214;68.96542;76.16418;76.16418;-36.78294;-73.15382;3662.20337;3614.87524;0;3641.38965;-36.5;-73;10.23592;0.7253;0.07086;7.35821;500.13229;441.75293;456.05161;458.65155;17.91303;36.28006;36.0345;29.55086;20.71951;20.68779;0.41495;0.85252; 
59.92971;62.68522;66.1967;65.83405;68.96587;76.17781;76.17781;-36.78315;-73.15409;3673.9165;3622.23999;0;3653.10645;-36.5;-73;10.23619;0.72528;0.07085;7.35791;500.12961;441.74319;456.0477;458.65491;17.91281;36.27911;36.0345;29.55018;20.71899;20.68796;0.41495;0.8525; 
59.92981;62.6848;66.20786;65.84531;68.96599;76.19065;76.19066;-36.78337;-73.15436;3685.61938;3629.60547;0;3664.81421;-36.5;-73;10.23647;0.72528;0.07085;7.35569;500.11987;441.72714;456.047;458.65768;17.91389;36.27731;36.03484;29.54974;20.71913;20.68844;0.41496;0.85247; 
59.93007;62.68475;66.21941;65.85691;68.96629;76.20395;76.20394;-36.78359;-73.15462;3697.3103;3639.26416;0;3676.50586;-36.5;-73;10.2365;0.72529;0.07085;7.35665;500.12582;441.71671;456.04767;458.66318;17.91202;36.2795;36.03635;29.54927;20.71941;20.68888;0.41493;0.85255; 
59.92981;62.6846;66.23086;65.86843;68.96599;76.21711;76.21711;-36.78381;-73.15488;3708.99927;3651.32202;0;3688.19287;-36.5;-73;10.23642;0.72528;0.07085;7.35592;500.12323;441.7027;456.04681;458.66013;17.90767;36.28345;36.03699;29.54844;20.71953;20.68876;0.41487;0.85267; 
59.92916;62.68489;66.24287;65.88049;68.96526;76.23093;76.23093;-36.78404;-73.15514;3720.79419;3666.89941;0;3699.98486;-36.5;-73;10.23654;0.72528;0.07085;7.3564;500.14371;441.69659;456.04816;458.67111;17.90584;36.28633;36.03954;29.54809;20.71967;20.68952;0.41485;0.85278; 
59.92931;62.68568;66.25544;65.8931;68.96542;76.2454;76.24541;-36.78426;-73.1554;3732.60425;3679.7251;0;3711.79395;-36.5;-73;10.23656;0.72526;0.07085;7.35555;500.15366;441.68222;456.04483;458.66699;17.89966;36.29113;36.0405;29.5464;20.71909;20.68881;0.41477;0.85293; 
59.93039;62.68549;66.26705;65.90479;68.96666;76.25877;76.25877;-36.7845;-73.15566;3744.49854;3683.6748;0;3723.69287;-36.5;-73;10.23672;0.72524;0.07085;7.35589;500.13016;441.66522;456.03738;458.65967;17.89716;36.2912;36.0388;29.54538;20.71837;20.68847;0.41472;0.85293; 
59.92965;62.68415;66.27722;65.91511;68.96581;76.27047;76.27048;-36.78473;-73.15591;3756.14697;3699.13745;0;3735.33545;-36.5;-73;10.23723;0.72526;0.07085;7.35454;500.10977;441.64844;456.04535;458.66644;17.90372;36.28493;36.03925;29.54614;20.71956;20.68985;0.4148;0.85278; 
59.92886;62.68474;66.28964;65.92756;68.9649;76.28477;76.28477;-36.78496;-73.15617;3768.00391;3719.80566;0;3747.19873;-36.5;-73;10.23719;0.72528;0.07085;7.35304;500.15021;441.65198;456.05634;458.68457;17.90327;36.28854;36.04378;29.54637;20.72078;20.69067;0.4148;0.85292; 
59.92906;62.68559;66.30221;65.94012;68.96513;76.29922;76.29921;-36.78519;-73.15641;3779.72217;3731.19775;0;3758.91479;-36.5;-73;10.23667;0.72524;0.07085;7.35205;500.16147;441.63129;456.0448;458.67032;17.88805;36.30198;36.04472;29.54356;20.71968;20.68921;0.4146;0.85331; 
59.93008;62.686;66.31445;65.95242;68.9663;76.31331;76.31332;-36.78543;-73.15665;3791.57471;3742.72339;0;3770.76514;-36.5;-73;10.23685;0.72522;0.07084;7.35481;500.15475;441.61581;456.034;458.67001;17.8827;36.3051;36.04403;29.54214;20.71826;20.68928;0.41453;0.85339; 
59.9302;62.68518;66.32531;65.9634;68.96645;76.32581;76.32582;-36.78567;-73.1569;3803.35278;3753.62134;0;3782.54248;-36.5;-73;10.23749;0.72522;0.07084;7.35474;500.12515;441.60153;456.03055;458.67334;17.8896;36.29637;36.04239;29.54232;20.71806;20.69006;0.41461;0.85315; 
59.92973;62.68497;66.33685;65.97503;68.9659;76.33909;76.33909;-36.78591;-73.15714;3815.14575;3763.97925;0;3794.33813;-36.5;-73;10.23783;0.72524;0.07084;7.35278;500.14343;441.59909;456.04099;458.69299;17.89536;36.29292;36.04562;29.54312;20.7194;20.69148;0.41469;0.8531; 
59.92957;62.6855;66.34929;65.98749;68.96572;76.3534;76.35339;-36.78616;-73.15737;3827.06104;3770.875;0;3806.2561;-36.5;-73;10.23728;0.72522;0.07084;7.35253;500.15762;441.58392;456.03561;458.69116;17.88326;36.30504;36.04752;29.54135;20.71913;20.69107;0.41453;0.85345; 
59.92983;62.68547;66.36118;65.99945;68.96602;76.36709;76.36709;-36.7864;-73.15761;3838.99316;3768.66089;0;3818.18799;-36.5;-73;10.23728;0.7252;0.07084;7.35242;500.14844;441.5639;456.02658;458.68768;17.87665;36.30988;36.04723;29.53988;20.71822;20.69114;0.41443;0.85359; 
59.92923;62.68511;66.37259;66.01096;68.96533;76.38022;76.38022;-36.78665;-73.15784;3850.81372;3762.69971;0;3830.00024;-36.5;-73;10.23791;0.72522;0.07084;7.35136;500.14685;441.5545;456.02881;458.7005;17.8826;36.30394;36.04818;29.54019;20.71842;20.69242;0.41451;0.85346; 
59.92945;62.68542;66.38463;66.02303;68.96558;76.39407;76.39407;-36.7869;-73.15807;3862.5144;3761.08081;0;3841.7124;-36.5;-73;10.23798;0.72521;0.07084;7.35149;500.1568;441.54822;456.02722;458.70831;17.8817;36.30498;36.04958;29.53966;20.7184;20.69268;0.4145;0.8535; 
59.92972;62.68546;66.3966;66.03506;68.9659;76.40784;76.40784;-36.78715;-73.15829;3874.47046;3759.60352;0;3853.67017;-36.5;-73;10.23777;0.7252;0.07084;7.35274;500.15262;441.53064;456.02167;458.70782;17.8742;36.31168;36.05009;29.53841;20.71805;20.69279;0.41439;0.8537; 
59.9294;62.68482;66.40765;66.04622;68.96552;76.42056;76.42056;-36.7874;-73.15852;3886.18433;3757.5105;0;3865.37915;-36.5;-73;10.23809;0.7252;0.07083;7.35121;500.14355;441.51584;456.02426;458.71072;17.87591;36.30972;36.05063;29.53832;20.71846;20.69351;0.41441;0.85366; 
59.92886;62.68508;66.4196;66.05822;68.9649;76.43432;76.43432;-36.78765;-73.15873;3897.85645;3747.89941;0;3877.05127;-36.5;-73;10.23826;0.72521;0.07083;7.34931;500.16553;441.51251;456.02771;458.7207;17.8765;36.31036;36.05328;29.53816;20.71892;20.69399;0.41442;0.85372; 
59.92873;62.68554;66.43173;66.07037;68.96475;76.44828;76.44827;-36.78791;-73.15894;3909.49121;3738.13428;0;3888.68262;-36.5;-73;10.23809;0.7252;0.07083;7.34891;500.17795;441.49429;456.02576;458.71539;17.86817;36.31808;36.05505;29.53641;20.71875;20.69342;0.41431;0.85395; 
59.92928;62.68555;66.44347;66.08218;68.96539;76.46178;76.46178;-36.78816;-73.15916;3921.2019;3741.68945;0;3900.39624;-36.5;-73;10.23815;0.72517;0.07083;7.34927;500.16443;441.47711;456.01547;458.7077;17.86335;36.32059;36.05399;29.53498;20.71775;20.69297;0.41424;0.85402; 
59.9291;62.68499;66.45475;66.09357;68.96517;76.47477;76.47478;-36.78842;-73.15936;3933.02783;3745.31274;0;3912.21655;-36.5;-73;10.23848;0.72518;0.07083;7.34947;500.15442;441.46832;456.01834;458.71509;17.86658;36.31743;36.05428;29.53535;20.71819;20.6939;0.41428;0.85395; 
59.92877;62.68515;66.46675;66.10561;68.9648;76.48857;76.48856;-36.78868;-73.15957;3944.90039;3748.98364;0;3924.09595;-36.5;-73;10.2386;0.72519;0.07083;7.34864;500.17041;441.46005;456.02313;458.72223;17.86607;36.31884;36.05674;29.53502;20.71881;20.69427;0.41427;0.85402; 
59.92867;62.68612;66.47948;66.11836;68.96468;76.50323;76.50323;-36.78894;-73.15977;3956.65527;3752.65283;0;3935.84155;-36.5;-73;10.23833;0.72517;0.07083;7.34868;500.19052;441.45096;456.02036;458.72311;17.85682;36.32795;36.05858;29.53349;20.71838;20.69383;0.41416;0.85429; 
59.92949;62.6858;66.49099;66.12996;68.96563;76.51646;76.51646;-36.78921;-73.15997;3968.52808;3762.77051;0;3947.71826;-36.5;-73;10.23851;0.72514;0.07082;7.34786;500.16443;441.42343;456.01096;458.70993;17.85196;36.32955;36.05696;29.53173;20.71745;20.69326;0.41408;0.85433; 
59.92959;62.68557;66.50246;66.14152;68.96574;76.52967;76.52967;-36.78947;-73.16017;3980.29932;3795.80884;0;3959.49316;-36.5;-73;10.23897;0.72515;0.07082;7.34843;500.16318;441.42136;456.01422;458.72534;17.85778;36.32433;36.0577;29.53247;20.7178;20.69457;0.41416;0.8542; 
59.9291;62.68519;66.51384;66.15299;68.96517;76.54277;76.54277;-36.78974;-73.16036;3992.09937;3828.4519;0;3971.29614;-36.5;-73;10.23906;0.72516;0.07082;7.34621;500.1684;441.40793;456.01834;458.73248;17.85746;36.32549;36.05978;29.53225;20.71859;20.69528;0.41415;0.85427; 
59.92879;62.68556;66.52599;66.16518;68.96483;76.55676;76.55676;-36.79001;-73.16055;4003.89551;3861.06714;0;3983.09595;-36.5;-73;10.23887;0.72516;0.07082;7.34465;500.186;441.397;456.01474;458.73758;17.85077;36.33265;36.06199;29.53112;20.71841;20.69551;0.41406;0.85449; 
59.92933;62.68568;66.53793;66.17717;68.96544;76.57049;76.5705;-36.79028;-73.16074;4015.71729;3893.73291;0;3994.91919;-36.5;-73;10.23886;0.72514;0.07082;7.34852;500.18381;441.38031;456.00455;458.7384;17.84484;36.33721;36.06224;29.52978;20.71746;20.69572;0.41398;0.85463; 
59.92875;62.6854;66.54932;66.18863;68.96478;76.5836;76.58359;-36.79055;-73.16093;4027.41113;3925.62427;0;4006.60132;-36.5;-73;10.23924;0.72514;0.07082;7.34773;500.17563;441.36887;456.0032;458.74432;17.84696;36.33439;36.06234;29.52959;20.71734;20.69644;0.414;0.85456; 
59.92835;62.68537;66.56098;66.20036;68.96432;76.59702;76.59702;-36.79082;-73.1611;4039.11035;3938.61499;0;4018.2998;-36.5;-73;10.23946;0.72514;0.07082;7.34523;500.17953;441.36023;456.00516;458.75168;17.84815;36.33336;36.06359;29.52937;20.71766;20.69695;0.41402;0.85456; 
59.92873;62.6857;66.57304;66.21246;68.96475;76.61089;76.61088;-36.79109;-73.16129;4050.8252;3940.77539;0;4030.01709;-36.5;-73;10.23936;0.72513;0.07082;7.34411;500.18903;441.34357;455.99973;458.75089;17.84205;36.33878;36.06508;29.52784;20.71729;20.69671;0.41394;0.85473; 
59.92883;62.68623;66.58533;66.22479;68.96487;76.62503;76.62502;-36.79137;-73.16145;4062.53442;3942.98364;0;4041.72266;-36.5;-73;10.23934;0.72511;0.07082;7.34461;500.19376;441.33273;455.9939;458.7536;17.83643;36.34352;36.06564;29.52668;20.71657;20.69674;0.41386;0.85487; 
59.92916;62.68588;66.59658;66.23615;68.96526;76.63798;76.63799;-36.79164;-73.16162;4074.16724;3946.72144;0;4053.36011;-36.5;-73;10.23957;0.7251;0.07081;7.34574;500.17526;441.31494;455.98874;458.75058;17.83544;36.34269;36.06477;29.52587;20.71615;20.69684;0.41384;0.85485; 
59.92871;62.68534;66.60761;66.24727;68.96473;76.65068;76.65067;-36.79191;-73.16179;4085.73779;3953.34204;0;4064.93481;-36.5;-73;10.23999;0.72512;0.07081;7.34233;500.17664;441.30667;455.9989;458.75934;17.84055;36.3386;36.06643;29.52641;20.71731;20.69778;0.41391;0.85477; 
59.92859;62.68583;66.62016;66.25986;68.96459;76.66512;76.66512;-36.7922;-73.16196;4097.73193;3959.41992;0;4076.93213;-36.5;-73;10.23979;0.72512;0.07081;7.34501;500.20441;441.30075;455.99823;458.76984;17.83512;36.34549;36.06964;29.5257;20.71749;20.69822;0.41384;0.85499; 
59.92875;62.68568;66.6317;66.27145;68.96478;76.6784;76.6784;-36.79248;-73.16212;4109.41406;3961.75244;0;4088.60254;-36.5;-73;10.23955;0.72509;0.07081;7.34189;500.18839;441.27338;455.99005;458.74994;17.82503;36.35297;36.06886;29.52346;20.71686;20.69701;0.4137;0.8552; 
59.92828;62.68572;66.64346;66.28327;68.96424;76.69192;76.69191;-36.79276;-73.16227;4121.07715;3964.36401;0;4100.26123;-36.5;-73;10.24009;0.7251;0.07081;7.34153;500.20386;441.26929;455.99753;458.76633;17.82937;36.34985;36.07125;29.52392;20.71739;20.69837;0.41376;0.85515; 
59.92865;62.6864;66.65596;66.29582;68.96465;76.70631;76.70631;-36.79304;-73.16243;4132.82129;3956.604;0;4112.0127;-36.5;-73;10.24014;0.72509;0.07081;7.34203;500.2121;441.26022;455.99481;458.76614;17.82581;36.35246;36.07206;29.52276;20.717;20.69786;0.41371;0.85524; 
59.92916;62.68612;66.66743;66.30736;68.96526;76.71951;76.7195;-36.79332;-73.16257;4144.5376;3948.51196;0;4123.72314;-36.5;-73;10.24014;0.72507;0.07081;7.34206;500.18997;441.24084;455.99039;458.76077;17.8215;36.35497;36.07097;29.52178;20.71668;20.69777;0.41364;0.8553; 
59.92893;62.68567;66.67872;66.31876;68.96498;76.73251;76.73251;-36.7936;-73.16273;4156.24902;3942.27368;0;4135.43848;-36.5;-73;10.24041;0.72508;0.07081;7.34235;500.18668;441.23004;455.9928;458.76669;17.8236;36.35303;36.07188;29.52181;20.71713;20.69848;0.41367;0.85527; 
59.92834;62.68528;66.68995;66.33006;68.9643;76.74542;76.74542;-36.79388;-73.16286;4167.83545;3951.89795;0;4147.0249;-36.5;-73;10.24047;0.72509;0.07081;7.34109;500.19052;441.21982;455.99484;458.7764;17.82289;36.35474;36.07367;29.52182;20.71771;20.69948;0.41365;0.85534; 
59.92818;62.68565;66.7021;66.34225;68.96412;76.75941;76.75941;-36.79417;-73.16301;4179.52051;3964.1416;0;4158.71777;-36.5;-73;10.24038;0.72509;0.07081;7.34028;500.21756;441.21127;455.99411;458.78598;17.81811;36.36077;36.07685;29.52099;20.71781;20.70002;0.4136;0.85555; 
59.92794;62.68619;66.7145;66.35468;68.96385;76.77367;76.77367;-36.79446;-73.16315;4191.271;3985.64941;0;4170.45654;-36.5;-73;10.24028;0.72507;0.07081;7.34117;500.22745;441.1944;455.98337;458.78455;17.80976;36.36781;36.07788;29.5191;20.71672;20.69979;0.41349;0.85576; 
59.9287;62.68656;66.72665;66.36688;68.96472;76.78767;76.78767;-36.79475;-73.16328;4202.9541;4006.70459;0;4182.146;-36.5;-73;10.24062;0.72504;0.0708;7.33925;500.22067;441.17743;455.97226;458.78076;17.80765;36.36719;36.07718;29.51751;20.71542;20.69938;0.41346;0.85575; 
59.92868;62.68632;66.73827;66.37859;68.9647;76.80103;76.80103;-36.79504;-73.16341;4214.73096;4030.5791;0;4193.91699;-36.5;-73;10.24097;0.72504;0.0708;7.3396;500.20218;441.16754;455.974;458.78735;17.81029;36.36365;36.07643;29.51763;20.71551;20.7001;0.41349;0.85565; 
59.92881;62.68569;66.74943;66.38985;68.96485;76.81387;76.81387;-36.79533;-73.16354;4226.47314;4054.88696;0;4205.66211;-36.5;-73;10.24108;0.72504;0.0708;7.34;500.1864;441.15436;455.97079;458.79065;17.81149;36.36189;36.07622;29.51746;20.71569;20.7006;0.41349;0.85561; 
59.92846;62.68546;66.76106;66.40159;68.96445;76.82726;76.82726;-36.79562;-73.16366;4238.24463;4073.11963;0;4217.43896;-36.5;-73;10.24111;0.72506;0.0708;7.33978;500.20831;441.14774;455.97934;458.81006;17.81091;36.36522;36.08001;29.51785;20.71685;20.70229;0.41348;0.85575; 
59.92796;62.68576;66.7732;66.41376;68.96387;76.84123;76.84123;-36.79591;-73.16378;4249.96191;4076.3186;0;4229.15381;-36.5;-73;10.24094;0.72506;0.0708;7.33604;500.22574;441.13553;455.98196;458.81122;17.80431;36.37247;36.08241;29.51682;20.71715;20.70232;0.4134;0.85597; 
59.92782;62.686;66.78531;66.42589;68.96371;76.85516;76.85515;-36.79621;-73.16389;4261.69287;4066.1814;0;4240.87744;-36.5;-73;10.24104;0.72504;0.0708;7.33665;500.2316;441.11664;455.97357;458.80521;17.79899;36.37622;36.08326;29.51505;20.71635;20.70184;0.41333;0.8561; 
59.92812;62.68654;66.79748;66.43811;68.96405;76.86917;76.86917;-36.7965;-73.16401;4273.2417;4060.45581;0;4252.43213;-36.5;-73;10.24115;0.72503;0.0708;7.33806;500.2355;441.11102;455.97;458.81046;17.79622;36.37826;36.08358;29.51437;20.71576;20.70201;0.41329;0.85616; 
59.92869;62.68635;66.80899;66.4497;68.96471;76.88242;76.88242;-36.79679;-73.16412;4284.91602;4063.31982;0;4264.10791;-36.5;-73;10.24138;0.72501;0.07079;7.33676;500.21393;441.09161;455.96533;458.8013;17.79496;36.37699;36.08226;29.51324;20.71534;20.70144;0.41327;0.85613; 
59.92822;62.68587;66.82018;66.46098;68.96416;76.8953;76.89529;-36.79709;-73.16422;4296.58301;4071.69287;0;4275.76563;-36.5;-73;10.24168;0.72502;0.07079;7.33783;500.2142;441.07919;455.96729;458.80905;17.79744;36.37494;36.08369;29.51321;20.71586;20.70228;0.4133;0.8561; 
59.92802;62.68583;66.83187;66.47275;68.96394;76.90875;76.90875;-36.79738;-73.16432;4308.26367;4080.75562;0;4287.45898;-36.5;-73;10.24158;0.72502;0.07079;7.33718;500.22354;441.07062;455.97321;458.81509;17.7942;36.37933;36.08576;29.51301;20.71663;20.70278;0.41325;0.85625; 
59.92798;62.68546;66.84322;66.48415;68.96389;76.92181;76.92181;-36.79768;-73.16442;4319.95605;4099.27637;0;4299.1499;-36.5;-73;10.24145;0.72503;0.07079;7.33638;500.22418;441.05441;455.96863;458.81354;17.78865;36.3848;36.08687;29.51207;20.7166;20.703;0.41317;0.85642; 
59.92777;62.68544;66.85499;66.49599;68.96365;76.93535;76.93535;-36.79798;-73.16452;4331.68848;4117.89697;0;4310.88184;-36.5;-73;10.24167;0.72503;0.07079;7.33517;500.23462;441.04178;455.97083;458.81686;17.78754;36.38608;36.08876;29.51146;20.71685;20.70338;0.41316;0.85648; 
59.92762;62.68574;66.86713;66.50818;68.96348;76.94933;76.94933;-36.79828;-73.16461;4343.44238;4135.86572;0;4322.63184;-36.5;-73;10.24175;0.72502;0.07079;7.33341;500.24271;441.03128;455.96951;458.819;17.78457;36.38872;36.08997;29.51061;20.7167;20.70339;0.41312;0.85657; 
59.92765;62.68597;66.8792;66.52029;68.96351;76.96322;76.96322;-36.79858;-73.1647;4355.1958;4152.82275;0;4334.38184;-36.5;-73;10.24172;0.725;0.07079;7.33492;500.23853;441.0155;455.95767;458.81772;17.77917;36.3924;36.08983;29.50915;20.71566;20.70321;0.41305;0.85668; 
59.92801;62.68588;66.89076;66.53192;68.96392;76.97652;76.97651;-36.79888;-73.16478;4366.76563;4159.24463;0;4345.95654;-36.5;-73;10.24196;0.72499;0.07079;7.33379;500.23434;441.00052;455.95267;458.82108;17.77811;36.39244;36.0902;29.50835;20.71523;20.70362;0.41303;0.8567; 
59.928;62.68573;66.9024;66.54366;68.96391;76.98991;76.98991;-36.79918;-73.16486;4378.48584;4165.81104;0;4357.67041;-36.5;-73;10.24218;0.72499;0.07078;7.33355;500.23047;440.98871;455.95447;458.82678;17.77837;36.3919;36.09089;29.50806;20.71546;20.70419;0.41303;0.8567; 
59.92805;62.68593;66.91428;66.55559;68.96397;77.00359;77.00358;-36.79948;-73.16494;4390.06689;4172.36035;0;4369.25439;-36.5;-73;10.24224;0.72499;0.07078;7.33385;500.23407;440.98361;455.95642;458.84003;17.77743;36.39346;36.09204;29.50809;20.71566;20.70514;0.41301;0.85676; 
59.92799;62.68572;66.92582;66.56719;68.9639;77.01685;77.01685;-36.79978;-73.16501;4401.72363;4180.04053;0;4380.92041;-36.5;-73;10.24233;0.72499;0.07078;7.33231;500.23947;440.96646;455.9549;458.84195;17.77476;36.39602;36.09371;29.50718;20.71578;20.70546;0.41298;0.85686; 
59.92776;62.68549;66.93739;66.57883;68.96364;77.03017;77.03017;-36.80008;-73.16508;4413.43506;4191.9834;0;4392.63379;-36.5;-73;10.24233;0.72498;0.07078;7.33262;500.23688;440.95117;455.94785;458.8432;17.77116;36.39895;36.09428;29.50625;20.71539;20.70576;0.41292;0.85695; 
59.92739;62.68573;66.94935;66.59086;68.96321;77.04394;77.04394;-36.80038;-73.16515;4425.03906;4205.35449;0;4404.2334;-36.5;-73;10.24264;0.72499;0.07078;7.331;500.26172;440.94302;455.95261;458.85764;17.77174;36.39968;36.09755;29.506;20.71581;20.70683;0.41294;0.85702; 
59.9277;62.68623;66.9617;66.60323;68.96357;77.05815;77.05815;-36.80069;-73.16521;4436.71924;4218.80273;0;4415.91211;-36.5;-73;10.24236;0.72496;0.07078;7.33191;500.25281;440.92783;455.93973;458.84583;17.76254;36.40634;36.09644;29.50398;20.71458;20.70562;0.41281;0.85719; 
59.92764;62.68645;66.97379;66.61537;68.96349;77.07206;77.07205;-36.80099;-73.16527;4448.45752;4232.57422;0;4427.64014;-36.5;-73;10.24271;0.72495;0.07078;7.33154;500.25739;440.91672;455.94107;458.85388;17.76266;36.4059;36.0976;29.50353;20.7145;20.70627;0.41281;0.8572; 
59.92773;62.68636;66.98539;66.62706;68.96361;77.08541;77.08542;-36.8013;-73.16533;4460.03174;4246.12402;0;4439.2207;-36.5;-73;10.24293;0.72494;0.07077;7.33065;500.25006;440.90103;455.93869;458.8493;17.76178;36.40536;36.09762;29.50257;20.71437;20.70592;0.4128;0.8572; 
59.92784;62.6861;66.99694;66.63869;68.96373;77.09871;77.0987;-36.8016;-73.16538;4471.72998;4259.78955;0;4450.9209;-36.5;-73;10.24303;0.72494;0.07077;7.33091;500.24957;440.88791;455.93991;458.85306;17.7607;36.40656;36.09876;29.50219;20.71473;20.70638;0.41278;0.85726; 
59.92768;62.68579;67.00848;66.65031;68.96355;77.11198;77.11197;-36.80191;-73.16543;4483.43457;4273.43115;0;4462.62451;-36.5;-73;10.24304;0.72495;0.07077;7.33153;500.2482;440.87625;455.94229;458.85852;17.75861;36.40909;36.09994;29.50201;20.7152;20.70708;0.41275;0.85735; 
59.92745;62.68565;67.02008;66.66198;68.96328;77.12533;77.12533;-36.80221;-73.16547;4495.06006;4289.23975;0;4474.24365;-36.5;-73;10.24306;0.72495;0.07077;7.3274;500.25891;440.86429;455.9458;458.85834;17.75605;36.41227;36.10195;29.5014;20.71577;20.70717;0.41271;0.85746; 
59.92758;62.68628;67.03255;66.67447;68.96343;77.13969;77.13969;-36.80252;-73.16551;4506.68896;4307.27344;0;4485.88672;-36.5;-73;10.243;0.72494;0.07077;7.33108;500.27682;440.8548;455.94128;458.86386;17.75004;36.41823;36.10384;29.50025;20.71528;20.70729;0.41264;0.85765; 
59.92754;62.68595;67.04395;66.68594;68.96339;77.1528;77.15279;-36.80282;-73.16555;4518.30127;4325.01416;0;4497.49854;-36.5;-73;10.24311;0.72493;0.07077;7.3284;500.26178;440.83658;455.94046;458.85889;17.74707;36.4199;36.10345;29.49944;20.71521;20.70732;0.41259;0.8577; 
59.92731;62.68552;67.05524;66.69733;68.96311;77.1658;77.1658;-36.80313;-73.16559;4529.89941;4342.93213;0;4509.08936;-36.5;-73;10.24354;0.72494;0.07077;7.32677;500.2626;440.82663;455.94073;458.86749;17.75096;36.41616;36.10463;29.49949;20.71549;20.70819;0.41264;0.85763; 
59.92705;62.68559;67.06715;66.70929;68.96282;77.17951;77.17951;-36.80343;-73.16562;4541.54443;4379.6626;0;4520.73779;-36.5;-73;10.24339;0.72493;0.07077;7.32711;500.26703;440.81348;455.93646;458.86884;17.74613;36.42078;36.10582;29.49847;20.71538;20.7082;0.41257;0.85777; 
59.92675;62.686;67.0795;66.72168;68.96247;77.19371;77.19371;-36.80374;-73.16564;4553.26855;4433.73828;0;4532.46045;-36.5;-73;10.24344;0.72493;0.07077;7.32777;500.28568;440.8027;455.93497;458.88098;17.74171;36.42583;36.10828;29.49771;20.71519;20.70908;0.41252;0.85794; 
59.92741;62.68636;67.09184;66.73407;68.96324;77.20792;77.20791;-36.80405;-73.16566;4565.05273;4481.06738;0;4544.24512;-36.5;-73;10.24356;0.72491;0.07077;7.3255;500.28336;440.78574;455.92676;458.87656;17.7372;36.42831;36.10824;29.49609;20.71427;20.70862;0.41246;0.85802; 
59.92754;62.68599;67.10339;66.7457;68.96339;77.2212;77.2212;-36.80436;-73.16569;4576.79932;4524.87842;0;4555.98486;-36.5;-73;10.24385;0.7249;0.07076;7.32484;500.26785;440.76813;455.91974;458.87424;17.73731;36.42635;36.10758;29.49523;20.71377;20.7087;0.41245;0.85798; 
59.92728;62.68582;67.11494;66.75733;68.96308;77.2345;77.2345;-36.80466;-73.1657;4588.35449;4567.5127;0;4567.54297;-36.5;-73;10.24402;0.7249;0.07076;7.32397;500.26758;440.7558;455.91794;458.8782;17.73725;36.42611;36.10848;29.49469;20.71385;20.70904;0.41245;0.85799; 
59.92696;62.68581;67.12682;66.76929;68.96272;77.24818;77.24818;-36.80497;-73.16571;4600.08154;4596.14258;0;4579.27051;-36.5;-73;10.2439;0.7249;0.07076;7.32424;500.27029;440.74789;455.9202;458.88916;17.73365;36.43058;36.10985;29.49459;20.7142;20.71002;0.4124;0.85813; 
59.92661;62.68528;67.13799;66.78055;68.96231;77.26102;77.26102;-36.80528;-73.16572;4611.6958;4607.76172;0;4590.87354;-36.5;-73;10.2441;0.72491;0.07076;7.32313;500.27567;440.73331;455.92084;458.89676;17.73355;36.43136;36.11181;29.49432;20.7146;20.71102;0.41239;0.85818; 
59.92626;62.68591;67.15056;66.79314;68.96191;77.27548;77.27548;-36.80559;-73.16573;4623.45996;4619.53223;0;4602.64697;-36.5;-73;10.24405;0.7249;0.07076;7.32288;500.29324;440.72369;455.91672;458.89783;17.72843;36.43612;36.11356;29.493;20.7142;20.7107;0.41233;0.85834; 
59.92637;62.68583;67.16223;66.80486;68.96204;77.28893;77.28893;-36.8059;-73.16573;4635.09473;4631.17236;0;4614.28467;-36.5;-73;10.24422;0.72489;0.07076;7.3217;500.2962;440.70255;455.91287;458.89359;17.72458;36.43889;36.11475;29.49157;20.71394;20.71056;0.41228;0.85844; 
59.92658;62.68618;67.1744;66.81707;68.96228;77.30293;77.30291;-36.80621;-73.16573;4646.74072;4642.82324;0;4625.93213;-36.5;-73;10.24424;0.72487;0.07076;7.32282;500.28885;440.69513;455.9104;458.89468;17.72133;36.44109;36.11423;29.49097;20.71352;20.71052;0.41223;0.8585; 
59.92694;62.68638;67.18648;66.82923;68.96269;77.31682;77.31681;-36.80652;-73.16572;4658.45996;4654.54688;0;4637.64355;-36.5;-73;10.24457;0.72487;0.07076;7.32204;500.2868;440.68375;455.91507;458.89963;17.72216;36.43968;36.11488;29.49059;20.71375;20.71082;0.41224;0.85848; 
59.92693;62.68578;67.19775;66.84059;68.96268;77.3298;77.3298;-36.80683;-73.16571;4670.22803;4666.31885;0;4649.41553;-36.5;-73;10.24473;0.72487;0.07076;7.32184;500.28741;440.66534;455.90878;458.89798;17.7215;36.43984;36.11616;29.48969;20.71375;20.71094;0.41223;0.85852; 
59.92654;62.68568;67.20946;66.85239;68.96223;77.34327;77.34328;-36.80714;-73.1657;4681.89453;4677.98828;0;4661.08398;-36.5;-73;10.24453;0.72487;0.07076;7.32218;500.29446;440.65335;455.90909;458.90073;17.71581;36.44622;36.11788;29.48905;20.71407;20.71132;0.41215;0.85871; 
59.92617;62.68598;67.22172;66.86469;68.9618;77.35738;77.35738;-36.80745;-73.16568;4693.6499;4689.74609;0;4672.84424;-36.5;-73;10.24455;0.72487;0.07076;7.32188;500.3063;440.64581;455.91266;458.90775;17.71222;36.45044;36.11966;29.48862;20.71429;20.71184;0.4121;0.85885; 
59.92642;62.68697;67.23454;66.87753;68.96209;77.37213;77.37213;-36.80775;-73.16566;4705.24512;4701.34326;0;4684.43213;-36.5;-73;10.2448;0.72485;0.07075;7.32051;500.32394;440.63702;455.91382;458.91336;17.7096;36.45249;36.12133;29.48754;20.71392;20.71176;0.41207;0.85893; 
59.92741;62.68709;67.24661;66.88966;68.96323;77.38602;77.38602;-36.80806;-73.16563;4717.00342;4713.10254;0;4696.19385;-36.5;-73;10.24484;0.72482;0.07075;7.32179;500.30032;440.61777;455.89987;458.9054;17.70455;36.4543;36.11929;29.48591;20.71257;20.71115;0.412;0.85897; 
59.92778;62.68675;67.2581;66.90125;68.96366;77.39925;77.39925;-36.80837;-73.1656;4728.68506;4724.78516;0;4707.87891;-36.5;-73;10.24525;0.72482;0.07075;7.32116;500.29364;440.60638;455.90277;458.91446;17.70785;36.45084;36.1199;29.48601;20.71291;20.71208;0.41204;0.85889; 
59.92732;62.68602;67.26915;66.9124;68.96313;77.41196;77.41196;-36.80868;-73.16557;4740.33643;4736.43652;0;4719.53711;-36.5;-73;10.24536;0.72484;0.07075;7.32114;500.2861;440.59302;455.90433;458.92102;17.70867;36.45047;36.1209;29.48608;20.71357;20.71301;0.41204;0.8589; 
59.92607;62.6855;67.28062;66.92397;68.96169;77.42516;77.42516;-36.80899;-73.16553;4752.15088;4748.25;0;4731.33789;-36.5;-73;10.24539;0.72486;0.07075;7.31892;500.30319;440.58133;455.90936;458.93265;17.70771;36.45353;36.12427;29.48606;20.71458;20.71425;0.41202;0.85903; 
59.92566;62.68608;67.29303;66.93638;68.96123;77.43944;77.43943;-36.8093;-73.1655;4763.75049;4759.85205;0;4742.94482;-36.5;-73;10.24513;0.72485;0.07075;7.31907;500.32999;440.5704;455.90302;458.93762;17.69918;36.46259;36.12707;29.48462;20.71413;20.71438;0.41192;0.85931; 
59.92618;62.68725;67.30624;66.94959;68.96182;77.45464;77.45463;-36.80961;-73.16546;4775.49854;4771.60254;0;4754.68945;-36.5;-73;10.24518;0.72481;0.07075;7.31608;500.34448;440.55475;455.89603;458.93399;17.69073;36.46914;36.12802;29.4824;20.7129;20.71364;0.41181;0.85951; 
59.92704;62.68709;67.31803;66.96147;68.96281;77.46822;77.46822;-36.80992;-73.16541;4787.24121;4783.34668;0;4766.42676;-36.5;-73;10.24556;0.72479;0.07074;7.31808;500.31488;440.53378;455.87866;458.92627;17.68976;36.46608;36.12531;29.48085;20.71118;20.71323;0.41179;0.85942; 
59.92736;62.68628;67.32906;66.97261;68.96317;77.4809;77.4809;-36.81022;-73.16536;4798.9126;4795.01904;0;4778.10986;-36.5;-73;10.24603;0.72479;0.07074;7.31691;500.29028;440.52261;455.87869;458.93268;17.69608;36.45889;36.12435;29.48129;20.71147;20.71411;0.41186;0.85922; 
59.92637;62.68597;67.34064;66.98429;68.96204;77.49423;77.49422;-36.81053;-73.16531;4810.61328;4806.72021;0;4789.80273;-36.5;-73;10.2461;0.72482;0.07074;7.31641;500.30768;440.51688;455.89209;458.94833;17.69776;36.45994;36.1279;29.48193;20.71317;20.7154;0.41188;0.85929; 
59.9258;62.68628;67.35326;66.99695;68.96139;77.50874;77.50874;-36.81084;-73.16525;4822.64014;4818.74707;0;4801.83691;-36.5;-73;10.24568;0.72481;0.07074;7.31621;500.33099;440.50391;455.89185;458.95105;17.68783;36.47104;36.13101;29.48069;20.71343;20.71552;0.41176;0.85963; 
59.92584;62.68738;67.36629;67.00999;68.96143;77.52375;77.52374;-36.81115;-73.16518;4834.26758;4830.37354;0;4813.44873;-36.5;-73;10.2457;0.72479;0.07074;7.31609;500.35751;440.49237;455.88925;458.95422;17.68002;36.47851;36.13337;29.47904;20.71272;20.71537;0.41166;0.85987; 
59.9271;62.6876;67.37837;67.02212;68.96288;77.53765;77.53765;-36.81145;-73.16512;4845.86084;4841.96729;0;4825.05176;-36.5;-73;10.24591;0.72476;0.07074;7.31733;500.3367;440.47363;455.8765;458.94275;17.67618;36.47883;36.13126;29.47732;20.71128;20.71449;0.41161;0.85987; 
59.92754;62.68703;67.38962;67.03348;68.96339;77.55059;77.55058;-36.81176;-73.16505;4857.48096;4853.58789;0;4836.67188;-36.5;-73;10.24652;0.72476;0.07073;7.31531;500.3139;440.46005;455.87836;458.94495;17.68228;36.47123;36.1303;29.47744;20.71149;20.71497;0.41168;0.85967; 
59.92702;62.68652;67.40112;67.04509;68.96279;77.56383;77.56383;-36.81206;-73.16498;4869.26025;4865.36768;0;4848.44629;-36.5;-73;10.24661;0.72477;0.07073;7.31605;500.3129;440.45215;455.88647;458.95428;17.68417;36.47066;36.1319;29.47791;20.71271;20.71583;0.4117;0.85967; 
59.92664;62.6871;67.41364;67.05764;68.96235;77.57824;77.57823;-36.81237;-73.1649;4880.90186;4877.00879;0;4860.09863;-36.5;-73;10.24634;0.72478;0.07074;7.31489;500.34555;440.44485;455.89148;458.96417;17.67711;36.47975;36.13585;29.47717;20.71334;20.71628;0.41161;0.85997; 
59.92668;62.68681;67.42516;67.06922;68.96239;77.59149;77.59149;-36.81266;-73.16483;4892.46924;4888.57422;0;4871.66504;-36.5;-73;10.24631;0.72476;0.07073;7.31253;500.34399;440.4176;455.88565;458.95319;17.66938;36.48606;36.13684;29.47529;20.71299;20.7159;0.4115;0.86017; 
59.92658;62.687;67.43738;67.0815;68.96228;77.60555;77.60555;-36.81297;-73.16474;4904.18994;4900.29346;0;4883.38672;-36.5;-73;10.24656;0.72476;0.07073;7.31317;500.34164;440.41061;455.88208;458.96024;17.66903;36.48563;36.13685;29.47492;20.71245;20.71645;0.4115;0.86016; 
59.92635;62.68694;67.44931;67.0935;68.96201;77.61929;77.61929;-36.81327;-73.16466;4915.91406;4912.01514;0;4895.10791;-36.5;-73;10.24682;0.72475;0.07073;7.31207;500.33981;440.39792;455.87567;458.96408;17.66949;36.4842;36.13731;29.47419;20.71203;20.71671;0.4115;0.86014; 
59.92664;62.68731;67.46159;67.10582;68.96234;77.63342;77.63341;-36.81357;-73.16457;4927.54004;4923.63818;0;4906.73877;-36.5;-73;10.24686;0.72474;0.07073;7.31294;500.35559;440.38611;455.87335;458.97147;17.66591;36.48793;36.13945;29.47321;20.71189;20.71706;0.41146;0.86027; 
59.92708;62.68756;67.47371;67.11801;68.96285;77.64736;77.64737;-36.81387;-73.16447;4939.19092;4935.28613;0;4918.38867;-36.5;-73;10.24678;0.72472;0.07073;7.31222;500.34763;440.36908;455.86618;458.96863;17.65936;36.49281;36.13916;29.47178;20.71114;20.71687;0.41137;0.86041; 
59.92697;62.68733;67.4854;67.12978;68.96272;77.66082;77.66082;-36.81417;-73.16438;4950.92578;4947.0166;0;4930.1167;-36.5;-73;10.24719;0.72472;0.07072;7.31099;500.3429;440.35672;455.86813;458.97604;17.66158;36.49023;36.13979;29.47163;20.7113;20.71768;0.41139;0.86036; 
59.92672;62.68711;67.49701;67.14146;68.96243;77.67417;77.67416;-36.81447;-73.16427;4962.54688;4958.6333;0;4941.73633;-36.5;-73;10.24743;0.72473;0.07072;7.31147;500.34366;440.34644;455.86716;458.98569;17.66303;36.4889;36.14096;29.47149;20.71147;20.71851;0.41141;0.86035; 
59.92685;62.68683;67.50869;67.15321;68.96259;77.68762;77.68761;-36.81477;-73.16417;4974.30469;4970.38574;0;4953.50195;-36.5;-73;10.2473;0.72472;0.07072;7.30907;500.34235;440.33017;455.86407;458.98544;17.65837;36.49335;36.14199;29.47058;20.71156;20.71867;0.41134;0.86049; 
59.92625;62.6871;67.52084;67.16542;68.96191;77.7016;77.7016;-36.81507;-73.16406;4985.93066;4982.00928;0;4965.11182;-36.5;-73;10.24722;0.72472;0.07072;7.31078;500.35388;440.32172;455.86258;458.99399;17.65356;36.49868;36.14369;29.46997;20.71145;20.71931;0.41128;0.86065; 
59.92628;62.68712;67.53287;67.1775;68.96194;77.71544;77.71544;-36.81537;-73.16395;4997.69287;4993.77148;0;4976.87988;-36.5;-73;10.24738;0.72471;0.07072;7.30976;500.35654;440.30673;455.85962;458.99146;17.65108;36.50029;36.14455;29.4689;20.71124;20.71915;0.41124;0.86072; 
59.92616;62.68719;67.54493;67.18962;68.96179;77.72932;77.72932;-36.81567;-73.16383;5009.43066;5005.51123;0;4988.62061;-36.5;-73;10.24751;0.72471;0.07072;7.30938;500.36343;440.29617;455.85983;458.99628;17.64932;36.50212;36.14597;29.46835;20.71131;20.71952;0.41122;0.86079; 
59.92629;62.68745;67.55722;67.20197;68.96194;77.74346;77.74346;-36.81596;-73.16371;5021.20068;5017.28223;0;5000.39697;-36.5;-73;10.24767;0.7247;0.07072;7.30778;500.36975;440.2796;455.85928;458.99475;17.64625;36.50437;36.14728;29.46715;20.71123;20.71932;0.41118;0.86088; 
59.92635;62.68744;67.56912;67.21394;68.96201;77.75716;77.75716;-36.81626;-73.16359;5032.86572;5028.94727;0;5012.0542;-36.5;-73;10.24771;0.72469;0.07072;7.30797;500.3674;440.26324;455.85431;458.99152;17.64217;36.50736;36.14773;29.46597;20.71088;20.71913;0.41112;0.86098; 
59.92625;62.68744;67.58121;67.22609;68.9619;77.77106;77.77106;-36.81656;-73.16346;5044.68506;5040.7666;0;5023.87207;-36.5;-73;10.24793;0.72469;0.07072;7.30758;500.3736;440.25229;455.85593;458.99866;17.64174;36.50802;36.14927;29.46562;20.71109;20.71977;0.41112;0.86102; 
59.92637;62.68743;67.59324;67.2382;68.96204;77.78492;77.78493;-36.81685;-73.16333;5056.45947;5052.54004;0;5035.64355;-36.5;-73;10.24797;0.72468;0.07071;7.30668;500.37057;440.23767;455.85349;458.99542;17.6384;36.5104;36.14969;29.46463;20.71098;20.71951;0.41107;0.8611; 
59.92636;62.68715;67.6049;67.24992;68.96202;77.79834;77.79833;-36.81714;-73.1632;5068.13574;5064.21191;0;5047.33838;-36.5;-73;10.248;0.72468;0.07071;7.30706;500.36481;440.22644;455.85458;458.99921;17.63646;36.51237;36.15026;29.4644;20.71126;20.72006;0.41104;0.86117; 
59.92577;62.68714;67.61677;67.26186;68.96135;77.81199;77.81198;-36.81743;-73.16306;5079.74365;5075.81885;0;5058.94287;-36.5;-73;10.24817;0.72469;0.07071;7.30569;500.37674;440.21631;455.85776;459.00894;17.63572;36.51396;36.15247;29.46413;20.71167;20.72089;0.41103;0.86124; 
59.92587;62.68737;67.62904;67.27417;68.96146;77.8261;77.8261;-36.81772;-73.16293;5091.45801;5087.53418;0;5070.65283;-36.5;-73;10.24814;0.72468;0.07071;7.30687;500.38757;440.20453;455.85294;459.01471;17.63126;36.51836;36.1541;29.46318;20.71135;20.72125;0.41097;0.86139; 
59.92577;62.68719;67.64081;67.28603;68.96135;77.83965;77.83967;-36.81801;-73.16278;5103.13623;5099.21338;0;5082.31885;-36.5;-73;10.24824;0.72466;0.07071;7.30548;500.37854;440.18359;455.84451;459.01007;17.62724;36.5206;36.15403;29.46175;20.7107;20.72113;0.41091;0.86146; 
59.92553;62.68769;67.65337;67.29863;68.96107;77.85411;77.85411;-36.8183;-73.16263;5114.86719;5110.95166;0;5094.05615;-36.5;-73;10.24861;0.72466;0.07071;7.30356;500.39783;440.17542;455.84818;459.0235;17.62797;36.52038;36.15651;29.46134;20.71083;20.72194;0.41093;0.8615; 
59.92613;62.68823;67.66583;67.31113;68.96176;77.86845;77.86845;-36.81858;-73.16248;5126.43799;5122.52881;0;5105.6167;-36.5;-73;10.24845;0.72463;0.07071;7.30467;500.39301;440.16043;455.83328;459.01746;17.62051;36.52544;36.15582;29.4594;20.70946;20.72111;0.41083;0.86163; 
59.92673;62.68779;67.67744;67.32282;68.96246;77.88181;77.88181;-36.81887;-73.16233;5138.20215;5134.29883;0;5117.39209;-36.5;-73;10.24867;0.72463;0.0707;7.30593;500.37469;440.14182;455.82834;459.01944;17.61938;36.52517;36.15527;29.45877;20.7091;20.72171;0.4108;0.86163; 
59.92612;62.6869;67.68845;67.33395;68.96175;77.89448;77.89448;-36.81916;-73.16217;5149.84473;5145.9458;0;5129.04248;-36.5;-73;10.24909;0.72465;0.0707;7.303;500.37048;440.13345;455.83521;459.03299;17.62522;36.52052;36.15667;29.45963;20.71013;20.72328;0.41087;0.86153; 
59.92505;62.68697;67.70062;67.34619;68.96051;77.90849;77.90849;-36.81944;-73.16201;5161.61719;5157.72266;0;5140.81543;-36.5;-73;10.24902;0.72466;0.07071;7.30129;500.39151;440.12595;455.83939;459.04379;17.62282;36.52466;36.15983;29.45937;20.71088;20.72399;0.41084;0.86168; 
59.92537;62.68766;67.71333;67.35891;68.96088;77.9231;77.92311;-36.81973;-73.16185;5173.24219;5169.35107;0;5152.43652;-36.5;-73;10.24865;0.72464;0.07071;7.30176;500.41422;440.11099;455.83414;459.04041;17.6117;36.53565;36.16219;29.45741;20.71043;20.72341;0.4107;0.86201; 
59.92554;62.68807;67.72574;67.37135;68.96109;77.93739;77.93739;-36.82;-73.16168;5184.87207;5180.98438;0;5164.05811;-36.5;-73;10.24878;0.72461;0.0707;7.3016;500.41397;440.09067;455.82477;459.03366;17.60523;36.53988;36.1623;29.45547;20.7093;20.7229;0.41062;0.86214; 
59.92572;62.6878;67.73749;67.38319;68.9613;77.95091;77.9509;-36.82029;-73.16151;5196.58154;5192.69873;0;5175.76758;-36.5;-73;10.24932;0.72461;0.0707;7.30138;500.39941;440.07681;455.82187;459.03525;17.60861;36.53484;36.16167;29.4551;20.70896;20.72327;0.41065;0.86202; 
59.92576;62.68769;67.74947;67.39526;68.96133;77.96471;77.96471;-36.82056;-73.16133;5208.33057;5204.45068;0;5187.52295;-36.5;-73;10.24948;0.72461;0.0707;7.30077;500.39575;440.06747;455.82385;459.03757;17.60953;36.53363;36.16223;29.45483;20.70934;20.72336;0.41066;0.862; 
59.92566;62.68752;67.76134;67.4072;68.96123;77.97836;77.97836;-36.82084;-73.16116;5220.021;5216.14355;0;5199.20557;-36.5;-73;10.24939;0.72461;0.0707;7.30112;500.39816;440.05548;455.82788;459.04163;17.60599;36.53788;36.16379;29.45451;20.70999;20.72381;0.41061;0.86213; 
59.92517;62.68755;67.77328;67.4192;68.96066;77.9921;77.9921;-36.82111;-73.16098;5231.5752;5227.7002;0;5210.75928;-36.5;-73;10.24937;0.72461;0.0707;7.29915;500.40991;440.04022;455.82889;459.04288;17.60142;36.54273;36.16594;29.45354;20.71026;20.72398;0.41055;0.8623; 
59.92538;62.68757;67.78534;67.43131;68.96089;78.00598;78.00598;-36.82139;-73.1608;5243.22461;5239.35107;0;5222.41504;-36.5;-73;10.24946;0.7246;0.0707;7.29891;500.41327;440.02563;455.82596;459.04431;17.59788;36.54576;36.167;29.45263;20.71004;20.72421;0.4105;0.86241; 
59.92536;62.68774;67.79745;67.4435;68.96087;78.01992;78.01994;-36.82166;-73.16061;5254.84619;5250.97266;0;5234.0459;-36.5;-73;10.24955;0.72459;0.0707;7.30014;500.41553;440.01532;455.82245;459.04816;17.59528;36.54788;36.1677;29.45191;20.70972;20.72447;0.41047;0.86248; 
59.92513;62.68792;67.80968;67.45576;68.96062;78.03399;78.03398;-36.82193;-73.16042;5266.57373;5262.7002;0;5245.76172;-36.5;-73;10.24973;0.72459;0.07069;7.30038;500.42273;440.00433;455.81976;459.05756;17.59373;36.54934;36.16911;29.45131;20.70949;20.72516;0.41045;0.86254; 
59.92544;62.68771;67.82139;67.46755;68.96097;78.04747;78.04747;-36.8222;-73.16022;5278.21533;5274.3418;0;5257.41064;-36.5;-73;10.24982;0.72458;0.07069;7.29687;500.41312;439.98508;455.81595;459.05243;17.59069;36.55093;36.16913;29.45014;20.70928;20.72495;0.4104;0.8626; 
59.92533;62.68789;67.83349;67.47971;68.96084;78.06139;78.06139;-36.82247;-73.16003;5289.80859;5285.93799;0;5269.00879;-36.5;-73;10.24998;0.72457;0.07069;7.29709;500.4187;439.97592;455.81378;459.06186;17.58961;36.55194;36.17032;29.44967;20.7091;20.72561;0.41039;0.86265; 
59.9253;62.68797;67.84557;67.49185;68.96081;78.07529;78.07529;-36.82274;-73.15983;5301.48633;5297.61719;0;5280.68262;-36.5;-73;10.25011;0.72457;0.07069;7.29746;500.42468;439.96317;455.81177;459.06815;17.5875;36.55392;36.17172;29.44896;20.70901;20.72609;0.41036;0.86273; 
59.92556;62.68804;67.8577;67.50405;68.96111;78.08926;78.08926;-36.82301;-73.15962;5313.23828;5309.37061;0;5292.43799;-36.5;-73;10.25013;0.72457;0.07069;7.29798;500.42963;439.94998;455.80798;459.07446;17.58382;36.55746;36.17302;29.44814;20.70877;20.72664;0.41031;0.86284; 
59.92542;62.68821;67.86983;67.51624;68.96094;78.1032;78.10322;-36.82327;-73.15942;5324.86133;5320.99365;0;5304.05225;-36.5;-73;10.25025;0.72455;0.07069;7.29553;500.43073;439.93527;455.80392;459.07419;17.58067;36.55959;36.17367;29.44703;20.7084;20.72659;0.41027;0.86292; 
59.92562;62.68818;67.88183;67.5283;68.96118;78.11701;78.11701;-36.82353;-73.15921;5336.55469;5332.68701;0;5315.74365;-36.5;-73;10.25047;0.72455;0.07068;7.29807;500.42892;439.9223;455.79816;459.08038;17.5799;36.55957;36.17422;29.44636;20.70795;20.72713;0.41025;0.86294; 
59.92516;62.68798;67.89362;67.54018;68.96065;78.13058;78.1306;-36.82379;-73.159;5348.21338;5344.34424;0;5327.38818;-36.5;-73;10.25067;0.72455;0.07068;7.29576;500.43289;439.90665;455.80057;459.08316;17.57903;36.56043;36.17583;29.44573;20.70834;20.7275;0.41024;0.86299; 
59.9249;62.68805;67.9058;67.55242;68.96034;78.1446;78.14461;-36.82405;-73.15878;5359.9873;5356.11719;0;5339.17236;-36.5;-73;10.25068;0.72454;0.07068;7.29332;500.43787;439.89444;455.80075;459.08301;17.57571;36.56358;36.17708;29.44493;20.70849;20.72747;0.41019;0.8631; 
59.92498;62.68827;67.91805;67.5647;68.96044;78.1587;78.15869;-36.82431;-73.15856;5371.65479;5367.78174;0;5350.8374;-36.5;-73;10.25066;0.72454;0.07068;7.29341;500.44809;439.8804;455.79865;459.08322;17.57086;36.5682;36.17869;29.4438;20.70838;20.72743;0.41013;0.86325; 
59.92513;62.68811;67.92997;67.57671;68.96061;78.17242;78.17242;-36.82457;-73.15833;5383.37842;5379.50195;0;5362.56982;-36.5;-73;10.25076;0.72453;0.07068;7.29342;500.44232;439.86441;455.79556;459.08224;17.56767;36.57049;36.17904;29.44295;20.70817;20.72758;0.41008;0.86333; 
59.92516;62.68821;67.94225;67.58905;68.96065;78.18655;78.18656;-36.82483;-73.1581;5395.18896;5391.30859;0;5374.38232;-36.5;-73;10.25096;0.72452;0.07068;7.29341;500.44446;439.85455;455.79575;459.08609;17.56713;36.57068;36.17989;29.44246;20.70819;20.72782;0.41008;0.86335; 
59.92506;62.68827;67.95434;67.6012;68.96053;78.20046;78.20046;-36.82508;-73.15788;5406.84717;5402.96191;0;5386.04932;-36.5;-73;10.25101;0.72452;0.07068;7.2914;500.44733;439.84018;455.79626;459.0864;17.56389;36.57359;36.18106;29.4416;20.70833;20.72785;0.41003;0.86345; 
59.92503;62.68818;67.96629;67.61321;68.96049;78.2142;78.2142;-36.82533;-73.15765;5418.51807;5414.63232;0;5397.71143;-36.5;-73;10.25108;0.72451;0.07068;7.29182;500.44608;439.82547;455.79382;459.08597;17.56095;36.57592;36.18181;29.44076;20.70826;20.72793;0.40999;0.86353; 
59.92485;62.68814;67.97838;67.62537;68.96028;78.22813;78.22812;-36.82558;-73.15741;5430.2666;5426.37891;0;5409.46436;-36.5;-73;10.25121;0.72451;0.07068;7.29047;500.45331;439.81448;455.79642;459.0921;17.55955;36.57777;36.18351;29.44038;20.70861;20.72849;0.40997;0.86361; 
59.92503;62.68851;67.99078;67.63783;68.96049;78.2424;78.2424;-36.82583;-73.15717;5441.87695;5437.9873;0;5421.07178;-36.5;-73;10.25099;0.7245;0.07068;7.29057;500.46106;439.79831;455.79105;459.09244;17.55111;36.5857;36.1849;29.43888;20.70823;20.72839;0.40986;0.86385; 
59.9251;62.68853;68.00295;67.65006;68.96058;78.2564;78.2564;-36.82608;-73.15694;5453.64209;5449.75;0;5432.83398;-36.5;-73;10.25142;0.7245;0.07067;7.29099;500.46503;439.78513;455.7879;459.10126;17.5518;36.58444;36.18599;29.43834;20.7078;20.72927;0.40987;0.86384; 
59.92533;62.68826;68.01472;67.66191;68.96084;78.26995;78.26996;-36.82632;-73.15669;5465.29932;5461.40332;0;5444.49316;-36.5;-73;10.2513;0.72448;0.07067;7.29037;500.45007;439.76898;455.78104;459.09637;17.54762;36.58723;36.18542;29.43727;20.70753;20.72895;0.4098;0.86392; 
59.92489;62.68773;68.0263;67.67358;68.96033;78.28327;78.28327;-36.82656;-73.15644;5477.04932;5473.14893;0;5456.24951;-36.5;-73;10.25161;0.72449;0.07067;7.28727;500.45172;439.75378;455.77805;459.10919;17.5494;36.58592;36.18737;29.43709;20.70794;20.73005;0.40982;0.86392; 
59.92402;62.68768;68.03828;67.68562;68.95934;78.29706;78.29706;-36.82681;-73.1562;5488.67285;5484.76758;0;5467.86523;-36.5;-73;10.25135;0.7245;0.07067;7.28653;500.47302;439.73804;455.78513;459.11154;17.5414;36.59548;36.19066;29.43621;20.70859;20.73074;0.40972;0.86422; 
59.92377;62.68832;68.05112;67.69849;68.95905;78.31184;78.31183;-36.82705;-73.15594;5500.40576;5496.49463;0;5479.58984;-36.5;-73;10.25138;0.72449;0.07067;7.28681;500.49527;439.72772;455.77875;459.12067;17.5364;36.60063;36.1932;29.435;20.70819;20.73095;0.40966;0.8644; 
59.92432;62.68946;68.06443;67.71178;68.95967;78.32715;78.32713;-36.82728;-73.15569;5512.04102;5505.25977;0;5491.23047;-36.5;-73;10.25131;0.72445;0.07067;7.28861;500.50891;439.7095;455.76239;459.11789;17.52552;36.60906;36.1937;29.43236;20.70604;20.73051;0.40952;0.86465; 
59.92529;62.68954;68.07666;67.7241;68.96079;78.34122;78.34122;-36.82751;-73.15543;5523.74854;5519.83545;0;5502.93311;-36.5;-73;10.25183;0.72442;0.07066;7.28717;500.48001;439.69409;455.755;459.10922;17.52762;36.60328;36.19096;29.43129;20.705;20.72979;0.40954;0.86447; 
59.92577;62.68844;68.08765;67.73521;68.96135;78.35387;78.35385;-36.82775;-73.15517;5535.47949;5531.56836;0;5514.66992;-36.5;-73;10.25214;0.72443;0.07066;7.28817;500.44864;439.68146;455.75937;459.11389;17.53275;36.59772;36.19001;29.432;20.70595;20.73065;0.40959;0.86432; 
59.92443;62.68746;68.09876;67.74648;68.95981;78.36666;78.36666;-36.82798;-73.1549;5547.2168;5543.30713;0;5526.40576;-36.5;-73;10.25192;0.72447;0.07067;7.28517;500.46518;439.66974;455.77576;459.13086;17.53116;36.60347;36.19473;29.43283;20.70852;20.7324;0.40956;0.86453; 
59.9231;62.68788;68.11129;67.75903;68.95827;78.38107;78.38108;-36.82821;-73.15463;5558.84033;5549.94287;0;5538.03223;-36.5;-73;10.25152;0.72449;0.07067;7.28321;500.51495;439.65659;455.78351;459.1391;17.52006;36.61774;36.20076;29.43168;20.70949;20.73306;0.40943;0.86499; 
59.92344;62.68924;68.12484;67.77254;68.95866;78.39668;78.39668;-36.82844;-73.15437;5570.45898;5555.19141;0;5549.64502;-36.5;-73;10.25134;0.72444;0.07067;7.28359;500.5394;439.63904;455.76724;459.12747;17.50651;36.62888;36.20187;29.42856;20.70737;20.73177;0.40926;0.86532; 
59.92442;62.68925;68.13688;67.78465;68.95979;78.41052;78.41053;-36.82866;-73.1541;5582.06055;5560.34521;0;5561.25098;-36.5;-73;10.25281;0.72441;0.07065;7.28371;500.5;439.62473;455.74973;459.121;17.51153;36.61883;36.19768;29.42752;20.70541;20.73118;0.40932;0.86502; 
59.92464;62.68885;68.14848;67.79633;68.96005;78.42387;78.42387;-36.82888;-73.15382;5593.71045;5565.43262;0;5572.90576;-36.5;-73;10.2522;0.72441;0.07066;7.2833;500.49249;439.60654;455.75385;459.11957;17.51011;36.62003;36.19864;29.42693;20.70619;20.73119;0.40929;0.86507; 
59.92445;62.6884;68.15992;67.80789;68.95982;78.43703;78.43703;-36.8291;-73.15355;5605.26025;5568.58838;0;5584.45264;-36.5;-73;10.25234;0.72441;0.07066;7.28478;500.48221;439.59888;455.75906;459.12723;17.51116;36.6193;36.19887;29.42734;20.7067;20.73224;0.4093;0.86506; 
59.92357;62.68687;68.17039;67.81849;68.95882;78.44908;78.44908;-36.82932;-73.15327;5616.99561;5570.52441;1;5596.18848;-36.5;-73;10.2526;0.72444;0.07066;7.28574;500.44733;439.59134;455.76416;459.13684;17.51781;36.61307;36.19763;29.42883;20.70771;20.73393;0.40936;0.86487; 
59.92185;62.68386;68.17908;67.82738;68.95684;78.45909;78.45909;-36.82954;-73.15299;5628.58008;5582.74365;1;5607.77637;-36.5;-73;10.25273;0.7245;0.07066;7.28633;500.40497;439.58435;455.77527;459.15247;17.52792;36.60578;36.1973;29.43177;20.71015;20.73691;0.40946;0.86467; 
59.91837;62.67955;68.18652;67.83501;68.95283;78.46765;78.46765;-36.82975;-73.1527;5640.2998;5595.10986;1;5619.50195;-36.5;-73;10.2526;0.7246;0.07067;7.2868;500.36197;439.57693;455.7923;459.1702;17.53878;36.60016;36.19831;29.43575;20.71392;20.74085;0.40957;0.86453; 
59.91304;62.67405;68.19258;67.84126;68.9467;78.47462;78.47462;-36.82996;-73.15241;5651.93408;5607.39209;1;5631.13281;-36.5;-73;10.25204;0.72473;0.07069;7.28678;500.32318;439.56924;455.81436;459.19183;17.54754;36.59951;36.20115;29.44062;20.71903;20.74583;0.40964;0.86454; 
59.90607;62.66701;68.19718;67.84605;68.93867;78.47992;78.47991;-36.83018;-73.15212;5663.77002;5619.89209;1;5642.98096;-36.5;-73;10.25121;0.72489;0.07071;7.28671;500.28259;439.5563;455.83514;459.21149;17.55519;36.60189;36.20519;29.44605;20.72498;20.75168;0.40968;0.86464; 
59.89676;62.65866;68.20015;67.84921;68.92796;78.48334;78.48335;-36.83039;-73.15183;5675.4126;5632.19385;1;5654.63281;-36.5;-73;10.2503;0.72509;0.07074;7.28629;500.24091;439.54413;455.85712;459.23279;17.56503;36.6039;36.2101;29.45245;20.73173;20.75846;0.40975;0.86475; 
59.88576;62.64894;68.20172;67.85094;68.9153;78.48515;78.48514;-36.83059;-73.15154;5687.14697;5644.27246;1;5666.36475;-36.5;-73;10.24922;0.72531;0.07077;7.28579;500.19443;439.52954;455.87802;459.25299;17.57634;36.60594;36.21564;29.45951;20.73924;20.76594;0.40983;0.86486; 
59.8724;62.63771;68.20166;67.85106;68.89993;78.48507;78.48508;-36.8308;-73.15123;5698.87158;5656.02246;1;5678.08301;-36.5;-73;10.24793;0.72557;0.0708;7.28508;500.14362;439.51062;455.89804;459.2688;17.58803;36.60915;36.22196;29.46714;20.74761;20.77395;0.40991;0.86502; 
59.85799;62.62521;68.2001;67.84968;68.88335;78.48328;78.4833;-36.831;-73.15093;5710.49707;5667.67969;1;5689.71875;-36.5;-73;10.24643;0.72585;0.07084;7.28412;500.09314;439.49203;455.9216;459.28522;17.60059;36.61362;36.22944;29.47569;20.75706;20.78278;0.41;0.86522; 
59.84142;62.61109;68.19684;67.84656;68.86428;78.47952;78.47953;-36.8312;-73.15063;5722.17578;5679.39551;1;5701.39795;-36.5;-73;10.24469;0.72617;0.07088;7.28294;500.03766;439.46814;455.94205;459.29834;17.61339;36.6194;36.23773;29.48479;20.76727;20.79237;0.41008;0.86547; 
59.82287;62.59562;68.19207;67.84193;68.84293;78.47404;78.47404;-36.83139;-73.15032;5733.83154;5691.09424;1;5713.05566;-36.5;-73;10.24279;0.72653;0.07093;7.28175;499.98019;439.44321;455.96277;459.31161;17.62758;36.62557;36.2469;29.49469;20.77831;20.8028;0.41017;0.86575; 
59.80181;62.57833;68.18538;67.83538;68.8187;78.46634;78.46634;-36.83159;-73.15002;5745.51318;5702.8252;1;5724.72998;-36.5;-73;10.24064;0.72692;0.07098;7.28017;499.91818;439.41309;455.98102;459.32236;17.64226;36.63311;36.25708;29.50527;20.79025;20.81413;0.41026;0.86607; 
59.77906;62.55976;68.17711;67.82725;68.79252;78.45683;78.45682;-36.83178;-73.14971;5757.05908;5714.4248;1;5736.27246;-36.5;-73;10.23825;0.72734;0.07104;7.27824;499.8555;439.38187;456.00003;459.3335;17.65744;36.64214;36.2683;29.51663;20.80308;20.82633;0.41036;0.86645; 
59.75412;62.53928;68.16694;67.81721;68.76382;78.44511;78.44511;-36.83197;-73.1494;5768.75049;5726.17676;1;5747.979;-36.5;-73;10.23571;0.7278;0.0711;7.27591;499.78616;439.34705;456.01691;459.34247;17.67494;36.65066;36.28032;29.5289;20.81684;20.83947;0.41047;0.86683; 
59.72739;62.51738;68.15505;67.80547;68.73306;78.43143;78.43144;-36.83216;-73.14909;5780.29199;5737.7832;1;5759.52197;-36.5;-73;10.23293;0.7283;0.07117;7.2738;499.7164;439.31134;456.03445;459.35196;17.69319;36.66046;36.29348;29.54203;20.83163;20.85352;0.41059;0.86725; 
59.69796;62.49394;68.14153;67.79205;68.69919;78.41587;78.41587;-36.83234;-73.14877;5791.87207;5749.43457;1;5771.10547;-36.5;-73;10.22985;0.72883;0.07125;7.27125;499.64511;439.27277;456.05023;459.36438;17.71134;36.67265;36.30792;29.556;20.84729;20.86885;0.4107;0.86776; 
59.66658;62.46851;68.12594;67.77658;68.66307;78.39793;78.39793;-36.83252;-73.14845;5803.54688;5761.18701;1;5782.79199;-36.5;-73;10.22659;0.72941;0.07132;7.2684;499.56711;439.22989;456.06271;459.37415;17.7318;36.68426;36.32317;29.57085;20.86388;20.88519;0.41084;0.86826; 
59.63285;62.44172;68.10878;67.75953;68.62427;78.37819;78.37818;-36.83271;-73.14813;5815.16309;5772.88574;1;5794.40088;-36.5;-73;10.22307;0.73002;0.07141;7.26517;499.48932;439.18613;456.07669;459.38507;17.75277;36.69756;36.3397;29.58653;20.88151;20.90246;0.41097;0.86883; 
59.59715;62.41309;68.08961;67.74047;68.58318;78.35613;78.35613;-36.83288;-73.14781;5826.76855;5784.57959;1;5806.01367;-36.5;-73;10.21931;0.73066;0.0715;7.26174;499.40631;439.13666;456.08725;459.39233;17.7742;36.71209;36.35714;29.60283;20.9;20.9206;0.4111;0.86944; 
59.55891;62.38271;68.06856;67.71951;68.53918;78.3319;78.3319;-36.83306;-73.14749;5838.40771;5796.31348;1;5817.6582;-36.5;-73;10.21534;0.73135;0.07159;7.25823;499.3194;439.08652;456.09827;459.3999;17.79789;36.72664;36.37563;29.62031;20.91964;20.93985;0.41126;0.87007; 
59.51863;62.35084;68.04576;67.6968;68.49281;78.30566;78.30566;-36.83323;-73.14716;5849.94287;5807.34961;1;5829.18799;-36.5;-73;10.21047;0.73208;0.0717;7.25386;499.23492;439.02762;456.10962;459.4007;17.81338;36.7522;36.3965;29.63787;20.94107;20.9592;0.4113;0.87102; 
59.47501;62.31657;68.02052;67.67165;68.44262;78.27662;78.27662;-36.8334;-73.14684;5861.64502;5817.57373;1;5840.89795;-36.5;-73;10.20503;0.73286;0.07181;7.2491;499.1568;438.95438;456.12122;459.39804;17.81996;36.79051;36.42063;29.6559;20.96414;20.98029;0.41121;0.87237; 
59.42777;62.27976;67.99265;67.64389;68.38826;78.24455;78.24456;-36.83357;-73.1465;5873.49512;5827.57373;1;5852.75586;-36.5;-73;10.19898;0.73369;0.07194;7.24374;499.07562;438.87411;456.13058;459.3938;17.82576;36.83271;36.44672;29.675;20.98872;21.00294;0.4111;0.87386; 
59.37872;62.24149;67.96297;67.6143;68.33181;78.21039;78.21039;-36.83374;-73.14616;5885.14844;5837.41602;1;5864.41943;-36.5;-73;10.19252;0.73456;0.07207;7.23789;498.99625;438.7901;456.14386;459.38544;17.83099;36.87767;36.47439;29.6948;21.0146;21.02638;0.41098;0.87544; 
59.32687;62.2014;67.93121;67.58262;68.27215;78.17384;78.17384;-36.8339;-73.14584;5896.70117;5847.18359;1;5875.95557;-36.5;-73;10.18633;0.73548;0.0722;7.23196;498.91214;438.7049;456.15411;459.37756;17.83736;36.92369;36.50314;29.71566;21.04159;21.05089;0.41087;0.87707; 
59.27182;62.1589;67.8969;67.54839;68.20879;78.13436;78.13437;-36.83406;-73.14549;5908.37939;5857.39111;1;5887.63281;-36.5;-73;10.17934;0.73645;0.07235;7.22577;498.82788;438.61395;456.16666;459.36942;17.84369;36.97309;36.53407;29.73778;21.07017;21.07726;0.41075;0.87883; 
59.21484;62.11468;67.86056;67.51211;68.14322;78.09254;78.09254;-36.83422;-73.14516;5919.98877;5868.50244;1;5899.26465;-36.5;-73;10.17325;0.73747;0.07249;7.2199;498.73038;438.53531;456.17789;459.37219;17.86842;37.00469;36.56371;29.76237;21.09879;21.10583;0.4109;0.88008; 
59.15541;62.06842;67.82198;67.47356;68.07484;78.04814;78.04815;-36.83437;-73.14482;5931.59619;5879.61572;1;5910.86768;-36.5;-73;10.16753;0.73854;0.07264;7.21407;498.61023;438.46533;456.18396;459.37482;17.90923;37.0206;36.59187;29.78891;21.12826;21.13495;0.41126;0.88089; 
59.09256;62.01956;67.78069;67.4323;68.00251;78.00062;78.00063;-36.83453;-73.14448;5943.33838;5890.86084;1;5922.61328;-36.5;-73;10.16089;0.73966;0.07279;7.20781;498.48373;438.38443;456.18692;459.36737;17.94641;37.04326;36.62217;29.81608;21.15974;21.16468;0.41156;0.88192; 
59.02872;61.9695;67.7378;67.38943;67.92905;77.95127;77.95127;-36.83467;-73.14413;5954.82959;5901.86865;1;5934.11182;-36.5;-73;10.15368;0.74081;0.07296;7.20079;498.36261;438.29541;456.18994;459.35654;17.97735;37.07426;36.65443;29.8434;21.19214;21.1952;0.41177;0.88322; 
58.96165;61.91743;67.6927;67.34437;67.85186;77.89938;77.89938;-36.83482;-73.1438;5966.31689;5912.87549;1;5945.60107;-36.5;-73;10.14633;0.74201;0.07313;7.19363;498.23764;438.20645;456.19083;459.34967;18.01149;37.10446;36.68782;29.87228;21.22544;21.22753;0.41202;0.88451; 
58.89169;61.86281;67.64491;67.29659;67.77135;77.84438;77.84438;-36.83496;-73.14345;5977.89795;5923.97607;1;5957.1875;-36.5;-73;10.13877;0.74328;0.07331;7.18632;498.10547;438.11734;456.19098;459.34442;18.05049;37.13269;36.72252;29.903;21.26027;21.26157;0.41234;0.88577; 
58.81927;61.8065;67.59512;67.24681;67.688;77.78709;77.78709;-36.8351;-73.1431;5989.36279;5934.91064;1;5968.6626;-36.5;-73;10.13086;0.74459;0.0735;7.17838;497.96896;438.02466;456.19037;459.336;18.08992;37.16256;36.75845;29.93466;21.29643;21.29639;0.41265;0.88709; 
58.7423;61.74681;67.54184;67.19354;67.59943;77.72576;77.72577;-36.83524;-73.14275;6001.02393;5945.72754;1;5980.31982;-36.5;-73;10.12233;0.74597;0.0737;7.17003;497.82635;437.9227;456.18628;459.32321;18.12902;37.19653;36.79674;29.96785;21.33458;21.33322;0.41293;0.88856; 
58.66228;61.68503;67.48623;67.13791;67.50735;77.66177;77.66177;-36.83538;-73.1424;6012.6665;5956.47803;1;5991.979;-36.5;-73;10.11349;0.74741;0.0739;7.16137;497.68256;437.82022;456.18375;459.31271;18.17008;37.23158;36.83682;30.00254;21.37429;21.3718;0.41321;0.89009; 
58.58028;61.62138;67.42842;67.08011;67.41299;77.59525;77.59525;-36.83551;-73.14206;6024.18848;5966.31299;1;6003.50635;-36.5;-73;10.10437;0.7489;0.07412;7.15258;497.53329;437.71439;456.17902;459.29956;18.21276;37.26679;36.87799;30.03827;21.41523;21.41145;0.41351;0.89164; 
58.49481;61.55495;67.36762;67.01928;67.31463;77.52528;77.52527;-36.83564;-73.1417;6035.77441;5976.19434;1;6015.08594;-36.5;-73;10.09473;0.75046;0.07434;7.143;497.38071;437.60446;456.1741;459.28555;18.25654;37.30452;36.92135;30.07574;21.45815;21.45298;0.41381;0.89329; 
58.40496;61.48577;67.30383;66.95547;67.21123;77.45187;77.45187;-36.83577;-73.14135;6047.39648;5986.09619;1;6026.71973;-36.5;-73;10.08473;0.75209;0.07458;7.13308;497.22122;437.49002;456.16718;459.26892;18.30273;37.34287;36.96645;30.11479;21.50299;21.49626;0.41415;0.89501; 
58.31236;61.41426;67.23745;66.88907;67.10467;77.37548;77.37548;-36.83589;-73.14099;6058.98926;5995.96533;1;6038.30322;-36.5;-73;10.07431;0.75378;0.07482;7.12275;497.05786;437.37225;456.16125;459.24786;18.35026;37.38258;37.01327;30.15518;21.54966;21.54098;0.41449;0.89684; 
58.2165;61.34001;67.16803;66.8196;66.99435;77.29559;77.29559;-36.83601;-73.14064;6070.5874;6005.83008;1;6049.91016;-36.5;-73;10.06337;0.75553;0.07508;7.11204;496.88879;437.24783;456.15228;459.22287;18.39821;37.42488;37.06201;30.19695;21.59813;21.58735;0.41484;0.89877; 
58.11827;61.2643;67.09684;66.74835;66.88132;77.21367;77.21366;-36.83613;-73.14028;6082.02295;6017.29492;1;6061.34814;-36.5;-73;10.05214;0.75734;0.07534;7.10086;496.72113;437.12582;456.14722;459.20154;18.44769;37.46827;37.11248;30.2402;21.64816;21.6352;0.41522;0.90075; 
58.01465;61.18455;67.0214;66.67287;66.76207;77.12685;77.12685;-36.83625;-73.13992;6093.6499;6030.29541;1;6072.98242;-36.5;-73;10.04029;0.75923;0.07562;7.08918;496.54218;436.99463;456.13644;459.17395;18.49958;37.51321;37.16547;30.28549;21.70059;21.68538;0.41566;0.90283; 
57.90919;61.1032;66.944;66.59541;66.64071;77.03778;77.03778;-36.83636;-73.13956;6105.10205;6043.10107;1;6084.43604;-36.5;-73;10.02813;0.76118;0.0759;7.07703;496.36072;436.86047;456.12448;459.1445;18.55187;37.55955;37.21973;30.33183;21.75419;21.73671;0.4161;0.9049; 
57.79885;61.01806;66.86253;66.51388;66.51373;76.94403;76.94403;-36.83647;-73.13921;6116.6709;6055.06885;1;6096.02246;-36.5;-73;10.01535;0.76323;0.07621;7.06435;496.17175;436.72125;456.11108;459.11319;18.60692;37.60766;37.27679;30.38061;21.8105;21.79057;0.41658;0.90707; 
57.68654;60.93134;66.77911;66.4304;66.38448;76.84804;76.84805;-36.83657;-73.13885;6128.05811;6066.54004;1;6107.41504;-36.5;-73;10.00226;0.76531;0.07651;7.05121;495.97879;436.57932;456.09482;459.07855;18.66319;37.65591;37.33485;30.43027;21.86805;21.84562;0.41708;0.90928; 
57.56805;60.84034;66.69118;66.34237;66.24813;76.74684;76.74683;-36.83668;-73.13849;6139.625;6078.49316;1;6118.9917;-36.5;-73;9.98838;0.76752;0.07684;7.03749;495.78098;436.43179;456.07852;459.04504;18.7212;37.70815;37.39658;30.48282;21.92902;21.90401;0.41759;0.91168; 
57.44614;60.74647;66.60002;66.25113;66.10784;76.64194;76.64194;-36.83678;-73.13812;6151.15771;6090.9541;1;6130.53369;-36.5;-73;9.97391;0.7698;0.07718;7.02319;495.57767;436.27573;456.05627;459.00851;18.77897;37.76345;37.46043;30.53679;21.99174;21.96432;0.41811;0.91429; 
57.31899;60.64903;66.50498;66.156;65.96152;76.53257;76.53257;-36.83688;-73.13776;6162.729;6101.84619;1;6142.0957;-36.5;-73;9.9588;0.77217;0.07754;7.00808;495.36789;436.11273;456.03079;458.96884;18.83832;37.82113;37.52706;30.59284;22.05709;22.02717;0.41865;0.91702; 
57.18892;60.54899;66.40696;66.05788;65.81184;76.41977;76.41977;-36.83698;-73.1374;6174.2334;6111.50977;1;6153.6123;-36.5;-73;9.94343;0.77463;0.0779;6.99276;495.15421;435.95456;456.00848;458.93423;18.90404;37.87597;37.59564;30.65167;22.12463;22.09251;0.41929;0.9197; 
57.0545;60.4462;66.30589;65.9567;65.65714;76.30345;76.30345;-36.83707;-73.13703;6185.71289;6121.12158;1;6165.1084;-36.5;-73;9.92739;0.77717;0.07829;6.97667;494.93695;435.79233;455.98648;458.89688;18.97017;37.93399;37.66695;30.71239;22.19475;22.15974;0.41993;0.92253; 
56.91714;60.34036;66.20136;65.85204;65.49908;76.18317;76.18316;-36.83715;-73.13667;6197.13184;6133.22998;1;6176.53369;-36.5;-73;9.91071;0.77979;0.07868;6.96007;494.71063;435.61761;455.95465;458.84985;19.03532;37.99508;37.74028;30.77414;22.26639;22.22872;0.42055;0.92549; 
56.77454;60.23128;66.09321;65.74377;65.33498;76.05871;76.0587;-36.83724;-73.13631;6208.52002;6145.29639;1;6187.91602;-36.5;-73;9.8934;0.78249;0.07909;6.94301;494.47925;435.43683;455.92065;458.79941;19.10149;38.05889;37.81638;30.83797;22.34065;22.30037;0.4212;0.9286; 
56.62548;60.11693;65.97941;65.62986;65.16344;75.92775;75.92776;-36.83733;-73.13594;6220.06592;6158.41943;1;6199.47266;-36.5;-73;9.87516;0.78536;0.07953;6.92485;494.24042;435.25067;455.88626;458.74942;19.17202;38.12479;37.89695;30.90584;22.41941;22.37651;0.4219;0.93186; 
56.47033;59.99858;65.86119;65.5115;64.98489;75.7917;75.7917;-36.83741;-73.13557;6231.63037;6171.96338;1;6211.04785;-36.5;-73;9.84978;0.78829;0.08003;6.90147;494.03271;434.97238;455.7587;458.69748;19.12164;38.32762;37.99797;30.9657;22.5069;22.45039;0.42064;0.9395; 
56.30081;59.85988;65.72044;65.37039;64.78982;75.62974;75.62974;-36.83748;-73.13521;6243.12451;6185.30322;1;6222.55371;-36.5;-73;9.72209;0.79216;0.08148;6.80522;493.96005;434.51208;455.68665;458.57773;18.95696;38.6828;38.13993;31.02784;22.61076;22.54621;0.4175;0.95242; 
56.1119;59.71712;65.57504;65.22537;64.57243;75.46241;75.46241;-36.83755;-73.13484;6254.46533;6197.49268;1;6233.91064;-36.5;-73;9.70313;0.79521;0.08195;6.78496;493.51553;433.99164;455.31778;458.24176;18.97781;38.77416;38.21489;31.0776;22.67515;22.62526;0.41734;0.95694; 
55.92111;59.57328;65.42834;65.0792;64.35287;75.29359;75.29359;-36.83763;-73.13448;6265.77197;6209.6416;1;6245.23096;-36.5;-73;9.68665;0.79899;0.08248;6.76659;493.19653;433.87689;455.29666;458.27145;19.1656;38.75395;38.3093;31.17687;22.77481;22.7319;0.41985;0.95784; 
55.72598;59.42436;65.27623;64.9273;64.12832;75.11855;75.11855;-36.8377;-73.13411;6277.27393;6221.99512;1;6256.75146;-36.5;-73;9.66318;0.80294;0.08309;6.74299;492.90182;433.72949;455.30991;458.26129;19.30285;38.80152;38.41949;31.27782;22.88909;22.83683;0.42156;0.96099; 
55.5279;59.27323;65.12146;64.77254;63.90037;74.94044;74.94044;-36.83776;-73.13375;6288.61133;6231.76855;1;6268.10693;-36.5;-73;9.63519;0.80693;0.08375;6.71607;492.65045;433.49155;455.30014;458.19492;19.36569;38.92862;38.54193;31.37254;23.00523;22.94222;0.42206;0.96697; 
55.32275;59.11743;64.96146;64.61252;63.66429;74.75632;74.75632;-36.83782;-73.13338;6299.88135;6241.29053;1;6279.38867;-36.5;-73;9.58915;0.81221;0.0847;6.67617;492.94281;433.77115;456.10632;458.6246;19.50071;39.11093;38.75616;31.54731;23.20623;23.10588;0.42373;0.97498; 
55.10514;58.94733;64.78585;64.43507;63.41386;74.55422;74.55421;-36.83788;-73.13302;6311.33594;6250.79199;1;6290.8418;-36.5;-73;9.5666;0.81553;0.08525;6.65228;492.07693;432.99402;455.39157;457.85147;19.54164;39.15006;38.79905;31.5807;23.26525;23.15764;0.42386;0.97824; 
54.88053;58.77603;64.60876;64.25841;63.15538;74.35044;74.35044;-36.83793;-73.13265;6322.67529;6260.17188;1;6302.17432;-36.5;-73;9.53846;0.8198;0.08595;6.62401;491.62836;432.61392;455.17444;457.60291;19.62456;39.24077;38.9119;31.67363;23.37802;23.26474;0.42469;0.98333; 
54.6473;58.59993;64.4264;64.07646;62.88699;74.14058;74.14056;-36.83799;-73.13229;6334.07373;6269.62012;1;6313.60156;-36.5;-73;9.5075;0.82463;0.08673;6.59363;491.33249;432.38278;455.15631;457.55408;19.73008;39.35305;39.05518;31.7926;23.5158;23.39687;0.42592;0.98938; 
54.41026;58.42015;64.23984;63.89005;62.61421;73.92589;73.9259;-36.83803;-73.13192;6345.39502;6279.02588;1;6324.94238;-36.5;-73;9.47576;0.8296;0.08755;6.56269;491.0347;432.15552;455.13126;457.5043;19.84277;39.4628;39.20295;31.91597;23.65759;23.53298;0.42742;0.99544; 
54.16557;58.2345;64.04678;63.69694;62.33263;73.70372;73.70373;-36.83808;-73.13155;6356.71973;6288.45605;1;6336.29297;-36.5;-73;9.44263;0.83472;0.0884;6.53026;490.71872;431.90906;455.04855;457.39178;19.95609;39.5763;39.35561;32.04276;23.80078;23.66965;0.42899;1.00176; 
53.914;58.04295;63.84714;63.49713;62.04313;73.47398;73.47398;-36.83812;-73.13119;6368.04199;6298.3418;1;6347.63379;-36.5;-73;9.40831;0.84002;0.08928;6.4967;490.3819;431.64584;454.94186;457.25549;20.07282;39.68989;39.5124;32.17368;23.94791;23.81001;0.43056;1.00823; 
53.65263;57.84459;63.63999;63.28977;61.74235;73.2356;73.2356;-36.83816;-73.13082;6379.39307;6311.2168;1;6359.00244;-36.5;-73;9.3724;0.84554;0.09022;6.46164;490.03055;431.36758;454.81229;457.09348;20.19095;39.80861;39.67574;32.30993;24.10045;23.95541;0.43216;1.01504; 
53.38783;57.64204;63.42799;63.07758;61.43761;72.99164;72.99164;-36.8382;-73.13046;6390.59229;6323.92334;1;6370.21484;-36.5;-73;9.33529;0.85121;0.09118;6.42579;489.67267;431.08398;454.65054;456.89838;20.31075;39.92952;39.84372;32.45028;24.25564;24.10339;0.43386;1.02208; 
53.11161;57.43204;63.20777;62.85717;61.11975;72.7382;72.7382;-36.83823;-73.1301;6401.82275;6336.66992;1;6381.4541;-36.5;-73;9.29645;0.85715;0.0922;6.38806;489.30786;430.79669;454.47913;456.69205;20.43561;40.05477;40.02068;32.59812;24.41835;24.25827;0.43573;1.02946; 
52.82656;57.21647;62.98127;62.6305;60.79172;72.47755;72.47755;-36.83826;-73.12975;6412.97217;6349.32813;1;6392.62744;-36.5;-73;9.25725;0.86334;0.09326;6.34977;488.94684;430.51901;454.32089;456.47519;20.5819;40.16495;40.20357;32.75449;24.58577;24.42118;0.43802;1.0367; 
52.53582;56.99478;62.74792;62.39693;60.45715;72.20902;72.20902;-36.83828;-73.12939;6424.08643;6361.94922;1;6403.75781;-36.5;-73;9.22141;0.86978;0.09432;6.3139;488.50613;430.31732;454.12021;456.30319;20.81325;40.18748;40.37868;32.92403;24.75422;24.59237;0.44195;1.04079; 
52.2367;56.76506;62.50569;62.15446;60.11292;71.93027;71.93027;-36.8383;-73.12903;6435.24463;6374.62402;1;6414.93359;-36.5;-73;9.17896;0.87649;0.09549;6.27261;488.06564;430.06711;453.90433;456.04391;20.9962;40.27311;40.57143;33.09699;24.93849;24.76128;0.44504;1.04725; 
51.9229;56.52618;62.25332;61.90196;59.75181;71.63985;71.63985;-36.83832;-73.12867;6446.44092;6387.34424;1;6426.14941;-36.5;-73;9.12992;0.8835;0.09677;6.22633;487.68045;429.7417;453.65134;455.7048;21.10863;40.44913;40.78998;33.27407;25.13391;24.93767;0.44686;1.0575; 
51.60162;56.28208;61.99495;61.64358;59.38208;71.34252;71.34252;-36.83834;-73.12832;6457.45996;6399.86621;1;6437.20264;-36.5;-73;9.0798;0.89078;0.09811;6.17921;487.32623;429.41882;453.38538;455.37283;21.21961;40.63602;41.02014;33.4601;25.33336;25.12522;0.44872;1.06839; 
51.26447;56.02846;61.72604;61.37467;58.9941;71.03307;71.03307;-36.83835;-73.12797;6468.5083;6412.42383;1;6448.26465;-36.5;-73;9.02942;0.89847;0.09951;6.13122;486.9537;429.13104;453.10352;455.04752;21.37088;40.79328;41.25894;33.66125;25.54202;25.32515;0.45144;1.07841; 
50.92719;55.7706;61.45215;61.10077;58.60597;70.71787;70.71787;-36.83836;-73.12762;6479.34912;6424.74805;1;6459.11963;-36.5;-73;8.97844;0.90641;0.10095;6.08258;486.57495;428.86359;452.79733;454.72015;21.53606;40.94192;41.5048;33.87024;25.75612;25.53022;0.45452;1.08829; 
50.55799;55.49316;61.15699;60.80571;58.1811;70.37821;70.37821;-36.83837;-73.12727;6490.57813;6437.42578;1;6470.38525;-36.5;-73;8.91539;0.91494;0.10263;6.02444;486.21097;428.47446;452.42233;454.22614;21.61568;41.21085;41.79143;34.08502;25.99974;25.73846;0.45589;1.10326; 
50.17964;55.20995;60.85514;60.50414;57.7457;70.03085;70.03085;-36.83837;-73.12691;6501.57129;6449.74902;1;6481.39697;-36.5;-73;8.85143;0.92385;0.10437;5.9639;485.91922;428.07404;452.04288;453.77188;21.69323;41.49754;42.09548;34.31209;26.24603;25.97114;0.45732;1.1197; 
49.7851;54.915;60.54025;60.1896;57.29167;69.66848;69.66848;-36.83838;-73.12656;6512.57568;6462.0874;1;6492.43457;-36.5;-73;8.78913;0.93333;0.10619;5.9083;485.56491;427.79492;451.66061;453.34979;21.86579;41.70098;42.40029;34.56563;26.50214;26.22205;0.46093;1.13333; 
49.38192;54.60929;60.21338;59.86287;56.8277;69.29233;69.29233;-36.83837;-73.12622;6523.56641;6474.4126;1;6503.46387;-36.5;-73;8.72707;0.94325;0.10808;5.84709;485.147;427.51566;451.18503;452.88385;22.09971;41.84399;42.71125;34.83159;26.76432;26.47892;0.46596;1.14475; 
48.96052;54.29178;59.87338;59.52318;56.34276;68.90105;68.90106;-36.83836;-73.12588;6534.53418;6487.2876;1;6514.46338;-36.5;-73;8.65855;0.95372;0.11015;5.78388;484.73117;427.25061;450.68839;452.3331;22.31805;42.02906;43.04691;35.11603;27.04884;26.7437;0.4706;1.15862; 
48.52253;53.96204;59.51974;59.16988;55.83873;68.49409;68.49409;-36.83836;-73.12553;6545.47217;6498.94482;1;6525.42773;-36.5;-73;8.58425;0.9647;0.11238;5.71635;484.28015;426.94867;450.12543;451.67365;22.50586;42.26383;43.4011;35.41415;27.34846;27.01831;0.475;1.17487; 
48.06627;53.61776;59.14993;58.80065;55.31367;68.06853;68.06853;-36.83834;-73.12519;6556.41162;6509.81006;1;6536.42285;-36.5;-73;8.50622;0.97645;0.11479;5.64033;483.88818;426.67297;449.5174;451.01978;22.71964;42.50588;43.78715;35.73902;27.66711;27.31906;0.48029;1.19236; 
47.58727;53.25937;58.76435;58.41602;54.76245;67.62482;67.62482;-36.83833;-73.12485;6567.29102;6521.021;1;6547.33887;-36.5;-73;8.42335;0.98874;0.11738;5.56943;483.28119;426.41843;448.88925;450.25003;22.93685;42.76636;44.16752;36.08945;28.00836;27.6317;0.48566;1.2111; 
47.09818;52.89294;58.36953;58.02225;54.19962;67.17046;67.17046;-36.83831;-73.12451;6577.94922;6532.00684;1;6558.03906;-36.5;-73;8.33696;1.00159;0.12014;5.49085;482.56683;426.30853;448.30197;449.37543;23.18021;43.03859;44.54232;36.46633;28.37408;27.95056;0.49195;1.2306; 
46.59434;52.50927;57.95555;57.60784;53.61981;66.69405;66.69405;-36.83829;-73.12418;6588.59717;6542.98584;1;6568.74512;-36.5;-73;8.26668;1.01726;0.12306;5.42045;483.50452;424.76373;447.51202;451.25699;23.99322;42.73989;45.23121;36.57058;28.73174;28.59012;0.51287;1.22362; 
46.08973;52.12748;57.54366;57.20133;53.03912;66.22006;66.22006;-36.83826;-73.12385;6599.40088;6554.12842;1;6579.60498;-36.5;-73;8.29911;1.0248;0.12348;5.42346;478.71008;423.65436;443.91174;447.55133;25.34786;41.00909;44.72653;36.66942;28.60793;28.46185;0.54836;1.15619; 
45.6558;51.80931;57.2016;56.88266;52.53976;65.82642;65.82642;-36.83823;-73.12352;6609.89258;6564.9624;1;6590.31396;-36.5;-73;8.28146;1.0299;0.12436;5.39426;474.5058;421.76242;440.20718;444.03339;25.98121;40.04243;44.38319;36.58865;28.57098;28.21974;0.56638;1.12018; 
45.27516;51.58048;56.95759;56.67455;52.10173;65.54563;65.54563;-36.83819;-73.12319;6619.8252;6574.35107;1;6600.70313;-36.5;-73;8.23451;1.03555;0.12576;5.35117;472.67484;420.6933;438.52872;442.00693;26.15427;39.88286;44.38338;36.5988;28.71295;28.13591;0.57231;1.11638; 
44.99344;51.47441;56.84846;56.61058;51.77753;65.42004;65.42004;-36.83815;-73.12287;6629.0249;6582.03027;1;6610.53271;-36.5;-73;8.23076;1.03815;0.12613;5.33982;471.49493;420.62378;437.72189;441.05658;26.58665;39.4087;44.29638;36.63742;28.76995;28.05864;0.58471;1.09777; 
44.88365;51.53145;56.91866;56.73191;51.65118;65.50082;65.50082;-36.83809;-73.12256;6637.30225;6588.74951;1;6619.66357;-36.5;-73;8.26332;1.03708;0.1255;5.36364;471.21539;421.93854;438.18216;441.66669;27.30571;38.6367;44.15335;36.71215;28.8002;27.95873;0.60481;1.06424; 
45.00144;51.79171;57.2125;57.07951;51.78673;65.83897;65.83897;-36.83801;-73.12224;6644.57568;6594.39551;1;6627.97998;-36.5;-73;8.34413;1.02775;0.12317;5.43111;470.97272;423.02499;438.48096;442.64523;27.7937;37.75147;43.755;36.51701;28.57812;27.64136;0.61721;1.02325; 
45.39899;52.30888;57.78898;57.71075;52.24422;66.50237;66.50237;-36.83791;-73.12193;6650.45264;6598.59131;1;6635.14893;-36.5;-73;8.43987;1.01428;0.12018;5.52193;473.52191;426.07556;441.74606;446.24014;28.181;37.18393;43.56679;36.40447;28.47279;27.39345;0.62535;0.99263; 
46.13113;53.11236;58.68051;58.64637;53.08676;67.52833;67.52833;-36.83779;-73.12162;6654.75928;6601.7334;1;6641.02051;-36.5;-73;8.56144;0.99727;0.11648;5.64324;479.17551;431.8938;448.4614;453.34695;28.67824;36.81594;43.58321;36.46886;28.48268;27.29411;0.63506;0.96739; 
47.20991;54.19464;59.87853;59.87149;54.32819;68.90699;68.907;-36.83764;-73.12133;6657.23975;6604.05859;1;6645.20508;-36.5;-73;8.71525;0.97442;0.11181;5.80275;486.27133;439.47488;457.32071;462.35004;29.09002;36.53189;43.51255;36.51884;28.44163;27.15365;0.64106;0.94187; 
48.67244;55.59101;61.42188;61.42088;56.01125;70.68304;70.68304;-36.83746;-73.12106;6657.79883;6604.67578;1;6647.67041;-36.5;-73;8.63095;0.89969;0.10424;5.81906;499.09973;457.13043;478.83258;472.14554;29.93531;37.04987;44.16045;37.9809;29.64687;27.01344;0.65775;0.94409; 
50.28366;56.81832;62.7776;62.77743;57.86541;72.24318;72.24318;-36.83725;-73.12082;6657.48096;6605.7998;1;6648.29004;-36.5;-73;8.92497;0.94356;0.10572;6.08129;513.48553;469.87567;492.22498;496.37225;31.92664;36.79545;45.13918;38.59196;29.91284;28.35045;0.70861;0.91897; 
52.10052;58.38011;64.502;64.48763;59.95621;74.22758;74.22758;-36.83701;-73.12061;6656.26025;6604.37988;1;6648.13086;-36.5;-73;9.28137;0.90144;0.09712;6.40587;516.22998;473.78424;495.62173;500.49182;31.43268;35.53087;43.74046;37.54871;28.72694;27.23133;0.68606;0.86207; 
54.06323;59.90172;66.18056;66.16216;62.21486;76.15923;76.15923;-36.83673;-73.12046;6653.68115;6601.17676;1;6646.72754;-36.5;-73;9.06052;0.91615;0.10111;6.32744;546.578;510.38345;535.85712;533.71307;32.8486;40.02367;47.21093;41.83469;31.96863;29.53347;0.71863;0.99477; 
56.0403;61.39512;67.82762;67.80814;64.49003;78.05463;78.05464;-36.83644;-73.12036;6650.90674;6597.05762;1;6644.40576;-36.5;-73;9.08918;0.90841;0.09994;6.4162;567.26965;529.22729;559.15851;555.82422;32.3453;43.04312;48.92464;43.30255;33.09434;30.61074;0.69938;1.07996; 
57.92332;62.71912;69.28786;69.27921;66.65697;79.73504;79.73504;-36.83612;-73.12034;6648.5625;6593.97607;1;6641.81396;-36.5;-73;9.31845;0.88812;0.09531;6.64124;577.80731;539.67102;571.48865;568.04919;32.42162;43.35761;48.98279;43.51438;32.96442;30.70949;0.69673;1.07496; 
59.69693;63.92508;70.6187;70.617;68.698;81.26656;81.26654;-36.8358;-73.12038;6647.25244;6592.81689;1;6639.62891;-36.5;-73;9.60777;0.8467;0.08813;6.90693;573.92767;536.38147;566.1629;563.03973;31.41504;41.42796;46.80836;41.67728;31.04649;29.06137;0.66871;0.99917; 
61.37441;65.0555;71.86703;71.86703;70.62841;82.70312;82.7031;-36.83549;-73.12049;6646.84326;6592.3457;1;6638.34473;-36.5;-73;9.82538;0.81272;0.08272;7.11695;572.65729;534.47968;562.55908;559.56781;30.19312;40.34622;45.2872;40.24727;29.58378;27.75793;0.63894;0.95604; 
62.90403;66.09501;73.01577;73.01465;72.38867;84.02505;84.02505;-36.83519;-73.12067;6647.18457;6592.7793;1;6637.90576;-36.5;-73;10.01761;0.78374;0.07824;7.30422;572.22021;532.88629;559.12024;556.71777;28.93884;39.58369;44.05898;39.02958;28.3136;26.68614;0.612;0.92595; 
64.31942;67.03625;74.05665;74.05324;74.01747;85.22288;85.22289;-36.8349;-73.12092;6648.1377;6594.10156;1;6638.19629;-36.5;-73;10.17509;0.75695;0.07439;7.83565;569.29608;531.5672;555.30011;553.29059;27.84204;38.62796;42.69367;37.98665;27.14165;25.71505;0.59097;0.89027; 
65.54789;67.67586;74.76473;74.7607;75.43117;86.03772;86.03772;-36.83466;-73.12122;6649.44824;6596.04834;1;6639.11279;-36.5;-73;10.37549;0.72726;0.07009;8.45239;554.72595;524.49445;545.37213;542.6427;27.4115;35.81153;40.32726;36.63266;25.64341;24.38679;0.58356;0.80733; 
66.44825;68.0188;75.14484;75.14349;76.46729;86.47514;86.47514;-36.83445;-73.12156;6650.5332;6598.0127;1;6640.28711;-36.5;-73;10.54971;0.70559;0.06688;8.97512;538.54645;517.44495;537.32367;535.09216;28.39115;32.21854;38.38738;35.77689;24.64159;23.52597;0.60334;0.71624; 
66.94698;68.06917;75.20092;75.20092;77.04121;86.53967;86.53967;-36.83428;-73.12194;6650.90186;6599.46387;1;6641.24023;-36.5;-73;10.56501;0.70628;0.06685;9.40918;532.65863;517.77948;542.9873;540.66815;29.46315;31.4607;38.29652;36.30368;25.11921;23.93698;0.62622;0.69519; 
67.01952;67.80846;74.91254;74.91161;77.12469;86.20781;86.20781;-36.83416;-73.12234;6650.58008;6600.40088;1;6641.54688;-36.5;-73;10.52379;0.71544;0.06798;9.90687;528.79034;518.61816;551.27734;548.82794;30.43058;31.65905;38.77311;37.24541;26.03461;24.80552;0.64925;0.69697; 
66.64291;67.18117;74.21866;74.21738;76.69129;85.40931;85.40929;-36.83408;-73.12276;6649.83252;6600.9292;1;6641.2666;-36.5;-73;10.38879;0.74483;0.0717;10.57462;529.96521;525.42145;567.9281;565.55591;32.81552;32.38238;40.39146;39.45639;28.05173;26.73577;0.71147;0.71449; 
65.78818;66.18652;73.11905;73.11792;75.70769;84.1439;84.14391;-36.83406;-73.12318;6649.14063;6601.16455;1;6640.66504;-36.5;-73;10.28915;0.76406;0.07426;11.61385;519.92145;520.89484;570.10278;567.73444;34.18444;31.90573;40.75003;40.47175;29.08411;27.69631;0.75739;0.70556; 
64.4729;64.98801;71.79417;71.7924;74.19409;82.61926;82.61927;-36.83409;-73.1236;6648.38525;6601.43604;1;6639.99561;-36.5;-73;10.14486;0.78768;0.07764;8.05792;511.41238;515.24811;571.1123;566.58472;35.55049;31.44795;41.36813;41.43753;30.27362;28.55344;0.80992;0.70031; 
62.96502;63.9381;70.63331;70.63104;72.45885;81.28336;81.28336;-36.83416;-73.124;6647.45117;6601.70068;1;6639.18311;-36.5;-73;9.89885;0.82239;0.08308;7.41427;515.33331;518.52795;578.25513;572.26569;36.79325;32.74143;43.28786;43.1992;32.15215;30.00929;0.8584;0.74304; 
61.56182;63.10776;69.71516;69.71442;70.84408;80.22678;80.22677;-36.83429;-73.12437;6646.64551;6602.0249;1;6638.28906;-36.5;-73;9.60795;0.86188;0.0897;7.1464;528.55804;527.73822;588.65723;581.36536;37.40591;35.66567;46.09405;45.34164;34.34459;31.74087;0.88232;0.83605; 
60.40458;62.47661;69.01785;69.0172;69.51234;79.42433;79.42432;-36.83446;-73.12472;6646.57813;6602.96094;1;6637.63721;-36.5;-73;9.29605;0.895;0.09628;6.87;542.6908;536.19415;594.74689;586.51605;37.37338;38.66498;48.50855;46.87484;35.90938;32.96276;0.87916;0.9367; 
59.51941;62.0558;68.5542;68.54551;68.49372;78.89076;78.89076;-36.83467;-73.12501;6647.7334;6604.97217;1;6637.69336;-36.5;-73;9.10585;0.91649;0.10065;6.64603;556.21741;543.54724;596.90662;588.26996;37.11576;41.09025;50.31884;47.78429;36.79172;33.6524;0.86373;1.02028; 
58.88319;61.77608;68.24812;68.20902;67.76157;78.53854;78.53854;-36.83492;-73.12525;6650.56201;6608.47656;1;6638.94629;-36.5;-73;8.97523;0.93758;0.10446;6.43301;569.52747;550.58319;597.51569;588.37201;36.87235;43.16352;51.72146;48.31758;37.28974;33.98399;0.84676;1.09219; 
58.51777;61.72826;68.20025;68.12209;67.34104;78.48344;78.48345;-36.8352;-73.12543;6655.31787;6613.71143;1;6641.86768;-36.5;-73;9.09223;0.91563;0.1007;6.46818;567.03113;538.78754;576.80548;569.49652;34.16564;42.99471;49.86387;45.46025;34.80759;31.82509;0.75514;1.08362; 
58.45049;61.78652;68.27089;68.16272;67.26363;78.56474;78.56474;-36.83549;-73.12554;6661.32813;6619.9917;1;6646.50537;-36.5;-73;9.14708;0.89983;0.09837;6.53116;565.22595;530.74359;564.07172;557.19275;31.55256;43.69634;48.64919;43.57884;33.21845;30.43839;0.67992;1.10318; 
58.506;61.83986;68.33683;68.21754;67.3275;78.64062;78.64062;-36.83581;-73.1256;6668.01904;6626.00488;1;6652.38867;-36.5;-73;9.36215;0.87675;0.09365;6.71149;555.90851;519.25751;548.94519;542.92413;29.84949;42.51161;46.634;41.50088;31.30845;28.88948;0.63599;1.05952; 
58.63625;61.92423;68.4371;68.32932;67.47739;78.75601;78.75601;-36.83612;-73.12557;6674.74072;6632.22852;1;6658.96533;-36.5;-73;9.50712;0.85727;0.09017;7.00248;544.87152;510.78693;537.30859;532.29492;29.2542;40.59851;44.69341;40.03281;29.82183;27.70417;0.62156;0.99105; 
58.79605;62.02546;68.55535;68.47154;67.66129;78.8921;78.8921;-36.83643;-73.12548;6680.81348;6638.06934;1;6665.47217;-36.5;-73;9.60391;0.84609;0.0881;7.0323;538.677;507.14853;533.11835;528.41534;29.76513;38.84887;43.73596;39.45792;29.21562;27.19968;0.63385;0.93381; 
58.98954;62.22087;68.77692;68.71196;67.88396;79.14708;79.14706;-36.83672;-73.12534;6686.12793;6643.41309;1;6671.46289;-36.5;-73;9.6001;0.8475;0.08828;7.03766;541.70233;511.04483;538.12415;533.51923;30.48822;38.72603;44.11234;39.89831;29.59955;27.52188;0.6514;0.92836; 
59.24024;62.45651;69.04255;68.98561;68.17245;79.45275;79.45275;-36.83699;-73.12513;6691.00098;6647.93945;1;6676.8667;-36.5;-73;9.5627;0.85214;0.08911;7.02093;547.93878;516.84308;545.73975;540.96173;30.79786;39.55775;44.90879;40.57421;30.23155;28.07671;0.65876;0.95214; 
59.52005;62.68536;69.30051;69.24454;68.49445;79.7496;79.74959;-36.83723;-73.12486;6695.69189;6651.75098;1;6681.78857;-36.5;-73;9.57134;0.8509;0.0889;7.03754;550.95929;519.54449;549.2002;544.36774;30.83402;39.86312;45.14219;40.76547;30.37849;28.23805;0.65918;0.95966; 
59.80933;62.85451;69.49252;69.4368;68.82735;79.97057;79.97057;-36.83743;-73.12456;6700.40137;6655.6167;1;6686.5415;-36.5;-73;9.60464;0.84342;0.08781;7.48825;547.15186;519.94751;549.88672;539.93951;30.46989;39.69053;44.44763;40.67692;30.23244;27.69279;0.6502;0.94991; 
59.9836;62.74002;69.37094;69.32071;69.0279;79.83066;79.83067;-36.8376;-73.1242;6705.10596;6659.6665;1;6691.36621;-36.5;-73;9.63757;0.83104;0.08623;7.8791;531.28772;515.84918;543.54108;528.66022;28.54058;40.13836;42.66991;40.57611;29.61174;26.76483;0.60633;0.96471; 
59.80487;62.3073;68.89708;68.84958;68.82222;79.28535;79.28535;-36.83771;-73.12383;6709.45557;6664.34766;1;6695.88867;-36.5;-73;9.61265;0.82605;0.08593;7.43473;517.14398;504.6958;537.11316;517.60297;25.63567;41.78528;41.70528;40.03286;29.29955;26.15314;0.54303;1.02815; 
59.31091;61.97282;68.53177;68.48275;68.25378;78.86495;78.86495;-36.83778;-73.12344;6713.77148;6667.59912;1;6700.27197;-36.5;-73;9.6565;0.80993;0.08387;7.05934;505.5556;488.48328;521.25073;499.80545;22.38486;42.48962;40.28791;38.15573;27.86295;24.81626;0.47675;1.06191; 
58.95905;62.06332;68.63656;68.58176;67.84886;78.98554;78.98555;-36.83781;-73.12305;6718.26025;6670.62207;1;6704.65771;-36.5;-73;9.65575;0.7862;0.08142;6.99989;503.36636;473.33841;501.10971;487.39276;19.23387;42.83759;39.20641;35.53519;25.69332;23.62897;0.42302;1.07201; 
59.0421;62.39516;69.00874;68.93905;67.94444;79.41385;79.41385;-36.83782;-73.12265;6723.17969;6673.93701;1;6709.20068;-36.5;-73;9.8798;0.76939;0.07788;7.48906;506.81613;465.57547;490.91345;484.62158;18.63653;41.66329;38.73775;33.769;24.2966;23.16116;0.41692;1.0225; 
59.39766;62.51612;69.14848;69.05478;68.35361;79.57466;79.57465;-36.83781;-73.12225;6728.79688;6677.84521;1;6714.20801;-36.5;-73;10.02914;0.77141;0.07692;7.98042;506.52707;467.54868;492.68173;490.91489;21.43442;38.72122;38.55656;33.83259;24.18704;23.62661;0.46279;0.92123; 
59.57338;62.26192;68.87402;68.7653;68.55582;79.2588;79.2588;-36.83777;-73.12186;6735.14941;6682.43262;1;6719.83154;-36.5;-73;10.24194;0.75367;0.07359;8.07304;488.03326;455.07208;478.82126;479.27609;23.40639;33.81493;36.49793;32.52724;22.97939;22.6441;0.49824;0.77718; 
59.40037;61.93655;68.52084;68.41827;68.35673;78.85238;78.85237;-36.83772;-73.12147;6741.56738;6688.49512;1;6726.03076;-36.5;-73;10.25708;0.75348;0.07346;7.71271;481.10532;449.6008;475.40604;475.34198;24.30562;32.27987;36.11745;32.22719;22.94321;22.41783;0.51568;0.73744; 
59.08668;61.81562;68.39362;68.29572;67.99574;78.70597;78.70597;-36.83766;-73.12109;6747.81934;6694.93604;1;6732.43018;-36.5;-73;10.15416;0.76356;0.0752;7.44899;487.54971;452.03372;479.54608;478.42746;23.90008;33.76163;37.04088;32.57035;23.49814;22.75109;0.50736;0.78125; 
58.93338;61.93279;68.52988;68.42572;67.81932;78.86278;78.86279;-36.83757;-73.1207;6754.12793;6701.37744;1;6738.74072;-36.5;-73;10.0879;0.76761;0.07609;7.45903;495.99136;455.44727;481.63284;480.75058;23.0548;35.35509;37.7386;32.69705;23.64902;22.90448;0.49126;0.82764; 
59.01255;62.08841;68.70897;68.59588;67.91044;79.06887;79.06888;-36.83747;-73.12032;6760.66504;6708.61816;1;6745.06006;-36.5;-73;10.10168;0.76221;0.07545;7.65294;497.0759;455.51773;479.12848;478.69464;22.402;35.61919;37.4858;32.41579;23.28474;22.63829;0.47941;0.83294; 
59.16447;62.12838;68.76028;68.64635;68.08526;79.12793;79.12793;-36.83736;-73.11996;6767.39111;6714.1333;1;6751.60693;-36.5;-73;10.16078;0.7551;0.07432;7.81768;492.10791;453.46548;475.51715;475.07022;22.48051;34.68999;36.78375;32.1086;22.87733;22.29325;0.48085;0.80397; 
59.22991;62.06585;68.69801;68.59153;68.16056;79.05627;79.05627;-36.83722;-73.1196;6773.96045;6718.46631;1;6758.22607;-36.5;-73;10.19511;0.75357;0.07392;7.80306;487.8804;452.34119;474.75208;473.97824;23.06586;33.78446;36.44027;32.11587;22.83542;22.22121;0.49154;0.77869; 
59.18839;61.999;68.63068;68.53185;68.11279;78.97878;78.97878;-36.83707;-73.11925;6780.26611;6724.55078;1;6764.75049;-36.5;-73;10.17122;0.7579;0.07451;7.68188;488.27789;453.48828;477.39694;476.05334;23.41402;33.88254;36.69742;32.41144;23.14904;22.43557;0.49806;0.78233; 
59.12029;61.99479;68.63255;68.5356;68.03441;78.98093;78.98093;-36.8369;-73.11891;6786.46826;6728.58301;1;6771.11719;-36.5;-73;10.12718;0.7629;0.07533;7.60649;491.66162;455.6987;480.51822;478.81912;23.32691;34.61832;37.16901;32.70631;23.46912;22.68899;0.49637;0.80385; 
59.10162;62.04044;68.68958;68.5894;68.01292;79.04655;79.04655;-36.83672;-73.11859;6792.62402;6732.88086;1;6777.27588;-36.5;-73;10.10891;0.76405;0.07558;7.61473;494.11758;456.80075;481.41272;479.77713;23.06725;35.11914;37.37746;32.76507;23.5267;22.75617;0.49149;0.81826; 
59.13858;62.08471;68.74522;68.6412;68.05547;79.11059;79.11058;-36.83652;-73.11829;6798.9082;6739.20654;1;6783.46875;-36.5;-73;10.12093;0.76187;0.07528;7.67031;493.97504;456.44742;480.30716;478.87262;22.90358;35.08242;37.24895;32.64164;23.38119;22.65222;0.48849;0.81656; 
59.18673;62.09564;68.76408;68.65887;68.11088;79.13229;79.13229;-36.83631;-73.11799;6805.29932;6745.6582;1;6789.77783;-36.5;-73;10.14224;0.75937;0.07487;7.71269;492.35388;455.52164;478.91019;477.5708;22.92692;34.75081;37.01863;32.50972;23.23109;22.52726;0.48894;0.80654; 
59.20809;62.08212;68.75591;68.65199;68.13546;79.12289;79.12289;-36.83608;-73.11771;6811.73145;6752.17041;1;6796.20166;-36.5;-73;10.15214;0.75863;0.07473;7.70038;491.21417;455.01715;478.49152;477.0874;23.03491;34.51932;36.91606;32.47759;23.19891;22.48792;0.49094;0.79993; 
59.2027;62.07357;68.75319;68.65076;68.12926;79.11976;79.11976;-36.83584;-73.11745;6818.12256;6758.73682;1;6802.625;-36.5;-73;10.14753;0.7594;0.07484;7.66977;491.42471;455.20947;478.99518;477.49796;23.08573;34.5533;36.97656;32.52483;23.25745;22.52697;0.49188;0.80116; 
59.19656;62.08542;68.77303;68.6707;68.12218;79.14259;79.14259;-36.83559;-73.11721;6824.47266;6765.44775;1;6809.00391;-36.5;-73;10.1395;0.76014;0.07497;7.65549;492.32056;455.64261;479.56223;478.04633;23.03852;34.72011;37.07568;32.56615;23.30771;22.56893;0.49101;0.80607; 
59.20798;62.10888;68.80573;68.70248;68.13532;79.18022;79.18021;-36.83533;-73.11699;6830.81934;6771.39502;1;6815.34717;-36.5;-73;10.13838;0.75989;0.07495;7.66434;492.83658;455.80511;479.60013;478.13635;22.95867;34.81223;37.09823;32.55362;23.29492;22.56421;0.48956;0.80857; 
59.23299;62.12955;68.83541;68.73154;68.16411;79.21438;79.21439;-36.83505;-73.11678;6837.22314;6777.10596;1;6821.71826;-36.5;-73;10.141;0.75848;0.07479;7.68274;491.99371;456.2179;479.74863;476.15695;22.79469;34.88443;36.94098;32.59308;23.28623;22.38802;0.48647;0.81074; 
59.25517;62.14066;68.8545;68.7507;68.18964;79.23634;79.23634;-36.83477;-73.11661;6843.63281;6782.9585;1;6828.12842;-36.5;-73;10.12171;0.75655;0.07475;7.66932;490.73279;456.15125;479.0567;473.91348;22.0008;35.56656;36.76536;32.60621;23.22375;22.20429;0.4717;0.83083; 
59.25649;62.1473;68.86865;68.76456;68.19115;79.25263;79.25263;-36.83448;-73.11645;6850.04492;6789.07764;1;6834.53955;-36.5;-73;10.09803;0.75429;0.0747;7.63088;490.14996;454.57358;477.84155;471.59387;20.81784;36.56546;36.68295;32.43443;23.10472;22.03871;0.45095;0.86067; 
59.25201;62.17443;68.90542;68.80241;68.186;79.29494;79.29494;-36.83418;-73.1163;6856.37305;6794.09863;1;6840.86279;-36.5;-73;10.1179;0.74781;0.07391;7.63579;488.2439;450.87497;473.70105;467.89432;19.7775;36.89439;36.33941;31.93477;22.67704;21.73706;0.43392;0.87058; 
59.28794;62.24298;68.98825;68.88927;68.22735;79.39027;79.39026;-36.83387;-73.11617;6862.8291;6799.18262;1;6847.38818;-36.5;-73;10.16595;0.74117;0.07291;7.71076;486.51193;447.61182;469.7496;465.22855;19.30083;36.6141;35.96948;31.4396;22.22932;21.48709;0.4268;0.86143; 
59.38004;62.32629;69.08725;68.99474;68.33334;79.50419;79.50418;-36.83356;-73.11606;6869.09521;6805.19971;1;6853.78613;-36.5;-73;10.21809;0.73571;0.072;7.82374;484.79642;445.32324;467.12323;464.0365;19.28785;36.01598;35.65182;31.07688;21.89758;21.3416;0.42693;0.84234; 
59.49071;62.38814;69.16216;69.07778;68.46069;79.59039;79.5904;-36.83325;-73.11596;6875.06543;6810.91309;1;6859.98193;-36.5;-73;10.26311;0.73189;0.07131;7.90751;482.96027;443.60742;465.63834;464.09195;19.51545;35.36081;35.41954;30.85235;21.69325;21.30896;0.43052;0.82205; 
59.58622;62.42013;69.2038;69.12708;68.5706;79.63831;79.63831;-36.83293;-73.11587;6880.84619;6816.33252;1;6866.02686;-36.5;-73;10.28464;0.73201;0.07118;7.93482;482.48087;443.3367;466.70572;465.99094;19.96355;34.93539;35.44855;30.87688;21.74597;21.45323;0.43752;0.80918; 
59.64071;62.43701;69.22829;69.1572;68.6333;79.6665;79.66649;-36.83261;-73.11578;6886.26563;6821.22119;1;6871.68604;-36.5;-73;10.29118;0.73291;0.07122;7.92292;482.60001;443.41046;468.09146;467.7738;20.26843;34.76022;35.55249;30.94547;21.85034;21.59626;0.44231;0.80404; 
59.67352;62.46123;69.26083;69.19321;68.67106;79.70395;79.70395;-36.83229;-73.1157;6891.61377;6826.03271;1;6877.2251;-36.5;-73;10.28937;0.73387;0.07132;7.91246;483.32166;443.76205;469.36407;469.27322;20.39447;34.79353;35.68417;31.01349;21.94456;21.71465;0.44436;0.80495; 
59.70765;62.49664;69.30568;69.23965;68.71034;79.75555;79.75555;-36.83197;-73.11563;6896.87842;6830.76221;1;6882.59863;-36.5;-73;10.28918;0.73404;0.07134;7.91912;484.00485;444.03381;470.06177;470.18372;20.40626;34.86069;35.76241;31.03628;21.9795;21.77731;0.44464;0.80666; 
59.74908;62.52964;69.34765;69.28233;68.75802;79.80386;79.80386;-36.83166;-73.11556;6901.94385;6835.31055;1;6887.69775;-36.5;-73;10.29411;0.7335;0.07125;7.94456;484.19006;444.02039;470.22092;470.58566;20.40045;34.85034;35.7683;31.019;21.96564;21.79682;0.44462;0.80606; 
59.78916;62.55036;69.37595;69.31126;68.80414;79.83642;79.83642;-36.83134;-73.11549;6906.95703;6839.81201;1;6892.74268;-36.5;-73;10.30197;0.73288;0.07114;7.96135;483.98212;443.8176;470.20706;470.79062;20.43898;34.76051;35.74218;30.99406;21.94346;21.80504;0.44528;0.80328; 
59.81796;62.55906;69.39092;69.32706;68.83729;79.85365;79.85365;-36.83103;-73.11543;6911.9751;6844.31592;1;6897.8042;-36.5;-73;10.30846;0.73256;0.07106;7.9675;483.71771;443.61636;470.26639;471.00742;20.508;34.65993;35.72544;30.98259;21.93746;21.81989;0.44639;0.80035; 
59.83329;62.56294;69.40059;69.33756;68.85492;79.86477;79.86477;-36.83071;-73.11537;6917.01904;6848.84131;1;6902.87158;-36.5;-73;10.31113;0.73255;0.07104;7.96106;483.64218;443.50998;470.42993;471.25562;20.55366;34.61581;35.73338;30.98292;21.94672;21.83999;0.44712;0.7991; 
59.84171;62.56952;69.41315;69.35074;68.86462;79.87923;79.87923;-36.83039;-73.11532;6921.98633;6853.2959;1;6907.86914;-36.5;-73;10.31115;0.73258;0.07105;7.96062;483.77011;443.49072;470.58575;471.47913;20.55179;34.63235;35.75377;30.98314;21.95509;21.85701;0.44709;0.79956; 
59.85048;62.57874;69.42868;69.36668;68.8747;79.8971;79.89711;-36.83007;-73.11526;6926.97461;6857.56738;1;6912.86914;-36.5;-73;10.31153;0.73247;0.07103;7.96728;483.90164;443.46201;470.64886;471.63226;20.52999;34.65606;35.76583;30.97563;21.95279;21.86716;0.44676;0.80016; 
59.86099;62.5865;69.44254;69.38084;68.8868;79.91305;79.91305;-36.82976;-73.1152;6931.90771;6861.47949;1;6917.81396;-36.5;-73;10.31358;0.7323;0.071;7.97685;483.92026;443.4007;470.65332;471.74939;20.53115;34.64378;35.76531;30.96588;21.94508;21.87481;0.44679;0.79972; 
59.87075;62.58938;69.45102;69.38968;68.89803;79.92281;79.9228;-36.82944;-73.11515;6936.86475;6865.40723;1;6922.78955;-36.5;-73;10.31629;0.7322;0.07098;7.98603;483.8255;443.32169;470.66608;471.87451;20.56335;34.60007;35.75954;30.96105;21.94115;21.88513;0.44732;0.79842; 
59.87484;62.58622;69.45271;69.39179;68.90274;79.92475;79.92474;-36.82912;-73.1151;6941.76904;6869.94434;1;6927.70459;-36.5;-73;10.31801;0.73228;0.07097;7.987;483.71536;443.2514;470.73721;472.01294;20.60817;34.55679;35.76072;30.96433;21.94733;21.89959;0.44803;0.79719; 
59.8724;62.581;69.45211;69.39158;68.89993;79.92406;79.92407;-36.8288;-73.11505;6946.64648;6887.82568;1;6932.5874;-36.5;-73;10.31797;0.73249;0.07099;7.97974;483.69238;443.22617;470.85449;472.15411;20.64034;34.54075;35.77269;30.97288;21.96023;21.91538;0.44855;0.79679; 
59.86689;62.57702;69.45291;69.39262;68.89359;79.92498;79.92498;-36.82849;-73.115;6951.54736;6910.26904;1;6937.51367;-36.5;-73;10.31674;0.73269;0.07102;7.9785;483.74969;443.23212;470.95035;472.26807;20.64719;34.55345;35.78842;30.98014;21.97118;21.9284;0.44865;0.79718; 
59.86156;62.57343;69.45409;69.39394;68.88745;79.92634;79.92634;-36.82817;-73.11495;6956.4082;6929.50635;1;6942.38867;-36.5;-73;10.31569;0.73283;0.07104;7.97772;483.78821;443.2182;470.99237;472.33023;20.64248;34.56986;35.79875;30.98296;21.97665;21.93717;0.44856;0.79766; 
59.85635;62.5692;69.45461;69.39455;68.88145;79.92694;79.92693;-36.82785;-73.1149;6961.30273;6934.40918;1;6947.28467;-36.5;-73;10.31535;0.73295;0.07105;7.98155;483.78671;443.1955;471.00534;472.38309;20.64792;34.57118;35.80418;30.98509;21.97947;21.94542;0.44864;0.79771; 
59.85071;62.56358;69.45356;69.39362;68.87497;79.92574;79.92574;-36.82753;-73.11485;6966.1875;6939.30078;1;6952.18311;-36.5;-73;10.3153;0.73307;0.07107;7.9836;483.74792;443.16434;471.01566;472.42795;20.6639;34.56049;35.80725;30.98798;21.98299;21.95338;0.4489;0.79743; 
59.84282;62.55592;69.45026;69.39043;68.86589;79.92193;79.92192;-36.82721;-73.11481;6971.0708;6944.18994;1;6957.06934;-36.5;-73;10.31489;0.73324;0.07109;7.98036;483.69327;443.12634;471.039;472.4707;20.68121;34.55136;35.81175;30.99272;21.98933;21.96225;0.44917;0.79721; 
59.83226;62.54575;69.44414;69.38444;68.85374;79.91489;79.91488;-36.82689;-73.11476;6975.93311;6949.05859;1;6961.91895;-36.5;-73;10.31386;0.73347;0.07112;7.97876;483.65363;443.0856;471.0563;472.5014;20.69444;34.55003;35.81931;30.9983;21.99715;21.97157;0.44937;0.79724; 
59.81989;62.53615;69.43867;69.37908;68.83951;79.90861;79.90861;-36.82657;-73.11471;6980.81787;6953.94824;1;6966.82178;-36.5;-73;10.3123;0.73373;0.07115;7.97436;483.66107;443.07178;471.08377;472.53607;20.70135;34.55936;35.83027;31.005;22.00582;21.981;0.44946;0.79757; 
59.80767;62.52799;69.43477;69.37522;68.82544;79.90411;79.90411;-36.82626;-73.11466;6985.65625;6958.79102;1;6971.66309;-36.5;-73;10.31076;0.73396;0.07118;7.97623;483.69113;443.069;471.10339;472.56726;20.70382;34.57225;35.84109;31.01075;22.01283;21.98935;0.44949;0.79798; 
59.79652;62.52129;69.4325;69.37293;68.81261;79.90149;79.90149;-36.82594;-73.11462;6990.51123;6963.64941;1;6976.52686;-36.5;-73;10.30962;0.73413;0.07121;7.97609;483.70508;443.05789;471.09833;472.57626;20.7044;34.5811;35.84776;31.01368;22.01655;21.99483;0.44948;0.79827; 
59.78654;62.51373;69.42924;69.36972;68.80112;79.89775;79.89777;-36.82562;-73.11457;6995.3374;6968.47852;1;6981.34863;-36.5;-73;10.30878;0.73427;0.07123;7.97609;483.67169;443.02655;471.08212;472.5777;20.70852;34.58294;35.85086;31.0161;22.01955;22.00017;0.44953;0.79835; 
59.77654;62.50547;69.42525;69.36574;68.78962;79.89316;79.89316;-36.8253;-73.11452;7000.20654;6973.3501;1;6986.20801;-36.5;-73;10.30817;0.73444;0.07125;7.97306;483.62665;442.99344;471.07849;472.58557;20.72074;34.57755;35.85431;31.01984;22.02415;22.0063;0.44972;0.79824; 
59.765;62.49484;69.41863;69.35918;68.77634;79.88554;79.88554;-36.82498;-73.11448;7005.08447;6978.22412;1;6991.09082;-36.5;-73;10.30706;0.73467;0.07128;7.97445;483.58029;442.95944;471.07648;472.59485;20.7332;34.57566;35.85987;31.02533;22.03074;22.01391;0.44991;0.79825; 
59.75162;62.48562;69.41355;69.35413;68.76094;79.87969;79.87968;-36.82467;-73.11443;7009.91895;6983.06104;1;6995.91699;-36.5;-73;10.30562;0.73492;0.07131;7.97264;483.59198;442.957;471.10431;472.62137;20.74274;34.58218;35.87028;31.03263;22.0394;22.02217;0.45005;0.79851; 
59.74009;62.47868;69.41099;69.35155;68.74767;79.87675;79.87675;-36.82435;-73.11439;7014.75;6987.896;1;7000.76611;-36.5;-73;10.30412;0.7351;0.07134;7.96858;483.61142;442.95657;471.11163;472.62692;20.74104;34.59575;35.87805;31.03701;22.04482;22.02726;0.45;0.79893; 
59.73012;62.47239;69.40919;69.34972;68.73619;79.87468;79.87468;-36.82403;-73.11434;7019.62988;6992.77783;1;7005.62891;-36.5;-73;10.30303;0.73525;0.07136;7.9715;483.61182;442.94373;471.0979;472.62433;20.73904;34.60517;35.88275;31.03953;22.04763;22.03141;0.44996;0.79923; 
59.72035;62.46271;69.40361;69.34416;68.72495;79.86826;79.86826;-36.82371;-73.1143;7024.48535;6997.63525;1;7010.48682;-36.5;-73;10.30221;0.73541;0.07138;7.96893;483.55002;442.89072;471.06317;472.59604;20.74415;34.60385;35.88425;31.0412;22.05044;22.03541;0.45002;0.79924; 
59.70864;62.45321;69.39821;69.3388;68.71148;79.86203;79.86205;-36.82339;-73.11425;7029.31738;7002.46826;1;7015.33643;-36.5;-73;10.30127;0.73563;0.07141;7.96466;483.52429;442.87189;471.07077;472.60309;20.75823;34.60077;35.8904;31.047;22.05715;22.0421;0.45024;0.79922; 
59.69621;62.44476;69.39396;69.33456;68.69717;79.85715;79.85715;-36.82307;-73.1142;7034.1416;7007.29248;1;7020.15088;-36.5;-73;10.29989;0.73585;0.07144;7.95952;483.54089;442.87149;471.08624;472.60913;20.76557;34.60717;35.89939;31.05281;22.06438;22.04795;0.45035;0.79947; 
59.68586;62.43948;69.39328;69.33383;68.68526;79.85637;79.85638;-36.82275;-73.11416;7039.02002;7012.17139;1;7025.02344;-36.5;-73;10.29841;0.736;0.07147;7.96172;483.58011;442.87949;471.08279;472.60385;20.75931;34.62345;35.90659;31.05564;22.06799;22.05097;0.45023;0.79996; 
59.67759;62.43422;69.39265;69.33316;68.67574;79.85564;79.85565;-36.82243;-73.11411;7043.90723;7017.05762;1;7029.90723;-36.5;-73;10.29747;0.73609;0.07148;7.96394;483.56906;442.8562;471.05313;472.57858;20.75204;34.6338;35.9085;31.05578;22.06865;22.05256;0.45009;0.80027; 
59.66977;62.42745;69.39033;69.33081;68.66675;79.85297;79.85297;-36.82211;-73.11407;7048.78564;7021.93555;1;7034.79736;-36.5;-73;10.2971;0.7362;0.0715;7.96315;483.52536;442.82047;471.02594;472.56073;20.75873;34.62931;35.90919;31.05701;22.0702;22.05557;0.45019;0.80018; 
59.66078;62.41859;69.38564;69.32616;68.6564;79.84757;79.84757;-36.8218;-73.11402;7053.62646;7026.77393;1;7039.63428;-36.5;-73;10.29646;0.73637;0.07152;7.95877;483.4762;442.7865;471.01556;472.54776;20.77163;34.62251;35.91196;31.06059;22.07485;22.06003;0.45039;0.80005; 
59.65089;62.41235;69.3838;69.32435;68.64502;79.84546;79.84546;-36.82148;-73.11398;7058.42773;7031.57373;1;7044.43604;-36.5;-73;10.29529;0.73656;0.07154;7.95505;483.50101;442.80243;471.04456;472.57013;20.77991;34.62772;35.92044;31.06694;22.08189;22.0658;0.45052;0.80024; 
59.64226;62.40744;69.38357;69.32406;68.63509;79.84519;79.84518;-36.82116;-73.11393;7063.31396;7036.45654;1;7049.32568;-36.5;-73;10.29398;0.73669;0.07156;7.95615;483.5253;442.8013;471.03488;472.5538;20.77276;34.64235;35.92586;31.06873;22.08471;22.06757;0.45039;0.80069; 
59.63454;62.4025;69.38328;69.32375;68.6262;79.84486;79.84486;-36.82084;-73.11388;7068.2002;7041.34082;1;7054.20801;-36.5;-73;10.29314;0.73678;0.07158;7.95525;483.52722;442.78043;471.01193;472.52765;20.76688;34.65183;35.92892;31.0689;22.08585;22.06882;0.45027;0.80099; 
59.6278;62.39759;69.38304;69.32349;68.61845;79.84458;79.84458;-36.82052;-73.11384;7073.0791;7046.22217;1;7059.07617;-36.5;-73;10.29267;0.73687;0.07159;7.95256;483.51541;442.76474;470.99112;472.51157;20.76978;34.65189;35.93056;31.0699;22.08698;22.07072;0.45032;0.80102; 
59.62123;62.39286;69.38292;69.32335;68.61089;79.84444;79.84443;-36.8202;-73.11379;7077.9082;7051.05273;1;7063.91016;-36.5;-73;10.2922;0.73697;0.0716;7.95307;483.4986;442.75238;470.97836;472.50244;20.77506;34.65014;35.9322;31.07161;22.08886;22.07294;0.4504;0.80099; 
59.61539;62.3881;69.38283;69.32327;68.60416;79.84434;79.84434;-36.81988;-73.11375;7082.77637;7055.92188;1;7068.78369;-36.5;-73;10.29161;0.73707;0.07162;7.95356;483.48672;442.74075;470.97134;472.49811;20.779;34.65081;35.93485;31.07371;22.0914;22.07554;0.45045;0.80104; 
59.60883;62.38342;69.38274;69.32319;68.59661;79.84424;79.84424;-36.81957;-73.1137;7087.58154;7060.72803;1;7073.59082;-36.5;-73;10.29093;0.73717;0.07163;7.95013;483.47867;442.72745;470.96561;472.48856;20.78035;34.65414;35.93784;31.07553;22.09406;22.07773;0.45047;0.80117; 
59.60238;62.37882;69.38282;69.32326;68.58919;79.84433;79.84433;-36.81925;-73.11366;7092.44482;7065.59131;1;7078.43604;-36.5;-73;10.29019;0.73727;0.07165;7.95067;483.48224;442.71948;470.9548;472.48013;20.78066;34.65899;35.94135;31.07727;22.09624;22.07998;0.45046;0.80134; 
59.59617;62.37575;69.38457;69.325;68.58205;79.84635;79.84636;-36.81893;-73.11361;7097.28809;7070.43359;1;7083.28467;-36.5;-73;10.28955;0.73736;0.07166;7.94679;483.50009;442.72412;470.95865;472.48163;20.78075;34.66468;35.94535;31.0794;22.09868;22.08219;0.45046;0.80152; 
59.5927;62.37528;69.38924;69.32961;68.57806;79.85172;79.85171;-36.81861;-73.11356;7102.14746;7075.2915;1;7088.15234;-36.5;-73;10.28923;0.73738;0.07167;7.95133;483.52481;442.73584;470.95105;472.48123;20.77841;34.66901;35.94701;31.0796;22.09841;22.08249;0.45042;0.80164; 
59.5908;62.3721;69.39087;69.33121;68.57587;79.85358;79.85358;-36.81829;-73.11352;7106.99121;7080.1333;1;7092.99609;-36.5;-73;10.28911;0.73738;0.07167;7.95197;483.46991;442.69461;470.90509;472.4451;20.77492;34.66764;35.94306;31.07714;22.09615;22.08149;0.45035;0.8016; 
59.58697;62.36742;69.39083;69.33121;68.57146;79.85355;79.85353;-36.81798;-73.11347;7111.8252;7084.96484;1;7097.82275;-36.5;-73;10.28905;0.73747;0.07168;7.94781;483.42883;442.67197;470.90564;472.44833;20.78538;34.65992;35.94386;31.07961;22.0989;22.08481;0.45052;0.80142; 
59.58128;62.36299;69.39112;69.33153;68.56492;79.85387;79.85387;-36.81766;-73.11343;7116.7041;7089.84082;1;7102.72559;-36.5;-73;10.28852;0.73759;0.07169;7.94713;483.43372;442.67441;470.9147;472.45575;20.79402;34.65828;35.9483;31.08311;22.10286;22.08802;0.45066;0.80141; 
59.57597;62.36191;69.39505;69.33543;68.55881;79.8584;79.85839;-36.81734;-73.11338;7121.51465;7094.65234;0;7107.5127;-36.5;-73;10.28777;0.73766;0.0717;7.94345;483.48196;442.69711;470.93552;472.46475;20.79102;34.6685;35.954;31.08549;22.10589;22.08944;0.45061;0.80172; 
59.57382;62.36123;69.39948;69.3398;68.55634;79.86349;79.86347;-36.81702;-73.11333;7126.36035;7099.50146;0;7112.36865;-36.5;-73;10.28721;0.73766;0.07171;7.94903;483.49838;442.69278;470.90317;472.44016;20.77882;34.67989;35.95416;31.08338;22.10367;22.0879;0.45039;0.80204; 
59.57278;62.36076;69.40413;69.34444;68.55514;79.86885;79.86886;-36.81671;-73.11329;7131.20703;7104.35107;0;7117.21045;-36.5;-73;10.28731;0.73765;0.0717;7.94929;483.48618;442.68112;470.88373;472.43094;20.77642;34.67989;35.95251;31.0821;22.10187;22.08769;0.45035;0.80203; 
59.57143;62.35701;69.40517;69.3455;68.55358;79.87005;79.87005;-36.81639;-73.11324;7136.08594;7109.23242;0;7122.08643;-36.5;-73;10.28757;0.73767;0.07171;7.95048;483.41879;442.6412;470.85352;472.40637;20.78373;34.66859;35.94862;31.08125;22.10116;22.08794;0.45047;0.80172; 
59.56711;62.35262;69.40546;69.34586;68.54861;79.87038;79.87038;-36.81607;-73.1132;7140.93408;7114.08301;0;7126.93457;-36.5;-73;10.28741;0.73778;0.07172;7.94208;483.39813;442.63181;470.87195;472.41284;20.79692;34.66066;35.95153;31.08479;22.10567;22.09109;0.45069;0.80154; 
59.56305;62.35173;69.40969;69.35007;68.54394;79.87525;79.87524;-36.81575;-73.11315;7145.80908;7118.95947;0;7131.81787;-36.5;-73;10.2867;0.73786;0.07173;7.94226;483.44785;442.66342;470.90234;472.43219;20.79749;34.66853;35.9576;31.08823;22.10953;22.09311;0.4507;0.80178; 
59.56067;62.35101;69.41412;69.35445;68.5412;79.88035;79.88035;-36.81543;-73.11311;7150.69385;7123.84473;0;7136.70264;-36.5;-73;10.28605;0.73786;0.07173;7.94494;483.47141;442.65866;470.87955;472.40561;20.78427;34.68193;35.95897;31.08636;22.10832;22.09139;0.45046;0.80217; 
59.55939;62.35052;69.41872;69.35915;68.53973;79.88564;79.88564;-36.81511;-73.11306;7155.5127;7128.66357;0;7141.50977;-36.5;-73;10.26573;0.73859;0.07195;7.92879;484.72733;443.90875;472.47571;474.0351;20.9187;34.83081;36.1481;31.26048;22.25671;22.24255;0.45282;0.80653; 
59.52901;62.2794;69.345;69.27075;68.50477;79.8008;79.8008;-36.81479;-73.11301;7160.62354;7133.77393;0;7146.43066;-36.5;-73;10.18503;0.75574;0.0742;7.82909;491.83929;451.08914;482.06778;483.53293;21.90334;35.72012;37.2753;32.30579;23.18453;23.15993;0.46998;0.83342; 
59.41755;62.13956;69.19539;69.10284;68.3765;79.62863;79.62864;-36.81448;-73.11297;7166.34082;7139.48975;0;7151.59424;-36.5;-73;10.19629;0.7538;0.07393;7.7378;489.27924;448.05331;478.20273;479.46402;21.65723;35.44602;36.9776;31.97039;22.92761;22.87432;0.46527;0.82671; 
59.26206;62.03751;69.08839;68.98355;68.19756;79.50551;79.50551;-36.81416;-73.11292;7172.57617;7145.72363;0;7157.31738;-36.5;-73;10.20334;0.75039;0.07354;7.66905;487.55313;444.93011;473.4559;474.47473;21.10115;35.38023;36.66346;31.52734;22.57545;22.48281;0.45556;0.82599; 
59.14584;62.01988;69.07578;68.96384;68.06382;79.49099;79.49098;-36.81384;-73.11288;7179.16211;7152.30713;0;7163.56934;-36.5;-73;10.20203;0.74696;0.07322;7.66111;487.60223;442.9559;469.66461;470.75217;20.41784;35.60288;36.47213;31.15077;22.25632;22.16255;0.4441;0.833; 
59.11331;62.05282;69.11959;69.00462;68.02638;79.5414;79.5414;-36.81353;-73.11283;7185.8457;7158.9873;0;7170.05957;-36.5;-73;10.20584;0.74346;0.07285;7.70944;487.66574;441.61606;466.89545;468.35843;19.86962;35.77201;36.29514;30.86153;21.9853;21.93761;0.43554;0.83746; 
59.13722;62.07888;69.15577;69.04124;68.0539;79.58304;79.58305;-36.81321;-73.11279;7192.54102;7165.68506;0;7176.68652;-36.5;-73;10.22152;0.74102;0.0725;7.77276;486.91293;440.83911;465.3847;467.28534;19.7553;35.61134;36.11999;30.70914;21.81826;21.83357;0.43389;0.83185; 
59.16715;62.07322;69.15658;69.04469;68.08835;79.58397;79.58398;-36.8129;-73.11274;7199.21484;7172.36084;0;7183.38916;-36.5;-73;10.2403;0.7406;0.07232;7.80718;485.88126;440.69891;465.20569;467.4202;20.07133;35.19996;36.01918;30.70786;21.79035;21.84624;0.43889;0.81937; 
59.17027;62.04612;69.13343;69.02453;68.09193;79.55733;79.55734;-36.81258;-73.11269;7205.81348;7178.95996;0;7190.06787;-36.5;-73;10.24612;0.74165;0.07238;7.79219;485.30157;440.94904;465.85843;468.04858;20.4248;34.91464;36.0261;30.78924;21.86425;21.909;0.4445;0.8112; 
59.14767;62.02534;69.11723;69.01027;68.06593;79.53868;79.53868;-36.81226;-73.11265;7212.32178;7185.46875;0;7196.64844;-36.5;-73;10.23675;0.74305;0.07259;7.75335;485.57858;441.33936;466.67813;468.60526;20.51964;34.96556;36.11481;30.87239;21.96034;21.96494;0.44595;0.81307; 
59.12497;62.02712;69.1261;69.01962;68.0398;79.5489;79.5489;-36.81195;-73.1126;7218.78955;7191.93652;0;7203.15967;-36.5;-73;10.22369;0.7438;0.07275;7.72828;486.34863;441.67328;467.14828;468.86469;20.38972;35.21037;36.20648;30.91039;22.01051;21.98802;0.44383;0.82045; 
59.12239;62.04705;69.15513;69.04811;68.03684;79.58231;79.58231;-36.81163;-73.11256;7225.22119;7198.36719;0;7209.60596;-36.5;-73;10.21821;0.74364;0.07278;7.73742;486.95255;441.84369;467.16071;468.87018;20.23344;35.39253;36.23961;30.90272;22.00076;21.98092;0.44137;0.8257; 
59.13962;62.06659;69.18375;69.07607;68.05666;79.61524;79.61524;-36.81131;-73.11251;7231.68555;7204.83008;0;7216.06543;-36.5;-73;10.22182;0.74303;0.07269;7.75291;487.01385;441.83444;466.94522;468.75433;20.18456;35.39706;36.21247;30.87746;21.96486;21.96172;0.44066;0.82558; 
59.16217;62.07562;69.20082;69.09293;68.08261;79.63489;79.63489;-36.81099;-73.11246;7238.27686;7211.41992;0;7222.63525;-36.5;-73;10.22885;0.74253;0.07259;7.7656;486.70596;441.75861;466.7829;468.67908;20.24217;35.28442;36.16698;30.86205;21.93974;21.94896;0.44162;0.82209; 
59.17567;62.07531;69.20734;69.09962;68.09815;79.64239;79.64239;-36.81068;-73.11242;7244.76074;7217.90332;0;7229.11279;-36.5;-73;10.23294;0.74241;0.07255;7.76472;486.43927;441.71051;466.78375;468.68884;20.31547;35.18962;36.14511;30.86291;21.93892;21.94727;0.4428;0.8193; 
59.17974;62.0756;69.21465;69.10716;68.10283;79.65079;79.65079;-36.81036;-73.11237;7251.32813;7224.46973;0;7235.67139;-36.5;-73;10.23255;0.74248;0.07256;7.75462;486.44757;441.72675;466.88434;468.72894;20.32939;35.18542;36.15298;30.86889;21.94989;21.9486;0.44302;0.81926; 
59.18287;62.08392;69.23083;69.12333;68.10643;79.66943;79.66943;-36.81004;-73.11233;7257.83154;7230.97119;0;7242.18311;-36.5;-73;10.23061;0.74241;0.07257;7.75049;486.66971;441.7749;466.93192;468.73505;20.28186;35.24312;36.16853;30.86579;21.95128;21.94384;0.44228;0.82097; 
59.19275;62.09917;69.25472;69.14697;68.11781;79.69691;79.69691;-36.80973;-73.11228;7264.31836;7237.45508;0;7248.65625;-36.5;-73;10.23054;0.74209;0.07254;7.74987;486.87827;441.79727;466.87885;468.68884;20.22229;35.29133;36.17045;30.85111;21.9374;21.93129;0.44138;0.82231; 
59.21037;62.11537;69.27969;69.17172;68.13808;79.72564;79.72564;-36.80941;-73.11224;7270.80127;7243.93994;0;7255.13477;-36.5;-73;10.23298;0.74163;0.07247;7.76019;486.91718;441.78357;466.77112;468.62497;20.19135;35.2911;36.15339;30.83283;21.91602;21.91634;0.44093;0.82214; 
59.23038;62.12739;69.3001;69.19214;68.1611;79.74914;79.74914;-36.80909;-73.11219;7277.38965;7250.53125;0;7261.72559;-36.5;-73;10.23682;0.74123;0.07241;7.76672;486.80951;441.75848;466.70581;468.59436;20.20423;35.2455;36.12971;30.82098;21.9003;21.90599;0.44118;0.82066; 
59.24743;62.13599;69.31665;69.20882;68.18073;79.76817;79.76817;-36.80877;-73.11214;7283.9165;7257.05908;0;7268.26465;-36.5;-73;10.23997;0.741;0.07236;7.76845;486.72308;441.76651;466.72186;468.6192;20.23596;35.19621;36.11567;30.81803;21.89525;21.90154;0.44171;0.81914; 
59.26051;62.14369;69.33221;69.22453;68.19579;79.78609;79.78609;-36.80845;-73.1121;7290.46484;7263.60889;0;7274.8042;-36.5;-73;10.24125;0.74084;0.07234;7.76618;486.71255;441.78943;466.77432;468.64508;20.24534;35.18058;36.1116;30.81739;21.89545;21.89781;0.44188;0.81865; 
59.27222;62.15379;69.35037;69.24274;68.20925;79.80698;79.80697;-36.80814;-73.11205;7296.93994;7270.08496;0;7281.2959;-36.5;-73;10.24169;0.74067;0.07232;7.76521;486.79166;441.82098;466.8132;468.66254;20.22864;35.19367;36.11279;30.81407;21.89337;21.89258;0.44164;0.819; 
59.28491;62.16624;69.37115;69.26351;68.22386;79.8309;79.8309;-36.80782;-73.11201;7303.41357;7276.55762;0;7287.74316;-36.5;-73;10.24247;0.74041;0.07229;7.76739;486.88382;441.84601;466.81287;468.65958;20.20126;35.21124;36.11056;30.80651;21.88574;21.88469;0.44124;0.81945; 
59.30063;62.17857;69.39191;69.28423;68.24195;79.85478;79.85479;-36.8075;-73.11196;7309.96631;7283.10889;0;7294.29443;-36.5;-73;10.24418;0.74008;0.07224;7.76976;486.89832;441.84387;466.77805;468.62881;20.18144;35.2112;36.09947;30.79604;21.87414;21.87461;0.44096;0.81934; 
59.31673;62.18965;69.41124;69.30358;68.26048;79.87704;79.87704;-36.80719;-73.11192;7316.50293;7289.20313;0;7300.83203;-36.5;-73;10.24655;0.73979;0.0722;7.77743;486.87708;441.85287;466.76129;468.63196;20.18317;35.19105;36.08718;30.78912;21.86462;21.86778;0.44102;0.81866; 
59.33172;62.19896;69.42863;69.32107;68.27773;79.89706;79.89706;-36.80687;-73.11186;7323.0752;7295.33057;0;7307.39404;-36.5;-73;10.24876;0.73956;0.07216;7.77763;486.84027;441.8634;466.77344;468.64536;20.1931;35.16652;36.07687;30.78506;21.85913;21.86258;0.4412;0.81787; 
59.34504;62.20744;69.44507;69.33758;68.29305;79.91596;79.91595;-36.80655;-73.11182;7329.60645;7301.41797;0;7313.94336;-36.5;-73;10.25025;0.73937;0.07213;7.77638;486.83264;441.87979;466.79926;468.66309;20.19664;35.15342;36.07088;30.78226;21.85599;21.85821;0.44128;0.81743; 
59.35704;62.21679;69.4625;69.35508;68.30687;79.93603;79.93604;-36.80622;-73.11177;7336.14648;7307.5127;0;7320.47559;-36.5;-73;10.2513;0.73919;0.07211;7.77949;486.86734;441.90399;466.82349;468.68506;20.18966;35.1532;36.06789;30.77899;21.8524;21.85391;0.4412;0.81738; 
59.3695;62.22598;69.4797;69.37231;68.32121;79.95581;79.95583;-36.80591;-73.11172;7342.63672;7313.56104;0;7326.98242;-36.5;-73;10.25231;0.73897;0.07208;7.77826;486.884;441.91229;466.8244;468.68188;20.17612;35.15575;36.06209;30.77345;21.84658;21.84788;0.441;0.81738; 
59.38137;62.23471;69.49635;69.38899;68.33486;79.97498;79.97499;-36.8056;-73.11168;7349.09766;7316.72803;1;7333.43311;-36.5;-73;10.25374;0.73877;0.07205;7.78193;486.89398;441.92316;466.82513;468.69077;20.17115;35.14974;36.05591;30.76875;21.84068;21.84318;0.44095;0.81715; 
59.39308;62.24306;69.5126;69.40526;68.34834;79.99367;79.99367;-36.80528;-73.11163;7355.57031;7318.06885;1;7339.89746;-36.5;-73;10.25524;0.73856;0.07202;7.78625;486.88657;441.9342;466.82281;468.69858;20.17042;35.13862;36.04826;30.76434;21.8348;21.8384;0.44096;0.81676; 
59.40455;62.25067;69.52816;69.42088;68.36154;80.01158;80.01157;-36.80495;-73.11159;7362.16406;7319.43115;1;7346.49707;-36.5;-73;10.25669;0.73839;0.07199;7.78696;486.884;441.94437;466.83325;468.71109;20.17214;35.1272;36.0425;30.76092;21.83063;21.83441;0.44101;0.81638; 
59.4149;62.25766;69.543;69.43578;68.37345;80.02866;80.02866;-36.80463;-73.11154;7368.74609;7320.78955;1;7353.09033;-36.5;-73;10.25781;0.73822;0.07197;7.78629;486.87927;441.95154;466.84546;468.71719;20.16995;35.12061;36.03727;30.75764;21.82713;21.83034;0.44099;0.81614; 
59.42469;62.26438;69.55752;69.45036;68.38472;80.04537;80.04537;-36.80431;-73.1115;7375.28223;7322.13525;1;7359.62842;-36.5;-73;10.25876;0.73808;0.07195;7.79245;486.88553;441.96564;466.85165;468.73407;20.16656;35.11682;36.03294;30.75498;21.82335;21.82739;0.44096;0.81598; 
59.43378;62.2711;69.57195;69.46483;68.39517;80.06197;80.06197;-36.804;-73.11145;7381.74707;7325.79346;1;7366.09912;-36.5;-73;10.25979;0.73793;0.07192;7.7911;486.89795;441.97754;466.86612;468.74576;20.16404;35.11246;36.02941;30.75221;21.82022;21.82409;0.44093;0.81581; 
59.44275;62.27787;69.58656;69.47945;68.40549;80.07878;80.07878;-36.80368;-73.1114;7388.31348;7332.95264;1;7372.6416;-36.5;-73;10.26077;0.73778;0.0719;7.79299;486.90854;441.98779;466.86951;468.75131;20.15984;35.10869;36.02504;30.74871;21.81614;21.82017;0.44089;0.81566; 
59.45177;62.28386;69.60023;69.49316;68.41587;80.09451;80.09451;-36.80336;-73.11136;7394.81982;7340.39795;1;7379.15918;-36.5;-73;10.26171;0.73761;0.07188;7.79457;486.88568;441.98727;466.86771;468.7457;20.15462;35.10401;36.01816;30.74497;21.81184;21.81592;0.44082;0.81546; 
59.45945;62.28866;69.61256;69.50557;68.42472;80.1087;80.10871;-36.80304;-73.11131;7401.31982;7347.83496;1;7385.65039;-36.5;-73;10.26288;0.73751;0.07186;7.79456;486.87549;441.99313;466.8837;468.7608;20.15968;35.0929;36.01437;30.74354;21.80985;21.8141;0.44091;0.81511; 
59.46688;62.29367;69.62511;69.51816;68.43327;80.12314;80.12314;-36.80272;-73.11127;7407.79834;7355.24805;1;7392.14307;-36.5;-73;10.26367;0.7374;0.07185;7.79528;486.87997;442.00665;466.89786;468.7713;20.16059;35.08703;36.01135;30.74201;21.80795;21.81156;0.44094;0.81491; 
59.47365;62.2986;69.6376;69.53069;68.44106;80.13753;80.13754;-36.8024;-73.11121;7414.31934;7362.58838;1;7398.6543;-36.5;-73;10.2642;0.73729;0.07183;7.79944;486.8858;442.01379;466.90253;468.77753;20.15475;35.08765;36.0084;30.73973;21.80533;21.80889;0.44086;0.81489; 
59.47934;62.30236;69.6488;69.54193;68.4476;80.15041;80.15041;-36.80208;-73.11117;7420.83154;7369.89404;1;7405.17773;-36.5;-73;10.26486;0.73719;0.07182;7.79788;486.8775;442.0072;466.90439;468.77176;20.15079;35.08548;36.00504;30.73707;21.80293;21.80611;0.4408;0.8148; 
59.48485;62.30671;69.66076;69.55392;68.45394;80.16417;80.16417;-36.80176;-73.11112;7427.43213;7377.29932;1;7411.77441;-36.5;-73;10.26565;0.7371;0.0718;7.79801;486.89499;442.01923;466.91696;468.78537;20.15197;35.08074;36.00359;30.73572;21.80117;21.80446;0.44083;0.81465; 
59.49049;62.31094;69.6724;69.56559;68.46043;80.17757;80.17757;-36.80144;-73.11108;7433.89746;7384.55225;1;7418.24902;-36.5;-73;10.2662;0.737;0.07179;7.80051;486.89801;442.02283;466.91565;468.78427;20.14805;35.07911;36.00039;30.73317;21.7984;21.8016;0.44078;0.81457; 
59.49629;62.3143;69.68331;69.57653;68.46711;80.19012;80.19012;-36.80112;-73.11103;7440.52148;7391.98242;1;7424.86182;-36.5;-73;10.26686;0.7369;0.07177;7.79966;486.87894;442.01505;466.91461;468.77817;20.14513;35.07547;35.99618;30.73062;21.79589;21.79897;0.44074;0.81443; 
59.50103;62.31733;69.69368;69.58694;68.47256;80.20206;80.20206;-36.8008;-73.11098;7447.00586;7399.25537;1;7431.34912;-36.5;-73;10.26752;0.73684;0.07176;7.80099;486.87735;442.01978;466.92319;468.78772;20.14735;35.06977;35.99411;30.72964;21.79458;21.7978;0.44079;0.81425; 
59.50512;62.31948;69.70308;69.59641;68.47727;80.21288;80.21288;-36.80048;-73.11094;7453.51123;7406.91846;1;7437.87012;-36.5;-73;10.26797;0.73678;0.07176;7.80237;486.86453;442.01901;466.92841;468.79318;20.1481;35.06574;35.99179;30.72883;21.79358;21.79682;0.4408;0.81412; 
59.50861;62.32158;69.71243;69.60578;68.48129;80.22364;80.22363;-36.80016;-73.11089;7460.02197;7413.65771;1;7444.38525;-36.5;-73;10.26831;0.73674;0.07175;7.80348;486.86673;442.02365;466.93478;468.80466;20.14836;35.06381;35.99088;30.72844;21.79284;21.79638;0.44081;0.81405; 
59.51118;62.32385;69.72191;69.6153;68.48425;80.23454;80.23454;-36.79985;-73.11085;7466.45801;7420.31934;1;7450.7959;-36.5;-73;10.26863;0.7367;0.07174;7.8021;486.87714;442.02661;466.94421;468.81107;20.14711;35.06348;35.99061;30.72765;21.79227;21.79548;0.4408;0.81403; 
59.51432;62.32693;69.73235;69.62574;68.48785;80.24656;80.24656;-36.79953;-73.1108;7472.9668;7427.05566;1;7457.32324;-36.5;-73;10.26893;0.73663;0.07173;7.80425;486.88745;442.03357;466.94608;468.81927;20.14309;35.06485;35.98923;30.72636;21.79051;21.79424;0.44074;0.81405; 
59.51823;62.32938;69.74214;69.63554;68.49236;80.25783;80.25783;-36.7992;-73.11076;7479.52002;7434.10547;1;7463.88379;-36.5;-73;10.26941;0.73656;0.07172;7.80598;486.88065;442.02856;466.93906;468.81757;20.14092;35.06237;35.98652;30.72432;21.78818;21.79256;0.44071;0.81396; 
59.52153;62.33128;69.75126;69.64468;68.49615;80.26832;80.26832;-36.79889;-73.11071;7486.00195;7441.21729;1;7470.37744;-36.5;-73;10.26994;0.73651;0.07172;7.80564;486.86508;442.02576;466.94229;468.82367;20.14277;35.05708;35.98405;30.7235;21.78703;21.7919;0.44074;0.81379; 
59.52452;62.33294;69.76017;69.65364;68.4996;80.27857;80.27857;-36.79856;-73.11066;7492.54639;7447.03223;1;7476.90381;-36.5;-73;10.27041;0.73648;0.07171;7.80616;486.85059;442.02972;466.94983;468.83646;20.14673;35.05096;35.98199;30.7236;21.78649;21.79181;0.44081;0.8136; 
59.52663;62.33419;69.76856;69.66207;68.50203;80.28823;80.28823;-36.79824;-73.11061;7499.03516;7451.40576;1;7483.40625;-36.5;-73;10.27077;0.73645;0.0717;7.80731;486.84778;442.03024;466.96054;468.84711;20.14965;35.04712;35.98164;30.7237;21.78665;21.7918;0.44086;0.81349; 
59.5287;62.3353;69.7768;69.67032;68.50441;80.29771;80.29771;-36.79793;-73.11057;7505.51172;7455.75195;1;7489.86572;-36.5;-73;10.27083;0.73642;0.0717;7.80685;486.83966;442.02579;466.9585;468.84372;20.14614;35.04853;35.98022;30.72278;21.78585;21.79074;0.4408;0.81352; 
59.53032;62.33673;69.78542;69.67896;68.50627;80.30762;80.30762;-36.79761;-73.11052;7512.00537;7462.94971;1;7496.35547;-36.5;-73;10.27106;0.73639;0.0717;7.80471;486.849;442.0253;466.9664;468.84848;20.1449;35.04897;35.98052;30.72225;21.78564;21.79031;0.44079;0.81353; 
59.53214;62.33816;69.794;69.68755;68.50837;80.3175;80.3175;-36.79729;-73.11047;7518.48926;7470.13623;1;7502.85791;-36.5;-73;10.27127;0.73635;0.07169;7.80589;486.84775;442.02362;466.9617;468.84811;20.14248;35.04904;35.97911;30.72113;21.78429;21.78937;0.44075;0.81352; 
59.53375;62.33894;69.80195;69.69552;68.51022;80.32665;80.32665;-36.79697;-73.11043;7525.03662;7477.44189;1;7509.39795;-36.5;-73;10.27159;0.73632;0.07169;7.80747;486.84042;442.01636;466.9585;468.84647;20.14299;35.04621;35.97789;30.72019;21.7834;21.78874;0.44076;0.81344; 
59.53505;62.33936;69.80942;69.703;68.51171;80.33524;80.33524;-36.79665;-73.11038;7531.51465;7484.81836;1;7515.86621;-36.5;-73;10.27181;0.73631;0.07168;7.80702;486.83383;442.01135;466.95868;468.84525;20.14429;35.04354;35.97713;30.71975;21.78311;21.78829;0.44078;0.81336; 
59.53601;62.33888;69.81585;69.70949;68.51282;80.34265;80.34266;-36.79633;-73.11034;7537.96875;7492.16699;1;7522.33105;-36.5;-73;10.27188;0.7363;0.07168;7.80685;486.81528;441.99677;466.95422;468.83356;20.14357;35.04244;35.97594;30.71898;21.78297;21.78757;0.44077;0.81333; 
59.53571;62.33968;69.82375;69.7174;68.51247;80.35174;80.35173;-36.79601;-73.11029;7544.45117;7499.54736;1;7528.80273;-36.5;-73;10.27189;0.73631;0.07168;7.80795;486.83713;442.00879;466.96851;468.85168;20.14474;35.04365;35.97794;30.72005;21.78384;21.78857;0.44079;0.81337; 
59.53666;62.34081;69.83195;69.72561;68.51357;80.36118;80.36118;-36.79569;-73.11024;7550.92383;7506.88477;1;7535.27734;-36.5;-73;10.27193;0.73628;0.07168;7.80681;486.8457;442.00537;466.96527;468.84674;20.14043;35.04655;35.97773;30.7188;21.78295;21.78745;0.44072;0.81345; 
59.53744;62.34096;69.83919;69.73286;68.51447;80.36951;80.36951;-36.79537;-73.1102;7557.50635;7514.67578;1;7541.86279;-36.5;-73;10.27204;0.73625;0.07168;7.80859;486.83951;441.99091;466.95239;468.83441;20.13723;35.0472;35.97665;30.71711;21.78166;21.78636;0.44067;0.81347; 
59.53783;62.34156;69.8469;69.74058;68.51491;80.37838;80.37838;-36.79505;-73.11015;7564.04736;7521.5459;1;7548.39453;-36.5;-73;10.27229;0.73624;0.07167;7.8084;486.83807;441.98917;466.95596;468.83804;20.13858;35.045;35.97625;30.71689;21.78144;21.78633;0.4407;0.8134; 
59.53899;62.34286;69.85532;69.74899;68.51625;80.38806;80.38806;-36.79473;-73.1101;7570.53711;7527.6958;1;7554.88428;-36.5;-73;10.27251;0.73622;0.07167;7.81069;486.84186;441.99289;466.9563;468.84387;20.13916;35.04317;35.97553;30.71643;21.78067;21.7859;0.44071;0.81334; 
59.53991;62.34169;69.86099;69.7547;68.5173;80.3946;80.39459;-36.79441;-73.11005;7577.04395;7532.55518;1;7561.38623;-36.5;-73;10.27263;0.7362;0.07167;7.8062;486.80548;441.9653;466.94247;468.82037;20.13814;35.04058;35.97306;30.71484;21.78004;21.78464;0.44069;0.81327; 
59.53888;62.34045;69.86661;69.76037;68.51611;80.40106;80.40105;-36.79409;-73.11001;7583.56055;7540.18164;1;7567.92383;-36.5;-73;10.27266;0.73624;0.07167;7.80561;486.80164;441.96277;466.94846;468.82953;20.14268;35.038;35.97428;30.71613;21.78135;21.78615;0.44075;0.81321; 
59.53787;62.34123;69.8744;69.76818;68.51496;80.41003;80.41003;-36.79377;-73.10996;7590.00684;7546.90576;1;7574.36328;-36.5;-73;10.27257;0.73625;0.07167;7.8055;486.83691;441.97815;466.9657;468.85004;20.14338;35.04095;35.97761;30.71741;21.78265;21.78731;0.44077;0.81331; 
59.53867;62.34263;69.883;69.77674;68.51588;80.41993;80.41993;-36.79345;-73.10992;7596.55078;7553.55811;1;7580.90674;-36.5;-73;10.27243;0.73622;0.07167;7.80738;486.85025;441.97385;466.95355;468.84079;20.13436;35.04804;35.97717;30.71538;21.78089;21.78568;0.44063;0.8135; 
59.54028;62.34364;69.89115;69.78489;68.51773;80.42931;80.4293;-36.79313;-73.10987;7603.0752;7559.08398;1;7587.43408;-36.5;-73;10.27267;0.73617;0.07166;7.80957;486.83807;441.96155;466.94138;468.83469;20.13037;35.04838;35.97499;30.71356;21.77892;21.78475;0.44057;0.8135; 
59.54085;62.342;69.89627;69.79005;68.51839;80.4352;80.43519;-36.7928;-73.10983;7609.54785;7562.70361;1;7593.89697;-36.5;-73;10.27312;0.73618;0.07166;7.81053;486.80121;441.94089;466.92648;468.82971;20.13778;35.03833;35.97273;30.71322;21.77828;21.78533;0.44068;0.81322; 
59.53929;62.34095;69.90213;69.79597;68.51659;80.44193;80.44193;-36.79248;-73.10978;7616.09473;7566.4707;1;7600.44775;-36.5;-73;10.27317;0.73622;0.07166;7.80746;486.80539;441.94522;466.9379;468.84326;20.14528;35.03363;35.97458;30.71495;21.78011;21.78687;0.4408;0.81311; 
59.53878;62.34253;69.91087;69.80469;68.51601;80.452;80.452;-36.79216;-73.10973;7622.55518;7571.65625;1;7606.9209;-36.5;-73;10.27292;0.73621;0.07167;7.80602;486.84488;441.95847;466.95059;468.85376;20.14029;35.04099;35.97741;30.71503;21.78068;21.78663;0.44073;0.81332; 
59.54048;62.34386;69.9193;69.8131;68.51797;80.4617;80.46171;-36.79185;-73.10969;7629.01318;7577.35596;1;7613.37988;-36.5;-73;10.27281;0.73615;0.07166;7.80747;486.83871;441.9437;466.93103;468.83575;20.12856;35.04862;35.97518;30.71218;21.7781;21.78448;0.44054;0.81352; 
59.54149;62.34252;69.92482;69.81864;68.51913;80.46805;80.46805;-36.79153;-73.10964;7635.52686;7583.74072;1;7619.8877;-36.5;-73;10.2732;0.73614;0.07166;7.80833;486.79688;441.91574;466.909;468.82019;20.13043;35.04245;35.97194;30.71069;21.77652;21.78418;0.44056;0.81335; 
59.5403;62.34091;69.93;69.8239;68.51775;80.47401;80.47402;-36.79121;-73.10959;7642.02002;7590.15674;1;7626.38672;-36.5;-73;10.27352;0.73618;0.07166;7.80664;486.77945;441.91382;466.91785;468.83432;20.14209;35.03232;35.97228;30.71263;21.77812;21.78623;0.44074;0.81307; 
59.53845;62.34115;69.93726;69.83115;68.51563;80.48237;80.48235;-36.79089;-73.10954;7648.50293;7596.70215;1;7632.86328;-36.5;-73;10.27335;0.73622;0.07166;7.80727;486.81561;441.93253;466.94086;468.85828;20.14586;35.03359;35.97635;30.71473;21.78044;21.78785;0.44081;0.81313; 
59.53911;62.34301;69.94629;69.84014;68.51639;80.49276;80.49275;-36.79057;-73.1095;7654.94531;7602.07471;1;7639.31689;-36.5;-73;10.27303;0.73618;0.07166;7.80723;486.84503;441.9324;466.93726;468.84787;20.1338;35.04493;35.97736;30.71275;21.77934;21.7858;0.44062;0.81345; 
59.54112;62.34362;69.95403;69.84786;68.5187;80.50166;80.50165;-36.79025;-73.10945;7661.48535;7607.37891;1;7645.84668;-36.5;-73;10.27311;0.73612;0.07166;7.81087;486.82104;441.90881;466.90912;468.82492;20.12415;35.049;35.97376;30.70962;21.77621;21.78377;0.44046;0.81354; 
59.54124;62.34147;69.95864;69.85255;68.51884;80.50697;80.50697;-36.78992;-73.10941;7668.00244;7612.66357;1;7652.36523;-36.5;-73;10.27364;0.73614;0.07165;7.80753;486.77692;441.88391;466.90082;468.81433;20.13304;35.03752;35.97146;30.7095;21.77628;21.78433;0.4406;0.81323; 
59.53944;62.34049;69.96462;69.85857;68.51677;80.51385;80.51385;-36.7896;-73.10936;7674.56885;7617.86279;1;7658.93848;-36.5;-73;10.27381;0.73619;0.07166;7.80622;486.78253;441.89606;466.9205;468.83777;20.14493;35.02943;35.97362;30.71226;21.77873;21.78661;0.44079;0.81302; 
59.53823;62.34103;69.97226;69.8662;68.51538;80.52264;80.52264;-36.78928;-73.10931;7681.0835;7623.07617;1;7665.4502;-36.5;-73;10.27343;0.73619;0.07166;7.80365;486.81384;441.90115;466.9296;468.83646;20.13979;35.03693;35.97643;30.71215;21.77975;21.78592;0.44071;0.81324; 
59.53895;62.34278;69.98122;69.87513;68.5162;80.53295;80.53296;-36.78896;-73.10927;7687.56689;7628.5376;1;7671.93506;-36.5;-73;10.27314;0.73615;0.07166;7.80717;486.83932;441.89618;466.91785;468.82507;20.1261;35.0491;35.97688;30.70969;21.77786;21.78405;0.44049;0.81359; 
59.54047;62.34311;69.98864;69.88255;68.51794;80.54149;80.54149;-36.78864;-73.10922;7694.09668;7633.67285;1;7678.45264;-36.5;-73;10.27345;0.7361;0.07165;7.80865;486.81253;441.8732;466.89444;468.80664;20.12136;35.04849;35.97338;30.70707;21.77513;21.78259;0.44042;0.81355; 
59.54052;62.34104;69.99337;69.88734;68.51801;80.54694;80.54694;-36.78831;-73.10917;7700.63086;7638.8125;1;7685;-36.5;-73;10.27394;0.73612;0.07165;7.80766;486.76874;441.85602;466.88873;468.80252;20.1321;35.03588;35.971;30.70761;21.77544;21.78351;0.44058;0.8132; 
59.53888;62.33965;69.99886;69.8929;68.51613;80.55326;80.55327;-36.78799;-73.10912;7707.16846;7644.06299;1;7691.54297;-36.5;-73;10.27402;0.73618;0.07165;7.80459;486.77533;441.86377;466.90979;468.82114;20.14306;35.02912;35.97379;30.71026;21.77837;21.78562;0.44075;0.81303; 
59.53776;62.34077;70.00719;69.90119;68.51483;80.56284;80.56284;-36.78767;-73.10908;7713.70996;7649.31592;1;7698.06592;-36.5;-73;10.27358;0.73619;0.07166;7.80676;486.819;441.87747;466.9223;468.83282;20.13697;35.03878;35.97749;30.7107;21.77939;21.78575;0.44066;0.81332; 
59.53821;62.3419;70.01546;69.90945;68.51535;80.57236;80.57236;-36.78735;-73.10903;7720.19189;7654.79883;1;7704.56885;-36.5;-73;10.27332;0.73614;0.07166;7.80426;486.82614;441.86246;466.90549;468.81216;20.12291;35.04993;35.9767;30.7078;21.77728;21.78355;0.44044;0.81363; 
59.53943;62.34242;70.02313;69.91711;68.51675;80.58119;80.58119;-36.78703;-73.10899;7726.73877;7660.98926;1;7711.08936;-36.5;-73;10.2737;0.7361;0.07165;7.80822;486.80643;441.84747;466.88324;468.80582;20.12115;35.04726;35.97367;30.70586;21.77457;21.78292;0.44041;0.81354; 
59.54006;62.34065;70.02819;69.92222;68.51748;80.58701;80.58702;-36.78671;-73.10894;7733.25342;7667.81885;1;7717.62061;-36.5;-73;10.27415;0.73611;0.07165;7.80639;486.7662;441.82938;466.87274;468.80054;20.13038;35.03565;35.97123;30.70586;21.77438;21.78349;0.44055;0.81321; 
59.53839;62.33892;70.03326;69.92732;68.51556;80.59283;80.59283;-36.78639;-73.10889;7739.7207;7673.87646;1;7724.08838;-36.5;-73;10.27422;0.73617;0.07165;7.80575;486.76578;441.8306;466.88721;468.81653;20.14004;35.02949;35.97357;30.70812;21.77687;21.78566;0.4407;0.81306; 
59.53738;62.33953;70.04097;69.93505;68.51439;80.60172;80.60172;-36.78607;-73.10885;7746.22119;7679.71729;1;7730.58789;-36.5;-73;10.27381;0.73618;0.07166;7.8045;486.7955;441.84171;466.90073;468.82672;20.13553;35.03728;35.97647;30.70887;21.77815;21.786;0.44063;0.81329; 
59.53752;62.34073;70.04929;69.94334;68.51456;80.6113;80.61128;-36.78575;-73.1088;7752.66553;7685.50781;1;7737.03076;-36.5;-73;10.27361;0.73615;0.07165;7.80481;486.81186;441.83649;466.89389;468.82108;20.12559;35.04626;35.9769;30.70723;21.77693;21.78496;0.44048;0.81355; 
59.53788;62.34143;70.05713;69.95115;68.51498;80.62031;80.6203;-36.78543;-73.10875;7759.16699;7691.54883;1;7743.52002;-36.5;-73;10.2739;0.73612;0.07165;7.80428;486.81247;441.82483;466.87863;468.81372;20.1231;35.04584;35.97577;30.70532;21.77494;21.78405;0.44044;0.81353; 
59.53917;62.34157;70.06435;69.95839;68.51646;80.62862;80.62862;-36.78511;-73.1087;7765.68994;7697.84131;1;7750.04785;-36.5;-73;10.27422;0.73609;0.07164;7.80738;486.78732;441.81216;466.85843;468.80499;20.12416;35.04063;35.97252;30.70379;21.77284;21.78317;0.44045;0.81337; 
59.53875;62.3396;70.06912;69.96321;68.51597;80.63411;80.63411;-36.78479;-73.10866;7772.14502;7704.25293;1;7756.50635;-36.5;-73;10.27448;0.73611;0.07164;7.80506;486.75534;441.79245;466.85562;468.79904;20.13099;35.03281;35.97162;30.70403;21.77362;21.78382;0.44056;0.81316; 
59.5376;62.33849;70.07497;69.96911;68.51465;80.64085;80.64085;-36.78446;-73.10861;7778.69092;7710.71387;1;7763.05859;-36.5;-73;10.27435;0.73615;0.07165;7.80491;486.76401;441.79648;466.86594;468.81223;20.13522;35.03196;35.97397;30.70572;21.77547;21.78544;0.44062;0.81316; 
59.53637;62.33979;70.08344;69.97755;68.51324;80.65059;80.65058;-36.78414;-73.10857;7785.1582;7716.74072;1;7769.50098;-36.5;-73;10.27405;0.73615;0.07165;7.80473;486.80176;441.81024;466.87875;468.82312;20.12992;35.04006;35.97684;30.7061;21.77618;21.78551;0.44054;0.8134; 
59.53719;62.3411;70.09203;69.98611;68.51418;80.66046;80.66046;-36.78382;-73.10852;7791.71094;7723.14063;1;7776.05762;-36.5;-73;10.27405;0.7361;0.07165;7.80654;486.80566;441.79825;466.86523;468.80707;20.12066;35.04609;35.97563;30.70357;21.77414;21.78351;0.4404;0.81356; 
59.53836;62.34057;70.09853;69.99262;68.51553;80.66795;80.66795;-36.7835;-73.10847;7798.25586;7729.48828;1;7782.60303;-36.5;-73;10.27437;0.73608;0.07164;7.80611;486.77386;441.77493;466.84299;468.78833;20.12024;35.04188;35.97238;30.70159;21.77215;21.78236;0.44039;0.81343; 
59.53786;62.33912;70.10395;69.9981;68.51495;80.67419;80.67419;-36.78318;-73.10843;7804.75195;7735.89063;1;7789.10352;-36.5;-73;10.27466;0.7361;0.07164;7.80427;486.75946;441.76669;466.84546;468.79108;20.12851;35.03404;35.97252;30.70242;21.77314;21.7834;0.44051;0.81323; 
59.53711;62.33812;70.10992;70.0041;68.51409;80.68106;80.68106;-36.78285;-73.10838;7811.29004;7742.53857;1;7795.63721;-36.5;-73;10.27451;0.73613;0.07165;7.80282;486.75363;441.7652;466.85248;468.79349;20.13061;35.03358;35.9733;30.70343;21.77454;21.78407;0.44054;0.81322; 
59.53581;62.33885;70.11783;70.01202;68.51259;80.69016;80.69017;-36.78253;-73.10833;7817.80273;7749.15967;1;7802.16064;-36.5;-73;10.27434;0.73615;0.07165;7.80207;486.79153;441.77649;466.87088;468.80927;20.12884;35.03903;35.97707;30.70437;21.776;21.78493;0.44052;0.81339; 
59.53645;62.34009;70.12627;70.02043;68.51332;80.69987;80.69987;-36.78221;-73.10828;7824.29639;7755.76123;1;7808.64844;-36.5;-73;10.27423;0.7361;0.07165;7.80253;486.79758;441.76913;466.85886;468.79526;20.11978;35.0456;35.97606;30.70223;21.77424;21.78308;0.44038;0.81357; 
59.53749;62.34052;70.13382;70.02798;68.51453;80.70856;80.70856;-36.78189;-73.10824;7830.80371;7762.37598;1;7815.15723;-36.5;-73;10.27453;0.73607;0.07164;7.80395;486.78461;441.754;466.84442;468.78455;20.118;35.0438;35.97404;30.70039;21.77244;21.78203;0.44035;0.81351; 
59.53793;62.3398;70.14014;70.03432;68.51502;80.71584;80.71584;-36.78156;-73.10819;7837.36084;7769.04102;1;7821.72314;-36.5;-73;10.27489;0.73606;0.07164;7.80228;486.76282;441.73953;466.83594;468.77588;20.12282;35.0366;35.97238;30.69972;21.77194;21.78166;0.44042;0.81331; 
59.53752;62.33955;70.14695;70.04115;68.51456;80.72367;80.72367;-36.78124;-73.10815;7843.88672;7775.67334;1;7828.23877;-36.5;-73;10.27495;0.73607;0.07164;7.80475;486.76077;441.73868;466.83786;468.78113;20.12551;35.03434;35.97265;30.70012;21.77235;21.78209;0.44047;0.81325; 
59.53759;62.33906;70.1535;70.04774;68.51464;80.73121;80.73121;-36.78092;-73.1081;7850.41943;7782.31152;1;7834.77539;-36.5;-73;10.2748;0.73608;0.07164;7.80479;486.7598;441.73294;466.83847;468.78329;20.12366;35.03699;35.97342;30.70027;21.77285;21.78257;0.44043;0.81334; 
59.53665;62.33832;70.15976;70.05402;68.51355;80.73841;80.7384;-36.78059;-73.10806;7856.93457;7788.96387;1;7841.29297;-36.5;-73;10.27474;0.7361;0.07164;7.80162;486.75989;441.72491;466.83792;468.78262;20.12278;35.03852;35.9743;30.70029;21.77327;21.78305;0.44042;0.81339; 
59.53621;62.33914;70.16735;70.06161;68.51305;80.74715;80.74715;-36.78029;-73.10801;7863.06836;7795.24902;1;7847.42529;-36.5;-73;10.27477;0.7361;0.07164;7.80537;486.78494;441.73389;466.84375;468.798;20.12284;35.04016;35.97617;30.70071;21.77338;21.78384;0.44042;0.81345; 
59.53706;62.3396;70.17541;70.06963;68.51402;80.75642;80.7564;-36.77995;-73.10796;7869.99609;7802.34766;1;7854.35498;-36.5;-73;10.27483;0.73607;0.07164;7.80452;486.77747;441.72299;466.83084;468.78751;20.11883;35.04151;35.97467;30.69908;21.77192;21.78269;0.44036;0.81348; 
59.53736;62.33945;70.18233;70.07657;68.51437;80.76438;80.76437;-36.77963;-73.10791;7876.51855;7808.41992;1;7860.88135;-36.5;-73;10.27506;0.73605;0.07163;7.80334;486.75687;441.70871;466.81863;468.77975;20.11917;35.03827;35.97264;30.69793;21.77076;21.78214;0.44036;0.81338; 
59.53744;62.33894;70.18874;70.08302;68.51447;80.77177;80.77176;-36.77931;-73.10786;7882.99072;7815.29053;1;7867.36328;-36.5;-73;10.27522;0.73606;0.07163;7.80669;486.75266;441.70392;466.81677;468.78439;20.1229;35.03459;35.97281;30.69814;21.7709;21.78274;0.44042;0.81328; 
59.53703;62.33874;70.19541;70.08971;68.51399;80.77944;80.77944;-36.77899;-73.10782;7889.37451;7823.22461;1;7873.74072;-36.5;-73;10.27521;0.73607;0.07164;7.80428;486.75851;441.70157;466.81943;468.78845;20.12348;35.03488;35.97387;30.69832;21.77138;21.78313;0.44043;0.8133; 
59.53683;62.33871;70.20255;70.09686;68.51376;80.78765;80.78766;-36.77866;-73.10777;7895.99756;7831.34082;1;7880.35889;-36.5;-73;10.27507;0.73607;0.07164;7.80388;486.76105;441.69608;466.81339;468.78543;20.11959;35.03853;35.97404;30.69772;21.77099;21.78289;0.44037;0.81341; 
59.53675;62.33825;70.20907;70.10338;68.51366;80.79516;80.79515;-36.77834;-73.10773;7902.51563;7839.32813;1;7886.88281;-36.5;-73;10.27511;0.73606;0.07164;7.80375;486.75183;441.68222;466.80234;468.77643;20.1175;35.03903;35.97334;30.6967;21.77023;21.78249;0.44033;0.81343; 
59.53611;62.33882;70.21674;70.11106;68.51293;80.80399;80.80398;-36.77802;-73.10768;7909.00684;7847.15576;1;7893.36621;-36.5;-73;10.27526;0.73607;0.07163;7.803;486.76648;441.68948;466.81458;468.79129;20.12026;35.03783;35.97476;30.6975;21.77092;21.78342;0.44038;0.8134; 
59.53695;62.33893;70.22389;70.11823;68.51389;80.81222;80.81223;-36.7777;-73.10763;7915.49854;7853.23975;1;7899.86475;-36.5;-73;10.27535;0.73605;0.07163;7.80433;486.76578;441.68127;466.80624;468.78427;20.11931;35.03731;35.9743;30.69645;21.77017;21.78266;0.44036;0.81339; 
59.5375;62.33864;70.2306;70.12492;68.51453;80.81993;80.81992;-36.77738;-73.10758;7921.99512;7856.58057;1;7906.36523;-36.5;-73;10.27535;0.73603;0.07163;7.80383;486.74332;441.6637;466.79068;468.7645;20.11554;35.03782;35.972;30.69476;21.76894;21.78116;0.4403;0.81339; 
59.53622;62.33712;70.23592;70.13029;68.51306;80.82605;80.82605;-36.77705;-73.10754;7928.48193;7863.77441;1;7912.84131;-36.5;-73;10.27547;0.73606;0.07163;7.80195;486.73212;441.65271;466.79498;468.7663;20.11961;35.03473;35.9728;30.69552;21.77014;21.78232;0.44036;0.81333; 
59.53518;62.3381;70.24407;70.13845;68.51186;80.83543;80.83543;-36.77673;-73.10749;7934.99023;7870.99219;1;7919.34326;-36.5;-73;10.27548;0.73608;0.07163;7.80265;486.77112;441.67017;466.81403;468.78659;20.12228;35.0356;35.97618;30.69678;21.77146;21.78329;0.44041;0.81337; 
59.53595;62.34004;70.2533;70.14764;68.51276;80.84605;80.84606;-36.77641;-73.10744;7941.48291;7878.19141;1;7925.82471;-36.5;-73;10.27534;0.73603;0.07163;7.80242;486.79309;441.66888;466.80414;468.77487;20.11256;35.04334;35.97599;30.69446;21.76964;21.78104;0.44026;0.81358; 
59.53764;62.34051;70.26091;70.15524;68.5147;80.85481;80.8548;-36.77609;-73.1074;7948.02832;7885.44824;1;7932.38477;-36.5;-73;10.27552;0.73597;0.07162;7.80502;486.76089;441.64276;466.77603;468.75064;20.10509;35.04462;35.97184;30.69132;21.76659;21.77893;0.44014;0.81359; 
59.53773;62.33881;70.26607;70.16046;68.51479;80.86075;80.86075;-36.77576;-73.10735;7954.54639;7892.67383;1;7938.90186;-36.5;-73;10.27601;0.73598;0.07162;7.80265;486.72061;441.62427;466.77328;468.74747;20.11391;35.03385;35.96978;30.69163;21.7669;21.77976;0.44027;0.81329; 
59.53677;62.3376;70.27177;70.16623;68.51369;80.86732;80.86732;-36.77544;-73.1073;7961.06934;7899.90527;1;7945.43555;-36.5;-73;10.27613;0.73604;0.07163;7.80063;486.72919;441.63263;466.79218;468.7652;20.12461;35.02703;35.97238;30.69408;21.76949;21.7817;0.44044;0.81312; 
59.53597;62.33841;70.2797;70.17416;68.51277;80.87644;80.87645;-36.77512;-73.10725;7967.53516;7907.08691;1;7951.89502;-36.5;-73;10.27572;0.73604;0.07163;7.80337;486.75479;441.6412;466.80331;468.77039;20.11872;35.03535;35.97466;30.69439;21.77044;21.7815;0.44035;0.81336; 
59.53637;62.33833;70.28664;70.18108;68.51323;80.88441;80.88442;-36.7748;-73.10721;7974.0083;7914.36963;1;7958.36719;-36.5;-73;10.27554;0.73601;0.07163;7.80187;486.74957;441.62146;466.7869;468.75159;20.10913;35.04259;35.97395;30.69227;21.76906;21.78018;0.44019;0.81357; 
59.53633;62.33858;70.29402;70.18847;68.51319;80.89291;80.89291;-36.77448;-73.10716;7980.54395;7917.45068;1;7964.91064;-36.5;-73;10.27578;0.73601;0.07163;7.80436;486.75491;441.6192;466.78183;468.76086;20.11036;35.04098;35.97413;30.69205;21.76826;21.78095;0.44022;0.81353; 
59.53651;62.33825;70.30071;70.19518;68.5134;80.90062;80.90062;-36.77415;-73.10712;7987.04834;7915.10059;1;7971.41064;-36.5;-73;10.276;0.736;0.07162;7.80201;486.7381;441.60999;466.77469;468.75543;20.11302;35.03641;35.97256;30.69148;21.76768;21.78063;0.44026;0.8134; 
59.53625;62.33806;70.30759;70.20207;68.5131;80.90854;80.90854;-36.77383;-73.10707;7993.58203;7912.74023;1;7977.93115;-36.5;-73;10.27614;0.73601;0.07162;7.80446;486.74545;441.60757;466.77521;468.76245;20.11618;35.03387;35.97365;30.69161;21.76795;21.7812;0.44031;0.81334; 
59.53595;62.33805;70.31455;70.20904;68.51276;80.91654;80.91654;-36.77351;-73.10703;7999.99512;7911.1543;1;7984.33301;-36.5;-73;10.27601;0.73601;0.07162;7.80322;486.7489;441.60147;466.76932;468.75983;20.11263;35.03718;35.97399;30.69096;21.7676;21.78094;0.44025;0.81344; 
59.53622;62.33872;70.32236;70.21684;68.51305;80.92554;80.92553;-36.77319;-73.10698;8006.49414;7910.6543;1;7990.84961;-36.5;-73;10.27602;0.73599;0.07162;7.80381;486.75604;441.59866;466.76651;468.76016;20.10942;35.03975;35.97408;30.69021;21.76694;21.78063;0.4402;0.81351; 
59.53678;62.339;70.32966;70.22413;68.51371;80.93393;80.93392;-36.77287;-73.10693;8012.9082;7910.15967;1;7997.25488;-36.5;-73;10.27619;0.73597;0.07162;7.804;486.74561;441.58865;466.75558;468.75412;20.1082;35.03853;35.97257;30.68901;21.76569;21.77997;0.44018;0.81347; 
59.53723;62.33838;70.33608;70.23059;68.51422;80.94132;80.94132;-36.77255;-73.10688;8019.46729;7909.65234;1;8003.8208;-36.5;-73;10.27641;0.73597;0.07162;7.80391;486.72958;441.57709;466.74667;468.75198;20.11086;35.03435;35.97149;30.68856;21.76516;21.78012;0.44022;0.81335; 
59.53693;62.33751;70.34224;70.23678;68.51388;80.94841;80.94841;-36.77222;-73.10683;8026.02979;7915.15918;1;8010.38672;-36.5;-73;10.27646;0.73598;0.07162;7.80232;486.72363;441.5694;466.74637;468.75137;20.1135;35.032;35.97191;30.68877;21.76573;21.78052;0.44026;0.8133; 
59.53589;62.33752;70.34931;70.24387;68.51268;80.95655;80.95655;-36.7719;-73.10679;8032.51758;7925.61133;1;8016.88232;-36.5;-73;10.27633;0.73599;0.07162;7.79869;486.73123;441.56985;466.75168;468.75558;20.11193;35.03478;35.97299;30.68908;21.76634;21.78084;0.44024;0.81338; 
59.53567;62.33817;70.3571;70.25166;68.51243;80.96551;80.96552;-36.77158;-73.10674;8038.99219;7938.625;1;8023.36572;-36.5;-73;10.27634;0.73599;0.07162;7.80357;486.7486;441.57187;466.7547;468.76312;20.11011;35.0374;35.97433;30.68897;21.76628;21.78111;0.44021;0.81347; 
59.53637;62.33883;70.36484;70.25937;68.51323;80.97441;80.9744;-36.77126;-73.1067;8045.41748;7956.7168;1;8029.78467;-36.5;-73;10.27644;0.73596;0.07162;7.80233;486.74942;441.56363;466.74664;468.75308;20.10687;35.0385;35.9735;30.68748;21.76515;21.77987;0.44016;0.8135; 
59.53698;62.33894;70.37203;70.26659;68.51393;80.9827;80.9827;-36.77094;-73.10665;8051.9082;7975.42871;1;8036.25635;-36.5;-73;10.27659;0.73593;0.07161;7.80254;486.73419;441.55151;466.73492;468.7413;20.10519;35.03735;35.97158;30.68612;21.76392;21.7788;0.44013;0.81345; 
59.5374;62.33754;70.37749;70.27208;68.51442;80.98897;80.98897;-36.77062;-73.10661;8058.36035;7994.03076;1;8042.71777;-36.5;-73;10.27674;0.73595;0.07161;7.79991;486.71063;441.53412;466.72943;468.73166;20.10797;35.03334;35.97066;30.68584;21.76416;21.77886;0.44017;0.81335; 
59.53587;62.33725;70.38421;70.27883;68.51265;80.9967;80.9967;-36.7703;-73.10656;8064.8457;8012.72998;1;8049.2085;-36.5;-73;10.27677;0.73597;0.07162;7.80243;486.72409;441.54065;466.74008;468.74692;20.11215;35.03177;35.97272;30.68717;21.76542;21.78023;0.44024;0.81332; 
59.53557;62.33803;70.39211;70.28674;68.51231;81.00581;81.00581;-36.76998;-73.10651;8071.28027;8017.57422;1;8055.65918;-36.5;-73;10.27665;0.73597;0.07162;7.80199;486.74478;441.54361;466.74637;468.74979;20.10872;35.03619;35.97429;30.68694;21.76569;21.77993;0.44019;0.81345; 
59.53617;62.33851;70.39964;70.29424;68.51301;81.01446;81.01446;-36.76966;-73.10646;8077.67773;8021.16797;1;8062.05225;-36.5;-73;10.27657;0.73594;0.07161;7.8019;486.74368;441.53275;466.73483;468.73587;20.10206;35.04071;35.97337;30.6852;21.76441;21.77854;0.44008;0.81358; 
59.53661;62.33804;70.40619;70.3008;68.51351;81.022;81.02199;-36.76934;-73.10641;8084.17578;8016.78857;1;8068.54102;-36.5;-73;10.27676;0.73592;0.07161;7.80202;486.72354;441.51654;466.72168;468.72571;20.10163;35.03851;35.97156;30.68403;21.76331;21.77808;0.44007;0.81351; 
59.53634;62.33741;70.41251;70.30717;68.5132;81.02927;81.02927;-36.76902;-73.10637;8090.62109;8012.44238;1;8074.98828;-36.5;-73;10.27701;0.73594;0.07161;7.79973;486.71924;441.51328;466.72818;468.73105;20.10757;35.03314;35.97207;30.68472;21.76417;21.77886;0.44016;0.81337; 
59.53573;62.33759;70.41969;70.31435;68.5125;81.03753;81.03753;-36.7687;-73.10632;8097.01465;8008.12793;1;8081.39014;-36.5;-73;10.27701;0.73595;0.07161;7.80122;486.73035;441.5162;466.73456;468.73798;20.10884;35.03307;35.9733;30.68513;21.76479;21.7792;0.44019;0.81338; 
59.53602;62.33842;70.4278;70.32246;68.51283;81.04687;81.04687;-36.76837;-73.10628;8103.58838;8004.57715;1;8087.94922;-36.5;-73;10.27688;0.73593;0.07161;7.80285;486.73804;441.51361;466.72943;468.73587;20.1032;35.03794;35.97328;30.68416;21.76399;21.77849;0.4401;0.81351; 
59.53683;62.33776;70.43417;70.32884;68.51376;81.05421;81.05419;-36.76805;-73.10623;8110.10938;8014.52002;1;8094.48486;-36.5;-73;10.27698;0.73591;0.07161;7.80093;486.71146;441.49014;466.71103;468.71808;20.09975;35.03791;35.97104;30.68238;21.7626;21.77754;0.44004;0.81351; 
59.53573;62.33694;70.44034;70.33503;68.5125;81.06129;81.06129;-36.76773;-73.10619;8116.58545;8022.16064;1;8100.93994;-36.5;-73;10.27723;0.73593;0.07161;7.79946;486.71277;441.48718;466.71405;468.72839;20.10587;35.03294;35.97214;30.68317;21.76326;21.77888;0.44013;0.81339; 
59.53551;62.33785;70.44833;70.34304;68.51225;81.0705;81.07051;-36.76741;-73.10614;8122.97266;8028.7085;1;8107.33545;-36.5;-73;10.2772;0.73593;0.07161;7.8001;486.73517;441.49609;466.71906;468.73798;20.10569;35.03431;35.97354;30.6833;21.76337;21.77896;0.44014;0.81343; 
59.53621;62.33845;70.45608;70.35078;68.51305;81.07941;81.07942;-36.76709;-73.10609;8129.43066;8035.32813;1;8113.79639;-36.5;-73;10.27711;0.7359;0.07161;7.80127;486.73022;441.48462;466.70615;468.72644;20.09871;35.0388;35.9723;30.68151;21.76192;21.77765;0.44002;0.81355; 
59.53698;62.3383;70.46304;70.35776;68.51394;81.08743;81.08743;-36.76677;-73.10604;8135.96191;8042.02197;1;8120.3374;-36.5;-73;10.27736;0.73588;0.0716;7.80048;486.71564;441.47159;466.70032;468.72391;20.09924;35.03638;35.9712;30.68077;21.76126;21.77767;0.44003;0.81348; 
59.53686;62.3381;70.46992;70.36465;68.51379;81.09534;81.09534;-36.76644;-73.106;8142.44727;8050.09912;1;8126.82031;-36.5;-73;10.27757;0.73589;0.0716;7.80182;486.71167;441.47131;466.69901;468.73318;20.10381;35.03182;35.97105;30.6812;21.7612;21.77847;0.4401;0.81335; 
59.5372;62.33788;70.47681;70.37156;68.51419;81.10327;81.10327;-36.76612;-73.10595;8148.979;8060.63037;1;8133.33643;-36.5;-73;10.27761;0.73589;0.0716;7.80335;486.707;441.46591;466.6962;468.73489;20.10452;35.03083;35.97099;30.68109;21.76119;21.77863;0.44011;0.81333; 
59.5365;62.33736;70.4833;70.37806;68.51338;81.11073;81.11073;-36.7658;-73.1059;8155.45117;8071.06641;1;8139.81787;-36.5;-73;10.27756;0.7359;0.0716;7.80024;486.70816;441.45667;466.69669;468.73016;20.10326;35.03236;35.97185;30.68081;21.76165;21.77856;0.44009;0.81339; 
59.53603;62.33847;70.49169;70.38645;68.51284;81.12039;81.12038;-36.76547;-73.10586;8161.96484;8081.56738;1;8146.33154;-36.5;-73;10.27754;0.73589;0.0716;7.80047;486.73386;441.46362;466.70218;468.73868;20.10095;35.03574;35.97345;30.68068;21.76158;21.77858;0.44006;0.81349; 
59.53713;62.33905;70.49948;70.39423;68.51411;81.12936;81.12936;-36.76515;-73.10581;8168.48291;8092.07568;1;8152.8418;-36.5;-73;10.27758;0.73585;0.0716;7.80104;486.72162;441.4494;466.68466;468.72171;20.09504;35.03794;35.97117;30.67848;21.75961;21.77684;0.43997;0.81354; 
59.53726;62.33792;70.50534;70.40013;68.51425;81.13609;81.13611;-36.76483;-73.10576;8174.979;8099.53516;1;8159.33008;-36.5;-73;10.27786;0.73585;0.0716;7.80184;486.69806;441.43182;466.67511;468.71555;20.09821;35.03293;35.96991;30.67798;21.75921;21.77708;0.44001;0.8134; 
59.53624;62.33648;70.51086;70.40569;68.51308;81.14246;81.14246;-36.7645;-73.10571;8181.51465;8096.20215;1;8165.87549;-36.5;-73;10.27796;0.73589;0.0716;7.80175;486.68982;441.42578;466.68103;468.71738;20.10423;35.02822;35.97074;30.67897;21.76063;21.77803;0.4401;0.81329; 
59.53537;62.33681;70.51837;70.41321;68.51208;81.1511;81.1511;-36.76418;-73.10567;8188.02441;8092.87793;1;8172.3916;-36.5;-73;10.27774;0.7359;0.0716;7.80042;486.70853;441.43353;466.68933;468.72427;20.10259;35.03192;35.97252;30.67955;21.76145;21.77826;0.44008;0.8134; 
59.53548;62.33762;70.52636;70.42118;68.51221;81.16029;81.16028;-36.76385;-73.10562;8194.4834;8083.80957;1;8178.86133;-36.5;-73;10.27763;0.73589;0.0716;7.80078;486.73138;441.42984;466.689;468.72137;20.09664;35.03809;35.97408;30.67849;21.7611;21.77759;0.43999;0.81359; 
59.53671;62.33832;70.53428;70.42908;68.51362;81.1694;81.1694;-36.76353;-73.10558;8200.97852;8071.58252;1;8185.35449;-36.5;-73;10.2777;0.73584;0.0716;7.80008;486.71786;441.41495;466.67203;468.70358;20.09014;35.04063;35.97157;30.67617;21.75901;21.7758;0.43988;0.81364; 
59.53647;62.33731;70.54028;70.43512;68.51334;81.17631;81.17631;-36.76321;-73.10553;8207.52539;8059.25586;1;8191.87744;-36.5;-73;10.27805;0.73584;0.07159;7.79942;486.69519;441.39999;466.66364;468.69818;20.09485;35.03398;35.97014;30.67577;21.7586;21.77599;0.43995;0.81346; 
59.53612;62.33664;70.54659;70.44147;68.51295;81.18358;81.18358;-36.76289;-73.10548;8214.0332;8050.91992;1;8198.39551;-36.5;-73;10.27817;0.73586;0.07159;7.80168;486.68909;441.3999;466.66699;468.70413;20.10018;35.02943;35.97033;30.67661;21.75935;21.77672;0.44004;0.81333; 
59.53516;62.33673;70.55383;70.44872;68.51184;81.1919;81.1919;-36.76256;-73.10543;8220.57031;8050.16943;1;8204.93066;-36.5;-73;10.27809;0.73588;0.0716;7.80022;486.70688;441.4025;466.67984;468.71292;20.10045;35.03138;35.97271;30.67729;21.76064;21.77732;0.44004;0.81341; 
59.53568;62.33846;70.56282;70.45769;68.51244;81.20225;81.20225;-36.76224;-73.10538;8227.03516;8066.11963;1;8211.39453;-36.5;-73;10.27791;0.73585;0.0716;7.80169;486.73325;441.40927;466.67984;468.71616;20.09295;35.03905;35.97366;30.67641;21.75982;21.77654;0.43993;0.81362; 
59.53676;62.33872;70.57022;70.46508;68.51369;81.21076;81.21076;-36.76191;-73.10534;8233.54297;8088.66553;1;8217.88086;-36.5;-73;10.27808;0.7358;0.07159;7.80152;486.70782;441.38486;466.65628;468.69562;20.08677;35.04012;35.97049;30.67366;21.75731;21.77482;0.43983;0.81364; 
59.53686;62.33721;70.57555;70.47046;68.5138;81.2169;81.2169;-36.76159;-73.10529;8240.00879;8109.63135;1;8224.35449;-36.5;-73;10.2785;0.73582;0.07159;7.80109;486.68298;441.3681;466.64697;468.69357;20.09411;35.03125;35.96936;30.67358;21.75713;21.7756;0.43994;0.8134; 
59.5361;62.33721;70.5826;70.47753;68.51292;81.22501;81.22501;-36.76127;-73.10525;8246.46777;8130.57715;1;8230.84277;-36.5;-73;10.27857;0.73584;0.07159;7.79966;486.69492;441.37839;466.66132;468.711;20.09991;35.02798;35.97108;30.6751;21.75854;21.77686;0.44004;0.81331; 
59.53579;62.33716;70.58962;70.48456;68.51257;81.23309;81.23309;-36.76095;-73.1052;8252.96387;8146.65967;1;8237.32422;-36.5;-73;10.2784;0.73584;0.07159;7.79692;486.69864;441.37057;466.65967;468.70435;20.09572;35.03209;35.9717;30.67442;21.75865;21.77626;0.43997;0.81344; 
59.53569;62.33787;70.59753;70.49247;68.51244;81.24219;81.24219;-36.76062;-73.10515;8259.47559;8146.63965;1;8243.80469;-36.5;-73;10.27835;0.73582;0.07159;7.79849;486.7114;441.36884;466.65671;468.7084;20.0914;35.03634;35.97239;30.67379;21.75802;21.77626;0.4399;0.81356; 
59.53693;62.33866;70.60546;70.5004;68.51389;81.25132;81.25132;-36.7603;-73.1051;8265.9248;8143.73682;0;8250.2832;-36.5;-73;10.27849;0.7358;0.07159;7.80173;486.70798;441.36407;466.64655;468.70648;20.08891;35.03667;35.97104;30.67265;21.75653;21.77567;0.43986;0.81356; 
59.53708;62.33699;70.61065;70.50562;68.51405;81.25729;81.25729;-36.75998;-73.10506;8272.39941;8133.71338;0;8256.75586;-36.5;-73;10.27874;0.7358;0.07158;7.7985;486.67267;441.3382;466.63019;468.69012;20.09169;35.03088;35.96889;30.67156;21.75587;21.77533;0.4399;0.8134; 
59.53595;62.33613;70.61684;70.51185;68.51276;81.26442;81.26442;-36.75965;-73.10501;8278.96387;8123.54688;0;8263.31934;-36.5;-73;10.2788;0.73583;0.07159;7.79881;486.67969;441.34238;466.63846;468.70648;20.09783;35.02742;35.97077;30.67313;21.75723;21.7771;0.44;0.81332; 
59.53511;62.33707;70.62497;70.51997;68.51178;81.27377;81.27377;-36.75933;-73.10497;8285.41895;8115.59326;0;8269.77051;-36.5;-73;10.27869;0.73583;0.07159;7.79597;486.70844;441.34814;466.64944;468.71231;20.09525;35.03172;35.97314;30.6731;21.75791;21.7769;0.43996;0.81346; 
59.53609;62.33893;70.63412;70.52909;68.51291;81.2843;81.2843;-36.75901;-73.10492;8291.88281;8110.31641;0;8276.22949;-36.5;-73;10.27861;0.73578;0.07158;7.79751;486.72369;441.34509;466.6412;468.70407;20.086;35.03883;35.97266;30.671;21.75614;21.77515;0.43982;0.81365; 
59.53726;62.33909;70.64137;70.53635;68.51426;81.29265;81.29266;-36.75869;-73.10487;8298.34473;8105.04053;0;8282.6875;-36.5;-73;10.27885;0.73574;0.07158;7.80333;486.69052;441.32425;466.61502;468.68765;20.08203;35.03744;35.96862;30.66865;21.75339;21.77381;0.43975;0.81359; 
59.53719;62.33712;70.64629;70.54131;68.51418;81.2983;81.29829;-36.75836;-73.10482;8304.87695;8100.08203;0;8289.23145;-36.5;-73;10.27931;0.73577;0.07158;7.7993;486.66183;441.30817;466.61407;468.68665;20.09248;35.02631;35.96788;30.66932;21.75422;21.7749;0.43991;0.81329; 
59.53594;62.33632;70.65255;70.54761;68.51273;81.3055;81.3055;-36.75804;-73.10477;8311.42676;8095.96338;0;8295.7959;-36.5;-73;10.27925;0.7358;0.07158;7.79696;486.67349;441.31424;466.62973;468.69699;20.09805;35.02402;35.97031;30.67097;21.75636;21.77599;0.44;0.81324; 
59.53551;62.33679;70.66022;70.55529;68.51224;81.31433;81.31434;-36.75771;-73.10473;8317.94727;8094.30127;0;8302.30469;-36.5;-73;10.27885;0.73581;0.07158;7.79854;486.69312;441.3161;466.63474;468.69659;20.09085;35.03278;35.97209;30.67079;21.75687;21.77564;0.43989;0.8135; 
59.53556;62.33737;70.66796;70.56301;68.5123;81.32324;81.32324;-36.75739;-73.10468;8324.42676;8093.39404;0;8308.77344;-36.5;-73;10.2788;0.73578;0.07158;7.79967;486.69806;441.30695;466.62683;468.6882;20.08415;35.03809;35.97191;30.66936;21.75578;21.77476;0.43978;0.81365; 
59.53649;62.33794;70.67574;70.57078;68.51337;81.3322;81.33218;-36.75706;-73.10464;8330.94824;8109.5957;0;8315.27539;-36.5;-73;10.27908;0.73576;0.07158;7.79859;486.69507;441.29956;466.61935;468.68359;20.0838;35.03623;35.97082;30.6682;21.75458;21.77411;0.43978;0.81359; 
59.53711;62.33744;70.68225;70.57732;68.51408;81.33968;81.33968;-36.75674;-73.10459;8337.41309;8115.88477;0;8321.75977;-36.5;-73;10.2793;0.73575;0.07158;7.79903;486.67343;441.28635;466.60809;468.67392;20.0859;35.03159;35.96885;30.66731;21.75376;21.77352;0.43981;0.81346; 
59.53617;62.3362;70.68797;70.58306;68.51301;81.34626;81.34625;-36.75642;-73.10454;8343.90039;8130.67969;0;8328.24609;-36.5;-73;10.27939;0.73577;0.07158;7.79721;486.66339;441.27707;466.6087;468.67392;20.08987;35.0281;35.96928;30.66776;21.75458;21.77419;0.43987;0.81337; 
59.53496;62.33686;70.69588;70.59098;68.51161;81.35537;81.35535;-36.75609;-73.10449;8350.43945;8165.11279;0;8334.78516;-36.5;-73;10.2793;0.73578;0.07158;7.79683;486.69272;441.28555;466.62326;468.68497;20.08941;35.03117;35.97208;30.66838;21.75573;21.77463;0.43986;0.81348; 
59.53611;62.33837;70.70471;70.59981;68.51293;81.36553;81.36554;-36.75577;-73.10445;8356.94434;8185.32178;0;8341.30371;-36.5;-73;10.27917;0.73574;0.07158;7.7983;486.70575;441.28412;466.61584;468.68024;20.08107;35.03804;35.97178;30.66679;21.75428;21.77335;0.43973;0.81366; 
59.53726;62.33788;70.71125;70.60635;68.51425;81.37305;81.37305;-36.75545;-73.1044;8363.4082;8206.75684;0;8347.79004;-36.5;-73;10.27938;0.73571;0.07157;7.80012;486.67163;441.25806;466.58847;468.66309;20.07774;35.03645;35.96835;30.66451;21.75186;21.77237;0.43967;0.81361; 
59.5364;62.33604;70.71629;70.61145;68.51327;81.37885;81.37886;-36.75512;-73.10435;8369.9082;8229.37109;0;8354.27246;-36.5;-73;10.27979;0.73574;0.07157;7.79966;486.6514;441.24637;466.59064;468.67014;20.08818;35.02642;35.96849;30.6656;21.75292;21.77407;0.43984;0.81334; 
59.53532;62.33609;70.72351;70.6187;68.51202;81.38717;81.38717;-36.7548;-73.10431;8376.43848;8252.09863;0;8360.79297;-36.5;-73;10.27973;0.73578;0.07158;7.79634;486.67993;441.26193;466.61008;468.69138;20.09313;35.02569;35.97183;30.6675;21.75493;21.77557;0.43992;0.81334; 
59.53563;62.3382;70.73308;70.62822;68.51238;81.39818;81.39818;-36.75447;-73.10426;8382.97949;8278.36133;1;8367.30664;-36.5;-73;10.27943;0.73575;0.07157;7.79624;486.71793;441.26816;466.60849;468.68994;20.08295;35.03599;35.97342;30.66596;21.75392;21.77406;0.43977;0.81363; 
59.53693;62.33837;70.74039;70.63551;68.51389;81.40659;81.40658;-36.75415;-73.10421;8389.46582;8305.26953;1;8373.78809;-36.5;-73;10.2794;0.73568;0.07157;7.7988;486.67563;441.2345;466.5708;468.65451;20.07049;35.04112;35.96825;30.66199;21.75022;21.77126;0.43956;0.81375; 
59.53698;62.33672;70.74568;70.64087;68.51394;81.41268;81.41268;-36.75382;-73.10416;8395.99609;8319.79395;1;8380.33789;-36.5;-73;10.28;0.7357;0.07157;7.7998;486.65042;441.22113;466.56729;468.66412;20.08168;35.02926;35.96754;30.66278;21.75043;21.7732;0.43973;0.81343; 
59.53577;62.33551;70.75146;70.64669;68.51254;81.41933;81.41933;-36.75349;-73.10412;8402.50293;8327.8623;1;8386.88574;-36.5;-73;10.28011;0.73575;0.07157;7.79746;486.65509;441.22781;466.58124;468.67963;20.09184;35.0223;35.96952;30.66489;21.75256;21.77494;0.4399;0.81325; 
59.53498;62.33678;70.76007;70.6553;68.51163;81.42924;81.42924;-36.75317;-73.10407;8409.02246;8333.55469;1;8393.38574;-36.5;-73;10.2798;0.73575;0.07157;7.79588;486.68982;441.23996;466.5965;468.69101;20.08713;35.02979;35.97244;30.6653;21.75359;21.77496;0.43983;0.81347; 
59.53604;62.3383;70.76898;70.66417;68.51285;81.4395;81.43948;-36.75285;-73.10402;8415.55273;8337.5752;1;8399.90625;-36.5;-73;10.27968;0.7357;0.07157;7.79715;486.69629;441.2287;466.58179;468.677;20.07558;35.03827;35.97139;30.66267;21.75141;21.773;0.43964;0.8137; 
59.53729;62.33779;70.77555;70.67075;68.51429;81.44706;81.44704;-36.75252;-73.10397;8422.05957;8318.58398;1;8406.42969;-36.5;-73;10.27997;0.73567;0.07156;7.79786;486.66156;441.20386;466.55722;468.65833;20.07371;35.03525;35.96786;30.66056;21.74918;21.77193;0.43961;0.81361; 
59.53696;62.3363;70.78098;70.67622;68.51391;81.45329;81.45329;-36.7522;-73.10393;8428.53516;8321.7002;1;8412.88672;-36.5;-73;10.28038;0.7357;0.07156;7.79852;486.64685;441.1973;466.56024;468.66656;20.08433;35.02524;35.96806;30.66171;21.75015;21.77347;0.43977;0.81334; 
59.53554;62.33644;70.78825;70.68353;68.51228;81.46166;81.46166;-36.75187;-73.10388;8434.99414;8337.71387;1;8419.35156;-36.5;-73;10.28028;0.73572;0.07157;7.79799;486.664;441.20917;466.57562;468.67996;20.08738;35.02505;35.97009;30.66311;21.7517;21.77423;0.43983;0.81334; 
59.53568;62.33748;70.79656;70.69182;68.51244;81.47123;81.47123;-36.75155;-73.10384;8441.47852;8363.98926;1;8425.85156;-36.5;-73;10.28008;0.73571;0.07157;7.79769;486.6875;441.20868;466.57996;468.67859;20.08051;35.03253;35.97181;30.66232;21.75174;21.77348;0.43972;0.81356; 
59.53679;62.33772;70.80394;70.6992;68.51371;81.47972;81.47972;-36.75123;-73.10379;8447.94434;8382.71875;1;8432.30957;-36.5;-73;10.28006;0.73567;0.07156;7.79833;486.67252;441.19006;466.56152;468.6593;20.07291;35.03655;35.96967;30.66008;21.74986;21.77189;0.4396;0.81367; 
59.53685;62.33628;70.80939;70.70469;68.51378;81.486;81.486;-36.75091;-73.10374;8454.38184;8394.96973;1;8438.76855;-36.5;-73;10.28033;0.73567;0.07156;7.79651;486.64258;441.16962;466.54865;468.64651;20.07605;35.03096;35.96775;30.65933;21.74929;21.77178;0.43964;0.81351; 
59.53534;62.33496;70.8151;70.71043;68.51205;81.49256;81.49255;-36.75058;-73.10369;8460.91895;8407.41309;1;8445.27539;-36.5;-73;10.28047;0.73571;0.07156;7.79711;486.64114;441.1698;466.55658;468.65732;20.08393;35.02527;35.96915;30.66087;21.75081;21.77337;0.43976;0.81337; 
59.53445;62.33646;70.82399;70.71931;68.51102;81.50279;81.50279;-36.75026;-73.10365;8467.43945;8414.15234;1;8451.79492;-36.5;-73;10.28033;0.73572;0.07157;7.79406;486.69046;441.18707;466.57721;468.67325;20.08268;35.03014;35.97317;30.66156;21.75214;21.77359;0.43975;0.81353; 
59.53595;62.33814;70.83305;70.72833;68.51275;81.51322;81.51323;-36.74993;-73.1036;8473.92969;8419.9707;1;8458.2832;-36.5;-73;10.28007;0.73566;0.07156;7.79832;486.69498;441.17444;466.55481;468.65085;20.06811;35.04067;35.97131;30.6582;21.74929;21.77075;0.43952;0.81381; 
59.53721;62.33778;70.8398;70.73508;68.5142;81.52099;81.52098;-36.74961;-73.10355;8480.41699;8425.78516;1;8464.79395;-36.5;-73;10.28046;0.73562;0.07156;7.80111;486.65714;441.14594;466.53009;468.63171;20.06587;35.03735;35.96752;30.65578;21.74686;21.76963;0.43948;0.8137; 
59.5366;62.33574;70.84464;70.73999;68.5135;81.52656;81.52654;-36.74928;-73.10351;8486.91602;8431.6123;1;8471.29395;-36.5;-73;10.28092;0.73566;0.07156;7.79723;486.62659;441.13678;466.53256;468.64069;20.07876;35.02472;35.96675;30.65732;21.74798;21.77159;0.43968;0.81335; 
59.53532;62.33598;70.85203;70.74741;68.51203;81.53506;81.53505;-36.74896;-73.10345;8493.37891;8437.4043;1;8477.77539;-36.5;-73;10.2809;0.7357;0.07156;7.79628;486.65991;441.15656;466.55798;468.66666;20.0857;35.02267;35.97065;30.65965;21.75047;21.77329;0.4398;0.81332; 
59.53595;62.3377;70.86121;70.75658;68.51276;81.54563;81.54564;-36.74863;-73.10341;8499.92676;8443.27148;1;8484.31641;-36.5;-73;10.28059;0.73566;0.07156;7.79558;486.68646;441.1557;466.55743;468.66162;20.0748;35.03326;35.97189;30.65805;21.74975;21.77175;0.43963;0.81362; 
59.53709;62.33851;70.86934;70.76468;68.51406;81.55499;81.55498;-36.74831;-73.10336;8506.44824;8449.11523;1;8490.81445;-36.5;-73;10.28059;0.73561;0.07155;7.79766;486.66821;441.13638;466.53256;468.64331;20.06478;35.03846;35.96882;30.65523;21.74687;21.76998;0.43947;0.81375; 
59.53728;62.33712;70.8749;70.77029;68.51428;81.56139;81.56139;-36.74798;-73.10332;8512.9209;8454.91406;1;8497.2666;-36.5;-73;10.28104;0.73561;0.07155;7.7985;486.62943;441.116;466.51685;468.638;20.07044;35.02974;35.9661;30.65472;21.74588;21.77051;0.43955;0.8135; 
59.53615;62.33525;70.87994;70.77538;68.51298;81.56718;81.56718;-36.74766;-73.10327;8519.40137;8461.88477;1;8503.76367;-36.5;-73;10.28129;0.73566;0.07155;7.79533;486.62021;441.11346;466.52585;468.64874;20.08202;35.02033;35.96731;30.65655;21.74781;21.77232;0.43973;0.81326; 
59.53502;62.33561;70.88754;70.78298;68.51167;81.57593;81.57592;-36.74733;-73.10323;8525.91699;8468.70898;1;8510.30273;-36.5;-73;10.28098;0.73568;0.07156;7.79493;486.65552;441.12659;466.54327;468.66409;20.08124;35.02529;35.97108;30.65781;21.74963;21.77318;0.43972;0.81342; 
59.53511;62.33733;70.89661;70.79202;68.51179;81.58637;81.58636;-36.74701;-73.10317;8532.37207;8475.52734;1;8516.73047;-36.5;-73;10.2807;0.73565;0.07156;7.79533;486.68387;441.12503;466.53702;468.66013;20.06938;35.03657;35.97218;30.65597;21.74828;21.77189;0.43954;0.81374; 
59.53661;62.33821;70.90479;70.80019;68.5135;81.59577;81.59579;-36.74668;-73.10313;8538.90137;8482.4248;1;8523.2627;-36.5;-73;10.28091;0.73559;0.07155;7.79778;486.66745;441.1055;466.50989;468.64227;20.06235;35.03823;35.96895;30.65295;21.74506;21.77004;0.43943;0.81377; 
59.53742;62.33672;70.91027;70.8057;68.51444;81.60209;81.60209;-36.74636;-73.10308;8545.44824;8489.33105;1;8529.81836;-36.5;-73;10.28141;0.73559;0.07155;7.79679;486.62384;441.08307;466.49423;468.63293;20.06909;35.02792;35.96581;30.65227;21.74413;21.77023;0.43953;0.81347; 
59.53608;62.33509;70.91552;70.81103;68.51289;81.60813;81.60814;-36.74603;-73.10303;8551.93359;8495.84668;1;8536.28125;-36.5;-73;10.28159;0.73563;0.07155;7.79518;486.61575;441.08292;466.50702;468.6431;20.07982;35.01959;35.96708;30.65422;21.7463;21.77185;0.43969;0.81325; 
59.53472;62.33569;70.92341;70.81891;68.51133;81.6172;81.6172;-36.7457;-73.10299;8558.48438;8502.16797;1;8542.85254;-36.5;-73;10.28135;0.73566;0.07155;7.79313;486.65906;441.09653;466.53003;468.66013;20.07929;35.02474;35.97169;30.65553;21.74847;21.77271;0.43969;0.81343; 
59.53548;62.33763;70.93282;70.82829;68.51221;81.62804;81.62804;-36.74538;-73.10294;8565.05469;8508.87793;1;8549.42383;-36.5;-73;10.28097;0.73561;0.07155;7.79512;486.68021;441.09283;466.51993;468.64908;20.0642;35.03824;35.97176;30.65315;21.74668;21.77068;0.43945;0.8138; 
59.53686;62.33754;70.93995;70.83541;68.5138;81.63624;81.63624;-36.74504;-73.10289;8571.63281;8515.99902;1;8555.98926;-36.5;-73;10.28122;0.73556;0.07154;7.79681;486.64636;441.06351;466.49179;468.62408;20.05828;35.03825;35.96788;30.65018;21.74383;21.76896;0.43935;0.81379; 
59.53673;62.33593;70.94521;70.84073;68.51364;81.6423;81.6423;-36.74472;-73.10284;8578.09668;8523.0293;1;8562.43848;-36.5;-73;10.2817;0.73558;0.07154;7.7958;486.61816;441.05212;466.48654;468.62482;20.06861;35.02678;35.96645;30.65073;21.74401;21.76996;0.43951;0.81347; 
59.53526;62.33515;70.9515;70.84705;68.51196;81.64954;81.64954;-36.7444;-73.1028;8584.62305;8530.12793;1;8568.97168;-36.5;-73;10.28176;0.73563;0.07155;7.79581;486.63354;441.05975;466.50311;468.64261;20.0765;35.02254;35.96933;30.65264;21.7462;21.77163;0.43964;0.81337; 
59.53461;62.33558;70.9592;70.85474;68.51121;81.65839;81.65839;-36.74407;-73.10275;8591.17578;8537.25293;1;8575.52441;-36.5;-73;10.2814;0.73563;0.07155;7.79563;486.65762;441.05576;466.50455;468.63809;20.06872;35.03149;35.97159;30.65182;21.74653;21.7709;0.43952;0.81364; 
59.53531;62.3373;70.9683;70.86382;68.51201;81.66886;81.66885;-36.74374;-73.1027;8597.66699;8544.3125;1;8582.0332;-36.5;-73;10.28128;0.73559;0.07155;7.79447;486.67694;441.05191;466.50345;468.63196;20.05835;35.04071;35.97205;30.65005;21.74542;21.76956;0.43936;0.8139; 
59.53669;62.33722;70.9753;70.87083;68.5136;81.67693;81.67693;-36.74342;-73.10265;8604.12402;8551.33203;1;8588.50098;-36.5;-73;10.28163;0.73555;0.07154;7.79687;486.65158;441.03033;466.4816;468.61688;20.05679;35.03767;35.96909;30.64789;21.74318;21.76851;0.43933;0.81381; 
59.53685;62.33616;70.98132;70.8769;68.51379;81.68385;81.68385;-36.74309;-73.10261;8610.68555;8558.46582;1;8595.05664;-36.5;-73;10.28201;0.73556;0.07154;7.79697;486.62393;441.02194;466.47949;468.62097;20.06503;35.0283;35.96751;30.64847;21.74334;21.76945;0.43946;0.81354; 
59.53561;62.33447;70.9866;70.88222;68.51235;81.68993;81.68993;-36.74276;-73.10256;8617.23535;8565.58594;1;8601.61719;-36.5;-73;10.28205;0.7356;0.07154;7.79574;486.61871;441.01651;466.48224;468.62903;20.0718;35.02351;35.96895;30.64971;21.7448;21.77092;0.43956;0.81343; 
59.53372;62.33517;70.99463;70.89024;68.51019;81.69917;81.69914;-36.74244;-73.10251;8623.78613;8572.70703;1;8608.1416;-36.5;-73;10.28173;0.73563;0.07155;7.79211;486.66284;441.02737;466.50131;468.64435;20.0682;35.03144;35.97349;30.65055;21.74655;21.77169;0.43951;0.81368; 
59.53451;62.33686;71.00375;70.89934;68.51109;81.70966;81.70966;-36.74211;-73.10246;8630.31836;8581.93359;1;8614.6416;-36.5;-73;10.2815;0.73558;0.07154;7.79355;486.6868;441.01849;466.48456;468.6315;20.0546;35.04283;35.97374;30.64766;21.74427;21.76968;0.4393;0.814; 
59.5364;62.33755;71.01175;70.90733;68.51328;81.71886;81.71887;-36.74178;-73.10242;8636.87012;8590.5625;1;8621.24902;-36.5;-73;10.28177;0.73552;0.07154;7.79397;486.66162;440.99673;466.45917;468.61343;20.04865;35.04311;35.96999;30.64474;21.74119;21.768;0.4392;0.81399; 
59.53698;62.33601;71.01719;70.91282;68.51393;81.72513;81.72514;-36.74145;-73.10237;8643.41211;8597.82422;1;8627.78418;-36.5;-73;10.28234;0.73553;0.07153;7.79605;486.62445;440.9812;466.44659;468.61624;20.05889;35.03054;35.96762;30.64492;21.7406;21.76918;0.43936;0.81363; 
59.53548;62.33433;71.02242;70.91809;68.51221;81.73115;81.73113;-36.74113;-73.10232;8649.88574;8605.00977;1;8634.22949;-36.5;-73;10.28251;0.73558;0.07154;7.78982;486.6163;440.97882;466.45883;468.62552;20.06936;35.02237;35.96901;30.64668;21.74281;21.7707;0.43952;0.81342; 
59.53426;62.33532;71.03072;70.92639;68.5108;81.74069;81.74069;-36.7408;-73.10227;8656.375;8612.34668;1;8640.71582;-36.5;-73;10.28215;0.73559;0.07154;7.79084;486.66113;440.99255;466.4761;468.6416;20.0654;35.03043;35.97327;30.64748;21.74433;21.77123;0.43946;0.81367; 
59.53502;62.33684;71.03954;70.9352;68.51168;81.75085;81.75085;-36.74048;-73.10223;8662.81836;8620.73145;1;8647.19824;-36.5;-73;10.28187;0.73555;0.07154;7.79335;486.67273;440.98416;466.46582;468.63425;20.05179;35.04228;35.9731;30.64535;21.74261;21.76991;0.43925;0.814; 
59.5359;62.33638;71.04617;70.94183;68.5127;81.75847;81.75847;-36.74016;-73.10218;8669.28809;8629.3291;1;8653.66699;-36.5;-73;10.28219;0.73552;0.07153;7.79278;486.65131;440.96014;466.44308;468.61969;20.05016;35.03989;35.97084;30.64324;21.74053;21.76919;0.43922;0.81394; 
59.53549;62.33552;71.05243;70.94812;68.51222;81.76568;81.76568;-36.73983;-73.10213;8675.8623;8636.28516;1;8660.20801;-36.5;-73;10.28255;0.73554;0.07153;7.79322;486.63849;440.95532;466.43994;468.6236;20.05793;35.03164;35.97021;30.64367;21.7406;21.76995;0.43934;0.81371; 
59.53497;62.33475;71.05874;70.95444;68.51162;81.77294;81.77293;-36.7395;-73.10208;8682.35938;8643.16016;1;8666.7168;-36.5;-73;10.28254;0.73555;0.07153;7.79103;486.63553;440.94925;466.44427;468.62024;20.06032;35.02984;35.97091;30.6439;21.74162;21.76993;0.43938;0.81367; 
59.53431;62.33571;71.06699;70.96271;68.51086;81.78244;81.78244;-36.73918;-73.10204;8688.84766;8649.85352;1;8673.19629;-36.5;-73;10.2824;0.73555;0.07154;7.79084;486.66711;440.95383;466.45374;468.62991;20.05643;35.03576;35.97371;30.64386;21.74218;21.77011;0.43932;0.81385; 
59.53537;62.33703;71.07568;70.97138;68.51208;81.79244;81.79244;-36.73885;-73.10199;8695.35254;8656.37109;1;8679.72559;-36.5;-73;10.28231;0.73551;0.07153;7.79175;486.6731;440.94397;466.44165;468.61618;20.04665;35.04283;35.97278;30.64151;21.74037;21.76825;0.43917;0.81405; 
59.53666;62.33676;71.08258;70.97829;68.51357;81.80038;81.80037;-36.73852;-73.10194;8701.86914;8662.90039;1;8686.22363;-36.5;-73;10.28261;0.73548;0.07153;7.79296;486.64398;440.92419;466.42621;468.6037;20.04576;35.03984;35.96997;30.63998;21.73879;21.76757;0.43915;0.81395; 
59.53632;62.33517;71.08796;70.98373;68.51317;81.80657;81.80658;-36.7382;-73.1019;8708.37598;8669.41699;1;8692.7207;-36.5;-73;10.28299;0.73551;0.07153;7.7922;486.62119;440.91553;466.42667;468.60843;20.05567;35.02989;35.96941;30.64098;21.7396;21.76884;0.4393;0.81368; 
59.53476;62.33444;71.09422;70.99001;68.51138;81.81377;81.81375;-36.73788;-73.10185;8714.77832;8675.83984;1;8699.13672;-36.5;-73;10.28288;0.73555;0.07153;7.79264;486.63519;440.92197;466.44104;468.62347;20.06009;35.02907;35.97212;30.64269;21.74162;21.77032;0.43937;0.81368; 
59.53395;62.33541;71.10252;70.9983;68.51045;81.82332;81.82332;-36.73755;-73.1018;8721.28906;8682.57031;1;8705.64844;-36.5;-73;10.28254;0.73554;0.07153;7.79017;486.66678;440.92261;466.44653;468.62091;20.0517;35.03881;35.97466;30.64189;21.74195;21.76945;0.43924;0.81397; 
59.5347;62.33673;71.11118;71.00694;68.51131;81.8333;81.8333;-36.73722;-73.10175;8727.75977;8689.25684;1;8712.10547;-36.5;-73;10.28246;0.7355;0.07153;7.79237;486.67883;440.91263;466.43356;468.61014;20.0412;35.04702;35.9743;30.63954;21.74001;21.76794;0.43908;0.8142; 
59.53617;62.33652;71.11815;71.0139;68.513;81.84131;81.84129;-36.7369;-73.10171;8734.2666;8695.98145;1;8718.61914;-36.5;-73;10.28281;0.73546;0.07152;7.79476;486.65344;440.89023;466.41022;468.59415;20.03995;35.04367;35.97135;30.63733;21.73773;21.76688;0.43905;0.8141; 
59.53577;62.33473;71.12328;71.0191;68.51255;81.84721;81.84721;-36.73657;-73.10166;8740.75781;8704.66699;1;8725.11328;-36.5;-73;10.28316;0.73548;0.07152;7.7915;486.62143;440.87518;466.40363;468.59216;20.04841;35.03394;35.96984;30.63766;21.73797;21.76775;0.43918;0.81383; 
59.53399;62.33385;71.12948;71.02533;68.51049;81.85435;81.85434;-36.73625;-73.10162;8747.25195;8712.62012;1;8731.61719;-36.5;-73;10.28323;0.73553;0.07153;7.788;486.64438;440.87973;466.41934;468.61053;20.05586;35.03048;35.97365;30.63936;21.74019;21.76958;0.4393;0.81377; 
59.53322;62.33516;71.13831;71.03414;68.50961;81.86451;81.8645;-36.73592;-73.10156;8753.87891;8720.73438;1;8738.26563;-36.5;-73;10.28276;0.73552;0.07153;7.79011;486.67886;440.88577;466.42166;468.61475;20.04575;35.0423;35.97602;30.63868;21.74011;21.76905;0.43915;0.81411; 
59.53434;62.33658;71.14713;71.04295;68.51089;81.87466;81.87466;-36.73559;-73.10152;8760.38184;8728.69531;1;8744.75586;-36.5;-73;10.28274;0.73547;0.07152;7.78982;486.68216;440.87213;466.40826;468.60394;20.03503;35.04988;35.97496;30.63612;21.73795;21.76756;0.43898;0.81431; 
59.53633;62.33761;71.15556;71.05138;68.51319;81.88436;81.88437;-36.73526;-73.10147;8766.91797;8736.69824;1;8751.29883;-36.5;-73;10.28324;0.73543;0.07152;7.79343;486.67355;440.8649;466.39233;468.60486;20.0363;35.04489;35.97262;30.63455;21.73556;21.76707;0.439;0.81416; 
59.53672;62.33559;71.16043;71.0563;68.51363;81.88997;81.88997;-36.73494;-73.10143;8773.39258;8744.625;1;8757.7373;-36.5;-73;10.28365;0.73544;0.07152;7.7941;486.6167;440.84232;466.37943;468.59656;20.04443;35.03351;35.96898;30.63454;21.73525;21.76757;0.43912;0.81383; 
59.53548;62.33377;71.16559;71.06152;68.51221;81.8959;81.8959;-36.73461;-73.10137;8779.91602;8752.59277;1;8764.29785;-36.5;-73;10.28376;0.73549;0.07152;7.79076;486.61478;440.84314;466.39401;468.6124;20.05507;35.02638;35.97132;30.63687;21.73785;21.76973;0.43929;0.81365; 
59.53313;62.33433;71.1734;71.06935;68.50951;81.90489;81.90491;-36.73428;-73.10133;8786.38184;8760.46191;1;8770.78613;-36.5;-73;10.28331;0.73552;0.07153;7.78697;486.65717;440.85403;466.41385;468.6254;20.05028;35.03574;35.97588;30.63783;21.73985;21.77033;0.43921;0.81394; 
59.53333;62.33582;71.18237;71.07827;68.50974;81.91521;81.91522;-36.73396;-73.10128;8792.92871;8768.42773;1;8777.29688;-36.5;-73;10.28297;0.73548;0.07152;7.78998;486.69266;440.84674;466.39914;468.61893;20.03584;35.04952;35.97763;30.63535;21.73798;21.76905;0.43899;0.81435; 
59.53509;62.33664;71.19054;71.08642;68.51176;81.92462;81.92463;-36.73363;-73.10123;8799.44238;8775.82324;0;8783.79883;-36.5;-73;10.28316;0.73542;0.07152;7.79022;486.67493;440.82391;466.37085;468.59454;20.02724;35.05228;35.97417;30.63189;21.73463;21.76678;0.43885;0.81441; 
59.53563;62.33493;71.19579;71.09171;68.51238;81.93065;81.93065;-36.7333;-73.10118;8805.9209;8782.29883;0;8790.29004;-36.5;-73;10.28377;0.73543;0.07151;7.79138;486.62839;440.80298;466.35904;468.58829;20.03685;35.03943;35.97101;30.63169;21.73405;21.7674;0.439;0.81404; 
59.53422;62.33412;71.20197;71.09794;68.51076;81.93776;81.93777;-36.73298;-73.10114;8812.31738;8787.77441;0;8796.67969;-36.5;-73;10.28409;0.73547;0.07152;7.78852;486.64059;440.81229;466.38028;468.61002;20.05026;35.02961;35.97375;30.63404;21.73656;21.76935;0.43921;0.81379; 
59.53372;62.33546;71.21075;71.10671;68.51019;81.94788;81.94788;-36.73265;-73.10109;8818.85645;8793.41895;0;8803.23438;-36.5;-73;10.28373;0.73547;0.07152;7.78625;486.67673;440.81906;466.39282;468.61218;20.04327;35.0387;35.97667;30.63369;21.73744;21.76846;0.43911;0.81406; 
59.53506;62.33699;71.21979;71.11572;68.51173;81.95827;81.95828;-36.73232;-73.10104;8825.40332;8798.25781;1;8809.74219;-36.5;-73;10.28336;0.73541;0.07151;7.791;486.6825;440.80554;466.37085;468.59317;20.02619;35.05239;35.97533;30.63052;21.73474;21.76612;0.43884;0.81443; 
59.53612;62.33576;71.22565;71.1216;68.51295;81.96501;81.965;-36.73199;-73.101;8831.93652;8802.82227;1;8816.28809;-36.5;-73;10.28375;0.73539;0.07151;7.79277;486.64252;440.77686;466.34924;468.57828;20.02663;35.0477;35.97221;30.62896;21.73301;21.766;0.43883;0.8143; 
59.53507;62.33385;71.23071;71.12673;68.51174;81.97083;81.97084;-36.73167;-73.10094;8838.45605;8807.74316;1;8822.80176;-36.5;-73;10.28424;0.73544;0.07151;7.78884;486.61856;440.77341;466.35837;468.58871;20.04137;35.03397;35.97198;30.63094;21.73469;21.76791;0.43907;0.81392; 
59.53365;62.33459;71.23876;71.1348;68.5101;81.98011;81.98011;-36.73134;-73.1009;8844.93945;8812.78711;1;8829.30762;-36.5;-73;10.28415;0.73547;0.07151;7.78603;486.66257;440.79453;466.3877;468.6131;20.04605;35.0345;35.97663;30.63299;21.73735;21.76912;0.43915;0.81396; 
59.53412;62.33579;71.2474;71.1434;68.51065;81.99004;81.99005;-36.73101;-73.10085;8851.45801;8817.8584;1;8835.82129;-36.5;-73;10.28371;0.73543;0.07151;7.78693;486.6803;440.77924;466.37283;468.59195;20.03024;35.04825;35.9771;30.62998;21.73576;21.76661;0.4389;0.81436; 
59.53541;62.33634;71.2552;71.15118;68.51213;81.99902;81.99901;-36.73069;-73.10081;8857.90137;8822.87012;1;8842.28027;-36.5;-73;10.28375;0.73538;0.07151;7.78883;486.6691;440.75674;466.35074;468.57092;20.02017;35.05403;35.97498;30.62702;21.73324;21.76485;0.43873;0.81451; 
59.53574;62.33517;71.26107;71.15711;68.51251;82.00578;82.00578;-36.73036;-73.10075;8864.42871;8827.94629;1;8848.79102;-36.5;-73;10.28425;0.73538;0.07151;7.78624;486.64005;440.74146;466.33817;468.56949;20.02719;35.0446;35.97287;30.62673;21.73237;21.76555;0.43884;0.81425; 
59.53474;62.3343;71.26723;71.1633;68.51135;82.01286;82.01287;-36.73004;-73.10071;8870.8916;8832.9707;1;8855.22754;-36.5;-73;10.2845;0.73542;0.07151;7.78708;486.64066;440.74573;466.34811;468.58685;20.0374;35.03651;35.97417;30.6284;21.73382;21.76728;0.43901;0.81403; 
59.53358;62.33425;71.2743;71.17039;68.51002;82.021;82.02101;-36.72971;-73.10066;8877.34375;8837.98633;1;8861.70996;-36.5;-73;10.28427;0.73543;0.07151;7.78509;486.65784;440.74545;466.35391;468.59195;20.03535;35.04052;35.97641;30.6286;21.73477;21.76756;0.43897;0.81416; 
59.53377;62.3354;71.2828;71.17886;68.51025;82.03078;82.03078;-36.72939;-73.10062;8883.84668;8843.04199;1;8868.20801;-36.5;-73;10.28408;0.73541;0.07151;7.78492;486.68002;440.7402;466.35123;468.58905;20.02609;35.04952;35.97776;30.62713;21.73405;21.76672;0.43883;0.81443; 
59.5349;62.33613;71.2908;71.18687;68.51154;82.03999;82.03999;-36.72906;-73.10057;8890.32617;8848.07715;1;8874.69434;-36.5;-73;10.28418;0.73537;0.0715;7.78807;486.67322;440.72696;466.33206;468.57999;20.01991;35.0523;35.97593;30.62499;21.73175;21.76569;0.43873;0.81449; 
59.53547;62.33469;71.29639;71.1925;68.5122;82.04643;82.04643;-36.72873;-73.10052;8896.86328;8853.15625;1;8881.23828;-36.5;-73;10.28458;0.73537;0.0715;7.78802;486.63599;440.70752;466.3186;468.57428;20.02555;35.04396;35.97345;30.6246;21.73104;21.76617;0.43881;0.81426; 
59.53392;62.33361;71.30236;71.19849;68.51042;82.05329;82.05328;-36.7284;-73.10047;8903.36328;8858.20605;1;8887.71387;-36.5;-73;10.28475;0.73541;0.0715;7.78533;486.63986;440.70956;466.32568;468.58801;20.03437;35.03741;35.97512;30.62605;21.73246;21.76772;0.43895;0.81409; 
59.53328;62.33472;71.31084;71.20699;68.50967;82.06306;82.06307;-36.72808;-73.10043;8909.89063;8863.27637;1;8894.26367;-36.5;-73;10.28443;0.73541;0.07151;7.78684;486.67734;440.71951;466.33548;468.59949;20.02913;35.04538;35.97824;30.62618;21.73315;21.76783;0.43888;0.81433; 
59.5343;62.33643;71.32007;71.21616;68.51086;82.07367;82.07367;-36.72775;-73.10038;8916.45117;8868.37109;1;8900.83984;-36.5;-73;10.28431;0.73536;0.0715;7.78689;486.6904;440.70911;466.32404;468.59036;20.01723;35.05481;35.97794;30.62365;21.73118;21.76621;0.43869;0.81459; 
59.53582;62.33578;71.32648;71.2226;68.5126;82.08105;82.08106;-36.72742;-73.10033;8922.90039;8874.37207;1;8907.28027;-36.5;-73;10.28459;0.73532;0.0715;7.78696;486.64569;440.68158;466.29849;468.5668;20.01479;35.05162;35.97351;30.62136;21.72883;21.76486;0.43864;0.81448; 
59.53516;62.33387;71.33149;71.22767;68.51183;82.08681;82.08683;-36.7271;-73.10028;8929.39453;8885.59863;1;8913.72852;-36.5;-73;10.28511;0.73536;0.0715;7.78727;486.62219;440.67365;466.30289;468.57629;20.02844;35.03846;35.97333;30.6229;21.7301;21.76673;0.43886;0.81413; 
59.53309;62.33306;71.33773;71.23393;68.50946;82.09399;82.09399;-36.72677;-73.10023;8935.85938;8898.56445;1;8920.20996;-36.5;-73;10.28506;0.73541;0.0715;7.7833;486.65054;440.68237;466.32397;468.59448;20.03524;35.03657;35.9777;30.62496;21.7329;21.76842;0.43897;0.81411; 
59.53265;62.33501;71.34713;71.2433;68.50895;82.10481;82.10481;-36.72644;-73.10019;8942.3252;8912.18359;1;8926.71191;-36.5;-73;10.28459;0.73539;0.0715;7.78093;486.69876;440.68494;466.32809;468.58749;20.02191;35.051;35.98079;30.62322;21.73268;21.76654;0.43876;0.81454; 
59.53421;62.33628;71.35575;71.25188;68.51074;82.11474;82.11473;-36.72612;-73.10014;8948.7959;8926.58301;1;8933.15332;-36.5;-73;10.28439;0.73531;0.0715;7.78653;486.69196;440.66074;466.29443;468.55817;20.00472;35.06261;35.97797;30.619;21.72888;21.76363;0.43849;0.81485; 
59.5352;62.33542;71.36198;71.25815;68.51189;82.12189;82.12189;-36.72579;-73.10009;8955.29297;8941.03809;1;8939.64453;-36.5;-73;10.28503;0.7353;0.07149;7.7863;486.65762;440.63989;466.27939;468.55334;20.01054;35.053;35.97511;30.61805;21.7274;21.76404;0.43858;0.81457; 
59.53489;62.3348;71.36847;71.26469;68.51154;82.12937;82.12937;-36.72546;-73.10004;8961.77832;8955.44238;0;8946.13574;-36.5;-73;10.2855;0.73533;0.07149;7.78699;486.6503;440.64734;466.29044;468.57217;20.02422;35.04059;35.9753;30.6199;21.72862;21.7657;0.4388;0.81422; 
59.5342;62.33461;71.37549;71.27173;68.51073;82.13744;82.13744;-36.72514;-73.1;8968.30469;8962.70313;0;8952.68066;-36.5;-73;10.28534;0.73535;0.07149;7.78289;486.66098;440.64667;466.3009;468.57361;20.02438;35.04222;35.9772;30.62032;21.73009;21.76564;0.4388;0.81429; 
59.53402;62.33477;71.38288;71.27912;68.51052;82.14595;82.14594;-36.72481;-73.09995;8974.79102;8969.55469;0;8959.16016;-36.5;-73;10.28497;0.73534;0.0715;7.78355;486.66815;440.63593;466.29843;468.56406;20.01462;35.05192;35.97812;30.61921;21.73002;21.76484;0.43864;0.81457; 
59.5345;62.33519;71.39051;71.28677;68.51108;82.15473;82.15473;-36.72448;-73.0999;8981.22754;8976.35156;0;8965.58203;-36.5;-73;10.28503;0.73532;0.07149;7.78378;486.67197;440.62827;466.29459;468.56268;20.01046;35.05522;35.9782;30.61832;21.7293;21.7647;0.43857;0.81467; 
59.53449;62.33529;71.39787;71.29412;68.51107;82.1632;82.16319;-36.72416;-73.09985;8987.75293;8983.24219;0;8972.10059;-36.5;-73;10.28534;0.73531;0.07149;7.78539;486.66772;440.6232;466.28955;468.56558;20.01345;35.05104;35.97759;30.61794;21.72863;21.7649;0.43862;0.81455; 
59.53472;62.33499;71.40483;71.3011;68.51134;82.17121;82.17122;-36.72383;-73.09981;8994.31152;8990.37012;0;8978.66602;-36.5;-73;10.2855;0.73531;0.07149;7.78504;486.66074;440.61591;466.28195;468.56604;20.01552;35.04795;35.97708;30.61753;21.72816;21.76497;0.43865;0.81447; 
59.53458;62.33475;71.41182;71.30812;68.51118;82.17926;82.17927;-36.7235;-73.09976;9000.8457;8996.91016;0;8985.19629;-36.5;-73;10.28551;0.73531;0.07149;7.78432;486.65942;440.60806;466.28165;468.56708;20.01495;35.04852;35.97757;30.61729;21.72836;21.76517;0.43864;0.81449; 
59.53432;62.33435;71.41854;71.31486;68.51087;82.18699;82.187;-36.72317;-73.09971;9007.29199;9003.3623;0;8991.6875;-36.5;-73;10.28548;0.73532;0.07149;7.78404;486.6619;440.59943;466.27866;468.56662;20.0134;35.05025;35.97836;30.61691;21.72842;21.76539;0.43862;0.81455; 
59.53399;62.33498;71.42653;71.32284;68.51049;82.19619;82.19618;-36.72284;-73.09966;9013.84473;9009.91992;0;8998.24121;-36.5;-73;10.2855;0.73531;0.07149;7.78336;486.67938;440.59836;466.27753;468.57114;20.01129;35.05264;35.97956;30.61635;21.72805;21.7654;0.43859;0.81463; 
59.53477;62.33562;71.43446;71.33076;68.51139;82.20531;82.20531;-36.72252;-73.09962;9020.30176;9016.38574;0;9004.66309;-36.5;-73;10.2856;0.73528;0.07149;7.78338;486.67691;440.58881;466.26822;468.56439;20.00753;35.05416;35.97859;30.61485;21.7268;21.76446;0.43853;0.81467; 
59.53489;62.33488;71.44086;71.3372;68.51154;82.21268;82.21269;-36.72219;-73.09957;9026.81641;9022.91211;0;9011.16699;-36.5;-73;10.28577;0.73528;0.07148;7.78175;486.6597;440.57187;466.25308;468.55673;20.00803;35.05146;35.97729;30.61377;21.7258;21.76429;0.43853;0.8146; 
59.53468;62.33399;71.44707;71.34343;68.51129;82.21982;82.21983;-36.72186;-73.09952;9033.30078;9029.41113;0;9017.66211;-36.5;-73;10.28588;0.73529;0.07149;7.78391;486.65109;440.56369;466.24844;468.55905;20.01107;35.04837;35.97734;30.6139;21.72593;21.76495;0.43858;0.81452; 
59.53365;62.33413;71.4544;71.35076;68.5101;82.22826;82.22825;-36.72153;-73.09947;9039.73828;9035.87402;0;9024.11523;-36.5;-73;10.28584;0.73531;0.07149;7.78208;486.66998;440.56848;466.25912;468.5719;20.01201;35.04977;35.97963;30.61467;21.72697;21.76588;0.4386;0.81458; 
59.53399;62.33578;71.46356;71.35992;68.5105;82.23881;82.23882;-36.72121;-73.09943;9046.26953;9042.43066;0;9030.62695;-36.5;-73;10.2858;0.73528;0.07148;7.78215;486.69403;440.57031;466.25989;468.57431;20.00605;35.05542;35.98064;30.61353;21.72622;21.76505;0.43851;0.81474; 
59.53544;62.33636;71.4715;71.36785;68.51217;82.24794;82.24793;-36.72088;-73.09938;9052.79492;9048.97949;0;9037.13672;-36.5;-73;10.28589;0.73523;0.07148;7.78333;486.67328;440.55228;466.2421;468.55624;19.99945;35.05762;35.97773;30.61119;21.72411;21.76331;0.4384;0.81478; 
59.53605;62.33526;71.47748;71.37387;68.51287;82.25482;82.25482;-36.72055;-73.09933;9059.29199;9055.5;0;9043.62988;-36.5;-73;10.28631;0.73523;0.07148;7.78501;486.64389;440.53546;466.23434;468.55322;20.00527;35.04963;35.976;30.61095;21.72377;21.76379;0.43849;0.81456; 
59.53486;62.33363;71.48288;71.37931;68.5115;82.26103;82.26103;-36.72022;-73.09928;9065.81152;9062.04395;0;9050.14941;-36.5;-73;10.28644;0.73527;0.07148;7.78209;486.63531;440.53107;466.24142;468.55774;20.01331;35.04331;35.97703;30.61229;21.72546;21.76496;0.43861;0.8144; 
59.53329;62.3336;71.4901;71.38656;68.50968;82.26935;82.26936;-36.71989;-73.09924;9072.30762;9068.56152;0;9056.7002;-36.5;-73;10.28615;0.7353;0.07148;7.78081;486.66263;440.53537;466.25363;468.5668;20.01104;35.0489;35.98039;30.61303;21.72699;21.7656;0.43858;0.81458; 
59.53305;62.33497;71.49895;71.39538;68.50941;82.27953;82.27953;-36.71957;-73.09919;9078.83594;9075.11133;0;9063.19824;-36.5;-73;10.2859;0.73527;0.07148;7.78038;486.69696;440.53378;466.25394;468.564;20.00091;35.05957;35.98261;30.6116;21.72647;21.76463;0.43842;0.8149; 
59.53469;62.33664;71.50816;71.40456;68.5113;82.29013;82.29013;-36.71923;-73.09914;9085.36719;9081.66406;0;9069.7373;-36.5;-73;10.28603;0.73522;0.07148;7.78124;486.70096;440.52295;466.23779;468.55011;19.99231;35.06425;35.98088;30.60882;21.72388;21.76263;0.43829;0.81502; 
59.53637;62.33595;71.51468;71.41109;68.51323;82.29762;82.29762;-36.71891;-73.09909;9091.90918;9088.22559;0;9076.28125;-36.5;-73;10.28648;0.73519;0.07147;7.78391;486.65695;440.49777;466.21274;468.53317;19.99414;35.05698;35.97659;30.60687;21.72163;21.76172;0.43831;0.8148; 
59.53556;62.33376;71.51941;71.41589;68.5123;82.30307;82.30306;-36.71858;-73.09904;9098.39844;9094.73438;0;9082.77539;-36.5;-73;10.28685;0.73523;0.07147;7.78157;486.62503;440.48749;466.21902;468.53845;20.00648;35.04513;35.97605;30.60849;21.72328;21.7634;0.4385;0.81447; 
59.53314;62.33268;71.52545;71.42198;68.50952;82.31002;82.31002;-36.71825;-73.099;9104.90527;9101.25977;0;9089.26953;-36.5;-73;10.28669;0.73529;0.07148;7.77842;486.65469;440.495;466.23868;468.55432;20.01193;35.04491;35.98071;30.61049;21.72617;21.76505;0.43859;0.81451; 
59.53236;62.33412;71.5344;71.43091;68.50861;82.32032;82.32033;-36.71792;-73.09895;9111.43262;9107.80566;0;9095.81055;-36.5;-73;10.28608;0.73527;0.07148;7.77856;486.702;440.49716;466.23856;468.55246;19.99744;35.0613;35.98414;30.6091;21.72593;21.764;0.43836;0.81499; 
59.53345;62.33598;71.54378;71.44025;68.50987;82.33112;82.33111;-36.71759;-73.0989;9117.91699;9114.30664;0;9102.27832;-36.5;-73;10.28603;0.73521;0.07148;7.78179;486.71201;440.48236;466.21664;468.54135;19.98319;35.07172;35.98306;30.60578;21.72276;21.7623;0.43814;0.81528; 
59.53579;62.33596;71.55101;71.44747;68.51257;82.33944;82.33942;-36.71727;-73.09885;9124.40234;9120.80957;0;9108.77832;-36.5;-73;10.28661;0.73516;0.07147;7.78302;486.67282;440.46048;466.19028;468.52621;19.98479;35.064;35.97836;30.60349;21.71983;21.76121;0.43816;0.81503; 
59.53553;62.33395;71.55597;71.45251;68.51227;82.34515;82.34515;-36.71694;-73.09881;9130.90137;9127.32422;0;9115.26172;-36.5;-73;10.28724;0.7352;0.07147;7.78076;486.63306;440.45065;466.19336;468.53729;20.00107;35.04723;35.97676;30.60516;21.7209;21.76325;0.43841;0.81456; 
59.53334;62.33237;71.56141;71.45799;68.50975;82.3514;82.3514;-36.71661;-73.09875;9137.38281;9133.82031;0;9121.70117;-36.5;-73;10.2872;0.73525;0.07147;7.77786;486.64279;440.45267;466.20914;468.55148;20.00959;35.04276;35.98013;30.6072;21.72372;21.76497;0.43855;0.81447; 
59.53234;62.33395;71.57055;71.46713;68.50859;82.36192;82.36193;-36.71628;-73.09871;9143.92188;9140.37402;0;9128.27246;-36.5;-73;10.28651;0.73525;0.07148;7.77687;486.69559;440.46243;466.22137;468.5603;19.99597;35.06001;35.98494;30.60681;21.72467;21.76462;0.43834;0.81499; 
59.53314;62.33575;71.57983;71.47637;68.50952;82.3726;82.3726;-36.71595;-73.09866;9150.38086;9146.84668;0;9134.74023;-36.5;-73;10.28621;0.73519;0.07147;7.77808;486.71237;440.44415;466.20071;468.54086;19.97654;35.07605;35.98484;30.60301;21.72186;21.76228;0.43803;0.81544; 
59.53529;62.33642;71.58784;71.48438;68.51199;82.38182;82.38182;-36.71563;-73.09862;9156.83203;9153.31152;0;9141.2041;-36.5;-73;10.28673;0.73514;0.07146;7.78249;486.68338;440.42722;466.17694;468.53461;19.97487;35.07224;35.98078;30.60083;21.71869;21.76171;0.438;0.81531; 
59.53556;62.33448;71.59286;71.48946;68.5123;82.3876;82.3876;-36.7153;-73.09856;9163.2998;9159.79199;0;9147.67188;-36.5;-73;10.28751;0.73516;0.07146;7.77745;486.63538;440.41434;466.1731;468.53906;19.9919;35.05304;35.97779;30.60188;21.71894;21.76317;0.43826;0.81476; 
59.53414;62.33268;71.59808;71.49473;68.51067;82.39361;82.39361;-36.71497;-73.09852;9169.80859;9166.3125;0;9154.19824;-36.5;-73;10.2876;0.73522;0.07147;7.77847;486.63504;440.41599;466.18594;468.5545;20.00342;35.04495;35.98025;30.60409;21.72156;21.76506;0.43844;0.81456; 
59.53257;62.3326;71.60523;71.50189;68.50886;82.40183;82.40183;-36.71465;-73.09847;9176.27148;9172.78613;0;9160.65527;-36.5;-73;10.28689;0.73524;0.07147;7.77768;486.66812;440.41599;466.19815;468.55499;19.99339;35.05884;35.9847;30.60424;21.72346;21.76501;0.43828;0.81499; 
59.53226;62.3344;71.61462;71.51125;68.50851;82.41264;82.41263;-36.71432;-73.09843;9182.79004;9179.31445;0;9167.16016;-36.5;-73;10.28648;0.73521;0.07147;7.77784;486.70383;440.41217;466.19815;468.55261;19.97688;35.07565;35.98718;30.60235;21.72263;21.76405;0.43802;0.81548; 
59.53349;62.33572;71.62337;71.51999;68.50991;82.42271;82.42272;-36.71399;-73.09837;9189.26758;9185.80273;0;9173.62988;-36.5;-73;10.28677;0.73516;0.07147;7.77818;486.70865;440.39859;466.17923;468.54169;19.97006;35.07856;35.98591;30.59952;21.71988;21.7626;0.43792;0.81556; 
59.5349;62.33534;71.63018;71.52679;68.51154;82.43054;82.43053;-36.71366;-73.09833;9195.77734;9192.32129;0;9180.14258;-36.5;-73;10.28733;0.73513;0.07146;7.78015;486.66751;440.37726;466.15887;468.52576;19.97395;35.06923;35.98162;30.59772;21.71781;21.76155;0.43798;0.81528; 
59.53467;62.33363;71.63547;71.53214;68.51128;82.43663;82.43661;-36.71333;-73.09828;9202.28613;9198.83789;0;9186.65332;-36.5;-73;10.2877;0.73515;0.07146;7.77738;486.6391;440.36801;466.16025;468.52795;19.98508;35.05778;35.98065;30.59873;21.71882;21.76254;0.43815;0.81496; 
59.53301;62.33262;71.64149;71.53822;68.50936;82.44357;82.44357;-36.71301;-73.09824;9208.74902;9205.30859;0;9193.11035;-36.5;-73;10.2876;0.73519;0.07146;7.77523;486.65152;440.3689;466.17853;468.54086;19.98937;35.05724;35.98404;30.60039;21.72143;21.76402;0.43821;0.81498; 
59.53207;62.33416;71.65054;71.54724;68.50828;82.45397;82.45397;-36.71267;-73.09818;9215.27051;9211.83691;0;9199.62109;-36.5;-73;10.28712;0.73519;0.07147;7.77463;486.6936;440.37698;466.19144;468.54764;19.9784;35.07088;35.98776;30.60004;21.72221;21.76361;0.43804;0.81538; 
59.53333;62.33533;71.65917;71.55585;68.50973;82.46391;82.46391;-36.71234;-73.09814;9221.80469;9218.37793;0;9206.16992;-36.5;-73;10.28689;0.73513;0.07146;7.77784;486.6893;440.3584;466.16898;468.52676;19.96287;35.08232;35.98595;30.59679;21.7195;21.76144;0.43779;0.81569; 
59.53435;62.33443;71.66531;71.56202;68.5109;82.47098;82.47097;-36.71202;-73.09809;9228.24609;9224.8252;0;9212.60156;-36.5;-73;10.28746;0.73513;0.07146;7.77685;486.66388;440.33862;466.15759;468.52231;19.96791;35.07444;35.98417;30.59598;21.71848;21.7619;0.43787;0.81548; 
59.53307;62.33302;71.67095;71.5677;68.50943;82.47746;82.47746;-36.71169;-73.09805;9234.75586;9231.33887;0;9219.10352;-36.5;-73;10.28786;0.73516;0.07146;7.77572;486.65323;440.33398;466.15683;468.53119;19.97925;35.06361;35.98448;30.59693;21.71924;21.76322;0.43805;0.81519; 
59.53268;62.3345;71.6799;71.57664;68.50898;82.48776;82.48775;-36.71136;-73.09799;9241.26074;9237.84766;0;9225.61426;-36.5;-73;10.28773;0.73516;0.07146;7.77344;486.69699;440.34674;466.17673;468.54956;19.97722;35.06889;35.9887;30.59741;21.72068;21.76358;0.43802;0.81536; 
59.5341;62.33533;71.68815;71.58487;68.51063;82.49725;82.49724;-36.71103;-73.09795;9247.78223;9244.37305;0;9232.1582;-36.5;-73;10.28725;0.7351;0.07146;7.77686;486.68311;440.32318;466.14783;468.52039;19.95863;35.08276;35.98618;30.59369;21.71782;21.76077;0.43772;0.81574; 
59.53421;62.33378;71.69362;71.5904;68.51074;82.50355;82.50356;-36.7107;-73.0979;9254.2793;9250.87305;0;9238.65723;-36.5;-73;10.2876;0.7351;0.07146;7.77586;486.64944;440.29776;466.13211;468.51422;19.96059;35.07816;35.98424;30.5929;21.71682;21.7616;0.43774;0.81561; 
59.53293;62.33261;71.69958;71.5964;68.50928;82.5104;82.5104;-36.71037;-73.09785;9260.82129;9257.41699;0;9245.2002;-36.5;-73;10.28807;0.73515;0.07146;7.77496;486.65689;440.30487;466.14639;468.54099;19.97541;35.06653;35.98666;30.59528;21.71872;21.76436;0.43798;0.81531; 
59.53206;62.3336;71.70798;71.60479;68.50827;82.52007;82.52007;-36.71004;-73.0978;9267.33105;9263.92773;0;9251.69043;-36.5;-73;10.28778;0.73516;0.07146;7.77443;486.68997;440.31616;466.15781;468.55252;19.97199;35.07262;35.98977;30.59557;21.71975;21.76438;0.43793;0.8155; 
59.53275;62.3348;71.71662;71.61342;68.50907;82.53001;82.53001;-36.70971;-73.09776;9273.83008;9270.42773;0;9258.17188;-36.5;-73;10.28744;0.73511;0.07146;7.77417;486.69293;440.29907;466.14462;468.53558;19.95636;35.08548;35.98926;30.59275;21.71803;21.76242;0.43768;0.81586; 
59.53376;62.33488;71.72398;71.62078;68.51022;82.53849;82.53849;-36.70938;-73.09771;9280.33301;9276.93066;0;9264.68652;-36.5;-73;10.28777;0.73509;0.07145;7.77469;486.6824;440.28009;466.12592;468.52933;19.95396;35.0846;35.98791;30.59082;21.71602;21.76211;0.43764;0.81584; 
59.53397;62.33384;71.73003;71.62687;68.51048;82.54546;82.54546;-36.70905;-73.09766;9286.80957;9283.40625;0;9271.18164;-36.5;-73;10.28817;0.73509;0.07145;7.77305;486.6568;440.26712;466.11777;468.52615;19.96064;35.07594;35.98621;30.59061;21.71565;21.76244;0.43774;0.81559; 
59.5326;62.33361;71.73708;71.63393;68.50889;82.55355;82.55354;-36.70872;-73.09761;9293.33789;9289.93262;0;9277.67676;-36.5;-73;10.28836;0.73512;0.07145;7.77068;486.67392;440.27185;466.13168;468.54379;19.96736;35.07182;35.98898;30.59183;21.71724;21.7638;0.43785;0.81551; 
59.53318;62.33484;71.74577;71.64261;68.50956;82.56355;82.56355;-36.70839;-73.09756;9299.84277;9296.43652;0;9284.21191;-36.5;-73;10.28796;0.73509;0.07145;7.77362;486.68213;440.2713;466.13089;468.53775;19.95683;35.08177;35.98908;30.59068;21.71681;21.76245;0.43768;0.81578; 
59.53376;62.33394;71.75198;71.64885;68.51022;82.5707;82.5707;-36.70807;-73.09752;9306.32324;9302.91406;0;9290.69922;-36.5;-73;10.28796;0.73507;0.07145;7.77453;486.66202;440.24521;466.11295;468.52094;19.95107;35.08481;35.98791;30.58887;21.71563;21.76186;0.43758;0.81587; 
59.53259;62.33287;71.75803;71.65493;68.50889;82.57767;82.57766;-36.70774;-73.09747;9312.8291;9309.41602;0;9297.18359;-36.5;-73;10.2882;0.7351;0.07145;7.77241;486.66046;440.2392;466.11578;468.52676;19.95656;35.08029;35.98901;30.58951;21.7164;21.76303;0.43767;0.81577; 
59.53226;62.3336;71.76609;71.663;68.5085;82.58694;82.58694;-36.70741;-73.09742;9319.26953;9315.85156;0;9303.61719;-36.5;-73;10.28823;0.73511;0.07145;7.77164;486.68585;440.25003;466.13162;468.54346;19.95817;35.08119;35.99165;30.5904;21.71759;21.76385;0.4377;0.81581; 
59.5328;62.33475;71.77466;71.67156;68.50912;82.59681;82.59682;-36.70708;-73.09737;9325.74707;9322.3252;0;9310.12207;-36.5;-73;10.28805;0.73507;0.07145;7.77438;486.68991;440.24222;466.12347;468.53482;19.94877;35.08866;35.99124;30.58858;21.71638;21.76241;0.43755;0.81601; 
59.53345;62.33434;71.78143;71.67833;68.50987;82.6046;82.60459;-36.70675;-73.09732;9332.21289;9328.78711;0;9316.59668;-36.5;-73;10.28825;0.73506;0.07145;7.77339;486.67886;440.22018;466.10995;468.52322;19.94592;35.08899;35.99058;30.58686;21.71528;21.76187;0.4375;0.81604; 
59.53303;62.33391;71.78822;71.68514;68.50939;82.6124;82.6124;-36.70642;-73.09727;9338.71191;9335.28223;0;9323.08105;-36.5;-73;10.28842;0.73506;0.07145;7.77041;486.66547;440.21222;466.1076;468.51895;19.948;35.08573;35.98969;30.58656;21.7152;21.76176;0.43753;0.81594; 
59.53242;62.3334;71.79494;71.69191;68.50868;82.62015;82.62016;-36.70609;-73.09723;9345.22852;9341.79395;0;9329.58789;-36.5;-73;10.28857;0.73507;0.07145;7.77088;486.67233;440.20691;466.11069;468.52457;19.95123;35.0834;35.99134;30.58675;21.71591;21.76242;0.43758;0.8159; 
59.53246;62.3351;71.80415;71.70109;68.50873;82.63074;82.63074;-36.70577;-73.09718;9351.68555;9348.24512;0;9336.06641;-36.5;-73;10.2884;0.73505;0.07144;7.77144;486.69608;440.21304;466.11755;468.53;19.94456;35.09055;35.99276;30.58609;21.7158;21.76174;0.43748;0.8161; 
59.53411;62.33492;71.81125;71.70821;68.51064;82.63891;82.63892;-36.70544;-73.09713;9358.2002;9354.75293;0;9342.58984;-36.5;-73;10.28837;0.73501;0.07144;7.77363;486.67227;440.1871;466.09393;468.50742;19.936;35.09478;35.9903;30.58345;21.71372;21.76013;0.43734;0.81622; 
59.53381;62.33405;71.81751;71.71452;68.51028;82.64612;82.64613;-36.70511;-73.09708;9364.68359;9361.22949;0;9349.07129;-36.5;-73;10.28869;0.73503;0.07144;7.77197;486.6618;440.18076;466.09454;468.51791;19.94188;35.08915;35.99043;30.58411;21.71403;21.76168;0.43743;0.81607; 
59.53263;62.33359;71.82427;71.72128;68.50893;82.6539;82.65388;-36.70478;-73.09704;9371.18457;9367.72266;0;9355.54492;-36.5;-73;10.28885;0.73505;0.07144;7.76937;486.66998;440.181;466.10294;468.52808;19.94729;35.08537;35.99223;30.58489;21.7152;21.76262;0.43752;0.81598; 
59.53259;62.33472;71.83288;71.7299;68.50889;82.6638;82.66381;-36.70445;-73.09699;9377.67676;9374.20605;0;9362.0332;-36.5;-73;10.28871;0.73504;0.07144;7.76743;486.69382;440.18063;466.10721;468.53174;19.94148;35.09176;35.99425;30.58405;21.71525;21.76212;0.43743;0.81618; 
59.53376;62.33458;71.84003;71.73703;68.51022;82.67203;82.67202;-36.70412;-73.09694;9384.19629;9380.7168;0;9368.51953;-36.5;-73;10.28857;0.735;0.07144;7.77189;486.67279;440.15543;466.08191;468.51132;19.93133;35.0979;35.99205;30.5814;21.71307;21.76068;0.43726;0.81635; 
59.53321;62.33366;71.84623;71.74327;68.5096;82.67917;82.67916;-36.70379;-73.09689;9390.65625;9387.16699;0;9375.00879;-36.5;-73;10.2889;0.73502;0.07144;7.76918;486.66705;440.14679;466.08002;468.51923;19.93645;35.09294;35.99257;30.58173;21.71323;21.76203;0.43734;0.81622; 
59.53224;62.33352;71.85335;71.75042;68.50848;82.68736;82.68736;-36.70346;-73.09685;9397.13379;9393.63379;0;9381.49707;-36.5;-73;10.28905;0.73504;0.07144;7.76657;486.68158;440.14944;466.08771;468.53192;19.94105;35.09003;35.99463;30.58238;21.71414;21.763;0.43741;0.81616; 
59.53282;62.33521;71.86263;71.75968;68.50915;82.69804;82.69804;-36.70313;-73.09679;9403.66504;9400.1543;0;9388.03906;-36.5;-73;10.28883;0.73501;0.07144;7.77056;486.69727;440.15195;466.08487;468.53448;19.93252;35.0979;35.99503;30.58118;21.71321;21.76208;0.43728;0.81638; 
59.53399;62.33469;71.86938;71.76643;68.51049;82.7058;82.7058;-36.7028;-73.09675;9410.19141;9406.66797;0;9394.56445;-36.5;-73;10.28882;0.73498;0.07143;7.76982;486.6669;440.12451;466.06186;468.51196;19.92515;35.10093;35.99226;30.57877;21.71131;21.76072;0.43716;0.81645; 
59.53331;62.33331;71.87511;71.77222;68.50972;82.71241;82.71241;-36.70247;-73.0967;9416.71289;9413.17676;0;9401.0791;-36.5;-73;10.28921;0.735;0.07143;7.76809;486.65521;440.11307;466.06003;468.51807;19.93281;35.09335;35.99263;30.57924;21.71175;21.76213;0.43727;0.81626; 
59.53216;62.33376;71.88286;71.77998;68.50838;82.72131;82.72132;-36.70214;-73.09666;9423.12598;9419.57617;0;9407.49609;-36.5;-73;10.28924;0.73502;0.07144;7.76775;486.67804;440.1261;466.07596;468.539;19.93652;35.09262;35.99528;30.58061;21.71314;21.76338;0.43734;0.81625; 
59.53228;62.33438;71.89091;71.78802;68.50853;82.73059;82.73059;-36.70181;-73.0966;9429.64355;9426.08105;0;9414.00098;-36.5;-73;10.28902;0.735;0.07144;7.76723;486.69031;440.11523;466.07251;468.5285;19.92796;35.10043;35.99636;30.57896;21.7128;21.76208;0.4372;0.81649; 
59.53295;62.33463;71.89854;71.79565;68.50929;82.73937;82.73936;-36.70148;-73.09656;9436.17285;9432.59375;0;9420.54102;-36.5;-73;10.28901;0.73497;0.07143;7.76772;486.68256;440.09766;466.05969;468.51566;19.92041;35.10535;35.99545;30.57703;21.71144;21.76108;0.43708;0.81663; 
59.53307;62.33421;71.90536;71.80251;68.50944;82.74722;82.74723;-36.70115;-73.09651;9442.6582;9439.06445;0;9427.02734;-36.5;-73;10.28931;0.73497;0.07143;7.76845;486.6763;440.08801;466.0542;468.5166;19.92319;35.10155;35.99525;30.5766;21.71101;21.76147;0.43712;0.81653; 
59.53278;62.33373;71.9121;71.80926;68.50909;82.75497;82.75497;-36.70082;-73.09646;9449.12988;9445.51953;0;9433.50977;-36.5;-73;10.28943;0.73498;0.07143;7.76651;486.6676;440.08173;466.0535;468.51456;19.92554;35.09876;35.99502;30.57654;21.71128;21.76148;0.43715;0.81646; 
59.53225;62.33394;71.91967;71.81684;68.50849;82.76368;82.76369;-36.70049;-73.09641;9455.62891;9452.00098;0;9439.96191;-36.5;-73;10.2894;0.73498;0.07143;7.76539;486.68289;440.08069;466.06024;468.52048;19.9245;35.10104;35.99701;30.57655;21.71197;21.76174;0.43714;0.81654; 
59.53265;62.33418;71.9273;71.82448;68.50895;82.77246;82.77246;-36.70016;-73.09637;9462.15039;9458.50488;0;9446.52734;-36.5;-73;10.28925;0.73496;0.07143;7.76433;486.67953;440.06622;466.0528;468.50537;19.91687;35.10682;35.99664;30.57485;21.71127;21.76039;0.43701;0.81671; 
59.53308;62.33504;71.93562;71.83279;68.50945;82.78203;82.78203;-36.69983;-73.09631;9468.63965;9464.97656;0;9453.03027;-36.5;-73;10.28943;0.73495;0.07143;7.76641;486.68921;440.06482;466.05371;468.51407;19.91528;35.10807;35.99727;30.57439;21.71077;21.76071;0.43699;0.81675; 
59.53353;62.33407;71.94176;71.83896;68.50996;82.7891;82.78909;-36.6995;-73.09627;9475.08984;9471.4082;0;9459.45215;-36.5;-73;10.28962;0.73494;0.07143;7.76539;486.66251;440.04422;466.04147;468.50012;19.91586;35.10476;35.99546;30.57326;21.71009;21.76018;0.43699;0.81666; 
59.53269;62.33329;71.9482;71.84544;68.509;82.79652;82.79651;-36.69917;-73.09622;9481.60352;9477.90234;0;9465.96484;-36.5;-73;10.28973;0.73497;0.07143;7.76675;486.66437;440.04343;466.04642;468.51175;19.92078;35.10148;35.99685;30.57423;21.71109;21.76153;0.43707;0.81658; 
59.53207;62.33376;71.95609;71.85335;68.50829;82.8056;82.80561;-36.69884;-73.09618;9488.09668;9484.37402;0;9472.45605;-36.5;-73;10.28968;0.73498;0.07143;7.76517;486.69086;440.04593;466.05762;468.52383;19.91935;35.10515;35.99997;30.5745;21.71209;21.76215;0.43705;0.81671; 
59.53225;62.3349;71.96472;71.86196;68.50849;82.81552;82.81553;-36.69852;-73.09612;9494.57324;9490.8291;0;9478.92383;-36.5;-73;10.28948;0.73494;0.07143;7.76523;486.69849;440.03754;466.04828;468.51587;19.90897;35.11373;35.99986;30.57257;21.71076;21.76087;0.43689;0.81695; 
59.53347;62.33451;71.97161;71.86886;68.5099;82.82346;82.82346;-36.69818;-73.09608;9501.0752;9497.30957;0;9485.42383;-36.5;-73;10.28956;0.73491;0.07142;7.76696;486.67032;440.01523;466.0228;468.49988;19.90382;35.11469;35.99691;30.57042;21.70851;21.75994;0.4368;0.81697; 
59.53275;62.33323;71.97743;71.87472;68.50906;82.83015;82.83016;-36.69786;-73.09603;9507.54688;9503.75879;0;9491.87793;-36.5;-73;10.28999;0.73493;0.07142;7.7634;486.65631;440.00446;466.02335;468.50592;19.91247;35.10598;35.99705;30.57096;21.70909;21.76125;0.43693;0.81674; 
59.5322;62.33352;71.98513;71.88242;68.50844;82.83901;82.839;-36.69753;-73.09598;9514.05859;9510.24707;0;9498.41602;-36.5;-73;10.29008;0.73496;0.07142;7.76238;486.68524;440.01535;466.03839;468.52945;19.91715;35.10461;36.00053;30.57226;21.71057;21.76277;0.43701;0.81673; 
59.53232;62.33458;71.99362;71.8909;68.50858;82.84879;82.84879;-36.6972;-73.09593;9520.53906;9516.7041;0;9504.93262;-36.5;-73;10.28974;0.73492;0.07142;7.76418;486.69315;440.00464;466.02921;468.51587;19.90508;35.11493;36.00062;30.57007;21.70948;21.76095;0.43682;0.81702; 
59.53346;62.33443;72.00069;71.89799;68.50988;82.85692;82.85693;-36.69687;-73.09589;9526.98926;9523.12988;0;9511.39355;-36.5;-73;10.2897;0.73489;0.07142;7.76591;486.67081;439.98141;466.00537;468.49875;19.89682;35.11926;35.99823;30.5677;21.7073;21.75987;0.43668;0.81713; 
59.53283;62.33344;72.00679;71.90412;68.50916;82.86394;82.86394;-36.69654;-73.09584;9533.44824;9529.56348;0;9517.83203;-36.5;-73;10.29019;0.73491;0.07142;7.76267;486.66608;439.9744;466.00879;468.51044;19.90559;35.11104;35.99909;30.56846;21.70791;21.76155;0.43682;0.81692; 
59.53245;62.33405;72.01477;71.91211;68.50872;82.87312;82.87312;-36.69621;-73.09579;9539.92578;9536.01465;0;9524.31055;-36.5;-73;10.29029;0.73492;0.07142;7.76397;486.68008;439.98315;466.0163;468.52637;19.90866;35.10927;36.00044;30.56909;21.70842;21.76224;0.43687;0.81688; 
59.53221;62.33363;72.02151;71.91885;68.50845;82.88089;82.88088;-36.69588;-73.09574;9546.37109;9542.43359;0;9530.74414;-36.5;-73;10.29008;0.73491;0.07142;7.76156;486.67664;439.96527;466.00943;468.51114;19.9021;35.11479;36.00083;30.56763;21.70831;21.76119;0.43676;0.81705; 
59.53199;62.33385;72.02908;71.92644;68.50819;82.88959;82.88958;-36.69555;-73.0957;9552.86816;9548.91602;0;9537.24414;-36.5;-73;10.29009;0.7349;0.07142;7.76078;486.68201;439.95645;466.00943;468.50873;19.89803;35.11847;36.00161;30.56685;21.70817;21.76101;0.4367;0.81717; 
59.53246;62.33455;72.03717;71.93454;68.50874;82.8989;82.89891;-36.69522;-73.09564;9559.36523;9554.59375;0;9543.76953;-36.5;-73;10.29025;0.73489;0.07142;7.7607;486.69092;439.95331;466.00729;468.51138;19.89672;35.11902;36.00206;30.56607;21.70757;21.76082;0.43668;0.81719; 
59.53276;62.33421;72.04404;71.94141;68.50909;82.90681;82.9068;-36.69489;-73.0956;9565.83105;9560.17969;0;9550.19727;-36.5;-73;10.29031;0.73487;0.07141;7.76248;486.67328;439.93872;465.99561;468.50095;19.89444;35.119;36.00056;30.5649;21.70669;21.76017;0.43664;0.81718; 
59.53225;62.33398;72.05105;71.94845;68.5085;82.91486;82.91488;-36.69456;-73.09555;9572.2832;9565.87988;0;9556.65332;-36.5;-73;10.29051;0.73488;0.07141;7.76175;486.67398;439.9346;465.99927;468.50748;19.8974;35.11639;36.00134;30.56511;21.70712;21.76081;0.43669;0.81712; 
59.53238;62.33373;72.05808;71.9555;68.50864;82.92297;82.92297;-36.69423;-73.0955;9578.80273;9571.67871;0;9563.18555;-36.5;-73;10.29048;0.73488;0.07141;7.76111;486.67609;439.92603;465.9968;468.50323;19.89573;35.11784;36.00208;30.56452;21.70724;21.76052;0.43666;0.81718; 
59.53222;62.33374;72.06535;71.96276;68.50845;82.93132;82.93132;-36.6939;-73.09545;9585.25098;9578.01563;0;9569.65625;-36.5;-73;10.29029;0.73487;0.07141;7.76005;486.68173;439.91833;465.99429;468.49664;19.89013;35.12335;36.00287;30.56369;21.7072;21.75999;0.43657;0.81734; 
59.5321;62.33349;72.07237;71.96981;68.50832;82.93941;82.93941;-36.69357;-73.09541;9591.75098;9584.5166;0;9576.12012;-36.5;-73;10.2903;0.73487;0.07141;7.7592;486.67664;439.90698;465.98929;468.49313;19.88717;35.12549;36.00284;30.56296;21.70685;21.76;0.43652;0.81741; 
59.5322;62.33293;72.07909;71.97654;68.50844;82.94713;82.94712;-36.69324;-73.09536;9598.28027;9591.08301;0;9582.67188;-36.5;-73;10.29047;0.73488;0.07141;7.75825;486.67322;439.89874;465.98856;468.49545;19.88925;35.12331;36.00333;30.56289;21.70704;21.76057;0.43655;0.81736; 
59.53199;62.33382;72.08738;71.98483;68.50819;82.95668;82.95667;-36.69291;-73.09531;9604.72949;9597.89941;0;9589.08691;-36.5;-73;10.2906;0.73488;0.07141;7.76059;486.69333;439.90332;465.99625;468.50742;19.88978;35.12371;36.00511;30.56293;21.70735;21.7609;0.43656;0.81739; 
59.53194;62.33407;72.09499;71.99247;68.50813;82.96545;82.96546;-36.69258;-73.09526;9611.24805;9606.13477;0;9595.62305;-36.5;-73;10.29051;0.73485;0.07141;7.75863;486.69128;439.88867;465.9845;468.49725;19.88327;35.1283;36.00481;30.56116;21.7063;21.7599;0.43645;0.81752; 
59.53236;62.33477;72.10314;72.0006;68.50861;82.97482;82.97482;-36.69225;-73.09521;9617.76074;9613.82422;0;9602.15918;-36.5;-73;10.29063;0.73483;0.07141;7.76004;486.69531;439.88199;465.97812;468.49924;19.87988;35.13041;36.00479;30.56005;21.70529;21.75973;0.4364;0.81758; 
59.53293;62.33434;72.11001;72.0075;68.50928;82.98272;82.98272;-36.69192;-73.09516;9624.29297;9620.38184;0;9608.65918;-36.5;-73;10.2909;0.73482;0.0714;7.76063;486.67856;439.86496;465.96518;468.49216;19.88063;35.12705;36.0035;30.55882;21.70425;21.75941;0.43641;0.8175; 
59.53247;62.33418;72.11706;72.01457;68.50874;82.99083;82.99084;-36.69159;-73.09512;9630.70703;9626.82129;0;9615.07324;-36.5;-73;10.29105;0.73482;0.0714;7.75902;486.67569;439.86212;465.96747;468.49902;19.88338;35.12445;36.00381;30.55906;21.70456;21.76001;0.43645;0.81743; 
59.53219;62.33395;72.12417;72.0217;68.50842;82.99902;82.99902;-36.69126;-73.09507;9637.24805;9633.3877;0;9621.61133;-36.5;-73;10.29108;0.73483;0.0714;7.75607;486.68008;439.85495;465.97116;468.50131;19.8833;35.12503;36.00513;30.55894;21.70516;21.76029;0.43645;0.81746; 
59.53263;62.33487;72.13254;72.03008;68.50893;83.00864;83.00865;-36.69093;-73.09502;9643.7334;9639.89648;0;9628.0918;-36.5;-73;10.29095;0.73482;0.0714;7.75746;486.69202;439.85513;465.97153;468.50577;19.87772;35.13069;36.00595;30.55836;21.70483;21.7601;0.43636;0.81762; 
59.53304;62.33453;72.13953;72.03708;68.5094;83.01669;83.01669;-36.69059;-73.09497;9650.26758;9646.4541;0;9634.63672;-36.5;-73;10.29097;0.7348;0.0714;7.75733;486.67996;439.83954;465.95703;468.49911;19.87387;35.13254;36.00504;30.55708;21.7037;21.75987;0.4363;0.81768; 
59.53273;62.33382;72.14601;72.04357;68.50904;83.02415;83.02413;-36.69026;-73.09492;9656.74609;9652.95508;0;9641.09961;-36.5;-73;10.29118;0.73481;0.0714;7.75847;486.66785;439.8288;465.9512;468.50122;19.87646;35.12918;36.0047;30.55692;21.7035;21.76052;0.43634;0.81759; 
59.53213;62.33338;72.15279;72.05039;68.50835;83.03196;83.03196;-36.68993;-73.09488;9663.20508;9659.43555;0;9647.58398;-36.5;-73;10.29132;0.73483;0.0714;7.7571;486.67865;439.82755;465.95752;468.51208;19.88025;35.127;36.00675;30.55752;21.70444;21.76158;0.4364;0.81756; 
59.532;62.33403;72.16089;72.05848;68.5082;83.04127;83.04127;-36.6896;-73.09483;9669.70508;9665.95801;0;9654.07715;-36.5;-73;10.29111;0.73481;0.0714;7.7579;486.68893;439.82367;465.95612;468.50873;19.87396;35.13309;36.00754;30.55656;21.70421;21.76083;0.4363;0.81773; 
59.53222;62.33506;72.16942;72.06699;68.50846;83.05109;83.05108;-36.68927;-73.09478;9676.19922;9672.47168;0;9660.57129;-36.5;-73;10.29112;0.73479;0.0714;7.75627;486.70084;439.81726;465.95523;468.50583;19.86774;35.13835;36.0082;30.55524;21.70356;21.76006;0.4362;0.81789; 
59.53299;62.33521;72.1769;72.07449;68.50935;83.0597;83.0597;-36.68894;-73.09473;9682.66309;9678.9541;0;9667.00195;-36.5;-73;10.29128;0.73476;0.0714;7.75949;486.6875;439.80246;465.93951;468.49731;19.86447;35.13862;36.00655;30.55359;21.70194;21.75935;0.43615;0.81789; 
59.53303;62.33377;72.18257;72.08019;68.50938;83.06622;83.06622;-36.68861;-73.09468;9689.15137;9685.45898;0;9673.50684;-36.5;-73;10.29156;0.73477;0.0714;7.75784;486.66373;439.78302;465.931;468.48703;19.86856;35.1328;36.00551;30.55302;21.70188;21.75937;0.4362;0.81774; 
59.53228;62.33414;72.1903;72.08794;68.50853;83.07512;83.07511;-36.68828;-73.09464;9695.61328;9691.93652;0;9679.99609;-36.5;-73;10.29168;0.73479;0.0714;7.75658;486.67883;439.79324;465.95062;468.50699;19.87326;35.13071;36.0077;30.55453;21.70349;21.7607;0.43628;0.81769; 
59.53234;62.33444;72.19801;72.09566;68.50859;83.08399;83.08399;-36.68795;-73.09459;9702.12109;9698.45898;0;9686.49121;-36.5;-73;10.2915;0.73478;0.0714;7.75571;486.69113;439.78537;465.94681;468.50067;19.86735;35.13639;36.009;30.55338;21.70334;21.75986;0.43619;0.81787; 
59.53278;62.33509;72.2061;72.10374;68.50911;83.0933;83.0933;-36.68762;-73.09454;9708.60352;9704.95703;0;9692.98535;-36.5;-73;10.2913;0.73475;0.0714;7.75683;486.68866;439.77191;465.93643;468.48709;19.85693;35.14463;36.00826;30.55139;21.70209;21.75848;0.43602;0.8181; 
59.53349;62.33509;72.21342;72.11109;68.50991;83.10173;83.10174;-36.68729;-73.09449;9715.07031;9711.43652;0;9699.44238;-36.5;-73;10.29161;0.73473;0.07139;7.75483;486.67883;439.76001;465.93155;468.48395;19.85749;35.14216;36.00745;30.55053;21.70139;21.75838;0.43603;0.81803; 
59.53323;62.33351;72.21889;72.11658;68.50962;83.10802;83.10801;-36.68696;-73.09444;9721.52344;9717.90332;0;9705.89355;-36.5;-73;10.29186;0.73475;0.07139;7.75638;486.65564;439.74597;465.92429;468.48138;19.8634;35.1354;36.00663;30.55068;21.70157;21.75908;0.43611;0.81785; 
59.5322;62.33276;72.22538;72.12312;68.50844;83.11549;83.11549;-36.68663;-73.09439;9728.01074;9724.40137;0;9712.3877;-36.5;-73;10.29182;0.73479;0.0714;7.75387;486.66739;439.74768;465.9371;468.4928;19.86699;35.13471;36.00929;30.55191;21.7034;21.76032;0.43617;0.81786; 
59.53141;62.33319;72.23323;72.13095;68.50752;83.12452;83.12451;-36.6863;-73.09435;9734.50098;9730.9043;0;9718.84961;-36.5;-73;10.29156;0.73479;0.0714;7.75232;486.69095;439.74472;465.93951;468.4967;19.86031;35.14281;36.01193;30.55138;21.70374;21.76037;0.43607;0.81811; 
59.53187;62.3344;72.24197;72.13968;68.50805;83.13457;83.13457;-36.68597;-73.0943;9740.98242;9737.39648;0;9725.34668;-36.5;-73;10.29139;0.73475;0.07139;7.7535;486.70248;439.73541;465.92838;468.49023;19.84937;35.15197;36.01207;30.54926;21.70215;21.75925;0.43589;0.81837; 
59.5321;62.33426;72.24914;72.14687;68.50832;83.14282;83.14282;-36.68564;-73.09425;9747.45703;9743.88086;0;9731.84473;-36.5;-73;10.29172;0.73473;0.07139;7.75259;486.69266;439.71826;465.91452;468.48639;19.84882;35.14994;36.01115;30.54778;21.70072;21.75922;0.43588;0.81832; 
59.53207;62.33421;72.25649;72.15424;68.50829;83.15129;83.1513;-36.6853;-73.0942;9754;9750.43359;0;9738.36816;-36.5;-73;10.29205;0.73473;0.07139;7.75216;486.6853;439.71161;465.90656;468.4866;19.85282;35.14425;36.01032;30.54712;21.69998;21.75911;0.43595;0.81816; 
59.5322;62.33434;72.26403;72.16179;68.50843;83.15997;83.15997;-36.68497;-73.09415;9760.5127;9756.9541;0;9744.86328;-36.5;-73;10.29209;0.73472;0.07139;7.75334;486.68405;439.70609;465.90436;468.48895;19.85229;35.14425;36.01047;30.54666;21.69984;21.75909;0.43594;0.81816; 
59.5321;62.33371;72.27071;72.1685;68.50832;83.16765;83.16766;-36.68464;-73.0941;9767.03027;9763.48047;0;9751.41699;-36.5;-73;10.29208;0.73472;0.07139;7.75297;486.67664;439.68976;465.89716;468.48236;19.84988;35.14573;36.01067;30.54575;21.69967;21.75894;0.4359;0.81822; 
59.53194;62.33342;72.27773;72.17553;68.50813;83.17574;83.17573;-36.68431;-73.09406;9773.52637;9769.9834;0;9757.87891;-36.5;-73;10.29207;0.73473;0.07139;7.75022;486.68222;439.68497;465.89893;468.48785;19.84909;35.14738;36.012;30.54583;21.70008;21.75964;0.43588;0.81828; 
59.53204;62.33429;72.28613;72.18393;68.50826;83.18539;83.1854;-36.68398;-73.09401;9780.03613;9776.5;0;9764.39844;-36.5;-73;10.29202;0.73472;0.07139;7.75371;486.69507;439.68784;465.89755;468.49738;19.84557;35.15114;36.01279;30.54549;21.69958;21.75988;0.43583;0.81839; 
59.53213;62.33379;72.29294;72.19075;68.50835;83.19323;83.19322;-36.68364;-73.09396;9786.53809;9783.00781;0;9770.93652;-36.5;-73;10.29215;0.73471;0.07139;7.75286;486.68387;439.66898;465.88828;468.48941;19.8437;35.15119;36.01241;30.54427;21.69897;21.75964;0.43579;0.81841; 
59.53205;62.33355;72.29998;72.19782;68.50827;83.20133;83.20135;-36.68331;-73.09391;9792.98145;9789.45605;0;9777.34082;-36.5;-73;10.2923;0.73472;0.07139;7.75295;486.68674;439.6651;465.88788;468.49292;19.84548;35.14955;36.01311;30.54422;21.69911;21.76001;0.43582;0.81837; 
59.53204;62.33403;72.30789;72.20573;68.50826;83.21044;83.21044;-36.68298;-73.09386;9799.44727;9795.92676;0;9783.81152;-36.5;-73;10.29228;0.73471;0.07138;7.75195;486.68982;439.66428;465.89316;468.49582;19.84366;35.15147;36.01354;30.54408;21.69935;21.75992;0.43579;0.81842; 
59.53229;62.33421;72.31548;72.21333;68.50854;83.21918;83.21918;-36.68265;-73.09381;9805.95605;9802.43848;0;9790.32617;-36.5;-73;10.29231;0.7347;0.07138;7.75101;486.69229;439.65375;465.8891;468.49155;19.84043;35.15377;36.01398;30.54305;21.69899;21.75948;0.43574;0.8185; 
59.53183;62.33438;72.32306;72.22091;68.50801;83.22789;83.22788;-36.68232;-73.09377;9812.43652;9808.92285;0;9796.80176;-36.5;-73;10.29245;0.73469;0.07138;7.74923;486.69205;439.64307;465.88892;468.48584;19.83865;35.15445;36.0142;30.54213;21.69884;21.75895;0.43571;0.81853; 
59.53228;62.33512;72.33134;72.22919;68.50853;83.23742;83.23742;-36.68199;-73.09372;9818.96582;9815.4541;0;9803.3252;-36.5;-73;10.29257;0.73467;0.07138;7.75087;486.69781;439.64026;465.88589;468.48874;19.83693;35.15528;36.01432;30.54136;21.69818;21.75869;0.43569;0.81856; 
59.53278;62.33456;72.33794;72.23582;68.5091;83.24503;83.24503;-36.68166;-73.09367;9825.3457;9821.83398;0;9809.72168;-36.5;-73;10.29259;0.73465;0.07138;7.75173;486.67831;439.62082;465.8703;468.4726;19.83349;35.15595;36.01277;30.53976;21.69714;21.75768;0.43563;0.81858; 
59.53236;62.33402;72.34473;72.24263;68.50861;83.25282;83.25282;-36.68133;-73.09362;9831.85645;9828.34668;0;9816.24609;-36.5;-73;10.2927;0.73466;0.07138;7.75051;486.67404;439.61407;465.87372;468.47568;19.83537;35.1544;36.01334;30.54;21.69771;21.75832;0.43565;0.81855; 
59.5322;62.33466;72.35285;72.25078;68.50844;83.26218;83.26218;-36.681;-73.09357;9838.3291;9834.82031;0;9822.7041;-36.5;-73;10.29283;0.73467;0.07138;7.75099;486.69635;439.62149;465.88754;468.49374;19.83734;35.15458;36.01585;30.54079;21.69868;21.75935;0.43569;0.81857; 
59.53259;62.33482;72.36031;72.25824;68.50889;83.27076;83.27077;-36.68067;-73.09353;9844.74219;9841.23145;0;9829.11426;-36.5;-73;10.29268;0.73465;0.07138;7.75171;486.69135;439.60742;465.87622;468.48001;19.83027;35.15969;36.01528;30.53909;21.69777;21.75809;0.43557;0.81872; 
59.53223;62.3336;72.36631;72.26426;68.50848;83.27766;83.27766;-36.68033;-73.09348;9851.30078;9847.78906;0;9835.64453;-36.5;-73;10.29268;0.73465;0.07138;7.74947;486.67136;439.58441;465.85992;468.46524;19.82711;35.16076;36.01429;30.53774;21.69699;21.75772;0.43552;0.81876; 
59.53189;62.33311;72.37316;72.27114;68.50808;83.28555;83.28555;-36.68;-73.09343;9857.8623;9854.34863;0;9842.22656;-36.5;-73;10.29282;0.73467;0.07138;7.74761;486.68201;439.5834;465.86606;468.47818;19.83079;35.15886;36.01633;30.53843;21.69784;21.75912;0.43557;0.81873; 
59.53156;62.33398;72.38154;72.27953;68.5077;83.2952;83.2952;-36.67966;-73.09338;9864.37891;9860.8623;0;9848.75098;-36.5;-73;10.2928;0.73467;0.07138;7.75119;486.70529;439.58936;465.87073;468.49445;19.82899;35.16214;36.01847;30.53856;21.69797;21.75988;0.43555;0.81883; 
59.53167;62.33354;72.38839;72.28639;68.50783;83.30308;83.30309;-36.67933;-73.09333;9870.89941;9867.37891;0;9855.27539;-36.5;-73;10.29271;0.73465;0.07138;7.74759;486.68942;439.56662;465.85663;468.47479;19.82251;35.16587;36.01732;30.53655;21.697;21.75861;0.43544;0.81894; 
59.53184;62.33339;72.39551;72.29353;68.50802;83.31127;83.31128;-36.679;-73.09328;9877.34961;9873.8252;0;9861.7207;-36.5;-73;10.29284;0.73465;0.07138;7.7488;486.68729;439.56052;465.85101;468.48056;19.82283;35.16513;36.01743;30.53625;21.69653;21.75925;0.43544;0.81892; 
59.53189;62.33385;72.40337;72.30139;68.50808;83.32031;83.32032;-36.67867;-73.09323;9883.7998;9880.27148;0;9868.13867;-36.5;-73;10.29307;0.73465;0.07137;7.74746;486.69696;439.55951;465.85471;468.48917;19.82474;35.16331;36.01844;30.53611;21.6966;21.7596;0.43548;0.81889; 
59.53192;62.33372;72.41054;72.30857;68.50811;83.32857;83.32858;-36.67834;-73.09319;9890.27637;9886.74219;0;9874.6416;-36.5;-73;10.29306;0.73463;0.07137;7.74828;486.68597;439.54559;465.84317;468.48105;19.82138;35.16472;36.01757;30.53484;21.69575;21.75896;0.43542;0.81893; 
59.53213;62.33421;72.41846;72.31649;68.50835;83.33768;83.33768;-36.67801;-73.09314;9896.76855;9893.22754;0;9881.11816;-36.5;-73;10.29318;0.73463;0.07137;7.74635;486.6998;439.54123;465.84641;468.48615;19.82028;35.16604;36.01908;30.53435;21.69583;21.75909;0.43541;0.81898; 
59.53184;62.33448;72.42608;72.32411;68.50802;83.34644;83.34645;-36.67768;-73.09309;9903.21289;9899.66504;0;9887.58203;-36.5;-73;10.29313;0.73461;0.07137;7.74927;486.69156;439.53235;465.83389;468.4827;19.81542;35.16905;36.01803;30.53318;21.69459;21.75866;0.43533;0.81906; 
59.5319;62.3336;72.43243;72.33048;68.50809;83.35374;83.35374;-36.67735;-73.09304;9909.71289;9906.15723;0;9894.0957;-36.5;-73;10.2933;0.73461;0.07137;7.74495;486.67822;439.51584;465.82718;468.47522;19.81632;35.16684;36.01764;30.53244;21.69442;21.75862;0.43534;0.81901; 
59.53204;62.33319;72.4393;72.33738;68.50825;83.36166;83.36166;-36.67701;-73.09299;9916.19336;9912.62891;0;9900.5752;-36.5;-73;10.29346;0.73462;0.07137;7.74595;486.68085;439.51205;465.83261;468.48236;19.8196;35.16441;36.01886;30.53287;21.69517;21.75941;0.43539;0.81896; 
59.53201;62.33381;72.44736;72.34545;68.50821;83.37094;83.37094;-36.67668;-73.09294;9922.68848;9919.11523;0;9907.06055;-36.5;-73;10.29333;0.73462;0.07137;7.74627;486.69464;439.51431;465.83734;468.48621;19.81636;35.16846;36.02017;30.53272;21.69549;21.75926;0.43534;0.81908; 
59.53201;62.33403;72.45502;72.35311;68.50822;83.37976;83.37976;-36.67635;-73.0929;9929.20801;9925.625;0;9913.58398;-36.5;-73;10.29327;0.7346;0.07137;7.74443;486.69312;439.49738;465.82785;468.47232;19.80913;35.17367;36.02002;30.53083;21.6946;21.75804;0.43522;0.81924; 
59.53201;62.33423;72.46262;72.36071;68.50821;83.3885;83.3885;-36.67601;-73.09285;9935.69141;9932.09766;0;9920.05957;-36.5;-73;10.29339;0.73458;0.07136;7.74343;486.69293;439.48749;465.82251;468.46765;19.80667;35.17478;36.01994;30.52976;21.69394;21.75761;0.43518;0.81928; 
59.53194;62.33388;72.46961;72.36774;68.50813;83.39655;83.39655;-36.67568;-73.0928;9942.21875;9938.61426;0;9926.5918;-36.5;-73;10.29357;0.73458;0.07136;7.74479;486.68744;439.47775;465.8175;468.46747;19.80775;35.17286;36.01988;30.52928;21.69366;21.75783;0.4352;0.81923; 
59.53186;62.33406;72.47717;72.3753;68.50804;83.40524;83.40524;-36.67535;-73.09275;9948.68555;9945.06934;0;9933.05762;-36.5;-73;10.29365;0.73458;0.07136;7.7456;486.69046;439.47473;465.81708;468.47101;19.80778;35.17268;36.02034;30.52899;21.69359;21.75791;0.4352;0.81923; 
59.53232;62.33416;72.48463;72.38278;68.50858;83.41382;83.41383;-36.67502;-73.0927;9955.15918;9951.53027;0;9939.55566;-36.5;-73;10.2936;0.73457;0.07136;7.74648;486.69196;439.46863;465.8179;468.47101;19.80496;35.17541;36.02089;30.52857;21.6937;21.75788;0.43515;0.81932; 
59.53354;62.3391;72.49773;72.39761;68.50997;83.42891;83.4289;-36.67469;-73.09265;9961.6416;9957.99902;0;9946.00391;-36.5;-73;10.32224;0.72954;0.07068;7.76655;484.08258;436.84326;462.40366;465.0545;19.48366;34.85758;35.63378;30.17262;21.38498;21.4495;0.43011;0.81003; 
59.55919;62.38879;72.5627;72.47361;68.53949;83.50367;83.50367;-36.67435;-73.09261;9967.94531;9964.28906;0;9952.45898;-36.5;-73;10.36351;0.72213;0.06968;7.82659;480.78391;433.61661;458.05206;460.75424;19.03897;34.42703;35.11145;29.70736;20.96704;21.04173;0.42339;0.79724; 
59.64199;62.49669;72.69479;72.62219;68.63478;83.65568;83.65569;-36.67402;-73.09255;9973.74316;9970.07227;0;9958.71289;-36.5;-73;10.39845;0.71638;0.06889;7.93796;478.72244;432.25876;455.91379;458.71283;18.85803;34.0456;34.74304;29.4515;20.70725;20.79954;0.42093;0.78526; 
59.78978;62.63855;72.86562;72.81007;68.80486;83.85226;83.85226;-36.67369;-73.09251;9978.83105;9975.14355;0;9964.3877;-36.5;-73;10.42786;0.7125;0.06833;8.09023;477.36688;432.53183;455.94095;458.74921;18.97646;33.66193;34.50067;29.40466;20.60975;20.71769;0.42299;0.77249; 
59.98376;62.78342;73.03928;72.99913;69.02808;84.05211;84.05211;-36.67335;-73.09246;9983.31738;9979.61328;0;9969.57813;-36.5;-73;10.45801;0.71029;0.06792;8.24951;476.07806;433.80188;457.5856;460.34222;19.41987;33.16512;34.34676;29.52211;20.64579;20.76368;0.42987;0.75651; 
60.17864;62.90288;73.18256;73.15462;69.25234;84.217;84.217;-36.67302;-73.09241;9987.06934;9983.34961;0;9974.02246;-36.5;-73;10.48158;0.70967;0.06771;8.35577;474.93701;435.4682;460.23547;462.77719;19.99427;32.70666;34.2914;29.74235;20.78876;20.89227;0.43886;0.74265; 
60.34444;62.99379;73.29191;73.27285;69.44315;84.34283;84.34283;-36.67268;-73.09236;9990.16992;9986.45508;0;9977.7627;-36.5;-73;10.49258;0.71018;0.06768;8.39326;474.32114;436.96384;463.28311;465.51324;20.4574;32.4805;34.34352;29.99379;20.99304;21.06259;0.44614;0.73597; 
60.47331;63.07158;73.38538;73.37251;69.59145;84.45039;84.45038;-36.67234;-73.09231;9992.75391;9989.04297;0;9980.91406;-36.5;-73;10.49085;0.71118;0.06779;8.39381;474.40265;438.28864;466.34097;468.10449;20.65014;32.58598;34.4721;30.23132;21.21305;21.23363;0.44919;0.73831; 
60.57813;63.14791;73.47666;73.46777;69.71207;84.55544;84.55542;-36.672;-73.09226;9994.8916;9991.18359;0;9983.50977;-36.5;-73;10.48862;0.71213;0.0679;8.40281;474.95361;439.56339;468.99411;470.47217;20.7512;32.76618;34.61332;30.43626;21.39542;21.39384;0.45089;0.74282; 
60.67452;63.22182;73.5647;73.55825;69.823;84.65675;84.65674;-36.67167;-73.09222;9996.65332;9992.94824;0;9985.65723;-36.5;-73;10.49257;0.71255;0.06791;8.43663;475.40451;440.64609;470.97342;472.38528;20.89408;32.81627;34.70367;30.59024;21.51783;21.51639;0.45341;0.74383; 
60.76841;63.28596;73.64109;73.63625;69.93104;84.74466;84.74466;-36.67133;-73.09216;9998.1709;9994.46777;0;9987.4248;-36.5;-73;10.50002;0.71248;0.06786;8.47952;475.47119;441.39047;472.38763;473.80951;21.05266;32.76408;34.73898;30.6973;21.597;21.60042;0.45625;0.74207; 
60.85233;63.33292;73.69727;73.6936;70.02762;84.80931;84.80931;-36.67099;-73.09212;9999.50879;9995.80664;0;9988.98047;-36.5;-73;10.508;0.7122;0.06778;8.50892;475.17587;441.76627;473.40662;474.82391;21.18903;32.67736;34.74104;30.7701;21.65318;21.65842;0.4586;0.73946; 
60.91493;63.3618;73.73222;73.72946;70.09966;84.84953;84.84954;-36.67065;-73.09207;10000.67578;9996.97461;0;9990.34863;-36.5;-73;10.51439;0.71208;0.06772;8.524;474.78189;441.95364;474.241;475.63016;21.30861;32.5971;34.74155;30.83058;21.7053;21.70951;0.46061;0.73714; 
60.95584;63.37977;73.7543;73.75224;70.14673;84.87494;84.87494;-36.67031;-73.09202;10001.67676;9997.97461;0;9991.51563;-36.5;-73;10.51837;0.71218;0.06771;8.52736;474.50723;442.12549;474.98856;476.32877;21.41284;32.54202;34.75397;30.88794;21.75776;21.75801;0.46238;0.73556; 
60.98258;63.39328;73.77103;73.76949;70.1775;84.89419;84.89419;-36.66998;-73.09197;10002.54004;9998.83691;0;9992.49609;-36.5;-73;10.51982;0.71246;0.06773;8.53323;474.4144;442.35959;475.69998;476.99026;21.4933;32.52598;34.78024;30.94575;21.8108;21.8064;0.46375;0.73508; 
61.0014;63.40294;73.78313;73.78197;70.19917;84.90811;84.90811;-36.66964;-73.09193;10003.29297;9999.58789;0;9993.32617;-36.5;-73;10.52036;0.7127;0.06775;8.54657;474.33359;442.54987;476.26846;477.52988;21.54611;32.52754;34.80188;30.9936;21.85375;21.84726;0.46465;0.73506; 
61.01337;63.40665;73.78819;73.7873;70.21294;84.91393;84.91393;-36.6693;-73.09188;10003.93555;10000.22852;0;9994.10645;-36.5;-73;10.52129;0.71292;0.06776;8.55851;474.17825;442.65326;476.6933;477.94794;21.59713;32.5155;34.81407;31.03177;21.88726;21.88164;0.46555;0.7347; 
61.01793;63.40325;73.78489;73.78423;70.21819;84.91014;84.91013;-36.66896;-73.09183;10004.5;10000.78906;0;9994.7334;-36.5;-73;10.5221;0.71322;0.06778;8.57047;473.96161;442.71527;477.07135;478.32407;21.66387;32.48619;34.82391;31.06988;21.92093;21.91662;0.46673;0.73391; 
61.01368;63.3926;73.77307;73.7726;70.21329;84.89654;84.89653;-36.66862;-73.09178;10004.9873;10001.27246;0;9995.35449;-36.5;-73;10.52206;0.71367;0.06783;8.57522;473.72446;442.75745;477.43103;478.6774;21.73767;32.45553;34.83666;31.11038;21.95798;21.95379;0.46803;0.73312; 
61.00062;63.37664;73.75497;73.75463;70.19827;84.8757;84.8757;-36.66828;-73.09174;10005.39453;10001.67773;0;9995.85449;-36.5;-73;10.52071;0.71421;0.06789;8.57365;473.51819;442.78485;477.76245;478.98694;21.80199;32.43917;34.85453;31.15036;21.99661;21.99047;0.46916;0.73276; 
60.97961;63.35665;73.73209;73.73186;70.17408;84.84939;84.84939;-36.66795;-73.09169;10005.73535;10002.01758;0;9996.1748;-36.5;-73;10.51745;0.71498;0.06798;8.57135;473.42392;442.8793;478.1673;479.36118;21.86213;32.44957;34.88781;31.1998;22.0447;22.03579;0.47021;0.73316; 
60.95278;63.33301;73.70492;73.70475;70.14321;84.81811;84.81811;-36.66761;-73.09164;10006.02637;10002.30566;0;9996.50488;-36.5;-73;10.51366;0.71579;0.06808;8.57405;473.34692;442.95193;478.51068;479.68155;21.91431;32.46663;34.9217;31.24575;22.08989;22.07898;0.47112;0.73376; 
60.92123;63.30579;73.67352;73.67339;70.1069;84.78197;84.78197;-36.66727;-73.0916;10006.27246;10002.5498;0;9996.87598;-36.5;-73;10.51025;0.71651;0.06817;8.57423;473.189;442.93024;478.70892;479.86426;21.95424;32.47682;34.94429;31.27958;22.12441;22.11246;0.47179;0.73418; 
60.88494;63.27591;73.63899;73.63891;70.06514;84.74224;84.74224;-36.66693;-73.09155;10006.47949;10002.75195;0;9997.09277;-36.5;-73;10.50621;0.71733;0.06828;8.57244;473.07291;442.93362;478.92453;480.06833;22.00065;32.48891;34.97269;31.31717;22.16229;22.14961;0.47259;0.73466; 
60.84501;63.2435;73.60147;73.6014;70.0192;84.69907;84.69906;-36.66659;-73.09151;10006.6543;10002.9209;0;9997.30273;-36.5;-73;10.5016;0.71821;0.06839;8.56611;472.98047;442.94025;479.13168;480.25928;22.04675;32.50503;35.00415;31.35527;22.2013;22.1872;0.47339;0.73525; 
60.80213;63.20948;73.56205;73.562;69.96984;84.6537;84.6537;-36.66625;-73.09145;10006.80176;10003.06348;0;9997.52148;-36.5;-73;10.49913;0.71908;0.06849;8.56514;472.85144;442.94315;479.28049;480.42627;22.13115;32.47443;35.02748;31.39225;22.23362;22.2249;0.47491;0.7346; 
60.75769;63.17407;73.52099;73.52096;69.9187;84.60645;84.60645;-36.66591;-73.09141;10006.9248;10003.18066;0;9997.66797;-36.5;-73;10.49547;0.71996;0.0686;8.56191;472.69351;442.95233;479.40057;480.55453;22.21991;32.43718;35.04814;31.42865;22.26688;22.25769;0.47651;0.73376; 
60.71155;63.13738;73.47841;73.47839;69.8656;84.55745;84.55746;-36.66558;-73.09136;10007.0293;10003.29688;0;9997.72168;-36.5;-73;10.48923;0.72089;0.06873;8.55717;472.61029;442.94687;479.55597;480.66626;22.25327;32.46622;35.08055;31.46443;22.30583;22.29022;0.47707;0.73472; 
60.66186;63.09876;73.43357;73.43356;69.80842;84.50584;84.50585;-36.66524;-73.09132;10007.11914;10003.39941;0;9997.81934;-36.5;-73;10.4826;0.72182;0.06886;8.54327;472.53409;442.88455;479.66138;480.72888;22.25503;32.52323;35.11393;31.49428;22.34101;22.32117;0.47703;0.73644; 
60.60973;63.06002;73.38857;73.38854;69.74844;84.45406;84.45405;-36.6649;-73.09127;10007.19824;10003.49121;0;9997.94629;-36.5;-73;10.47692;0.72275;0.06898;8.53581;472.47354;442.82281;479.72797;480.78479;22.27226;32.56093;35.14561;31.52204;22.37194;22.3521;0.47729;0.73767; 
60.55811;63.02261;73.34512;73.34512;69.68903;84.40406;84.40407;-36.66457;-73.09122;10007.26758;10003.57129;0;9998.0127;-36.5;-73;10.47167;0.72363;0.0691;8.53152;472.41968;442.78226;479.76987;480.83533;22.30338;32.58109;35.17409;31.54868;22.39989;22.38122;0.47782;0.7384; 
60.50809;62.98666;73.30336;73.30335;69.63148;84.356;84.356;-36.66423;-73.09118;10007.33008;10003.64551;0;9998.125;-36.5;-73;10.46661;0.72444;0.06921;8.52751;472.34616;442.72003;479.77328;480.84213;22.32764;32.60014;35.19783;31.57027;22.42394;22.40523;0.47823;0.73909; 
60.4597;62.95028;73.26106;73.26105;69.57578;84.30733;84.30733;-36.66389;-73.09113;10007.38574;10003.70996;0;9998.18848;-36.5;-73;10.46136;0.72524;0.06933;8.52434;472.26025;442.64224;479.7757;480.84335;22.34517;32.62516;35.22152;31.59122;22.44827;22.42925;0.4785;0.73994; 
60.41029;62.9136;73.21843;73.21842;69.51892;84.25827;84.25827;-36.66356;-73.09109;10007.43359;10003.76758;0;9998.2168;-36.5;-73;10.4561;0.72608;0.06944;8.51594;472.18481;442.57672;479.80618;480.87061;22.36857;32.64832;35.24781;31.615;22.47514;22.45602;0.47889;0.74075; 
60.36169;62.87784;73.17687;73.17686;69.463;84.21044;84.21043;-36.66322;-73.09104;10007.47461;10003.81641;0;9998.25098;-36.5;-73;10.45063;0.72698;0.06956;8.50574;472.16357;442.55765;479.87799;480.94046;22.39987;32.67154;35.27929;31.64299;22.50534;22.48581;0.47944;0.74159; 
60.31366;62.84305;73.13642;73.13642;69.40772;84.16389;84.1639;-36.66288;-73.091;10007.5127;10003.86328;0;9998.32813;-36.5;-73;10.44538;0.72779;0.06968;8.50328;472.11612;442.50589;479.88452;480.94843;22.41918;32.69629;35.30453;31.66421;22.52934;22.50931;0.47976;0.74247; 
60.26734;62.80931;73.0972;73.09718;69.35442;84.11876;84.11875;-36.66255;-73.09095;10007.54883;10003.90527;0;9998.36914;-36.5;-73;10.44044;0.72851;0.06978;8.49458;472.05243;442.42474;479.85925;480.91406;22.43056;32.72133;35.32618;31.68067;22.54977;22.52861;0.47992;0.74336; 
60.22208;62.77701;73.05965;73.05963;69.30234;84.07554;84.07553;-36.66221;-73.0909;10007.58105;10003.94336;0;9998.39648;-36.5;-73;10.43541;0.72927;0.06988;8.48876;472.02798;442.38129;479.87045;480.92245;22.44562;32.74863;35.35147;31.70063;22.57248;22.55094;0.48017;0.74431; 
60.17905;62.7465;73.02419;73.02418;69.25282;84.03474;84.03474;-36.66188;-73.09086;;;;;;;;;;;;;;;;;;;;;;;
