
  _Vind,_kias |   _Vind,_keas |   Vtrue,_ktas |   Vtrue,_ktgs |   _Vind,__mph |   Vtrue,mphas |   Vtrue,mphgs |   SLprs,_inHG |   SLtmp,_degC |   _wind,speed |   _wind,__dir |   __trb,_locl |   _prec,_locl |   _hail,_locl |   __lat,__deg |   __lon,__deg |   __alt,ftmsl |   __alt,ftagl |   ___on,runwy |   __alt,__ind |   __lat,orign |   __lon,orign | 
    -21.00000 |       0.11052 |       0.11059 |       0.11043 |     -24.16637 |       0.12727 |       0.12727 |      29.92000 |      14.88600 |       0.00000 |       0.00000 |       0.00000 |       0.00000 |       0.00000 |     -36.78184 |     -73.06846 |      56.88187 |      -0.00028 |       1.00000 |      -9.14742 |     -36.50000 |     -73.00000 | 
    -21.00000 |       0.00692 |       0.00693 |       0.00693 |     -24.16637 |       0.00797 |       0.00797 |      29.92000 |      14.88600 |       0.00000 |       0.00000 |       0.00000 |       0.00000 |       0.00000 |     -36.78184 |     -73.06846 |      57.13767 |       0.25698 |       1.00000 |      19.72327 |     -36.50000 |     -73.00000 | 
    -21.00000 |       0.03703 |       0.03705 |       0.03705 |     -24.16637 |       0.04264 |       0.04264 |      29.92000 |      14.88600 |       0.00000 |       0.00000 |       0.00000 |       0.00000 |       0.00000 |     -36.78184 |     -73.06846 |      57.12545 |       0.24430 |       1.00000 |      41.37098 |     -36.50000 |     -73.00000 | 
    -21.00000 |       0.01288 |       0.01289 |       0.01289 |     -24.16637 |       0.01484 |       0.01484 |      29.92000 |      14.88600 |       0.00000 |       0.00000 |       0.00000 |       0.00000 |       0.00000 |     -36.78184 |     -73.06846 |      57.12831 |       0.24723 |       1.00000 |      46.70573 |     -36.50000 |     -73.00000 | 
    -21.00000 |       0.00270 |       0.00270 |       0.00270 |     -24.16637 |       0.00311 |       0.00311 |      29.92000 |      14.88600 |       0.00000 |       0.00000 |       0.00000 |       0.00000 |       0.00000 |     -36.78184 |     -73.06846 |      57.12823 |       0.24715 |       1.00000 |      47.75556 |     -36.50000 |     -73.00000 | 
    -21.00000 |       0.00027 |       0.00027 |       0.00027 |     -24.16637 |       0.00031 |       0.00031 |      29.92000 |      14.88600 |       0.00000 |       0.00000 |       0.00000 |       0.00000 |       0.00000 |     -36.78184 |     -73.06846 |      57.12814 |       0.24705 |       1.00000 |      47.94119 |     -36.50000 |     -73.00000 | 
    -21.00000 |       0.00030 |       0.00030 |       0.00030 |     -24.16637 |       0.00035 |       0.00035 |      29.92000 |      14.88600 |       0.00000 |       0.00000 |       0.00000 |       0.00000 |       0.00000 |     -36.78184 |     -73.06846 |      57.12818 |       0.24710 |       1.00000 |      47.97202 |     -36.50000 |     -73.00000 | 
    -21.00000 |       0.00009 |       0.00009 |       0.00009 |     -24.16637 |       0.00011 |       0.00011 |      29.92000 |      14.88600 |       0.00000 |       0.00000 |       0.00000 |       0.00000 |       0.00000 |     -36.78184 |     -73.06846 |      57.12822 |       0.24713 |       1.00000 |      47.97699 |     -36.50000 |     -73.00000 | 
    -21.00000 |       0.04676 |       0.04679 |       0.04679 |     -24.16637 |       0.05385 |       0.05385 |      29.92000 |      14.88600 |       0.00000 |       0.00000 |       0.00000 |       0.00000 |       0.00000 |     -36.78184 |     -73.06846 |      57.12898 |       0.24799 |       1.00000 |      47.97779 |     -36.50000 |     -73.00000 | 
    -21.00000 |       0.21407 |       0.21421 |       0.21420 |     -24.16637 |       0.24650 |       0.24650 |      29.92000 |      14.88600 |       0.00000 |       0.00000 |       0.00000 |       0.00000 |       0.00000 |     -36.78184 |     -73.06846 |      57.14891 |       0.26930 |       1.00000 |      47.98280 |     -36.50000 |     -73.00000 | 
    -21.00000 |       0.05290 |       0.05294 |       0.05293 |     -24.16637 |       0.06092 |       0.06092 |      29.92000 |      14.88600 |       0.00000 |       0.00000 |       0.00000 |       0.00000 |       0.00000 |     -36.78184 |     -73.06846 |      57.15826 |       0.27936 |       1.00000 |      47.99768 |     -36.50000 |     -73.00000 | 
    -21.00000 |       0.08845 |       0.08850 |       0.08850 |     -24.16637 |       0.10185 |       0.10185 |      29.92000 |      14.88600 |       0.00000 |       0.00000 |       0.00000 |       0.00000 |       0.00000 |     -36.78184 |     -73.06846 |      57.14558 |       0.26568 |       1.00000 |      48.00261 |     -36.50000 |     -73.00000 | 
    -21.00000 |       0.00530 |       0.00531 |       0.00530 |     -24.16637 |       0.00611 |       0.00611 |      29.92000 |      14.88600 |       0.00000 |       0.00000 |       0.00000 |       0.00000 |       0.00000 |     -36.78184 |     -73.06846 |      57.15893 |       0.28015 |       1.00000 |      48.00208 |     -36.50000 |     -73.00000 | 
    -21.00000 |       0.03158 |       0.03160 |       0.03159 |     -24.16637 |       0.03636 |       0.03636 |      29.92000 |      14.88600 |       0.00000 |       0.00000 |       0.00000 |       0.00000 |       0.00000 |     -36.78184 |     -73.06846 |      57.15725 |       0.27829 |       1.00000 |      48.00634 |     -36.50000 |     -73.00000 | 
    -21.00000 |       0.02841 |       0.02842 |       0.02842 |     -24.16637 |       0.03271 |       0.03271 |      29.92000 |      14.88600 |       0.00000 |       0.00000 |       0.00000 |       0.00000 |       0.00000 |     -36.78184 |     -73.06846 |      57.15133 |       0.27179 |       1.00000 |      48.00556 |     -36.50000 |     -73.00000 | 
    -21.00000 |       0.04587 |       0.04590 |       0.04590 |     -24.16637 |       0.05282 |       0.05282 |      29.92000 |      14.88600 |       0.00000 |       0.00000 |       0.00000 |       0.00000 |       0.00000 |     -36.78184 |     -73.06846 |      57.14959 |       0.26988 |       1.00000 |      48.00205 |     -36.50000 |     -73.00000 | 
    -21.00000 |       0.04571 |       0.04573 |       0.04573 |     -24.16637 |       0.05263 |       0.05263 |      29.92000 |      14.88600 |       0.00000 |       0.00000 |       0.00000 |       0.00000 |       0.00000 |     -36.78184 |     -73.06846 |      57.14365 |       0.26347 |       1.00000 |      47.99871 |     -36.50000 |     -73.00000 | 
    -21.00000 |       0.04963 |       0.04966 |       0.04966 |     -24.16637 |       0.05715 |       0.05715 |      29.92000 |      14.88600 |       0.00000 |       0.00000 |       0.00000 |       0.00000 |       0.00000 |     -36.78184 |     -73.06846 |      57.13669 |       0.25607 |       1.00000 |      47.99331 |     -36.50000 |     -73.00000 | 
    -21.00000 |       0.02848 |       0.02850 |       0.02850 |     -24.16637 |       0.03280 |       0.03280 |      29.92000 |      14.88600 |       0.00000 |       0.00000 |       0.00000 |       0.00000 |       0.00000 |     -36.78184 |     -73.06846 |      57.13430 |       0.25353 |       1.00000 |      47.98728 |     -36.50000 |     -73.00000 | 
    -21.00000 |       0.01572 |       0.01573 |       0.01573 |     -24.16637 |       0.01811 |       0.01811 |      29.92000 |      14.88600 |       0.00000 |       0.00000 |       0.00000 |       0.00000 |       0.00000 |     -36.78184 |     -73.06846 |      57.12532 |       0.24413 |       1.00000 |      47.98219 |     -36.50000 |     -73.00000 | 
    -21.00000 |       0.00847 |       0.00848 |       0.00848 |     -24.16637 |       0.00976 |       0.00976 |      29.92000 |      14.88600 |       0.00000 |       0.00000 |       0.00000 |       0.00000 |       0.00000 |     -36.78184 |     -73.06846 |      57.13148 |       0.25057 |       1.00000 |      47.97897 |     -36.50000 |     -73.00000 | 
    -21.00000 |       0.04832 |       0.04835 |       0.04834 |     -24.16637 |       0.05564 |       0.05564 |      29.92000 |      14.88600 |       0.00000 |       0.00000 |       0.00000 |       0.00000 |       0.00000 |     -36.78184 |     -73.06846 |      57.12785 |       0.24672 |       1.00000 |      47.98022 |     -36.50000 |     -73.00000 | 
    -21.00000 |       0.00833 |       0.00834 |       0.00833 |     -24.16637 |       0.00959 |       0.00959 |      29.92000 |      14.88600 |       0.00000 |       0.00000 |       0.00000 |       0.00000 |       0.00000 |     -36.78184 |     -73.06846 |      57.12610 |       0.24490 |       1.00000 |      47.97744 |     -36.50000 |     -73.00000 | 
    -21.00000 |       0.00060 |       0.00060 |       0.00060 |     -24.16637 |       0.00069 |       0.00069 |      29.92000 |      14.88600 |       0.00000 |       0.00000 |       0.00000 |       0.00000 |       0.00000 |     -36.78184 |     -73.06846 |      57.12565 |       0.24445 |       1.00000 |      47.97606 |     -36.50000 |     -73.00000 | 
    -21.00000 |       0.00052 |       0.00052 |       0.00052 |     -24.16637 |       0.00060 |       0.00060 |      29.92000 |      14.88600 |       0.00000 |       0.00000 |       0.00000 |       0.00000 |       0.00000 |     -36.78184 |     -73.06846 |      57.12577 |       0.24458 |       1.00000 |      47.97569 |     -36.50000 |     -73.00000 | 
    -21.00000 |       0.00020 |       0.00020 |       0.00020 |     -24.16637 |       0.00023 |       0.00023 |      29.92000 |      14.88600 |       0.00000 |       0.00000 |       0.00000 |       0.00000 |       0.00000 |     -36.78184 |     -73.06846 |      57.12573 |       0.24453 |       1.00000 |      47.97565 |     -36.50000 |     -73.00000 | 
    -21.00000 |       0.00003 |       0.00003 |       0.00003 |     -24.16637 |       0.00003 |       0.00003 |      29.92000 |      14.88600 |       0.00000 |       0.00000 |       0.00000 |       0.00000 |       0.00000 |     -36.78184 |     -73.06846 |      57.12573 |       0.24453 |       1.00000 |      47.97549 |     -36.50000 |     -73.00000 | 
    -21.00000 |       0.00001 |       0.00001 |       0.00001 |     -24.16637 |       0.00001 |       0.00001 |      29.92000 |      14.88600 |       0.00000 |       0.00000 |       0.00000 |       0.00000 |       0.00000 |     -36.78184 |     -73.06846 |      57.12573 |       0.24453 |       1.00000 |      47.97546 |     -36.50000 |     -73.00000 | 
    -21.00000 |       0.00279 |       0.00279 |       0.00279 |     -24.16637 |       0.00321 |       0.00321 |      29.92000 |      14.88600 |       0.00000 |       0.00000 |       0.00000 |       0.00000 |       0.00000 |     -36.78184 |     -73.06846 |      57.12572 |       0.24452 |       1.00000 |      47.97556 |     -36.50000 |     -73.00000 | 
    -21.00000 |       0.00029 |       0.00029 |       0.00029 |     -24.16637 |       0.00034 |       0.00034 |      29.92000 |      14.88600 |       0.00000 |       0.00000 |       0.00000 |       0.00000 |       0.00000 |     -36.78184 |     -73.06846 |      57.12579 |       0.24460 |       1.00000 |      47.97559 |     -36.50000 |     -73.00000 | 
    -21.00000 |       0.00013 |       0.00013 |       0.00013 |     -24.16637 |       0.00015 |       0.00015 |      29.92000 |      14.88600 |       0.00000 |       0.00000 |       0.00000 |       0.00000 |       0.00000 |     -36.78184 |     -73.06846 |      57.12576 |       0.24457 |       1.00000 |      47.97544 |     -36.50000 |     -73.00000 | 
    -21.00000 |       0.00002 |       0.00002 |       0.00002 |     -24.16637 |       0.00002 |       0.00002 |      29.92000 |      14.88600 |       0.00000 |       0.00000 |       0.00000 |       0.00000 |       0.00000 |     -36.78184 |     -73.06846 |      57.12576 |       0.24457 |       1.00000 |      47.97547 |     -36.50000 |     -73.00000 | 
    -21.00000 |       0.00000 |       0.00000 |       0.00000 |     -24.16637 |       0.00000 |       0.00000 |      29.92000 |      14.88600 |       0.00000 |       0.00000 |       0.00000 |       0.00000 |       0.00000 |     -36.78184 |     -73.06846 |      57.12576 |       0.24457 |       1.00000 |      47.97555 |     -36.50000 |     -73.00000 | 
    -21.00000 |       0.00000 |       0.00000 |       0.00000 |     -24.16637 |       0.00000 |       0.00000 |      29.92000 |      14.88600 |       0.00000 |       0.00000 |       0.00000 |       0.00000 |       0.00000 |     -36.78184 |     -73.06846 |      57.12576 |       0.24457 |       1.00000 |      47.97564 |     -36.50000 |     -73.00000 | 
    -21.00000 |       0.00000 |       0.00000 |       0.00000 |     -24.16637 |       0.00000 |       0.00000 |      29.92000 |      14.88600 |       0.00000 |       0.00000 |       0.00000 |       0.00000 |       0.00000 |     -36.78184 |     -73.06846 |      57.12576 |       0.24457 |       1.00000 |      47.97556 |     -36.50000 |     -73.00000 | 
    -21.00000 |       0.00000 |       0.00000 |       0.00000 |     -24.16637 |       0.00000 |       0.00000 |      29.92000 |      14.88600 |       0.00000 |       0.00000 |       0.00000 |       0.00000 |       0.00000 |     -36.78184 |     -73.06846 |      57.12576 |       0.24457 |       1.00000 |      47.97562 |     -36.50000 |     -73.00000 | 
    -21.00000 |       0.00000 |       0.00000 |       0.00000 |     -24.16637 |       0.00000 |       0.00000 |      29.92000 |      14.88600 |       0.00000 |       0.00000 |       0.00000 |       0.00000 |       0.00000 |     -36.78184 |     -73.06846 |      57.12576 |       0.24457 |       1.00000 |      47.97551 |     -36.50000 |     -73.00000 | 
    -21.00000 |       0.00000 |       0.00000 |       0.00000 |     -24.16637 |       0.00000 |       0.00000 |      29.92000 |      14.88600 |       0.00000 |       0.00000 |       0.00000 |       0.00000 |       0.00000 |     -36.78184 |     -73.06846 |      57.12576 |       0.24457 |       1.00000 |      47.97543 |     -36.50000 |     -73.00000 | 
    -21.00000 |       0.00000 |       0.00000 |       0.00000 |     -24.16637 |       0.00000 |       0.00000 |      29.92000 |      14.88600 |       0.00000 |       0.00000 |       0.00000 |       0.00000 |       0.00000 |     -36.78184 |     -73.06846 |      57.12576 |       0.24457 |       1.00000 |      47.97561 |     -36.50000 |     -73.00000 | 
    -21.00000 |       0.00000 |       0.00000 |       0.00000 |     -24.16637 |       0.00000 |       0.00000 |      29.92000 |      14.88600 |       0.00000 |       0.00000 |       0.00000 |       0.00000 |       0.00000 |     -36.78184 |     -73.06846 |      57.12576 |       0.24457 |       1.00000 |      47.97552 |     -36.50000 |     -73.00000 | 
    -21.00000 |       0.00000 |       0.00000 |       0.00000 |     -24.16637 |       0.00000 |       0.00000 |      29.92000 |      14.88600 |       0.00000 |       0.00000 |       0.00000 |       0.00000 |       0.00000 |     -36.78184 |     -73.06846 |      57.12576 |       0.24457 |       1.00000 |      47.97552 |     -36.50000 |     -73.00000 | 
    -21.00000 |       0.00000 |       0.00000 |       0.00000 |     -24.16637 |       0.00000 |       0.00000 |      29.92000 |      14.88600 |       0.00000 |       0.00000 |       0.00000 |       0.00000 |       0.00000 |     -36.78184 |     -73.06846 |      57.12576 |       0.24457 |       1.00000 |      47.97545 |     -36.50000 |     -73.00000 | 
    -21.00000 |       0.00000 |       0.00000 |       0.00000 |     -24.16637 |       0.00000 |       0.00000 |      29.92000 |      14.88600 |       0.00000 |       0.00000 |       0.00000 |       0.00000 |       0.00000 |     -36.78184 |     -73.06846 |      57.12576 |       0.24457 |       1.00000 |      47.97545 |     -36.50000 |     -73.00000 | 
    -21.00000 |       0.00000 |       0.00000 |       0.00000 |     -24.16637 |       0.00000 |       0.00000 |      29.92000 |      14.88600 |       0.00000 |       0.00000 |       0.00000 |       0.00000 |       0.00000 |     -36.78184 |     -73.06846 |      57.12576 |       0.24457 |       1.00000 |      47.97545 |     -36.50000 |     -73.00000 | 
    -21.00000 |       0.00000 |       0.00000 |       0.00000 |     -24.16637 |       0.00000 |       0.00000 |      29.92000 |      14.88600 |       0.00000 |       0.00000 |       0.00000 |       0.00000 |       0.00000 |     -36.78184 |     -73.06846 |      57.12576 |       0.24457 |       1.00000 |      47.97548 |     -36.50000 |     -73.00000 | 
    -21.00000 |       0.00000 |       0.00000 |       0.00000 |     -24.16637 |       0.00000 |       0.00000 |      29.92000 |      14.88600 |       0.00000 |       0.00000 |       0.00000 |       0.00000 |       0.00000 |     -36.78184 |     -73.06846 |      57.12576 |       0.24457 |       1.00000 |      47.97548 |     -36.50000 |     -73.00000 | 
    -21.00000 |       0.00000 |       0.00000 |       0.00000 |     -24.16637 |       0.00000 |       0.00000 |      29.92000 |      14.88600 |       0.00000 |       0.00000 |       0.00000 |       0.00000 |       0.00000 |     -36.78184 |     -73.06846 |      57.12576 |       0.24457 |       1.00000 |      47.97554 |     -36.50000 |     -73.00000 | 
    -21.00000 |       0.00000 |       0.00000 |       0.00000 |     -24.16637 |       0.00000 |       0.00000 |      29.92000 |      14.88600 |       0.00000 |       0.00000 |       0.00000 |       0.00000 |       0.00000 |     -36.78184 |     -73.06846 |      57.12576 |       0.24457 |       1.00000 |      47.97551 |     -36.50000 |     -73.00000 | 
    -21.00000 |       0.00000 |       0.00000 |       0.00000 |     -24.16637 |       0.00000 |       0.00000 |      29.92000 |      14.88600 |       0.00000 |       0.00000 |       0.00000 |       0.00000 |       0.00000 |     -36.78184 |     -73.06846 |      57.12576 |       0.24457 |       1.00000 |      47.97546 |     -36.50000 |     -73.00000 | 
    -21.00000 |       0.00000 |       0.00000 |       0.00000 |     -24.16637 |       0.00000 |       0.00000 |      29.92000 |      14.88600 |       0.00000 |       0.00000 |       0.00000 |       0.00000 |       0.00000 |     -36.78184 |     -73.06846 |      57.12576 |       0.24457 |       1.00000 |      47.97562 |     -36.50000 |     -73.00000 | 
    -21.00000 |       0.00000 |       0.00000 |       0.00000 |     -24.16637 |       0.00000 |       0.00000 |      29.92000 |      14.88600 |       0.00000 |       0.00000 |       0.00000 |       0.00000 |       0.00000 |     -36.78184 |     -73.06846 |      57.12576 |       0.24457 |       1.00000 |      47.97558 |     -36.50000 |     -73.00000 | 
    -21.00000 |       0.00000 |       0.00000 |       0.00000 |     -24.16637 |       0.00000 |       0.00000 |      29.92000 |      14.88600 |       0.00000 |       0.00000 |       0.00000 |       0.00000 |       0.00000 |     -36.78184 |     -73.06846 |      57.12576 |       0.24457 |       1.00000 |      47.97541 |     -36.50000 |     -73.00000 | 
    -21.00000 |       0.00000 |       0.00000 |       0.00000 |     -24.16637 |       0.00000 |       0.00000 |      29.92000 |      14.88600 |       0.00000 |       0.00000 |       0.00000 |       0.00000 |       0.00000 |     -36.78184 |     -73.06846 |      57.12576 |       0.24457 |       1.00000 |      47.97533 |     -36.50000 |     -73.00000 | 
    -21.00000 |       0.00000 |       0.00000 |       0.00000 |     -24.16637 |       0.00000 |       0.00000 |      29.92000 |      14.88600 |       0.00000 |       0.00000 |       0.00000 |       0.00000 |       0.00000 |     -36.78184 |     -73.06846 |      57.12576 |       0.24457 |       1.00000 |      47.97539 |     -36.50000 |     -73.00000 | 
    -21.00000 |       0.00000 |       0.00000 |       0.00000 |     -24.16637 |       0.00000 |       0.00000 |      29.92000 |      14.88600 |       0.00000 |       0.00000 |       0.00000 |       0.00000 |       0.00000 |     -36.78184 |     -73.06846 |      57.12576 |       0.24457 |       1.00000 |      47.97558 |     -36.50000 |     -73.00000 | 
    -21.00000 |       0.00000 |       0.00000 |       0.00000 |     -24.16637 |       0.00000 |       0.00000 |      29.92000 |      14.88600 |       0.00000 |       0.00000 |       0.00000 |       0.00000 |       0.00000 |     -36.78184 |     -73.06846 |      57.12576 |       0.24457 |       1.00000 |      47.97552 |     -36.50000 |     -73.00000 | 
    -21.00000 |       0.00000 |       0.00000 |       0.00000 |     -24.16637 |       0.00000 |       0.00000 |      29.92000 |      14.88600 |       0.00000 |       0.00000 |       0.00000 |       0.00000 |       0.00000 |     -36.78184 |     -73.06846 |      57.12576 |       0.24457 |       1.00000 |      47.97541 |     -36.50000 |     -73.00000 | 
    -21.00000 |       0.00000 |       0.00000 |       0.00000 |     -24.16637 |       0.00000 |       0.00000 |      29.92000 |      14.88600 |       0.00000 |       0.00000 |       0.00000 |       0.00000 |       0.00000 |     -36.78184 |     -73.06846 |      57.12576 |       0.24457 |       1.00000 |      47.97548 |     -36.50000 |     -73.00000 | 
    -21.00000 |       0.00000 |       0.00000 |       0.00000 |     -24.16637 |       0.00000 |       0.00000 |      29.92000 |      14.88600 |       0.00000 |       0.00000 |       0.00000 |       0.00000 |       0.00000 |     -36.78184 |     -73.06846 |      57.12576 |       0.24457 |       1.00000 |      47.97563 |     -36.50000 |     -73.00000 | 
    -21.00000 |       0.00000 |       0.00000 |       0.00000 |     -24.16637 |       0.00000 |       0.00000 |      29.92000 |      14.88600 |       0.00000 |       0.00000 |       0.00000 |       0.00000 |       0.00000 |     -36.78184 |     -73.06846 |      57.12576 |       0.24457 |       1.00000 |      47.97553 |     -36.50000 |     -73.00000 | 
    -21.00000 |       0.00000 |       0.00000 |       0.00000 |     -24.16637 |       0.00000 |       0.00000 |      29.92000 |      14.88600 |       0.00000 |       0.00000 |       0.00000 |       0.00000 |       0.00000 |     -36.78184 |     -73.06846 |      57.12576 |       0.24457 |       1.00000 |      47.97542 |     -36.50000 |     -73.00000 | 
    -21.00000 |       0.00000 |       0.00000 |       0.00000 |     -24.16637 |       0.00000 |       0.00000 |      29.92000 |      14.88600 |       0.00000 |       0.00000 |       0.00000 |       0.00000 |       0.00000 |     -36.78184 |     -73.06846 |      57.12576 |       0.24457 |       1.00000 |      47.97554 |     -36.50000 |     -73.00000 | 
    -21.00000 |       0.00000 |       0.00000 |       0.00000 |     -24.16637 |       0.00000 |       0.00000 |      29.92000 |      14.88600 |       0.00000 |       0.00000 |       0.00000 |       0.00000 |       0.00000 |     -36.78184 |     -73.06846 |      57.12576 |       0.24457 |       1.00000 |      47.97546 |     -36.50000 |     -73.00000 | 
    -21.00000 |       0.00000 |       0.00000 |       0.00000 |     -24.16637 |       0.00000 |       0.00000 |      29.92000 |      14.88600 |       0.00000 |       0.00000 |       0.00000 |       0.00000 |       0.00000 |     -36.78184 |     -73.06846 |      57.12576 |       0.24457 |       1.00000 |      47.97558 |     -36.50000 |     -73.00000 | 
    -21.00000 |       0.00000 |       0.00000 |       0.00000 |     -24.16637 |       0.00000 |       0.00000 |      29.92000 |      14.88600 |       0.00000 |       0.00000 |       0.00000 |       0.00000 |       0.00000 |     -36.78184 |     -73.06846 |      57.12576 |       0.24457 |       1.00000 |      47.97536 |     -36.50000 |     -73.00000 | 
    -21.00000 |       0.00000 |       0.00000 |       0.00000 |     -24.16637 |       0.00000 |       0.00000 |      29.92000 |      14.88600 |       0.00000 |       0.00000 |       0.00000 |       0.00000 |       0.00000 |     -36.78184 |     -73.06846 |      57.12576 |       0.24457 |       1.00000 |      47.97556 |     -36.50000 |     -73.00000 | 
    -21.00000 |       0.00000 |       0.00000 |       0.00000 |     -24.16637 |       0.00000 |       0.00000 |      29.92000 |      14.88600 |       0.00000 |       0.00000 |       0.00000 |       0.00000 |       0.00000 |     -36.78184 |     -73.06846 |      57.12576 |       0.24457 |       1.00000 |      47.97548 |     -36.50000 |     -73.00000 | 
    -21.00000 |       0.00000 |       0.00000 |       0.00000 |     -24.16637 |       0.00000 |       0.00000 |      29.92000 |      14.88600 |       0.00000 |       0.00000 |       0.00000 |       0.00000 |       0.00000 |     -36.78184 |     -73.06846 |      57.12576 |       0.24457 |       1.00000 |      47.97552 |     -36.50000 |     -73.00000 | 
    -21.00000 |       0.00000 |       0.00000 |       0.00000 |     -24.16637 |       0.00000 |       0.00000 |      29.92000 |      14.88600 |       0.00000 |       0.00000 |       0.00000 |       0.00000 |       0.00000 |     -36.78184 |     -73.06846 |      57.12576 |       0.24457 |       1.00000 |      47.97539 |     -36.50000 |     -73.00000 | 
    -21.00000 |       0.00000 |       0.00000 |       0.00000 |     -24.16637 |       0.00000 |       0.00000 |      29.92000 |      14.88600 |       0.00000 |       0.00000 |       0.00000 |       0.00000 |       0.00000 |     -36.78184 |     -73.06846 |      57.12576 |       0.24457 |       1.00000 |      47.97564 |     -36.50000 |     -73.00000 | 
    -21.00000 |       0.00000 |       0.00000 |       0.00000 |     -24.16637 |       0.00000 |       0.00000 |      29.92000 |      14.88600 |       0.00000 |       0.00000 |       0.00000 |       0.00000 |       0.00000 |     -36.78184 |     -73.06846 |      57.12576 |       0.24457 |       1.00000 |      47.97556 |     -36.50000 |     -73.00000 | 
    -21.00000 |       0.00000 |       0.00000 |       0.00000 |     -24.16637 |       0.00000 |       0.00000 |      29.92000 |      14.88600 |       0.00000 |       0.00000 |       0.00000 |       0.00000 |       0.00000 |     -36.78184 |     -73.06846 |      57.12576 |       0.24457 |       1.00000 |      47.97541 |     -36.50000 |     -73.00000 | 
    -21.00000 |       0.00000 |       0.00000 |       0.00000 |     -24.16637 |       0.00000 |       0.00000 |      29.92000 |      14.88600 |       0.00000 |       0.00000 |       0.00000 |       0.00000 |       0.00000 |     -36.78184 |     -73.06846 |      57.12576 |       0.24457 |       1.00000 |      47.97551 |     -36.50000 |     -73.00000 | 
    -21.00000 |       0.00000 |       0.00000 |       0.00000 |     -24.16637 |       0.00000 |       0.00000 |      29.92000 |      14.88600 |       0.00000 |       0.00000 |       0.00000 |       0.00000 |       0.00000 |     -36.78184 |     -73.06846 |      57.12576 |       0.24457 |       1.00000 |      47.97550 |     -36.50000 |     -73.00000 | 
    -21.00000 |       0.00000 |       0.00000 |       0.00000 |     -24.16637 |       0.00000 |       0.00000 |      29.92000 |      14.88600 |       0.00000 |       0.00000 |       0.00000 |       0.00000 |       0.00000 |     -36.78184 |     -73.06846 |      57.12576 |       0.24457 |       1.00000 |      47.97547 |     -36.50000 |     -73.00000 | 
    -21.00000 |       0.00000 |       0.00000 |       0.00000 |     -24.16637 |       0.00000 |       0.00000 |      29.92000 |      14.88600 |       0.00000 |       0.00000 |       0.00000 |       0.00000 |       0.00000 |     -36.78184 |     -73.06846 |      57.12576 |       0.24457 |       1.00000 |      47.97543 |     -36.50000 |     -73.00000 | 
    -21.00000 |       0.00000 |       0.00000 |       0.00000 |     -24.16637 |       0.00000 |       0.00000 |      29.92000 |      14.88600 |       0.00000 |       0.00000 |       0.00000 |       0.00000 |       0.00000 |     -36.78184 |     -73.06846 |      57.12576 |       0.24457 |       1.00000 |      47.97563 |     -36.50000 |     -73.00000 | 
    -21.00000 |       0.00000 |       0.00000 |       0.00000 |     -24.16637 |       0.00000 |       0.00000 |      29.92000 |      14.88600 |       0.00000 |       0.00000 |       0.00000 |       0.00000 |       0.00000 |     -36.78184 |     -73.06846 |      57.12576 |       0.24457 |       1.00000 |      47.97562 |     -36.50000 |     -73.00000 | 
    -21.00000 |       0.00000 |       0.00000 |       0.00000 |     -24.16637 |       0.00000 |       0.00000 |      29.92000 |      14.88600 |       0.00000 |       0.00000 |       0.00000 |       0.00000 |       0.00000 |     -36.78184 |     -73.06846 |      57.12576 |       0.24457 |       1.00000 |      47.97567 |     -36.50000 |     -73.00000 | 
    -21.00000 |       0.00000 |       0.00000 |       0.00000 |     -24.16637 |       0.00000 |       0.00000 |      29.92000 |      14.88600 |       0.00000 |       0.00000 |       0.00000 |       0.00000 |       0.00000 |     -36.78184 |     -73.06846 |      57.12576 |       0.24457 |       1.00000 |      47.97562 |     -36.50000 |     -73.00000 | 
    -21.00000 |       0.00000 |       0.00000 |       0.00000 |     -24.16637 |       0.00000 |       0.00000 |      29.92000 |      14.88600 |       0.00000 |       0.00000 |       0.00000 |       0.00000 |       0.00000 |     -36.78184 |     -73.06846 |      57.12576 |       0.24457 |       1.00000 |      47.97554 |     -36.50000 |     -73.00000 | 
    -21.00000 |       0.00000 |       0.00000 |       0.00000 |     -24.16637 |       0.00000 |       0.00000 |      29.92000 |      14.88600 |       0.00000 |       0.00000 |       0.00000 |       0.00000 |       0.00000 |     -36.78184 |     -73.06846 |      57.12576 |       0.24457 |       1.00000 |      47.97549 |     -36.50000 |     -73.00000 | 
    -21.00000 |       0.00000 |       0.00000 |       0.00000 |     -24.16637 |       0.00000 |       0.00000 |      29.92000 |      14.88600 |       0.00000 |       0.00000 |       0.00000 |       0.00000 |       0.00000 |     -36.78184 |     -73.06846 |      57.12576 |       0.24457 |       1.00000 |      47.97554 |     -36.50000 |     -73.00000 | 
    -21.00000 |       0.00000 |       0.00000 |       0.00000 |     -24.16637 |       0.00000 |       0.00000 |      29.92000 |      14.88600 |       0.00000 |       0.00000 |       0.00000 |       0.00000 |       0.00000 |     -36.78184 |     -73.06846 |      57.12576 |       0.24457 |       1.00000 |      47.97544 |     -36.50000 |     -73.00000 | 
    -21.00000 |       0.00000 |       0.00000 |       0.00000 |     -24.16637 |       0.00000 |       0.00000 |      29.92000 |      14.88600 |       0.00000 |       0.00000 |       0.00000 |       0.00000 |       0.00000 |     -36.78184 |     -73.06846 |      57.12576 |       0.24457 |       1.00000 |      47.97546 |     -36.50000 |     -73.00000 | 
    -21.00000 |       0.00000 |       0.00000 |       0.00000 |     -24.16637 |       0.00000 |       0.00000 |      29.92000 |      14.88600 |       0.00000 |       0.00000 |       0.00000 |       0.00000 |       0.00000 |     -36.78184 |     -73.06846 |      57.12576 |       0.24457 |       1.00000 |      47.97558 |     -36.50000 |     -73.00000 | 
    -21.00000 |       0.00000 |       0.00000 |       0.00000 |     -24.16637 |       0.00000 |       0.00000 |      29.92000 |      14.88600 |       0.00000 |       0.00000 |       0.00000 |       0.00000 |       0.00000 |     -36.78184 |     -73.06846 |      57.12576 |       0.24457 |       1.00000 |      47.97546 |     -36.50000 |     -73.00000 | 
    -21.00000 |       0.00000 |       0.00000 |       0.00000 |     -24.16637 |       0.00000 |       0.00000 |      29.92000 |      14.88600 |       0.00000 |       0.00000 |       0.00000 |       0.00000 |       0.00000 |     -36.78184 |     -73.06846 |      57.12576 |       0.24457 |       1.00000 |      47.97565 |     -36.50000 |     -73.00000 | 
    -21.00000 |       0.00000 |       0.00000 |       0.00000 |     -24.16637 |       0.00000 |       0.00000 |      29.92000 |      14.88600 |       0.00000 |       0.00000 |       0.00000 |       0.00000 |       0.00000 |     -36.78184 |     -73.06846 |      57.12576 |       0.24457 |       1.00000 |      47.97563 |     -36.50000 |     -73.00000 | 
    -21.00000 |       0.00000 |       0.00000 |       0.00000 |     -24.16637 |       0.00000 |       0.00000 |      29.92000 |      14.88600 |       0.00000 |       0.00000 |       0.00000 |       0.00000 |       0.00000 |     -36.78184 |     -73.06846 |      57.12576 |       0.24457 |       1.00000 |      47.97559 |     -36.50000 |     -73.00000 | 
    -21.00000 |       0.00000 |       0.00000 |       0.00000 |     -24.16637 |       0.00000 |       0.00000 |      29.92000 |      14.88600 |       0.00000 |       0.00000 |       0.00000 |       0.00000 |       0.00000 |     -36.78184 |     -73.06846 |      57.12576 |       0.24457 |       1.00000 |      47.97557 |     -36.50000 |     -73.00000 | 
    -21.00000 |       0.00000 |       0.00000 |       0.00000 |     -24.16637 |       0.00000 |       0.00000 |      29.92000 |      14.88600 |       0.00000 |       0.00000 |       0.00000 |       0.00000 |       0.00000 |     -36.78184 |     -73.06846 |      57.12576 |       0.24457 |       1.00000 |      47.97565 |     -36.50000 |     -73.00000 | 
    -21.00000 |       0.00000 |       0.00000 |       0.00000 |     -24.16637 |       0.00000 |       0.00000 |      29.92000 |      14.88600 |       0.00000 |       0.00000 |       0.00000 |       0.00000 |       0.00000 |     -36.78184 |     -73.06846 |      57.12576 |       0.24457 |       1.00000 |      47.97563 |     -36.50000 |     -73.00000 | 
    -21.00000 |       0.00000 |       0.00000 |       0.00000 |     -24.16637 |       0.00000 |       0.00000 |      29.92000 |      14.88600 |       0.00000 |       0.00000 |       0.00000 |       0.00000 |       0.00000 |     -36.78184 |     -73.06846 |      57.12576 |       0.24457 |       1.00000 |      47.97560 |     -36.50000 |     -73.00000 | 
    -21.00000 |       0.00000 |       0.00000 |       0.00000 |     -24.16637 |       0.00000 |       0.00000 |      29.92000 |      14.88600 |       0.00000 |       0.00000 |       0.00000 |       0.00000 |       0.00000 |     -36.78184 |     -73.06846 |      57.12576 |       0.24457 |       1.00000 |      47.97560 |     -36.50000 |     -73.00000 | 
    -21.00000 |       0.00000 |       0.00000 |       0.00000 |     -24.16637 |       0.00000 |       0.00000 |      29.92000 |      14.88600 |       0.00000 |       0.00000 |       0.00000 |       0.00000 |       0.00000 |     -36.78184 |     -73.06846 |      57.12576 |       0.24457 |       1.00000 |      47.97565 |     -36.50000 |     -73.00000 | 
    -21.00000 |       0.00000 |       0.00000 |       0.00000 |     -24.16637 |       0.00000 |       0.00000 |      29.92000 |      14.88600 |       0.00000 |       0.00000 |       0.00000 |       0.00000 |       0.00000 |     -36.78184 |     -73.06846 |      57.12576 |       0.24457 |       1.00000 |      47.97527 |     -36.50000 |     -73.00000 | 
    -21.00000 |       0.00000 |       0.00000 |       0.00000 |     -24.16637 |       0.00000 |       0.00000 |      29.92000 |      14.88600 |       0.00000 |       0.00000 |       0.00000 |       0.00000 |       0.00000 |     -36.78184 |     -73.06846 |      57.12576 |       0.24457 |       1.00000 |      47.97541 |     -36.50000 |     -73.00000 | 
    -21.00000 |       0.00000 |       0.00000 |       0.00000 |     -24.16637 |       0.00000 |       0.00000 |      29.92000 |      14.88600 |       0.00000 |       0.00000 |       0.00000 |       0.00000 |       0.00000 |     -36.78184 |     -73.06846 |      57.12576 |       0.24457 |       1.00000 |      47.97541 |     -36.50000 |     -73.00000 | 
    -21.00000 |       0.00000 |       0.00000 |       0.00000 |     -24.16637 |       0.00000 |       0.00000 |      29.92000 |      14.88600 |       0.00000 |       0.00000 |       0.00000 |       0.00000 |       0.00000 |     -36.78184 |     -73.06846 |      57.12576 |       0.24457 |       1.00000 |      47.97568 |     -36.50000 |     -73.00000 | 
    -21.00000 |       0.00000 |       0.00000 |       0.00000 |     -24.16637 |       0.00000 |       0.00000 |      29.92000 |      14.88600 |       0.00000 |       0.00000 |       0.00000 |       0.00000 |       0.00000 |     -36.78184 |     -73.06846 |      57.12576 |       0.24457 |       1.00000 |      47.97549 |     -36.50000 |     -73.00000 | 
    -21.00000 |       0.00000 |       0.00000 |       0.00000 |     -24.16637 |       0.00000 |       0.00000 |      29.92000 |      14.88600 |       0.00000 |       0.00000 |       0.00000 |       0.00000 |       0.00000 |     -36.78184 |     -73.06846 |      57.12576 |       0.24457 |       1.00000 |      47.97551 |     -36.50000 |     -73.00000 | 
    -21.00000 |       0.00000 |       0.00000 |       0.00000 |     -24.16637 |       0.00000 |       0.00000 |      29.92000 |      14.88600 |       0.00000 |       0.00000 |       0.00000 |       0.00000 |       0.00000 |     -36.78184 |     -73.06846 |      57.12576 |       0.24457 |       1.00000 |      47.97554 |     -36.50000 |     -73.00000 | 
    -21.00000 |       0.00000 |       0.00000 |       0.00000 |     -24.16637 |       0.00000 |       0.00000 |      29.92000 |      14.88600 |       0.00000 |       0.00000 |       0.00000 |       0.00000 |       0.00000 |     -36.78184 |     -73.06846 |      57.12576 |       0.24457 |       1.00000 |      47.97559 |     -36.50000 |     -73.00000 | 
    -21.00000 |       0.00000 |       0.00000 |       0.00000 |     -24.16637 |       0.00000 |       0.00000 |      29.92000 |      14.88600 |       0.00000 |       0.00000 |       0.00000 |       0.00000 |       0.00000 |     -36.78184 |     -73.06846 |      57.12576 |       0.24457 |       1.00000 |      47.97549 |     -36.50000 |     -73.00000 | 
    -21.00000 |       0.00000 |       0.00000 |       0.00000 |     -24.16637 |       0.00000 |       0.00000 |      29.92000 |      14.88600 |       0.00000 |       0.00000 |       0.00000 |       0.00000 |       0.00000 |     -36.78184 |     -73.06846 |      57.12576 |       0.24457 |       1.00000 |      47.97552 |     -36.50000 |     -73.00000 | 
    -21.00000 |       0.00000 |       0.00000 |       0.00000 |     -24.16637 |       0.00000 |       0.00000 |      29.92000 |      14.88600 |       0.00000 |       0.00000 |       0.00000 |       0.00000 |       0.00000 |     -36.78184 |     -73.06846 |      57.12576 |       0.24457 |       1.00000 |      47.97553 |     -36.50000 |     -73.00000 | 
    -21.00000 |       0.00000 |       0.00000 |       0.00000 |     -24.16637 |       0.00000 |       0.00000 |      29.92000 |      14.88600 |       0.00000 |       0.00000 |       0.00000 |       0.00000 |       0.00000 |     -36.78184 |     -73.06846 |      57.12576 |       0.24457 |       1.00000 |      47.97555 |     -36.50000 |     -73.00000 | 
    -21.00000 |       0.00000 |       0.00000 |       0.00000 |     -24.16637 |       0.00000 |       0.00000 |      29.92000 |      14.88600 |       0.00000 |       0.00000 |       0.00000 |       0.00000 |       0.00000 |     -36.78184 |     -73.06846 |      57.12576 |       0.24457 |       1.00000 |      47.97549 |     -36.50000 |     -73.00000 | 
    -21.00000 |       0.00000 |       0.00000 |       0.00000 |     -24.16637 |       0.00000 |       0.00000 |      29.92000 |      14.88600 |       0.00000 |       0.00000 |       0.00000 |       0.00000 |       0.00000 |     -36.78184 |     -73.06846 |      57.12576 |       0.24457 |       1.00000 |      47.97556 |     -36.50000 |     -73.00000 | 
    -21.00000 |       0.00000 |       0.00000 |       0.00000 |     -24.16637 |       0.00000 |       0.00000 |      29.92000 |      14.88600 |       0.00000 |       0.00000 |       0.00000 |       0.00000 |       0.00000 |     -36.78184 |     -73.06846 |      57.12576 |       0.24457 |       1.00000 |      47.97564 |     -36.50000 |     -73.00000 | 
    -21.00000 |       0.00000 |       0.00000 |       0.00000 |     -24.16637 |       0.00000 |       0.00000 |      29.92000 |      14.88600 |       0.00000 |       0.00000 |       0.00000 |       0.00000 |       0.00000 |     -36.78184 |     -73.06846 |      57.12576 |       0.24457 |       1.00000 |      47.97561 |     -36.50000 |     -73.00000 | 
    -21.00000 |       0.00000 |       0.00000 |       0.00000 |     -24.16637 |       0.00000 |       0.00000 |      29.92000 |      14.88600 |       0.00000 |       0.00000 |       0.00000 |       0.00000 |       0.00000 |     -36.78184 |     -73.06846 |      57.12576 |       0.24457 |       1.00000 |      47.97564 |     -36.50000 |     -73.00000 | 
    -21.00000 |       0.00000 |       0.00000 |       0.00000 |     -24.16637 |       0.00000 |       0.00000 |      29.92000 |      14.88600 |       0.00000 |       0.00000 |       0.00000 |       0.00000 |       0.00000 |     -36.78184 |     -73.06846 |      57.12576 |       0.24457 |       1.00000 |      47.97556 |     -36.50000 |     -73.00000 | 
    -21.00000 |       0.07537 |       0.07542 |       0.07530 |     -24.16637 |       0.08679 |       0.08679 |      29.92000 |      14.88600 |       0.00000 |       0.00000 |       0.00000 |       0.00000 |       0.00000 |     -36.78184 |     -73.06846 |      56.88160 |      -0.00055 |       1.00000 |      47.97554 |     -36.50000 |     -73.00000 | 
    -21.00000 |       0.10349 |       0.10356 |       0.10355 |     -24.16637 |       0.11917 |       0.11917 |      29.92000 |      14.88600 |       0.00000 |       0.00000 |       0.00000 |       0.00000 |       0.00000 |     -36.78184 |     -73.06846 |      57.13323 |       0.25229 |       1.00000 |      47.95710 |     -36.50000 |     -73.00000 | 
    -21.00000 |       0.04003 |       0.04005 |       0.04004 |     -24.16637 |       0.04609 |       0.04609 |      29.92000 |      14.88600 |       0.00000 |       0.00000 |       0.00000 |       0.00000 |       0.00000 |     -36.78184 |     -73.06846 |      57.12525 |       0.24400 |       1.00000 |      47.97070 |     -36.50000 |     -73.00000 | 
    -21.00000 |       0.00643 |       0.00643 |       0.00643 |     -24.16637 |       0.00740 |       0.00740 |      29.92000 |      14.88600 |       0.00000 |       0.00000 |       0.00000 |       0.00000 |       0.00000 |     -36.78184 |     -73.06846 |      57.12532 |       0.24407 |       1.00000 |      47.97465 |     -36.50000 |     -73.00000 | 
    -21.00000 |       0.00106 |       0.00106 |       0.00106 |     -24.16637 |       0.00122 |       0.00122 |      29.92000 |      14.88600 |       0.00000 |       0.00000 |       0.00000 |       0.00000 |       0.00000 |     -36.78184 |     -73.06846 |      57.12593 |       0.24469 |       1.00000 |      47.97528 |     -36.50000 |     -73.00000 | 
    -21.00000 |       0.00087 |       0.00088 |       0.00088 |     -24.16637 |       0.00101 |       0.00101 |      29.92000 |      14.88600 |       0.00000 |       0.00000 |       0.00000 |       0.00000 |       0.00000 |     -36.78184 |     -73.06846 |      57.12569 |       0.24444 |       1.00000 |      47.97544 |     -36.50000 |     -73.00000 | 
    -21.00000 |       0.00023 |       0.00023 |       0.00023 |     -24.16637 |       0.00026 |       0.00026 |      29.92000 |      14.88600 |       0.00000 |       0.00000 |       0.00000 |       0.00000 |       0.00000 |     -36.78184 |     -73.06846 |      57.12572 |       0.24448 |       1.00000 |      47.97548 |     -36.50000 |     -73.00000 | 
    -21.00000 |       0.00001 |       0.00001 |       0.00001 |     -24.16637 |       0.00001 |       0.00001 |      29.92000 |      14.88600 |       0.00000 |       0.00000 |       0.00000 |       0.00000 |       0.00000 |     -36.78184 |     -73.06846 |      57.12573 |       0.24449 |       1.00000 |      47.97569 |     -36.50000 |     -73.00000 | 
    -21.00000 |       0.00001 |       0.00001 |       0.00001 |     -24.16637 |       0.00002 |       0.00002 |      29.92000 |      14.88600 |       0.00000 |       0.00000 |       0.00000 |       0.00000 |       0.00000 |     -36.78184 |     -73.06846 |      57.12573 |       0.24448 |       1.00000 |      47.97551 |     -36.50000 |     -73.00000 | 
    -21.00000 |       0.00001 |       0.00001 |       0.00001 |     -24.16637 |       0.00001 |       0.00001 |      29.92000 |      14.88600 |       0.00000 |       0.00000 |       0.00000 |       0.00000 |       0.00000 |     -36.78184 |     -73.06846 |      57.12573 |       0.24448 |       1.00000 |      47.97552 |     -36.50000 |     -73.00000 | 
    -21.00000 |       0.00017 |       0.00017 |       0.00017 |     -24.16637 |       0.00020 |       0.00020 |      29.92000 |      14.88600 |       0.00000 |       0.00000 |       0.00000 |       0.00000 |       0.00000 |     -36.78184 |     -73.06846 |      57.12575 |       0.24452 |       1.00000 |      47.97556 |     -36.50000 |     -73.00000 | 
    -21.00000 |       0.00289 |       0.00289 |       0.00289 |     -24.16637 |       0.00332 |       0.00332 |      29.92000 |      14.88600 |       0.00000 |       0.00000 |       0.00000 |       0.00000 |       0.00000 |     -36.78184 |     -73.06846 |      57.12566 |       0.24446 |       1.00000 |      47.97564 |     -36.50000 |     -73.00000 | 
    -21.00000 |       0.00042 |       0.00042 |       0.00042 |     -24.16637 |       0.00048 |       0.00048 |      29.92000 |      14.88600 |       0.00000 |       0.00000 |       0.00000 |       0.00000 |       0.00000 |     -36.78184 |     -73.06846 |      57.12573 |       0.24453 |       1.00000 |      47.97574 |     -36.50000 |     -73.00000 | 
    -21.00000 |       0.00006 |       0.00006 |       0.00006 |     -24.16637 |       0.00007 |       0.00007 |      29.92000 |      14.88600 |       0.00000 |       0.00000 |       0.00000 |       0.00000 |       0.00000 |     -36.78184 |     -73.06846 |      57.12572 |       0.24453 |       1.00000 |      47.97574 |     -36.50000 |     -73.00000 | 
    -21.00000 |       0.00001 |       0.00001 |       0.00001 |     -24.16637 |       0.00001 |       0.00001 |      29.92000 |      14.88600 |       0.00000 |       0.00000 |       0.00000 |       0.00000 |       0.00000 |     -36.78184 |     -73.06846 |      57.12572 |       0.24452 |       1.00000 |      47.97573 |     -36.50000 |     -73.00000 | 
    -21.00000 |       0.00001 |       0.00001 |       0.00001 |     -24.16637 |       0.00001 |       0.00001 |      29.92000 |      14.88600 |       0.00000 |       0.00000 |       0.00000 |       0.00000 |       0.00000 |     -36.78184 |     -73.06846 |      57.12572 |       0.24452 |       1.00000 |      47.97567 |     -36.50000 |     -73.00000 | 
    -21.00000 |       0.00000 |       0.00000 |       0.00000 |     -24.16637 |       0.00000 |       0.00000 |      29.92000 |      14.88600 |       0.00000 |       0.00000 |       0.00000 |       0.00000 |       0.00000 |     -36.78184 |     -73.06846 |      57.12572 |       0.24452 |       1.00000 |      47.97562 |     -36.50000 |     -73.00000 | 
    -21.00000 |       0.00000 |       0.00000 |       0.00000 |     -24.16637 |       0.00000 |       0.00000 |      29.92000 |      14.88600 |       0.00000 |       0.00000 |       0.00000 |       0.00000 |       0.00000 |     -36.78184 |     -73.06846 |      57.12572 |       0.24452 |       1.00000 |      47.97548 |     -36.50000 |     -73.00000 | 
    -21.00000 |       0.00000 |       0.00000 |       0.00000 |     -24.16637 |       0.00000 |       0.00000 |      29.92000 |      14.88600 |       0.00000 |       0.00000 |       0.00000 |       0.00000 |       0.00000 |     -36.78184 |     -73.06846 |      57.12572 |       0.24452 |       1.00000 |      47.97551 |     -36.50000 |     -73.00000 | 
    -21.00000 |       0.00000 |       0.00000 |       0.00000 |     -24.16637 |       0.00000 |       0.00000 |      29.92000 |      14.88600 |       0.00000 |       0.00000 |       0.00000 |       0.00000 |       0.00000 |     -36.78184 |     -73.06846 |      57.12572 |       0.24452 |       1.00000 |      47.97557 |     -36.50000 |     -73.00000 | 
    -21.00000 |       0.00000 |       0.00000 |       0.00000 |     -24.16637 |       0.00000 |       0.00000 |      29.92000 |      14.88600 |       0.00000 |       0.00000 |       0.00000 |       0.00000 |       0.00000 |     -36.78184 |     -73.06846 |      57.12572 |       0.24452 |       1.00000 |      47.97546 |     -36.50000 |     -73.00000 | 
    -21.00000 |       0.00000 |       0.00000 |       0.00000 |     -24.16637 |       0.00000 |       0.00000 |      29.92000 |      14.88600 |       0.00000 |       0.00000 |       0.00000 |       0.00000 |       0.00000 |     -36.78184 |     -73.06846 |      57.12572 |       0.24452 |       1.00000 |      47.97561 |     -36.50000 |     -73.00000 | 
    -21.00000 |       0.00000 |       0.00000 |       0.00000 |     -24.16637 |       0.00000 |       0.00000 |      29.92000 |      14.88600 |       0.00000 |       0.00000 |       0.00000 |       0.00000 |       0.00000 |     -36.78184 |     -73.06846 |      57.12572 |       0.24452 |       1.00000 |      47.97563 |     -36.50000 |     -73.00000 | 
    -21.00000 |       0.00000 |       0.00000 |       0.00000 |     -24.16637 |       0.00000 |       0.00000 |      29.92000 |      14.88600 |       0.00000 |       0.00000 |       0.00000 |       0.00000 |       0.00000 |     -36.78184 |     -73.06846 |      57.12572 |       0.24452 |       1.00000 |      47.97555 |     -36.50000 |     -73.00000 | 
    -21.00000 |       0.00000 |       0.00000 |       0.00000 |     -24.16637 |       0.00000 |       0.00000 |      29.92000 |      14.88600 |       0.00000 |       0.00000 |       0.00000 |       0.00000 |       0.00000 |     -36.78184 |     -73.06846 |      57.12572 |       0.24452 |       1.00000 |      47.97532 |     -36.50000 |     -73.00000 | 
    -21.00000 |      64.09308 |      65.00799 |      65.00671 |     -24.16637 |      74.80986 |      74.80986 |      29.92000 |      14.88600 |       0.00000 |       0.00000 |       0.00000 |       0.00000 |       0.00000 |     -36.82716 |     -73.09485 |     978.99573 |     952.02850 |       0.00000 |      -9.13327 |     -36.50000 |     -73.00000 | 
     29.60146 |      65.11411 |      66.03730 |      65.81960 |      34.06476 |      75.99437 |      75.99437 |      29.92000 |      14.88600 |       0.00000 |       0.00000 |       0.00000 |       0.00000 |       0.00000 |     -36.82688 |     -73.09468 |     972.52783 |     945.56024 |       0.00000 |     590.14923 |     -36.50000 |     -73.00000 | 
     56.22410 |      66.22374 |      67.15195 |      66.83627 |      64.70155 |      77.27709 |      77.27708 |      29.92000 |      14.88600 |       0.00000 |       0.00000 |       0.00000 |       0.00000 |       0.00000 |     -36.82660 |     -73.09451 |     961.73505 |     934.76733 |       1.00000 |     878.99170 |     -36.50000 |     -73.00000 | 
     62.66040 |      66.25104 |      67.17246 |      67.06178 |      72.10831 |      77.30069 |      77.30068 |      29.92000 |      14.88600 |       0.00000 |       0.00000 |       0.00000 |       0.00000 |       0.00000 |     -36.82632 |     -73.09435 |     954.51294 |     927.55524 |       0.00000 |     937.41736 |     -36.50000 |     -73.00000 | 
     64.52600 |      67.03048 |      67.95428 |      67.76005 |      74.25520 |      78.20039 |      78.20039 |      29.92000 |      14.88600 |       0.00000 |       0.00000 |       0.00000 |       0.00000 |       0.00000 |     -36.82603 |     -73.09418 |     946.06927 |     919.12225 |       0.00000 |     942.49469 |     -36.50000 |     -73.00000 | 
     65.53588 |      67.54605 |      68.46904 |      68.30145 |      75.41735 |      78.79277 |      78.79276 |      29.92000 |      14.88600 |       0.00000 |       0.00000 |       0.00000 |       0.00000 |       0.00000 |     -36.82575 |     -73.09402 |     938.24921 |     911.31244 |       0.00000 |     936.55164 |     -36.50000 |     -73.00000 | 
     66.38345 |      68.06726 |      68.98919 |      68.86555 |      76.39272 |      79.39135 |      79.39136 |      29.92000 |      14.88600 |       0.00000 |       0.00000 |       0.00000 |       0.00000 |       0.00000 |     -36.82546 |     -73.09384 |     930.21429 |     903.28729 |       0.00000 |     928.85779 |     -36.50000 |     -73.00000 | 
     66.91094 |      68.26071 |      69.17902 |      69.10253 |      76.99974 |      79.60980 |      79.60980 |      29.92000 |      14.88600 |       0.00000 |       0.00000 |       0.00000 |       0.00000 |       0.00000 |     -36.82517 |     -73.09367 |     924.10645 |     897.18860 |       0.00000 |     921.42401 |     -36.50000 |     -73.00000 | 
     67.21236 |      68.30724 |      69.22108 |      69.17175 |      77.34661 |      79.65821 |      79.65821 |      29.92000 |      14.88600 |       0.00000 |       0.00000 |       0.00000 |       0.00000 |       0.00000 |     -36.82489 |     -73.09350 |     919.13013 |     892.22083 |       0.00000 |     915.23022 |     -36.50000 |     -73.00000 | 
     67.28644 |      68.14392 |      69.05170 |      69.02711 |      77.43185 |      79.46327 |      79.46329 |      29.92000 |      14.88600 |       0.00000 |       0.00000 |       0.00000 |       0.00000 |       0.00000 |     -36.82460 |     -73.09332 |     915.31482 |     888.41534 |       0.00000 |     910.26099 |     -36.50000 |     -73.00000 | 
     67.05515 |      67.76239 |      68.66273 |      68.64804 |      77.16569 |      79.01566 |      79.01566 |      29.92000 |      14.88600 |       0.00000 |       0.00000 |       0.00000 |       0.00000 |       0.00000 |     -36.82431 |     -73.09315 |     912.99414 |     886.10425 |       0.00000 |     906.54688 |     -36.50000 |     -73.00000 | 
     66.88737 |      67.89147 |      68.78942 |      68.71439 |      76.97262 |      79.16145 |      79.16145 |      29.92000 |      14.88600 |       0.00000 |       0.00000 |       0.00000 |       0.00000 |       0.00000 |     -36.82402 |     -73.09299 |     908.93988 |     882.05914 |       0.00000 |     903.60767 |     -36.50000 |     -73.00000 | 
     66.79473 |      67.84011 |      68.73244 |      68.68834 |      76.86600 |      79.09588 |      79.09589 |      29.92000 |      14.88600 |       0.00000 |       0.00000 |       0.00000 |       0.00000 |       0.00000 |     -36.82373 |     -73.09285 |     904.07452 |     877.20215 |       0.00000 |     899.48627 |     -36.50000 |     -73.00000 | 
     66.54033 |      67.39109 |      68.27370 |      68.24185 |      76.57324 |      78.56797 |      78.56796 |      29.92000 |      14.88600 |       0.00000 |       0.00000 |       0.00000 |       0.00000 |       0.00000 |     -36.82343 |     -73.09270 |     900.28119 |     873.41681 |       0.00000 |     895.07190 |     -36.50000 |     -73.00000 | 
     65.84235 |      66.70231 |      67.57207 |      67.52587 |      75.77003 |      77.76055 |      77.76056 |      29.92000 |      14.88600 |       0.00000 |       0.00000 |       0.00000 |       0.00000 |       0.00000 |     -36.82314 |     -73.09256 |     896.44891 |     869.59167 |       0.00000 |     891.15863 |     -36.50000 |     -73.00000 | 
     65.21606 |      66.46146 |      67.32362 |      67.26981 |      75.04930 |      77.47464 |      77.47464 |      29.92000 |      14.88600 |       0.00000 |       0.00000 |       0.00000 |       0.00000 |       0.00000 |     -36.82285 |     -73.09240 |     891.95172 |     865.10083 |       0.00000 |     887.13916 |     -36.50000 |     -73.00000 | 
     64.87641 |      66.20923 |      67.06419 |      67.03847 |      74.65844 |      77.17609 |      77.17609 |      29.92000 |      14.88600 |       0.00000 |       0.00000 |       0.00000 |       0.00000 |       0.00000 |     -36.82257 |     -73.09222 |     887.97900 |     861.13367 |       0.00000 |     882.84363 |     -36.50000 |     -73.00000 | 
     64.64677 |      66.14763 |      66.99825 |      66.94061 |      74.39417 |      77.10021 |      77.10022 |      29.92000 |      14.88600 |       0.00000 |       0.00000 |       0.00000 |       0.00000 |       0.00000 |     -36.82230 |     -73.09203 |     884.38696 |     857.54645 |       0.00000 |     878.99500 |     -36.50000 |     -73.00000 | 
     64.57812 |      66.25323 |      67.10027 |      67.03265 |      74.31517 |      77.21761 |      77.21762 |      29.92000 |      14.88600 |       0.00000 |       0.00000 |       0.00000 |       0.00000 |       0.00000 |     -36.82204 |     -73.09184 |     879.38794 |     852.55151 |       0.00000 |     874.91107 |     -36.50000 |     -73.00000 | 
     64.74342 |      66.57301 |      67.41826 |      67.31446 |      74.50539 |      77.58355 |      77.58356 |      29.92000 |      14.88600 |       0.00000 |       0.00000 |       0.00000 |       0.00000 |       0.00000 |     -36.82178 |     -73.09163 |     873.47815 |     846.64502 |       0.00000 |     870.02002 |     -36.50000 |     -73.00000 | 
     64.99746 |      66.65788 |      67.49874 |      67.43398 |      74.79774 |      77.67617 |      77.67616 |      29.92000 |      14.88600 |       0.00000 |       0.00000 |       0.00000 |       0.00000 |       0.00000 |     -36.82152 |     -73.09141 |     867.98529 |     841.15485 |       0.00000 |     864.31195 |     -36.50000 |     -73.00000 | 
     65.33205 |      67.03792 |      67.87756 |      67.76220 |      75.18278 |      78.11211 |      78.11211 |      29.92000 |      14.88600 |       0.00000 |       0.00000 |       0.00000 |       0.00000 |       0.00000 |     -36.82126 |     -73.09119 |     861.97107 |     835.14276 |       0.00000 |     858.75238 |     -36.50000 |     -73.00000 | 
     65.77934 |      67.52359 |      68.36217 |      68.21535 |      75.69752 |      78.66978 |      78.66978 |      29.92000 |      14.88600 |       0.00000 |       0.00000 |       0.00000 |       0.00000 |       0.00000 |     -36.82100 |     -73.09098 |     854.87689 |     828.05005 |       0.00000 |     852.59613 |     -36.50000 |     -73.00000 | 
     66.20596 |      67.67426 |      68.50809 |      68.43996 |      76.18846 |      78.83771 |      78.83771 |      29.92000 |      14.88600 |       0.00000 |       0.00000 |       0.00000 |       0.00000 |       0.00000 |     -36.82073 |     -73.09077 |     848.31879 |     821.49280 |       0.00000 |     845.71338 |     -36.50000 |     -73.00000 | 
     66.26653 |      67.31207 |      68.13785 |      68.12481 |      76.25816 |      78.41164 |      78.41164 |      29.92000 |      14.88600 |       0.00000 |       0.00000 |       0.00000 |       0.00000 |       0.00000 |     -36.82047 |     -73.09055 |     844.74854 |     817.92291 |       0.00000 |     839.80127 |     -36.50000 |     -73.00000 | 
     65.85435 |      66.61629 |      67.43234 |      67.43215 |      75.78384 |      77.59975 |      77.59976 |      29.92000 |      14.88600 |       0.00000 |       0.00000 |       0.00000 |       0.00000 |       0.00000 |     -36.82020 |     -73.09035 |     843.53711 |     816.71124 |       0.00000 |     836.21521 |     -36.50000 |     -73.00000 | 
     65.06463 |      65.95206 |      66.76055 |      66.75471 |      74.87504 |      76.82668 |      76.82667 |      29.92000 |      14.88600 |       0.00000 |       0.00000 |       0.00000 |       0.00000 |       0.00000 |     -36.81993 |     -73.09014 |     844.14075 |     817.31403 |       0.00000 |     834.87048 |     -36.50000 |     -73.00000 | 
     64.16972 |      65.18562 |      65.98699 |      65.96473 |      73.84520 |      75.93648 |      75.93648 |      29.92000 |      14.88600 |       0.00000 |       0.00000 |       0.00000 |       0.00000 |       0.00000 |     -36.81967 |     -73.08994 |     846.47931 |     819.65118 |       0.00000 |     835.44531 |     -36.50000 |     -73.00000 | 
     63.27620 |      64.53974 |      65.33544 |      65.32881 |      72.81695 |      75.18669 |      75.18669 |      29.92000 |      14.88600 |       0.00000 |       0.00000 |       0.00000 |       0.00000 |       0.00000 |     -36.81941 |     -73.08975 |     848.83002 |     822.00006 |       0.00000 |     837.48322 |     -36.50000 |     -73.00000 | 
     62.39136 |      63.83171 |      64.61975 |      64.61543 |      71.79870 |      74.36309 |      74.36309 |      29.92000 |      14.88600 |       0.00000 |       0.00000 |       0.00000 |       0.00000 |       0.00000 |     -36.81915 |     -73.08956 |     849.95758 |     823.12524 |       0.00000 |     839.42657 |     -36.50000 |     -73.00000 | 
     61.33117 |      62.90034 |      63.67846 |      63.66637 |      70.57866 |      73.27986 |      73.27986 |      29.92000 |      14.88600 |       0.00000 |       0.00000 |       0.00000 |       0.00000 |       0.00000 |     -36.81888 |     -73.08939 |     851.64307 |     824.80786 |       0.00000 |     840.86938 |     -36.50000 |     -73.00000 | 
     60.00650 |      61.69730 |      62.46301 |      62.43047 |      69.05425 |      71.88116 |      71.88116 |      29.92000 |      14.88600 |       0.00000 |       0.00000 |       0.00000 |       0.00000 |       0.00000 |     -36.81862 |     -73.08923 |     854.33771 |     827.49921 |       0.00000 |     842.70453 |     -36.50000 |     -73.00000 | 
     58.22698 |      60.07578 |      60.82528 |      60.74520 |      67.00641 |      69.99648 |      69.99648 |      29.92000 |      14.88600 |       0.00000 |       0.00000 |       0.00000 |       0.00000 |       0.00000 |     -36.81837 |     -73.08907 |     858.69690 |     831.85480 |       0.00000 |     845.55914 |     -36.50000 |     -73.00000 | 
     56.00091 |      58.14346 |      58.87398 |      58.74760 |      64.44469 |      67.75097 |      67.75097 |      29.92000 |      14.88600 |       0.00000 |       0.00000 |       0.00000 |       0.00000 |       0.00000 |     -36.81812 |     -73.08891 |     864.60797 |     837.76178 |       0.00000 |     849.93921 |     -36.50000 |     -73.00000 | 
     53.32646 |      55.90133 |      56.60955 |      56.43993 |      61.36699 |      65.14511 |      65.14511 |      29.92000 |      14.88600 |       0.00000 |       0.00000 |       0.00000 |       0.00000 |       0.00000 |     -36.81789 |     -73.08876 |     871.65967 |     844.80914 |       0.00000 |     855.78864 |     -36.50000 |     -73.00000 | 
     50.35873 |      53.63050 |      54.31576 |      54.16074 |      57.95180 |      62.50546 |      62.50546 |      29.92000 |      14.88600 |       0.00000 |       0.00000 |       0.00000 |       0.00000 |       0.00000 |     -36.81766 |     -73.08861 |     878.91437 |     852.05920 |       0.00000 |     862.64276 |     -36.50000 |     -73.00000 | 
     48.01659 |      52.69368 |      53.37025 |      53.36980 |      55.25651 |      61.41739 |      61.41739 |      29.92000 |      14.88600 |       0.00000 |       0.00000 |       0.00000 |       0.00000 |       0.00000 |     -36.81744 |     -73.08845 |     883.06781 |     856.20758 |       0.00000 |     869.38184 |     -36.50000 |     -73.00000 | 
     47.38431 |      53.54523 |      54.22879 |      54.06351 |      54.52889 |      62.40538 |      62.40538 |      29.92000 |      14.88600 |       0.00000 |       0.00000 |       0.00000 |       0.00000 |       0.00000 |     -36.81723 |     -73.08829 |     878.13867 |     851.27295 |       0.00000 |     871.89197 |     -36.50000 |     -73.00000 | 
     47.43535 |      54.07954 |      54.76451 |      54.60538 |      54.58763 |      63.02187 |      63.02187 |      29.92000 |      14.88600 |       0.00000 |       0.00000 |       0.00000 |       0.00000 |       0.00000 |     -36.81702 |     -73.08813 |     871.42047 |     844.54852 |       0.00000 |     868.16608 |     -36.50000 |     -73.00000 | 
     48.39976 |      55.16922 |      55.86102 |      55.57590 |      55.69745 |      64.28371 |      64.28371 |      29.92000 |      14.88600 |       0.00000 |       0.00000 |       0.00000 |       0.00000 |       0.00000 |     -36.81680 |     -73.08797 |     862.94696 |     836.06836 |       0.00000 |     861.75836 |     -36.50000 |     -73.00000 | 
     49.66816 |      56.29190 |      56.98929 |      56.66612 |      57.15709 |      65.58211 |      65.58210 |      29.92000 |      14.88600 |       0.00000 |       0.00000 |       0.00000 |       0.00000 |       0.00000 |     -36.81657 |     -73.08780 |     852.83722 |     825.95135 |       0.00000 |     853.31934 |     -36.50000 |     -73.00000 | 
     50.69620 |      56.24682 |      56.93545 |      56.65292 |      58.34015 |      65.52015 |      65.52015 |      29.92000 |      14.88600 |       0.00000 |       0.00000 |       0.00000 |       0.00000 |       0.00000 |     -36.81635 |     -73.08762 |     843.05634 |     816.16272 |       0.00000 |     843.60492 |     -36.50000 |     -73.00000 | 
     50.98283 |      56.55038 |      57.23425 |      56.88879 |      58.67000 |      65.86400 |      65.86400 |      29.92000 |      14.88600 |       0.00000 |       0.00000 |       0.00000 |       0.00000 |       0.00000 |     -36.81613 |     -73.08746 |     833.00128 |     806.09943 |       0.00000 |     833.86237 |     -36.50000 |     -73.00000 | 
     51.64436 |      57.54681 |      58.23375 |      57.94287 |      59.43127 |      67.01421 |      67.01421 |      29.92000 |      14.88600 |       0.00000 |       0.00000 |       0.00000 |       0.00000 |       0.00000 |     -36.81590 |     -73.08728 |     822.52631 |     795.61566 |       0.00000 |     823.67365 |     -36.50000 |     -73.00000 | 
     52.51189 |      58.00588 |      58.69112 |      58.57524 |      60.42960 |      67.54053 |      67.54053 |      29.92000 |      14.88600 |       0.00000 |       0.00000 |       0.00000 |       0.00000 |       0.00000 |     -36.81568 |     -73.08709 |     814.20526 |     787.28522 |       0.00000 |     813.65283 |     -36.50000 |     -73.00000 | 
     53.26399 |      58.43953 |      59.12475 |      58.98117 |      61.29510 |      68.03955 |      68.03955 |      29.92000 |      14.88600 |       0.00000 |       0.00000 |       0.00000 |       0.00000 |       0.00000 |     -36.81545 |     -73.08690 |     808.29645 |     781.36639 |       0.00000 |     805.73181 |     -36.50000 |     -73.00000 | 
     54.26427 |      59.39143 |      60.08063 |      59.84201 |      62.44621 |      69.13956 |      69.13956 |      29.92000 |      14.88600 |       0.00000 |       0.00000 |       0.00000 |       0.00000 |       0.00000 |     -36.81522 |     -73.08670 |     800.17230 |     773.23163 |       0.00000 |     798.77460 |     -36.50000 |     -73.00000 | 
     55.37150 |      60.19026 |      60.88082 |      60.69719 |      63.72038 |      70.06040 |      70.06039 |      29.92000 |      14.88600 |       0.00000 |       0.00000 |       0.00000 |       0.00000 |       0.00000 |     -36.81500 |     -73.08650 |     791.33588 |     764.05469 |       0.00000 |     790.73657 |     -36.50000 |     -73.00000 | 
     56.16830 |      60.39891 |      61.08599 |      61.01078 |      64.63732 |      70.29650 |      70.29651 |      29.92000 |      14.88600 |       0.00000 |       0.00000 |       0.00000 |       0.00000 |       0.00000 |     -36.81477 |     -73.08630 |     784.79755 |     756.02118 |       0.00000 |     782.57410 |     -36.50000 |     -73.00000 | 
     56.43480 |      60.17405 |      60.85518 |      60.83166 |      64.94401 |      70.03090 |      70.03089 |      29.92000 |      14.88600 |       0.00000 |       0.00000 |       0.00000 |       0.00000 |       0.00000 |     -36.81454 |     -73.08611 |     781.00970 |     750.74542 |       0.00000 |     776.32227 |     -36.50000 |     -73.00000 | 
     56.29403 |      59.82271 |      60.49770 |      60.48676 |      64.78202 |      69.61951 |      69.61950 |      29.92000 |      14.88600 |       0.00000 |       0.00000 |       0.00000 |       0.00000 |       0.00000 |     -36.81430 |     -73.08591 |     778.57330 |     746.81183 |       0.00000 |     772.26526 |     -36.50000 |     -73.00000 | 
     55.82641 |      59.24148 |      59.90866 |      59.90585 |      64.24389 |      68.94166 |      68.94166 |      29.92000 |      14.88600 |       0.00000 |       0.00000 |       0.00000 |       0.00000 |       0.00000 |     -36.81407 |     -73.08572 |     777.15436 |     744.20618 |       0.00000 |     769.71906 |     -36.50000 |     -73.00000 | 
     55.04837 |      58.39659 |      59.05370 |      59.05311 |      63.34854 |      67.95779 |      67.95779 |      29.92000 |      14.88600 |       0.00000 |       0.00000 |       0.00000 |       0.00000 |       0.00000 |     -36.81384 |     -73.08553 |     776.51154 |     742.72113 |       0.00000 |     768.22925 |     -36.50000 |     -73.00000 | 
     53.97578 |      57.43130 |      58.07709 |      58.07534 |      62.11422 |      66.83392 |      66.83392 |      29.92000 |      14.88600 |       0.00000 |       0.00000 |       0.00000 |       0.00000 |       0.00000 |     -36.81361 |     -73.08536 |     775.97418 |     737.76068 |       1.00000 |     767.44312 |     -36.50000 |     -73.00000 | 
     52.84230 |      56.79748 |      57.43520 |      57.42852 |      60.80984 |      66.09525 |      66.09525 |      29.92000 |      14.88600 |       0.00000 |       0.00000 |       0.00000 |       0.00000 |       0.00000 |     -36.81338 |     -73.08518 |     774.85901 |     731.67151 |       1.00000 |     766.72852 |     -36.50000 |     -73.00000 | 
     51.98765 |      56.44753 |      57.07975 |      57.06454 |      59.82632 |      65.68620 |      65.68621 |      29.92000 |      14.88600 |       0.00000 |       0.00000 |       0.00000 |       0.00000 |       0.00000 |     -36.81315 |     -73.08502 |     772.98688 |     724.82202 |       1.00000 |     765.52917 |     -36.50000 |     -73.00000 | 
     51.50552 |      56.40576 |      57.03540 |      57.01208 |      59.27150 |      65.63517 |      65.63517 |      29.92000 |      14.88600 |       0.00000 |       0.00000 |       0.00000 |       0.00000 |       0.00000 |     -36.81292 |     -73.08487 |     770.46503 |     718.66187 |       1.00000 |     763.65784 |     -36.50000 |     -73.00000 | 
     51.52671 |      56.81351 |      57.44490 |      57.39204 |      59.29588 |      66.10641 |      66.10641 |      29.92000 |      14.88600 |       0.00000 |       0.00000 |       0.00000 |       0.00000 |       0.00000 |     -36.81268 |     -73.08472 |     767.13629 |     712.36200 |       1.00000 |     761.15118 |     -36.50000 |     -73.00000 | 
     52.13655 |      57.64546 |      58.28166 |      58.16274 |      59.99768 |      67.06934 |      67.06934 |      29.92000 |      14.88600 |       0.00000 |       0.00000 |       0.00000 |       0.00000 |       0.00000 |     -36.81244 |     -73.08459 |     761.96088 |     706.12396 |       1.00000 |     757.59247 |     -36.50000 |     -73.00000 | 
     53.12168 |      58.60551 |      59.24646 |      59.12103 |      61.13134 |      68.17962 |      68.17962 |      29.92000 |      14.88600 |       0.00000 |       0.00000 |       0.00000 |       0.00000 |       0.00000 |     -36.81218 |     -73.08447 |     755.23694 |     699.71350 |       1.00000 |     752.30371 |     -36.50000 |     -73.00000 | 
     54.27922 |      59.75978 |      60.40762 |      60.27127 |      62.46342 |      69.51585 |      69.51585 |      29.92000 |      14.88600 |       0.00000 |       0.00000 |       0.00000 |       0.00000 |       0.00000 |     -36.81192 |     -73.08436 |     748.77838 |     693.58978 |       1.00000 |     746.09680 |     -36.50000 |     -73.00000 | 
     55.99823 |      61.35096 |      62.00909 |      61.80550 |      64.44161 |      71.35879 |      71.35879 |      29.92000 |      14.88600 |       0.00000 |       0.00000 |       0.00000 |       0.00000 |       0.00000 |     -36.81165 |     -73.08426 |     741.12769 |     686.30347 |       1.00000 |     739.41003 |     -36.50000 |     -73.00000 | 
     58.10846 |      63.04935 |      63.71743 |      63.49090 |      66.87002 |      73.32471 |      73.32471 |      29.92000 |      14.88600 |       0.00000 |       0.00000 |       0.00000 |       0.00000 |       0.00000 |     -36.81137 |     -73.08417 |     732.28217 |     677.84821 |       1.00000 |     731.70020 |     -36.50000 |     -73.00000 | 
     60.13874 |      64.31194 |      64.98567 |      64.86781 |      69.20642 |      74.78418 |      74.78418 |      29.92000 |      14.88600 |       0.00000 |       0.00000 |       0.00000 |       0.00000 |       0.00000 |     -36.81108 |     -73.08408 |     724.19330 |     670.17786 |       1.00000 |     723.14368 |     -36.50000 |     -73.00000 | 
     61.68491 |      65.09837 |      65.77516 |      65.73083 |      70.98573 |      75.69270 |      75.69270 |      29.92000 |      14.88600 |       0.00000 |       0.00000 |       0.00000 |       0.00000 |       0.00000 |     -36.81079 |     -73.08400 |     718.81897 |     665.23859 |       1.00000 |     715.65277 |     -36.50000 |     -73.00000 | 
     62.51879 |      65.03178 |      65.70638 |      65.70471 |      71.94534 |      75.61356 |      75.61359 |      29.92000 |      14.88600 |       0.00000 |       0.00000 |       0.00000 |       0.00000 |       0.00000 |     -36.81049 |     -73.08393 |     717.26825 |     664.13672 |       1.00000 |     710.51660 |     -36.50000 |     -73.00000 | 
     62.62822 |      64.62403 |      65.29633 |      65.27227 |      72.07127 |      75.14167 |      75.14167 |      29.92000 |      14.88600 |       0.00000 |       0.00000 |       0.00000 |       0.00000 |       0.00000 |     -36.81020 |     -73.08385 |     719.28595 |     667.66895 |       1.00000 |     709.06573 |     -36.50000 |     -73.00000 | 
     62.16053 |      63.78873 |      64.45636 |      64.36745 |      71.53306 |      74.17506 |      74.17506 |      29.92000 |      14.88600 |       0.00000 |       0.00000 |       0.00000 |       0.00000 |       0.00000 |     -36.80990 |     -73.08379 |     723.54041 |     673.84393 |       1.00000 |     710.74011 |     -36.50000 |     -73.00000 | 
     61.18069 |      62.80806 |      63.47126 |      63.37165 |      70.40548 |      73.04143 |      73.04144 |      29.92000 |      14.88600 |       0.00000 |       0.00000 |       0.00000 |       0.00000 |       0.00000 |     -36.80961 |     -73.08372 |     729.81506 |     682.02264 |       1.00000 |     715.02295 |     -36.50000 |     -73.00000 | 
     60.00532 |      61.83227 |      62.49073 |      62.37773 |      69.05289 |      71.91306 |      71.91306 |      29.92000 |      14.88600 |       0.00000 |       0.00000 |       0.00000 |       0.00000 |       0.00000 |     -36.80933 |     -73.08365 |     735.88092 |     689.95795 |       1.00000 |     720.71808 |     -36.50000 |     -73.00000 | 
     58.63749 |      60.70758 |      61.36000 |      61.23058 |      67.47882 |      70.61183 |      70.61183 |      29.92000 |      14.88600 |       0.00000 |       0.00000 |       0.00000 |       0.00000 |       0.00000 |     -36.80904 |     -73.08358 |     742.47351 |     698.39606 |       1.00000 |     726.86743 |     -36.50000 |     -73.00000 | 
     57.17198 |      59.59312 |      60.23947 |      60.11821 |      65.79234 |      69.32234 |      69.32235 |      29.92000 |      14.88600 |       0.00000 |       0.00000 |       0.00000 |       0.00000 |       0.00000 |     -36.80877 |     -73.08352 |     749.15253 |     706.90479 |       1.00000 |     733.41931 |     -36.50000 |     -73.00000 | 
     55.76618 |      58.58619 |      59.22691 |      59.12859 |      64.17458 |      68.15711 |      68.15712 |      29.92000 |      14.88600 |       0.00000 |       0.00000 |       0.00000 |       0.00000 |       0.00000 |     -36.80850 |     -73.08347 |     755.23767 |     714.78235 |       1.00000 |     739.88953 |     -36.50000 |     -73.00000 | 
     54.41960 |      57.74849 |      58.38457 |      58.32006 |      62.62496 |      67.18777 |      67.18777 |      29.92000 |      14.88600 |       0.00000 |       0.00000 |       0.00000 |       0.00000 |       0.00000 |     -36.80823 |     -73.08341 |     760.50964 |     721.85608 |       1.00000 |     745.94135 |     -36.50000 |     -73.00000 | 
     53.34944 |      57.18721 |      57.82039 |      57.79057 |      61.39344 |      66.53852 |      66.53852 |      29.92000 |      14.88600 |       0.00000 |       0.00000 |       0.00000 |       0.00000 |       0.00000 |     -36.80796 |     -73.08337 |     764.37457 |     727.50452 |       1.00000 |     751.03101 |     -36.50000 |     -73.00000 | 
     52.55733 |      56.86844 |      57.50011 |      57.49092 |      60.48190 |      66.16995 |      66.16995 |      29.92000 |      14.88600 |       0.00000 |       0.00000 |       0.00000 |       0.00000 |       0.00000 |     -36.80770 |     -73.08333 |     766.77319 |     731.70300 |       1.00000 |     754.84912 |     -36.50000 |     -73.00000 | 
     52.05042 |      56.57545 |      57.20479 |      57.20431 |      59.89856 |      65.83010 |      65.83011 |      29.92000 |      14.88600 |       0.00000 |       0.00000 |       0.00000 |       0.00000 |       0.00000 |     -36.80744 |     -73.08330 |     767.86023 |     733.26855 |       1.00000 |     757.27838 |     -36.50000 |     -73.00000 | 
     51.16380 |      55.00593 |      55.61676 |      55.57579 |      58.87825 |      64.00262 |      64.00263 |      29.92000 |      14.88600 |       0.00000 |       0.00000 |       0.00000 |       0.00000 |       0.00000 |     -36.80718 |     -73.08327 |     766.57349 |     727.89264 |       1.00000 |     758.24353 |     -36.50000 |     -73.00000 | 
     50.42077 |      56.70554 |      57.33009 |      57.13222 |      58.02319 |      65.97429 |      65.97429 |      29.92000 |      14.88600 |       0.00000 |       0.00000 |       0.00000 |       0.00000 |       0.00000 |     -36.80692 |     -73.08324 |     760.43311 |     717.70374 |       1.00000 |     756.31378 |     -36.50000 |     -73.00000 | 
     52.59553 |      60.37905 |      61.03690 |      60.89660 |      60.52586 |      70.24002 |      70.24002 |      29.92000 |      14.88600 |       0.00000 |       0.00000 |       0.00000 |       0.00000 |       0.00000 |     -36.80665 |     -73.08322 |     752.46112 |     705.50946 |       1.00000 |     750.60406 |     -36.50000 |     -73.00000 | 
     56.11470 |      62.73009 |      63.40953 |      63.40659 |      64.57564 |      72.97039 |      72.97039 |      29.92000 |      14.88600 |       0.00000 |       0.00000 |       0.00000 |       0.00000 |       0.00000 |     -36.80636 |     -73.08319 |     748.13556 |     696.66870 |       1.00000 |     743.76746 |     -36.50000 |     -73.00000 | 
     58.79525 |      63.75927 |      64.45255 |      64.32497 |      67.66036 |      74.17066 |      74.17066 |      29.92000 |      14.88600 |       0.00000 |       0.00000 |       0.00000 |       0.00000 |       0.00000 |     -36.80606 |     -73.08317 |     750.98016 |     694.93579 |       1.00000 |     740.48083 |     -36.50000 |     -73.00000 | 
     60.16300 |      63.46141 |      64.16177 |      63.57158 |      69.23434 |      73.83605 |      73.83605 |      29.92000 |      14.88600 |       0.00000 |       0.00000 |       0.00000 |       0.00000 |       0.00000 |     -36.80577 |     -73.08315 |     761.95465 |     701.41998 |       1.00000 |     743.75146 |     -36.50000 |     -73.00000 | 
     60.48674 |      63.17311 |      63.88458 |      63.26474 |      69.60690 |      73.51707 |      73.51707 |      29.92000 |      14.88600 |       0.00000 |       0.00000 |       0.00000 |       0.00000 |       0.00000 |     -36.80547 |     -73.08313 |     777.19318 |     712.18378 |       1.00000 |     754.26752 |     -36.50000 |     -73.00000 | 
     60.39238 |      63.03479 |      63.75846 |      63.18039 |      69.49831 |      73.37193 |      73.37193 |      29.92000 |      14.88600 |       0.00000 |       0.00000 |       0.00000 |       0.00000 |       0.00000 |     -36.80518 |     -73.08312 |     791.86816 |     722.44629 |       1.00000 |     768.21356 |     -36.50000 |     -73.00000 | 
     60.22829 |      62.94724 |      63.68329 |      63.13165 |      69.30949 |      73.28542 |      73.28542 |      29.92000 |      14.88600 |       0.00000 |       0.00000 |       0.00000 |       0.00000 |       0.00000 |     -36.80489 |     -73.08311 |     806.17072 |     732.37726 |       1.00000 |     782.70142 |     -36.50000 |     -73.00000 | 
     60.18015 |      63.04786 |      63.79794 |      63.33834 |      69.25408 |      73.41736 |      73.41736 |      29.92000 |      14.88600 |       0.00000 |       0.00000 |       0.00000 |       0.00000 |       0.00000 |     -36.80460 |     -73.08311 |     819.85480 |     742.58179 |       1.00000 |     796.99701 |     -36.50000 |     -73.00000 | 
     60.31604 |      63.22640 |      63.99041 |      63.53360 |      69.41045 |      73.63885 |      73.63885 |      29.92000 |      14.88600 |       0.00000 |       0.00000 |       0.00000 |       0.00000 |       0.00000 |     -36.80430 |     -73.08311 |     832.39685 |     757.02350 |       1.00000 |     810.43750 |     -36.50000 |     -73.00000 | 
     60.43745 |      63.30909 |      64.08628 |      63.62381 |      69.55018 |      73.74918 |      73.74918 |      29.92000 |      14.88600 |       0.00000 |       0.00000 |       0.00000 |       0.00000 |       0.00000 |     -36.80401 |     -73.08313 |     845.31238 |     771.86847 |       1.00000 |     823.24268 |     -36.50000 |     -73.00000 | 
     60.47777 |      63.25908 |      64.04829 |      63.53177 |      69.59657 |      73.70547 |      73.70546 |      29.92000 |      14.88600 |       0.00000 |       0.00000 |       0.00000 |       0.00000 |       0.00000 |     -36.80371 |     -73.08316 |     858.70557 |     787.26123 |       1.00000 |     836.31476 |     -36.50000 |     -73.00000 | 
     60.33038 |      63.06938 |      63.86950 |      63.30007 |      69.42696 |      73.49970 |      73.49970 |      29.92000 |      14.88600 |       0.00000 |       0.00000 |       0.00000 |       0.00000 |       0.00000 |     -36.80342 |     -73.08320 |     872.81061 |     803.39178 |       1.00000 |     849.78369 |     -36.50000 |     -73.00000 | 
     60.11174 |      62.82481 |      63.63553 |      63.03338 |      69.17535 |      73.23046 |      73.23048 |      29.92000 |      14.88600 |       0.00000 |       0.00000 |       0.00000 |       0.00000 |       0.00000 |     -36.80313 |     -73.08324 |     887.42816 |     820.04779 |       1.00000 |     863.83514 |     -36.50000 |     -73.00000 | 
     59.91936 |      62.67059 |      63.49301 |      62.91914 |      68.95396 |      73.06645 |      73.06647 |      29.92000 |      14.88600 |       0.00000 |       0.00000 |       0.00000 |       0.00000 |       0.00000 |     -36.80285 |     -73.08330 |     902.04858 |     836.72687 |       1.00000 |     878.36121 |     -36.50000 |     -73.00000 | 
     59.73987 |      62.64298 |      63.47800 |      62.96541 |      68.74742 |      73.04919 |      73.04919 |      29.92000 |      14.88600 |       0.00000 |       0.00000 |       0.00000 |       0.00000 |       0.00000 |     -36.80256 |     -73.08335 |     915.90210 |     851.96100 |       1.00000 |     892.83807 |     -36.50000 |     -73.00000 | 
     59.32003 |      61.96396 |      62.80395 |      61.97467 |      68.26427 |      72.27350 |      72.27351 |      29.92000 |      14.88600 |       0.00000 |       0.00000 |       0.00000 |       0.00000 |       0.00000 |     -36.80227 |     -73.08341 |     931.02661 |     867.01910 |       1.00000 |     906.86865 |     -36.50000 |     -73.00000 | 
     58.28739 |      60.64596 |      61.48524 |      60.32218 |      67.07593 |      70.75595 |      70.75595 |      29.92000 |      14.88600 |       0.00000 |       0.00000 |       0.00000 |       0.00000 |       0.00000 |     -36.80199 |     -73.08347 |     949.93518 |     886.31677 |       1.00000 |     922.80078 |     -36.50000 |     -73.00000 | 
     56.64393 |      59.01662 |      59.85181 |      58.49283 |      65.18468 |      68.87623 |      68.87623 |      29.92000 |      14.88600 |       0.00000 |       0.00000 |       0.00000 |       0.00000 |       0.00000 |     -36.80172 |     -73.08353 |     970.81213 |     907.56934 |       1.00000 |     941.41614 |     -36.50000 |     -73.00000 | 
     54.71879 |      57.57058 |      58.40324 |      57.20694 |      62.96926 |      67.20924 |      67.20924 |      29.92000 |      14.88600 |       0.00000 |       0.00000 |       0.00000 |       0.00000 |       0.00000 |     -36.80146 |     -73.08360 |     991.63586 |     929.50946 |       1.00000 |     961.79498 |     -36.50000 |     -73.00000 | 
     53.04952 |      56.64053 |      57.47537 |      56.58324 |      61.04830 |      66.14148 |      66.14147 |      29.92000 |      14.88600 |       0.00000 |       0.00000 |       0.00000 |       0.00000 |       0.00000 |     -36.80120 |     -73.08365 |    1010.15594 |     949.31775 |       1.00000 |     982.12354 |     -36.50000 |     -73.00000 | 
     51.90593 |      56.25316 |      57.09528 |      56.48492 |      59.73228 |      65.70409 |      65.70409 |      29.92000 |      14.88600 |       0.00000 |       0.00000 |       0.00000 |       0.00000 |       0.00000 |     -36.80095 |     -73.08371 |    1025.65808 |     966.08844 |       1.00000 |    1000.31281 |     -36.50000 |     -73.00000 | 
     51.41043 |      56.43200 |      57.28740 |      56.91518 |      59.16206 |      65.92516 |      65.92516 |      29.92000 |      14.88600 |       0.00000 |       0.00000 |       0.00000 |       0.00000 |       0.00000 |     -36.80069 |     -73.08378 |    1038.23779 |     979.93536 |       1.00000 |    1015.81946 |     -36.50000 |     -73.00000 | 
     51.75012 |      57.39084 |      58.26858 |      58.12281 |      59.55298 |      67.05428 |      67.05429 |      29.92000 |      14.88600 |       0.00000 |       0.00000 |       0.00000 |       0.00000 |       0.00000 |     -36.80043 |     -73.08385 |    1047.33618 |     990.03101 |       1.00000 |    1028.35217 |     -36.50000 |     -73.00000 | 
     52.98729 |      59.00664 |      59.91368 |      59.87492 |      60.97668 |      68.94744 |      68.94744 |      29.92000 |      14.88600 |       0.00000 |       0.00000 |       0.00000 |       0.00000 |       0.00000 |     -36.80016 |     -73.08393 |    1052.55505 |     996.06604 |       1.00000 |    1037.26099 |     -36.50000 |     -73.00000 | 
     54.88755 |      60.85786 |      61.79606 |      61.78121 |      63.16347 |      71.11364 |      71.11365 |      29.92000 |      14.88600 |       0.00000 |       0.00000 |       0.00000 |       0.00000 |       0.00000 |     -36.79989 |     -73.08402 |    1055.52307 |     999.79779 |       1.00000 |    1042.72620 |     -36.50000 |     -73.00000 | 
     57.38180 |      62.98778 |      63.96036 |      63.95585 |      66.03380 |      73.60427 |      73.60427 |      29.92000 |      14.88600 |       0.00000 |       0.00000 |       0.00000 |       0.00000 |       0.00000 |     -36.79961 |     -73.08412 |    1057.16431 |    1001.67682 |       1.00000 |    1045.97791 |     -36.50000 |     -73.00000 | 
     59.99537 |      64.79998 |      65.80275 |      65.77071 |      69.04144 |      75.72446 |      75.72446 |      29.92000 |      14.88600 |       0.00000 |       0.00000 |       0.00000 |       0.00000 |       0.00000 |     -36.79932 |     -73.08424 |    1059.45020 |    1003.60168 |       1.00000 |    1048.01575 |     -36.50000 |     -73.00000 | 
     62.24434 |      66.08808 |      67.11576 |      66.99277 |      71.62950 |      77.23544 |      77.23544 |      29.92000 |      14.88600 |       0.00000 |       0.00000 |       0.00000 |       0.00000 |       0.00000 |     -36.79903 |     -73.08437 |    1064.49829 |    1008.28046 |       1.00000 |    1050.82922 |     -36.50000 |     -73.00000 | 
     63.92717 |      66.71896 |      67.76524 |      67.46903 |      73.56607 |      77.98284 |      77.98284 |      29.92000 |      14.88600 |       0.00000 |       0.00000 |       0.00000 |       0.00000 |       0.00000 |     -36.79874 |     -73.08451 |    1073.31555 |    1016.71783 |       1.00000 |    1056.24243 |     -36.50000 |     -73.00000 | 
     64.78116 |      66.68262 |      67.74084 |      67.21459 |      74.54883 |      77.95478 |      77.95480 |      29.92000 |      14.88600 |       0.00000 |       0.00000 |       0.00000 |       0.00000 |       0.00000 |     -36.79846 |     -73.08466 |    1085.86646 |    1028.88586 |       1.00000 |    1065.15186 |     -36.50000 |     -73.00000 | 
     64.80941 |      66.13798 |      67.20310 |      66.43140 |      74.58134 |      77.33595 |      77.33595 |      29.92000 |      14.88600 |       0.00000 |       0.00000 |       0.00000 |       0.00000 |       0.00000 |     -36.79818 |     -73.08483 |    1101.58887 |    1044.16150 |       1.00000 |    1077.50476 |     -36.50000 |     -73.00000 | 
     64.35292 |      65.67373 |      66.74804 |      66.05055 |      74.05602 |      76.81227 |      76.81227 |      29.92000 |      14.88600 |       0.00000 |       0.00000 |       0.00000 |       0.00000 |       0.00000 |     -36.79791 |     -73.08501 |    1118.54114 |    1060.56934 |       1.00000 |    1092.92737 |     -36.50000 |     -73.00000 | 
     63.91396 |      65.65223 |      66.74078 |      66.25809 |      73.55087 |      76.80392 |      76.80392 |      29.92000 |      14.88600 |       0.00000 |       0.00000 |       0.00000 |       0.00000 |       0.00000 |     -36.79765 |     -73.08521 |    1133.36206 |    1074.84351 |       1.00000 |    1109.07263 |     -36.50000 |     -73.00000 | 
     63.62197 |      65.75014 |      66.85326 |      66.42777 |      73.21487 |      76.93336 |      76.93337 |      29.92000 |      14.88600 |       0.00000 |       0.00000 |       0.00000 |       0.00000 |       0.00000 |     -36.79739 |     -73.08540 |    1146.50671 |    1087.43530 |       1.00000 |    1123.81543 |     -36.50000 |     -73.00000 | 
     63.79358 |      66.05450 |      67.17496 |      66.80151 |      73.41235 |      77.30357 |      77.30357 |      29.92000 |      14.88600 |       0.00000 |       0.00000 |       0.00000 |       0.00000 |       0.00000 |     -36.79713 |     -73.08562 |    1158.86365 |    1099.23389 |       1.00000 |    1137.20508 |     -36.50000 |     -73.00000 | 
     64.27592 |      66.47834 |      67.61754 |      67.28608 |      73.96741 |      77.81288 |      77.81288 |      29.92000 |      14.88600 |       0.00000 |       0.00000 |       0.00000 |       0.00000 |       0.00000 |     -36.79687 |     -73.08582 |    1170.43311 |    1110.24756 |       1.00000 |    1149.49377 |     -36.50000 |     -73.00000 | 
     64.77875 |      66.87401 |      68.03133 |      67.68570 |      74.54605 |      78.28906 |      78.28906 |      29.92000 |      14.88600 |       0.00000 |       0.00000 |       0.00000 |       0.00000 |       0.00000 |     -36.79661 |     -73.08604 |    1181.72424 |    1120.97559 |       1.00000 |    1161.16089 |     -36.50000 |     -73.00000 | 
     65.24728 |      67.15063 |      68.32472 |      67.93642 |      75.08524 |      78.62669 |      78.62669 |      29.92000 |      14.88600 |       0.00000 |       0.00000 |       0.00000 |       0.00000 |       0.00000 |     -36.79634 |     -73.08625 |    1193.59937 |    1131.40002 |       1.00000 |    1172.64270 |     -36.50000 |     -73.00000 | 
     65.74207 |      67.59954 |      68.79350 |      68.50020 |      75.65462 |      79.16614 |      79.16613 |      29.92000 |      14.88600 |       0.00000 |       0.00000 |       0.00000 |       0.00000 |       0.00000 |     -36.79608 |     -73.08646 |    1205.42004 |    1140.55688 |       1.00000 |    1184.55249 |     -36.50000 |     -73.00000 | 
     66.38351 |      68.20809 |      69.42364 |      69.16196 |      76.39278 |      79.89130 |      79.89130 |      29.92000 |      14.88600 |       0.00000 |       0.00000 |       0.00000 |       0.00000 |       0.00000 |     -36.79581 |     -73.08669 |    1216.01245 |    1151.16748 |       1.00000 |    1196.09473 |     -36.50000 |     -73.00000 | 
     67.23035 |      69.07515 |      70.31597 |      70.14109 |      77.36730 |      80.91817 |      80.91817 |      29.92000 |      14.88600 |       0.00000 |       0.00000 |       0.00000 |       0.00000 |       0.00000 |     -36.79554 |     -73.08691 |    1225.45398 |    1161.51587 |       1.00000 |    1206.69580 |     -36.50000 |     -73.00000 | 
     68.46394 |      70.38176 |      71.65352 |      71.58030 |      78.78690 |      82.45740 |      82.45739 |      29.92000 |      14.88600 |       0.00000 |       0.00000 |       0.00000 |       0.00000 |       0.00000 |     -36.79527 |     -73.08714 |    1232.49939 |    1169.04797 |       1.00000 |    1215.87708 |     -36.50000 |     -73.00000 | 
     70.19315 |      72.20044 |      73.50913 |      73.50008 |      80.77683 |      84.59280 |      84.59280 |      29.92000 |      14.88600 |       0.00000 |       0.00000 |       0.00000 |       0.00000 |       0.00000 |     -36.79499 |     -73.08737 |    1236.24902 |    1171.24219 |       1.00000 |    1222.64111 |     -36.50000 |     -73.00000 | 
     72.05609 |      74.52341 |      75.87436 |      75.86848 |      82.92067 |      87.31465 |      87.31465 |      29.92000 |      14.88600 |       0.00000 |       0.00000 |       0.00000 |       0.00000 |       0.00000 |     -36.79470 |     -73.08762 |    1236.37415 |    1170.31580 |       1.00000 |    1226.25891 |     -36.50000 |     -73.00000 | 
     74.32214 |      77.09202 |      78.48627 |      78.45488 |      85.52839 |      90.32040 |      90.32041 |      29.92000 |      14.88600 |       0.00000 |       0.00000 |       0.00000 |       0.00000 |       0.00000 |     -36.79441 |     -73.08787 |    1233.57056 |    1166.76135 |       1.00000 |    1226.44226 |     -36.50000 |     -73.00000 | 
     76.86679 |      79.70242 |      81.13891 |      81.09869 |      88.45673 |      93.37299 |      93.37299 |      29.92000 |      14.88600 |       0.00000 |       0.00000 |       0.00000 |       0.00000 |       0.00000 |     -36.79411 |     -73.08813 |    1229.41492 |    1161.81970 |       1.00000 |    1223.95349 |     -36.50000 |     -73.00000 | 
     79.43775 |      82.16695 |      83.64272 |      83.61053 |      91.41534 |      96.25433 |      96.25433 |      29.92000 |      14.88600 |       0.00000 |       0.00000 |       0.00000 |       0.00000 |       0.00000 |     -36.79380 |     -73.08840 |    1225.26392 |    1156.85999 |       1.00000 |    1220.16711 |     -36.50000 |     -73.00000 | 
     81.91813 |      84.47153 |      85.98417 |      85.96354 |      94.26970 |      98.94881 |      98.94881 |      29.92000 |      14.88600 |       0.00000 |       0.00000 |       0.00000 |       0.00000 |       0.00000 |     -36.79347 |     -73.08868 |    1221.69482 |    1152.44983 |       1.00000 |    1216.19556 |     -36.50000 |     -73.00000 | 
     84.23811 |      86.60031 |      88.14739 |      88.13517 |      96.93949 |     101.43822 |     101.43822 |      29.92000 |      14.88600 |       0.00000 |       0.00000 |       0.00000 |       0.00000 |       0.00000 |     -36.79314 |     -73.08897 |    1218.87622 |    1149.02332 |       1.00000 |    1212.71069 |     -36.50000 |     -73.00000 | 
     86.38585 |      88.58308 |      90.16264 |      90.15508 |      99.41106 |     103.75732 |     103.75732 |      29.92000 |      14.88600 |       0.00000 |       0.00000 |       0.00000 |       0.00000 |       0.00000 |     -36.79281 |     -73.08927 |    1216.67236 |    1146.31604 |       1.00000 |    1209.89172 |     -36.50000 |     -73.00000 | 
     88.41105 |      90.47253 |      92.08332 |      92.07801 |     101.74162 |     105.96760 |     105.96760 |      29.92000 |      14.88600 |       0.00000 |       0.00000 |       0.00000 |       0.00000 |       0.00000 |     -36.79247 |     -73.08958 |    1214.85522 |    1143.97766 |       1.00000 |    1207.62573 |     -36.50000 |     -73.00000 | 
     90.30553 |      92.26146 |      93.90189 |      93.89759 |     103.92175 |     108.06037 |     108.06037 |      29.92000 |      14.88600 |       0.00000 |       0.00000 |       0.00000 |       0.00000 |       0.00000 |     -36.79211 |     -73.08989 |    1213.27295 |    1141.86426 |       1.00000 |    1205.77380 |     -36.50000 |     -73.00000 | 
     92.10858 |      93.97315 |      95.64192 |      95.63803 |     105.99667 |     110.06277 |     110.06277 |      29.92000 |      14.88600 |       0.00000 |       0.00000 |       0.00000 |       0.00000 |       0.00000 |     -36.79176 |     -73.09021 |    1211.78784 |    1139.83618 |       1.00000 |    1204.15906 |     -36.50000 |     -73.00000 | 
     93.84992 |      95.63662 |      97.33282 |      97.32899 |     108.00056 |     112.00861 |     112.00861 |      29.92000 |      14.88600 |       0.00000 |       0.00000 |       0.00000 |       0.00000 |       0.00000 |     -36.79139 |     -73.09054 |    1210.31616 |    1137.80261 |       1.00000 |    1202.62988 |     -36.50000 |     -73.00000 | 
     95.49746 |      97.21143 |      98.93343 |      98.92964 |     109.89651 |     113.85056 |     113.85057 |      29.92000 |      14.88600 |       0.00000 |       0.00000 |       0.00000 |       0.00000 |       0.00000 |     -36.79103 |     -73.09087 |    1208.85901 |    1135.78003 |       1.00000 |    1201.16772 |     -36.50000 |     -73.00000 | 
     97.08817 |      98.73258 |     100.47935 |     100.47562 |     111.72708 |     115.62959 |     115.62958 |      29.92000 |      14.88600 |       0.00000 |       0.00000 |       0.00000 |       0.00000 |       0.00000 |     -36.79065 |     -73.09121 |    1207.39563 |    1133.73560 |       1.00000 |    1199.70642 |     -36.50000 |     -73.00000 | 
     98.61919 |     100.19389 |     101.96429 |     101.96072 |     113.48895 |     117.33842 |     117.33842 |      29.92000 |      14.88600 |       0.00000 |       0.00000 |       0.00000 |       0.00000 |       0.00000 |     -36.79027 |     -73.09155 |    1205.93237 |    1132.34167 |       1.00000 |    1198.23828 |     -36.50000 |     -73.00000 | 
    100.06840 |     101.57311 |     103.36576 |     103.36256 |     115.15666 |     118.95119 |     118.95119 |      29.92000 |      14.88600 |       0.00000 |       0.00000 |       0.00000 |       0.00000 |       0.00000 |     -36.78989 |     -73.09190 |    1204.53101 |    1132.93750 |       1.00000 |    1196.79578 |     -36.50000 |     -73.00000 | 
    101.45747 |     102.88847 |     104.70226 |     104.69938 |     116.75517 |     120.48922 |     120.48923 |      29.92000 |      14.88600 |       0.00000 |       0.00000 |       0.00000 |       0.00000 |       0.00000 |     -36.78950 |     -73.09225 |    1203.18945 |    1133.44043 |       1.00000 |    1195.39258 |     -36.50000 |     -73.00000 | 
    102.77361 |     104.13304 |     105.96679 |     105.96431 |     118.26976 |     121.94440 |     121.94440 |      29.92000 |      14.88600 |       0.00000 |       0.00000 |       0.00000 |       0.00000 |       0.00000 |     -36.78911 |     -73.09261 |    1201.92444 |    1131.73743 |       1.00000 |    1194.05505 |     -36.50000 |     -73.00000 | 
    104.04286 |     105.34629 |     107.19954 |     107.19746 |     119.73039 |     123.36303 |     123.36304 |      29.92000 |      14.88600 |       0.00000 |       0.00000 |       0.00000 |       0.00000 |       0.00000 |     -36.78871 |     -73.09298 |    1200.74475 |    1130.10730 |       1.00000 |    1192.79309 |     -36.50000 |     -73.00000 | 
    105.24820 |     106.48617 |     108.35774 |     108.35612 |     121.11747 |     124.69587 |     124.69587 |      29.92000 |      14.88600 |       0.00000 |       0.00000 |       0.00000 |       0.00000 |       0.00000 |     -36.78831 |     -73.09335 |    1199.66809 |    1128.57373 |       1.00000 |    1191.62109 |     -36.50000 |     -73.00000 | 
    106.39252 |     107.55944 |     109.44836 |     109.44713 |     122.43433 |     125.95092 |     125.95092 |      29.92000 |      14.88600 |       0.00000 |       0.00000 |       0.00000 |       0.00000 |       0.00000 |     -36.78791 |     -73.09372 |    1198.72498 |    1127.16431 |       1.00000 |    1190.54822 |     -36.50000 |     -73.00000 | 
    107.47897 |     108.57883 |     110.48424 |     110.48309 |     123.68460 |     127.14300 |     127.14299 |      29.92000 |      14.88600 |       0.00000 |       0.00000 |       0.00000 |       0.00000 |       0.00000 |     -36.78749 |     -73.09410 |    1197.86853 |    1124.84424 |       1.00000 |    1189.59888 |     -36.50000 |     -73.00000 | 
    108.49191 |     109.54086 |     111.46172 |     111.46040 |     124.85027 |     128.26787 |     128.26787 |      29.92000 |      14.88600 |       0.00000 |       0.00000 |       0.00000 |       0.00000 |       0.00000 |     -36.78709 |     -73.09448 |    1196.99854 |    1122.26636 |       1.00000 |    1188.72241 |     -36.50000 |     -73.00000 | 
    109.46462 |     110.46915 |     112.40470 |     112.40315 |     125.96964 |     129.35303 |     129.35304 |      29.92000 |      14.88600 |       0.00000 |       0.00000 |       0.00000 |       0.00000 |       0.00000 |     -36.78667 |     -73.09487 |    1196.03638 |    1120.65979 |       1.00000 |    1187.82886 |     -36.50000 |     -73.00000 | 
    110.39896 |     111.37001 |     113.31953 |     113.31692 |     127.04486 |     130.40581 |     130.40581 |      29.92000 |      14.88600 |       0.00000 |       0.00000 |       0.00000 |       0.00000 |       0.00000 |     -36.78625 |     -73.09526 |    1194.95923 |    1118.77942 |       1.00000 |    1186.86755 |     -36.50000 |     -73.00000 | 
    111.31097 |     112.29782 |     114.26067 |     114.25344 |     128.09439 |     131.48883 |     131.48885 |      29.92000 |      14.88600 |       0.00000 |       0.00000 |       0.00000 |       0.00000 |       0.00000 |     -36.78583 |     -73.09566 |    1193.22046 |    1114.08899 |       1.00000 |    1185.67529 |     -36.50000 |     -73.00000 | 
    112.24741 |     113.24952 |     115.22469 |     115.21307 |     129.17201 |     132.59822 |     132.59822 |      29.92000 |      14.88600 |       0.00000 |       0.00000 |       0.00000 |       0.00000 |       0.00000 |     -36.78540 |     -73.09605 |    1190.69519 |    1110.35083 |       1.00000 |    1183.86584 |     -36.50000 |     -73.00000 | 
    113.19040 |     114.17790 |     116.16426 |     116.15060 |     130.25719 |     133.67944 |     133.67944 |      29.92000 |      14.88600 |       0.00000 |       0.00000 |       0.00000 |       0.00000 |       0.00000 |     -36.78498 |     -73.09646 |    1187.77124 |    1108.39587 |       1.00000 |    1181.40796 |     -36.50000 |     -73.00000 | 
    114.11140 |     115.05872 |     117.05518 |     117.04168 |     131.31706 |     134.70470 |     134.70468 |      29.92000 |      14.88600 |       0.00000 |       0.00000 |       0.00000 |       0.00000 |       0.00000 |     -36.78455 |     -73.09686 |    1184.75330 |    1105.54578 |       1.00000 |    1178.56763 |     -36.50000 |     -73.00000 | 
    114.99090 |     115.88704 |     117.89271 |     117.87978 |     132.32916 |     135.66852 |     135.66852 |      29.92000 |      14.88600 |       0.00000 |       0.00000 |       0.00000 |       0.00000 |       0.00000 |     -36.78411 |     -73.09727 |    1181.78296 |    1102.96179 |       1.00000 |    1175.59949 |     -36.50000 |     -73.00000 | 
    115.81100 |     116.65885 |     118.67280 |     118.66022 |     133.27292 |     136.56622 |     136.56622 |      29.92000 |      14.88600 |       0.00000 |       0.00000 |       0.00000 |       0.00000 |       0.00000 |     -36.78368 |     -73.09768 |    1178.88513 |    1101.57751 |       1.00000 |    1172.67285 |     -36.50000 |     -73.00000 | 
    116.60285 |     117.40375 |     119.42538 |     119.41297 |     134.18417 |     137.43228 |     137.43228 |      29.92000 |      14.88600 |       0.00000 |       0.00000 |       0.00000 |       0.00000 |       0.00000 |     -36.78324 |     -73.09809 |    1175.94592 |    1099.53784 |       1.00000 |    1169.70837 |     -36.50000 |     -73.00000 | 
    117.34228 |     118.10252 |     120.13100 |     120.11848 |     135.03508 |     138.24429 |     138.24429 |      29.92000 |      14.88600 |       0.00000 |       0.00000 |       0.00000 |       0.00000 |       0.00000 |     -36.78279 |     -73.09851 |    1173.03113 |    1097.51770 |       1.00000 |    1166.79370 |     -36.50000 |     -73.00000 | 
    118.03875 |     118.76380 |     120.79843 |     120.78574 |     135.83658 |     139.01236 |     139.01237 |      29.92000 |      14.88600 |       0.00000 |       0.00000 |       0.00000 |       0.00000 |       0.00000 |     -36.78235 |     -73.09893 |    1170.09900 |    1095.47937 |       1.00000 |    1163.88452 |     -36.50000 |     -73.00000 | 
    118.70177 |     119.39345 |     121.43356 |     121.42060 |     136.59956 |     139.74326 |     139.74326 |      29.92000 |      14.88600 |       0.00000 |       0.00000 |       0.00000 |       0.00000 |       0.00000 |     -36.78191 |     -73.09935 |    1167.13794 |    1093.43115 |       1.00000 |    1160.95496 |     -36.50000 |     -73.00000 | 
    119.34010 |     119.99982 |     122.04482 |     122.03167 |     137.33414 |     140.44669 |     140.44669 |      29.92000 |      14.88600 |       0.00000 |       0.00000 |       0.00000 |       0.00000 |       0.00000 |     -36.78146 |     -73.09978 |    1164.10278 |    1088.53394 |       1.00000 |    1157.95959 |     -36.50000 |     -73.00000 | 
    119.94144 |     120.57140 |     122.62066 |     122.60742 |     138.02614 |     141.10934 |     141.10934 |      29.92000 |      14.88600 |       0.00000 |       0.00000 |       0.00000 |       0.00000 |       0.00000 |     -36.78101 |     -73.10020 |    1161.07629 |    1083.82947 |       1.00000 |    1154.95056 |     -36.50000 |     -73.00000 | 
    120.51701 |     121.11998 |     123.17299 |     123.15959 |     138.68849 |     141.74495 |     141.74495 |      29.92000 |      14.88600 |       0.00000 |       0.00000 |       0.00000 |       0.00000 |       0.00000 |     -36.78056 |     -73.10063 |    1158.00696 |    1079.06067 |       1.00000 |    1151.90039 |     -36.50000 |     -73.00000 | 
    121.06581 |     121.64330 |     123.69955 |     123.68600 |     139.32005 |     142.35091 |     142.35091 |      29.92000 |      14.88600 |       0.00000 |       0.00000 |       0.00000 |       0.00000 |       0.00000 |     -36.78010 |     -73.10107 |    1154.92297 |    1079.12573 |       1.00000 |    1148.84021 |     -36.50000 |     -73.00000 | 
    121.58572 |     122.14491 |     124.20401 |     124.19035 |     139.91835 |     142.93143 |     142.93144 |      29.92000 |      14.88600 |       0.00000 |       0.00000 |       0.00000 |       0.00000 |       0.00000 |     -36.77965 |     -73.10149 |    1151.84460 |    1080.04480 |       1.00000 |    1145.78455 |     -36.50000 |     -73.00000 | 
    122.09126 |     122.63750 |     124.69918 |     124.68534 |     140.50011 |     143.50127 |     143.50125 |      29.92000 |      14.88600 |       0.00000 |       0.00000 |       0.00000 |       0.00000 |       0.00000 |     -36.77919 |     -73.10193 |    1148.72839 |    1080.96021 |       1.00000 |    1142.69092 |     -36.50000 |     -73.00000 | 
    122.58194 |     123.10148 |     125.16515 |     125.15142 |     141.06479 |     144.03749 |     144.03751 |      29.92000 |      14.88600 |       0.00000 |       0.00000 |       0.00000 |       0.00000 |       0.00000 |     -36.77873 |     -73.10236 |    1145.58936 |    1075.55371 |       1.00000 |    1139.56567 |     -36.50000 |     -73.00000 | 
    123.04774 |     123.54395 |     125.60915 |     125.59381 |     141.60081 |     144.54845 |     144.54845 |      29.92000 |      14.88600 |       0.00000 |       0.00000 |       0.00000 |       0.00000 |       0.00000 |     -36.77827 |     -73.10281 |    1142.40723 |    1070.12793 |       1.00000 |    1136.41467 |     -36.50000 |     -73.00000 | 
    123.50249 |     124.05615 |     126.12238 |     126.08856 |     142.12413 |     145.13904 |     145.13904 |      29.92000 |      14.88600 |       0.00000 |       0.00000 |       0.00000 |       0.00000 |       0.00000 |     -36.77780 |     -73.10325 |    1138.35071 |    1068.46326 |       1.00000 |    1133.08740 |     -36.50000 |     -73.00000 | 
    124.03278 |     124.71969 |     126.78553 |     126.71565 |     142.73438 |     145.90219 |     145.90221 |      29.92000 |      14.88600 |       0.00000 |       0.00000 |       0.00000 |       0.00000 |       0.00000 |     -36.77733 |     -73.10369 |    1132.23438 |    1062.59363 |       1.00000 |    1128.72034 |     -36.50000 |     -73.00000 | 
    124.68248 |     125.46612 |     127.52970 |     127.43359 |     143.48204 |     146.75856 |     146.75856 |      29.92000 |      14.88600 |       0.00000 |       0.00000 |       0.00000 |       0.00000 |       0.00000 |     -36.77687 |     -73.10414 |    1124.44702 |    1056.46265 |       1.00000 |    1122.64856 |     -36.50000 |     -73.00000 | 
    125.41129 |     126.21148 |     128.27118 |     128.16833 |     144.32074 |     147.61185 |     147.61185 |      29.92000 |      14.88600 |       0.00000 |       0.00000 |       0.00000 |       0.00000 |       0.00000 |     -36.77640 |     -73.10458 |    1115.91016 |    1050.16516 |       1.00000 |    1115.06165 |     -36.50000 |     -73.00000 | 
    126.14787 |     126.90575 |     128.96040 |     128.86108 |     145.16838 |     148.40498 |     148.40497 |      29.92000 |      14.88600 |       0.00000 |       0.00000 |       0.00000 |       0.00000 |       0.00000 |     -36.77593 |     -73.10503 |    1107.29541 |    1043.12976 |       1.00000 |    1106.69373 |     -36.50000 |     -73.00000 | 
    126.83826 |     127.53562 |     129.58440 |     129.49057 |     145.96288 |     149.12306 |     149.12306 |      29.92000 |      14.88600 |       0.00000 |       0.00000 |       0.00000 |       0.00000 |       0.00000 |     -36.77546 |     -73.10548 |    1098.86340 |    1036.28625 |       1.00000 |    1098.15527 |     -36.50000 |     -73.00000 | 
    127.46952 |     128.10840 |     130.15056 |     130.06039 |     146.68932 |     149.77458 |     149.77457 |      29.92000 |      14.88600 |       0.00000 |       0.00000 |       0.00000 |       0.00000 |       0.00000 |     -36.77498 |     -73.10594 |    1090.60547 |    1029.62415 |       1.00000 |    1089.73193 |     -36.50000 |     -73.00000 | 
    128.04184 |     128.63318 |     130.66805 |     130.57932 |     147.34792 |     150.37010 |     150.37009 |      29.92000 |      14.88600 |       0.00000 |       0.00000 |       0.00000 |       0.00000 |       0.00000 |     -36.77450 |     -73.10640 |    1082.47034 |    1023.15076 |       1.00000 |    1081.48657 |     -36.50000 |     -73.00000 | 
    128.57196 |     129.12434 |     131.15121 |     131.06299 |     147.95798 |     150.92613 |     150.92613 |      29.92000 |      14.88600 |       0.00000 |       0.00000 |       0.00000 |       0.00000 |       0.00000 |     -36.77402 |     -73.10686 |    1074.30200 |    1004.89850 |       1.00000 |    1073.27441 |     -36.50000 |     -73.00000 | 
    129.06728 |     129.60072 |     131.61938 |     131.53491 |     148.52797 |     151.46489 |     151.46487 |      29.92000 |      14.88600 |       0.00000 |       0.00000 |       0.00000 |       0.00000 |       0.00000 |     -36.77354 |     -73.10732 |    1066.20789 |     974.74738 |       1.00000 |    1065.12695 |     -36.50000 |     -73.00000 | 
    129.53870 |     130.02063 |     132.03084 |     131.95911 |     149.07048 |     151.93839 |     151.93840 |      29.92000 |      14.88600 |       0.00000 |       0.00000 |       0.00000 |       0.00000 |       0.00000 |     -36.77305 |     -73.10779 |    1058.48743 |     943.31689 |       1.00000 |    1057.08313 |     -36.50000 |     -73.00000 | 

  _Vind,_kias |   _Vind,_keas |   Vtrue,_ktas |   Vtrue,_ktgs |   _Vind,__mph |   Vtrue,mphas |   Vtrue,mphgs |   SLprs,_inHG |   SLtmp,_degC |   _wind,speed |   _wind,__dir |   __trb,_locl |   _prec,_locl |   _hail,_locl |   __lat,__deg |   __lon,__deg |   __alt,ftmsl |   __alt,ftagl |   ___on,runwy |   __alt,__ind |   __lat,orign |   __lon,orign | 

  _Vind,_kias |   _Vind,_keas |   Vtrue,_ktas |   Vtrue,_ktgs |   _Vind,__mph |   Vtrue,mphas |   Vtrue,mphgs |   SLprs,_inHG |   SLtmp,_degC |   _wind,speed |   _wind,__dir |   __trb,_locl |   _prec,_locl |   _hail,_locl |   __lat,__deg |   __lon,__deg |   __alt,ftmsl |   __alt,ftagl |   ___on,runwy |   __alt,__ind |   __lat,orign |   __lon,orign | 

  _Vind,_kias |   _Vind,_keas |   Vtrue,_ktas |   Vtrue,_ktgs |   _Vind,__mph |   Vtrue,mphas |   Vtrue,mphgs |   SLprs,_inHG |   SLtmp,_degC |   _wind,speed |   _wind,__dir |   __trb,_locl |   _prec,_locl |   _hail,_locl |   __lat,__deg |   __lon,__deg |   __alt,ftmsl |   __alt,ftagl |   ___on,runwy |   __alt,__ind |   __lat,orign |   __lon,orign | 

  _Vind,_kias |   _Vind,_keas |   Vtrue,_ktas |   Vtrue,_ktgs |   _Vind,__mph |   Vtrue,mphas |   Vtrue,mphgs |   SLprs,_inHG |   SLtmp,_degC |   _wind,speed |   _wind,__dir |   __trb,_locl |   _prec,_locl |   _hail,_locl |   __lat,__deg |   __lon,__deg |   __alt,ftmsl |   __alt,ftagl |   ___on,runwy |   __alt,__ind |   __lat,orign |   __lon,orign | 

  _Vind,_kias |   _Vind,_keas |   Vtrue,_ktas |   Vtrue,_ktgs |   _Vind,__mph |   Vtrue,mphas |   Vtrue,mphgs |   SLprs,_inHG |   SLtmp,_degC |   _wind,speed |   _wind,__dir |   __trb,_locl |   _prec,_locl |   _hail,_locl |   __lat,__deg |   __lon,__deg |   __alt,ftmsl |   __alt,ftagl |   ___on,runwy |   __alt,__ind |   __lat,orign |   __lon,orign | 

  _Vind,_kias |   _Vind,_keas |   Vtrue,_ktas |   Vtrue,_ktgs |   _Vind,__mph |   Vtrue,mphas |   Vtrue,mphgs |   SLprs,_inHG |   SLtmp,_degC |   _wind,speed |   _wind,__dir |   __trb,_locl |   _prec,_locl |   _hail,_locl |   __lat,__deg |   __lon,__deg |   __alt,ftmsl |   __alt,ftagl |   ___on,runwy |   __alt,__ind |   __lat,orign |   __lon,orign | 

  _Vind,_kias |   _Vind,_keas |   Vtrue,_ktas |   Vtrue,_ktgs |   _Vind,__mph |   Vtrue,mphas |   Vtrue,mphgs |   SLprs,_inHG |   SLtmp,_degC |   _wind,speed |   _wind,__dir |   __trb,_locl |   _prec,_locl |   _hail,_locl |   __lat,__deg |   __lon,__deg |   __alt,ftmsl |   __alt,ftagl |   ___on,runwy |   __alt,__ind |   __lat,orign |   __lon,orign | 

  _Vind,_kias |   _Vind,_keas |   Vtrue,_ktas |   Vtrue,_ktgs |   _Vind,__mph |   Vtrue,mphas |   Vtrue,mphgs |   SLprs,_inHG |   SLtmp,_degC |   _wind,speed |   _wind,__dir |   __trb,_locl |   _prec,_locl |   _hail,_locl |   __lat,__deg |   __lon,__deg |   __alt,ftmsl |   __alt,ftagl |   ___on,runwy |   __alt,__ind |   __lat,orign |   __lon,orign | 

  _Vind,_kias |   _Vind,_keas |   Vtrue,_ktas |   Vtrue,_ktgs |   _Vind,__mph |   Vtrue,mphas |   Vtrue,mphgs |   SLprs,_inHG |   SLtmp,_degC |   _wind,speed |   _wind,__dir |   __trb,_locl |   _prec,_locl |   _hail,_locl |   __lat,__deg |   __lon,__deg |   __alt,ftmsl |   __alt,ftagl |   ___on,runwy |   __alt,__ind |   __lat,orign |   __lon,orign | 

  _Vind,_kias |   _Vind,_keas |   Vtrue,_ktas |   Vtrue,_ktgs |   _Vind,__mph |   Vtrue,mphas |   Vtrue,mphgs |   SLprs,_inHG |   SLtmp,_degC |   _wind,speed |   _wind,__dir |   __trb,_locl |   _prec,_locl |   _hail,_locl |   __lat,__deg |   __lon,__deg |   __alt,ftmsl |   __alt,ftagl |   ___on,runwy |   __alt,__ind |   __lat,orign |   __lon,orign | 

  _Vind,_kias |   _Vind,_keas |   Vtrue,_ktas |   Vtrue,_ktgs |   _Vind,__mph |   Vtrue,mphas |   Vtrue,mphgs |   SLprs,_inHG |   SLtmp,_degC |   _wind,speed |   _wind,__dir |   __trb,_locl |   _prec,_locl |   _hail,_locl |   __lat,__deg |   __lon,__deg |   __alt,ftmsl |   __alt,ftagl |   ___on,runwy |   __alt,__ind |   __lat,orign |   __lon,orign | 

  _Vind,_kias |   _Vind,_keas |   Vtrue,_ktas |   Vtrue,_ktgs |   _Vind,__mph |   Vtrue,mphas |   Vtrue,mphgs |   SLprs,_inHG |   SLtmp,_degC |   _wind,speed |   _wind,__dir |   __trb,_locl |   _prec,_locl |   _hail,_locl |   __lat,__deg |   __lon,__deg |   __alt,ftmsl |   __alt,ftagl |   ___on,runwy |   __alt,__ind |   __lat,orign |   __lon,orign | 

  _Vind,_kias |   _Vind,_keas |   Vtrue,_ktas |   Vtrue,_ktgs |   _Vind,__mph |   Vtrue,mphas |   Vtrue,mphgs |   SLprs,_inHG |   SLtmp,_degC |   _wind,speed |   _wind,__dir |   __trb,_locl |   _prec,_locl |   _hail,_locl |   __lat,__deg |   __lon,__deg |   __alt,ftmsl |   __alt,ftagl |   ___on,runwy |   __alt,__ind |   __lat,orign |   __lon,orign | 

  _Vind,_kias |   _Vind,_keas |   Vtrue,_ktas |   Vtrue,_ktgs |   _Vind,__mph |   Vtrue,mphas |   Vtrue,mphgs |   SLprs,_inHG |   SLtmp,_degC |   _wind,speed |   _wind,__dir |   __trb,_locl |   _prec,_locl |   _hail,_locl |   __lat,__deg |   __lon,__deg |   __alt,ftmsl |   __alt,ftagl |   ___on,runwy |   __alt,__ind |   __lat,orign |   __lon,orign | 

  _Vind,_kias |   _Vind,_keas |   Vtrue,_ktas |   Vtrue,_ktgs |   _Vind,__mph |   Vtrue,mphas |   Vtrue,mphgs |   SLprs,_inHG |   SLtmp,_degC |   _wind,speed |   _wind,__dir |   __trb,_locl |   _prec,_locl |   _hail,_locl |   __lat,__deg |   __lon,__deg |   __alt,ftmsl |   __alt,ftagl |   ___on,runwy |   __alt,__ind |   __lat,orign |   __lon,orign | 

  _Vind,_kias |   _Vind,_keas |   Vtrue,_ktas |   Vtrue,_ktgs |   _Vind,__mph |   Vtrue,mphas |   Vtrue,mphgs |   SLprs,_inHG |   SLtmp,_degC |   _wind,speed |   _wind,__dir |   __trb,_locl |   _prec,_locl |   _hail,_locl |   __lat,__deg |   __lon,__deg |   __alt,ftmsl |   __alt,ftagl |   ___on,runwy |   __alt,__ind |   __lat,orign |   __lon,orign | 

  _Vind,_kias |   _Vind,_keas |   Vtrue,_ktas |   Vtrue,_ktgs |   _Vind,__mph |   Vtrue,mphas |   Vtrue,mphgs |   SLprs,_inHG |   SLtmp,_degC |   _wind,speed |   _wind,__dir |   __trb,_locl |   _prec,_locl |   _hail,_locl |   __lat,__deg |   __lon,__deg |   __alt,ftmsl |   __alt,ftagl |   ___on,runwy |   __alt,__ind |   __lat,orign |   __lon,orign | 

  _Vind,_kias |   _Vind,_keas |   Vtrue,_ktas |   Vtrue,_ktgs |   _Vind,__mph |   Vtrue,mphas |   Vtrue,mphgs |   SLprs,_inHG |   SLtmp,_degC |   _wind,speed |   _wind,__dir |   __trb,_locl |   _prec,_locl |   _hail,_locl |   __lat,__deg |   __lon,__deg |   __alt,ftmsl |   __alt,ftagl |   ___on,runwy |   __alt,__ind |   __lat,orign |   __lon,orign | 

  _Vind,_kias |   _Vind,_keas |   Vtrue,_ktas |   Vtrue,_ktgs |   _Vind,__mph |   Vtrue,mphas |   Vtrue,mphgs |   SLprs,_inHG |   SLtmp,_degC |   _wind,speed |   _wind,__dir |   __trb,_locl |   _prec,_locl |   _hail,_locl |   __lat,__deg |   __lon,__deg |   __alt,ftmsl |   __alt,ftagl |   ___on,runwy |   __alt,__ind |   __lat,orign |   __lon,orign | 

  _Vind,_kias |   _Vind,_keas |   Vtrue,_ktas |   Vtrue,_ktgs |   _Vind,__mph |   Vtrue,mphas |   Vtrue,mphgs |   SLprs,_inHG |   SLtmp,_degC |   _wind,speed |   _wind,__dir |   __trb,_locl |   _prec,_locl |   _hail,_locl |   __lat,__deg |   __lon,__deg |   __alt,ftmsl |   __alt,ftagl |   ___on,runwy |   __alt,__ind |   __lat,orign |   __lon,orign | 

  _Vind,_kias |   _Vind,_keas |   Vtrue,_ktas |   Vtrue,_ktgs |   _Vind,__mph |   Vtrue,mphas |   Vtrue,mphgs |   SLprs,_inHG |   SLtmp,_degC |   _wind,speed |   _wind,__dir |   __trb,_locl |   _prec,_locl |   _hail,_locl |   __lat,__deg |   __lon,__deg |   __alt,ftmsl |   __alt,ftagl |   ___on,runwy |   __alt,__ind |   __lat,orign |   __lon,orign | 

  _Vind,_kias |   _Vind,_keas |   Vtrue,_ktas |   Vtrue,_ktgs |   _Vind,__mph |   Vtrue,mphas |   Vtrue,mphgs |   SLprs,_inHG |   SLtmp,_degC |   _wind,speed |   _wind,__dir |   __trb,_locl |   _prec,_locl |   _hail,_locl |   __lat,__deg |   __lon,__deg |   __alt,ftmsl |   __alt,ftagl |   ___on,runwy |   __alt,__ind |   __lat,orign |   __lon,orign | 

  _Vind,_kias |   _Vind,_keas |   Vtrue,_ktas |   Vtrue,_ktgs |   _Vind,__mph |   Vtrue,mphas |   Vtrue,mphgs |   SLprs,_inHG |   SLtmp,_degC |   _wind,speed |   _wind,__dir |   __trb,_locl |   _prec,_locl |   _hail,_locl |   __lat,__deg |   __lon,__deg |   __alt,ftmsl |   __alt,ftagl |   ___on,runwy |   __alt,__ind |   __lat,orign |   __lon,orign |   power,_1,hp | 

  _Vind,_kias |   _Vind,_keas |   Vtrue,_ktas |   Vtrue,_ktgs |   _Vind,__mph |   Vtrue,mphas |   Vtrue,mphgs |   SLprs,_inHG |   SLtmp,_degC |   _wind,speed |   _wind,__dir |   __trb,_locl |   _prec,_locl |   _hail,_locl |   __lat,__deg |   __lon,__deg |   __alt,ftmsl |   __alt,ftagl |   ___on,runwy |   __alt,__ind |   __lat,orign |   __lon,orign |   power,_1,hp |   thrst,_1,lb | 
    129.91090 |     130.31448 |     132.31708 |     132.25999 |     149.49881 |     152.26778 |     152.26776 |      29.92000 |      14.88600 |       0.00000 |       0.00000 |       0.00000 |       0.00000 |       0.00000 |     -36.77262 |     -73.10820 |    1052.24011 |     955.54065 |       1.00000 |    1050.24683 |     -36.50000 |     -73.00000 |     164.60002 |     257.01028 | 
    130.24402 |     130.55042 |     132.54465 |     132.50290 |     149.88214 |     152.52966 |     152.52966 |      29.92000 |      14.88600 |       0.00000 |       0.00000 |       0.00000 |       0.00000 |       0.00000 |     -36.77213 |     -73.10867 |    1046.09460 |     981.19232 |       1.00000 |    1043.23132 |     -36.50000 |     -73.00000 |     164.63516 |     256.11603 | 
    130.47798 |     130.69633 |     132.68275 |     132.65251 |     150.15138 |     152.68860 |     152.68858 |      29.92000 |      14.88600 |       0.00000 |       0.00000 |       0.00000 |       0.00000 |       0.00000 |     -36.77164 |     -73.10913 |    1040.93750 |     977.29449 |       1.00000 |    1037.19629 |     -36.50000 |     -73.00000 |     164.66739 |     255.62880 | 
    130.62904 |     130.77203 |     132.75098 |     132.72910 |     150.32523 |     152.76711 |     152.76711 |      29.92000 |      14.88600 |       0.00000 |       0.00000 |       0.00000 |       0.00000 |       0.00000 |     -36.77116 |     -73.10960 |    1036.52783 |     977.61157 |       1.00000 |    1031.98328 |     -36.50000 |     -73.00000 |     164.69778 |     255.45450 | 
    130.70885 |     130.79271 |     132.76462 |     132.74850 |     150.41705 |     152.78279 |     152.78279 |      29.92000 |      14.88600 |       0.00000 |       0.00000 |       0.00000 |       0.00000 |       0.00000 |     -36.77066 |     -73.11007 |    1032.74951 |     978.57227 |       1.00000 |    1027.53296 |     -36.50000 |     -73.00000 |     164.72658 |     255.50652 | 
    130.73300 |     130.77263 |     132.73787 |     132.72574 |     150.44485 |     152.75201 |     152.75201 |      29.92000 |      14.88600 |       0.00000 |       0.00000 |       0.00000 |       0.00000 |       0.00000 |     -36.77018 |     -73.11053 |    1029.50159 |     978.06659 |       1.00000 |    1023.73865 |     -36.50000 |     -73.00000 |     164.75343 |     255.73943 | 
    130.71555 |     130.72127 |     132.68019 |     132.67093 |     150.42477 |     152.68565 |     152.68565 |      29.92000 |      14.88600 |       0.00000 |       0.00000 |       0.00000 |       0.00000 |       0.00000 |     -36.76969 |     -73.11100 |    1026.65454 |     977.91357 |       1.00000 |    1020.44440 |     -36.50000 |     -73.00000 |     164.77898 |     256.10641 | 
    130.66650 |     130.64676 |     132.59975 |     132.59262 |     150.36833 |     152.59306 |     152.59308 |      29.92000 |      14.88600 |       0.00000 |       0.00000 |       0.00000 |       0.00000 |       0.00000 |     -36.76920 |     -73.11146 |    1024.17407 |     975.61316 |       1.00000 |    1017.59631 |     -36.50000 |     -73.00000 |     164.80296 |     256.55905 | 
    130.59279 |     130.55106 |     132.49843 |     132.49315 |     150.28351 |     152.47649 |     152.47649 |      29.92000 |      14.88600 |       0.00000 |       0.00000 |       0.00000 |       0.00000 |       0.00000 |     -36.76872 |     -73.11192 |    1022.02716 |     971.04523 |       1.00000 |    1015.11163 |     -36.50000 |     -73.00000 |     164.82533 |     257.11627 | 
    130.49901 |     130.44147 |     132.38354 |     132.37933 |     150.17558 |     152.34427 |     152.34428 |      29.92000 |      14.88600 |       0.00000 |       0.00000 |       0.00000 |       0.00000 |       0.00000 |     -36.76823 |     -73.11239 |    1020.15143 |     967.26984 |       1.00000 |    1012.95593 |     -36.50000 |     -73.00000 |     164.84650 |     257.71649 | 
    130.39056 |     130.32184 |     132.25890 |     132.25568 |     150.05078 |     152.20082 |     152.20084 |      29.92000 |      14.88600 |       0.00000 |       0.00000 |       0.00000 |       0.00000 |       0.00000 |     -36.76775 |     -73.11285 |    1018.47937 |     963.69055 |       1.00000 |    1011.05475 |     -36.50000 |     -73.00000 |     164.86647 |     258.35486 | 
    130.27132 |     130.19489 |     132.12718 |     132.12463 |     149.91356 |     152.04926 |     152.04926 |      29.92000 |      14.88600 |       0.00000 |       0.00000 |       0.00000 |       0.00000 |       0.00000 |     -36.76726 |     -73.11331 |    1017.00031 |     960.29999 |       1.00000 |    1009.37500 |     -36.50000 |     -73.00000 |     164.88516 |     259.03024 | 
    130.14560 |     130.06224 |     131.99008 |     131.98817 |     149.76889 |     151.89148 |     151.89146 |      29.92000 |      14.88600 |       0.00000 |       0.00000 |       0.00000 |       0.00000 |       0.00000 |     -36.76678 |     -73.11377 |    1015.71692 |     957.11688 |       1.00000 |    1007.90430 |     -36.50000 |     -73.00000 |     164.90253 |     259.72244 | 
    130.01224 |     129.92363 |     131.84726 |     131.84589 |     149.61542 |     151.72713 |     151.72714 |      29.92000 |      14.88600 |       0.00000 |       0.00000 |       0.00000 |       0.00000 |       0.00000 |     -36.76629 |     -73.11423 |    1014.60742 |     957.72980 |       1.00000 |    1006.61017 |     -36.50000 |     -73.00000 |     164.91878 |     260.43915 | 
    129.87431 |     129.78201 |     131.70175 |     131.70070 |     149.45670 |     151.55968 |     151.55966 |      29.92000 |      14.88600 |       0.00000 |       0.00000 |       0.00000 |       0.00000 |       0.00000 |     -36.76581 |     -73.11469 |    1013.66937 |     959.86926 |       1.00000 |    1005.50159 |     -36.50000 |     -73.00000 |     164.93359 |     261.16144 | 
    129.73347 |     129.64075 |     131.55676 |     131.55597 |     149.29462 |     151.39284 |     151.39284 |      29.92000 |      14.88600 |       0.00000 |       0.00000 |       0.00000 |       0.00000 |       0.00000 |     -36.76532 |     -73.11515 |    1012.84241 |     962.12866 |       1.00000 |    1004.54816 |     -36.50000 |     -73.00000 |     164.94753 |     261.87274 | 
    129.59242 |     129.50053 |     131.41309 |     131.41246 |     149.13229 |     151.22749 |     151.22749 |      29.92000 |      14.88600 |       0.00000 |       0.00000 |       0.00000 |       0.00000 |       0.00000 |     -36.76484 |     -73.11562 |    1012.11096 |     961.55005 |       1.00000 |    1003.71442 |     -36.50000 |     -73.00000 |     164.96049 |     262.56982 | 
    129.45277 |     129.36264 |     131.27194 |     131.27147 |     148.97160 |     151.06505 |     151.06506 |      29.92000 |      14.88600 |       0.00000 |       0.00000 |       0.00000 |       0.00000 |       0.00000 |     -36.76435 |     -73.11607 |    1011.47644 |     963.58533 |       1.00000 |    1002.98438 |     -36.50000 |     -73.00000 |     164.97237 |     263.25943 | 
    129.31509 |     129.22633 |     131.13257 |     131.13225 |     148.81316 |     150.90468 |     150.90468 |      29.92000 |      14.88600 |       0.00000 |       0.00000 |       0.00000 |       0.00000 |       0.00000 |     -36.76387 |     -73.11653 |    1010.93195 |     965.70593 |       1.00000 |    1002.34778 |     -36.50000 |     -73.00000 |     164.98332 |     263.93616 | 
    129.17847 |     129.09119 |     130.99457 |     130.99432 |     148.65593 |     150.74586 |     150.74583 |      29.92000 |      14.88600 |       0.00000 |       0.00000 |       0.00000 |       0.00000 |       0.00000 |     -36.76339 |     -73.11699 |    1010.47937 |     961.70288 |       1.00000 |    1001.80389 |     -36.50000 |     -73.00000 |     164.99333 |     264.60754 | 
    129.03996 |     128.93478 |     130.83513 |     130.83493 |     148.49654 |     150.56238 |     150.56236 |      29.92000 |      14.88600 |       0.00000 |       0.00000 |       0.00000 |       0.00000 |       0.00000 |     -36.76291 |     -73.11745 |    1010.10193 |     955.76727 |       1.00000 |    1001.35089 |     -36.50000 |     -73.00000 |     165.00348 |     265.41705 | 
    128.88350 |     128.77184 |     130.66907 |     130.66891 |     148.31648 |     150.37128 |     150.37131 |      29.92000 |      14.88600 |       0.00000 |       0.00000 |       0.00000 |       0.00000 |       0.00000 |     -36.76242 |     -73.11790 |    1009.74347 |     951.93768 |       1.00000 |    1000.95679 |     -36.50000 |     -73.00000 |     165.01393 |     266.21439 | 
    128.72614 |     128.61891 |     130.51328 |     130.51315 |     148.13539 |     150.19200 |     150.19200 |      29.92000 |      14.88600 |       0.00000 |       0.00000 |       0.00000 |       0.00000 |       0.00000 |     -36.76195 |     -73.11835 |    1009.40759 |     953.65320 |       1.00000 |    1000.59979 |     -36.50000 |     -73.00000 |     165.02344 |     266.95264 | 
    128.57121 |     128.47044 |     130.36205 |     130.36194 |     147.95711 |     150.01797 |     150.01797 |      29.92000 |      14.88600 |       0.00000 |       0.00000 |       0.00000 |       0.00000 |       0.00000 |     -36.76146 |     -73.11882 |    1009.11798 |     954.18909 |       1.00000 |    1000.26617 |     -36.50000 |     -73.00000 |     165.03230 |     267.67023 | 
    128.42436 |     128.33090 |     130.21992 |     130.21985 |     147.78812 |     149.85443 |     149.85443 |      29.92000 |      14.88600 |       0.00000 |       0.00000 |       0.00000 |       0.00000 |       0.00000 |     -36.76098 |     -73.11927 |    1008.84967 |     955.72516 |       1.00000 |     999.97083 |     -36.50000 |     -73.00000 |     165.04051 |     268.34625 | 
    128.28400 |     128.19621 |     130.08287 |     130.08282 |     147.62659 |     149.69670 |     149.69670 |      29.92000 |      14.88600 |       0.00000 |       0.00000 |       0.00000 |       0.00000 |       0.00000 |     -36.76050 |     -73.11973 |    1008.64069 |     957.30182 |       1.00000 |     999.71320 |     -36.50000 |     -73.00000 |     165.04776 |     268.99698 | 
    128.14935 |     128.06583 |     129.95027 |     129.95024 |     147.47165 |     149.54410 |     149.54410 |      29.92000 |      14.88600 |       0.00000 |       0.00000 |       0.00000 |       0.00000 |       0.00000 |     -36.76002 |     -73.12018 |    1008.48474 |     954.82874 |       1.00000 |     999.50409 |     -36.50000 |     -73.00000 |     165.05447 |     269.62317 | 
    128.02028 |     127.94239 |     129.82475 |     129.82474 |     147.32310 |     149.39967 |     149.39967 |      29.92000 |      14.88600 |       0.00000 |       0.00000 |       0.00000 |       0.00000 |       0.00000 |     -36.75955 |     -73.12063 |    1008.35919 |     951.83807 |       1.00000 |     999.34314 |     -36.50000 |     -73.00000 |     165.06053 |     270.21158 | 
    127.89542 |     127.82488 |     129.70535 |     129.70532 |     147.17943 |     149.26225 |     149.26224 |      29.92000 |      14.88600 |       0.00000 |       0.00000 |       0.00000 |       0.00000 |       0.00000 |     -36.75907 |     -73.12109 |    1008.25592 |     948.84619 |       1.00000 |     999.21747 |     -36.50000 |     -73.00000 |     165.06599 |     270.77737 | 
    127.77931 |     127.71575 |     129.59442 |     129.59441 |     147.04581 |     149.13460 |     149.13460 |      29.92000 |      14.88600 |       0.00000 |       0.00000 |       0.00000 |       0.00000 |       0.00000 |     -36.75859 |     -73.12154 |    1008.15637 |     945.88776 |       1.00000 |     999.11145 |     -36.50000 |     -73.00000 |     165.07104 |     271.29703 | 
    127.65736 |     127.60004 |     129.47685 |     129.47684 |     146.90547 |     148.99931 |     148.99930 |      29.92000 |      14.88600 |       0.00000 |       0.00000 |       0.00000 |       0.00000 |       0.00000 |     -36.75806 |     -73.12204 |    1008.07910 |     942.63745 |       1.00000 |     999.00171 |     -36.50000 |     -73.00000 |     165.07607 |     271.85184 | 
    127.55288 |     127.50032 |     129.37561 |     129.37561 |     146.78523 |     148.88280 |     148.88280 |      29.92000 |      14.88600 |       0.00000 |       0.00000 |       0.00000 |       0.00000 |       0.00000 |     -36.75759 |     -73.12249 |    1008.04163 |     943.47968 |       1.00000 |     998.93542 |     -36.50000 |     -73.00000 |     165.08018 |     272.32385 | 
    127.45376 |     127.40717 |     129.28101 |     129.28101 |     146.67117 |     148.77393 |     148.77393 |      29.92000 |      14.88600 |       0.00000 |       0.00000 |       0.00000 |       0.00000 |       0.00000 |     -36.75711 |     -73.12294 |    1008.00604 |     946.47424 |       1.00000 |     998.89465 |     -36.50000 |     -73.00000 |     165.08398 |     272.75845 | 
    127.35976 |     127.31967 |     129.19217 |     129.19218 |     146.56299 |     148.67171 |     148.67172 |      29.92000 |      14.88600 |       0.00000 |       0.00000 |       0.00000 |       0.00000 |       0.00000 |     -36.75663 |     -73.12340 |    1007.96985 |     949.48077 |       1.00000 |     998.85657 |     -36.50000 |     -73.00000 |     165.08740 |     273.17358 | 
    127.27358 |     127.23897 |     129.11020 |     129.11018 |     146.46382 |     148.57738 |     148.57736 |      29.92000 |      14.88600 |       0.00000 |       0.00000 |       0.00000 |       0.00000 |       0.00000 |     -36.75616 |     -73.12384 |    1007.93518 |     952.92029 |       1.00000 |     998.81738 |     -36.50000 |     -73.00000 |     165.09056 |     273.55222 | 
    127.19270 |     127.16261 |     129.03265 |     129.03265 |     146.37076 |     148.48813 |     148.48813 |      29.92000 |      14.88600 |       0.00000 |       0.00000 |       0.00000 |       0.00000 |       0.00000 |     -36.75568 |     -73.12429 |    1007.91016 |     957.39868 |       1.00000 |     998.78992 |     -36.50000 |     -73.00000 |     165.09343 |     273.92087 | 
    127.11636 |     127.09185 |     128.96083 |     128.96083 |     146.28290 |     148.40549 |     148.40549 |      29.92000 |      14.88600 |       0.00000 |       0.00000 |       0.00000 |       0.00000 |       0.00000 |     -36.75521 |     -73.12475 |    1007.88312 |     960.24542 |       1.00000 |     998.76331 |     -36.50000 |     -73.00000 |     169.55809 |     275.07538 | 
    127.04798 |     126.95906 |     128.82605 |     128.82607 |     146.20421 |     148.25038 |     148.25040 |      29.92000 |      14.88600 |       0.00000 |       0.00000 |       0.00000 |       0.00000 |       0.00000 |     -36.75473 |     -73.12520 |    1007.87134 |     959.92871 |       1.00000 |     998.73712 |     -36.50000 |     -73.00000 |     130.31409 |     240.64003 | 
    126.85023 |     126.55869 |     128.41969 |     128.41968 |     145.97664 |     147.78275 |     147.78275 |      29.92000 |      14.88600 |       0.00000 |       0.00000 |       0.00000 |       0.00000 |       0.00000 |     -36.75426 |     -73.12565 |    1007.81763 |     957.41132 |       1.00000 |     998.71783 |     -36.50000 |     -73.00000 |     125.80679 |     226.72437 | 
    126.51683 |     126.20126 |     128.05666 |     128.05655 |     145.59297 |     147.36497 |     147.36496 |      29.92000 |      14.88600 |       0.00000 |       0.00000 |       0.00000 |       0.00000 |       0.00000 |     -36.75379 |     -73.12609 |    1007.62482 |     954.76978 |       1.00000 |     998.63831 |     -36.50000 |     -73.00000 |     127.98862 |     232.19302 | 
    126.14799 |     125.64259 |     127.48930 |     127.48920 |     145.16852 |     146.71208 |     146.71207 |      29.92000 |      14.88600 |       0.00000 |       0.00000 |       0.00000 |       0.00000 |       0.00000 |     -36.75332 |     -73.12653 |    1007.37958 |     952.09979 |       1.00000 |     998.45374 |     -36.50000 |     -73.00000 |      79.68797 |     169.40419 | 
    125.55659 |     125.04379 |     126.88114 |     126.88100 |     144.48796 |     146.01222 |     146.01224 |      29.92000 |      14.88600 |       0.00000 |       0.00000 |       0.00000 |       0.00000 |       0.00000 |     -36.75285 |     -73.12698 |    1007.07605 |     950.62396 |       1.00000 |     998.21265 |     -36.50000 |     -73.00000 |     159.52815 |     263.15228 | 
    125.17018 |     125.14698 |     126.98540 |     126.98540 |     144.04327 |     146.13219 |     146.13222 |      29.92000 |      14.88600 |       0.00000 |       0.00000 |       0.00000 |       0.00000 |       0.00000 |     -36.75238 |     -73.12742 |    1006.83728 |     951.22668 |       1.00000 |     997.92749 |     -36.50000 |     -73.00000 |     165.17690 |     284.68494 | 
    125.14684 |     125.16187 |     127.00048 |     127.00050 |     144.01640 |     146.14955 |     146.14957 |      29.92000 |      14.88600 |       0.00000 |       0.00000 |       0.00000 |       0.00000 |       0.00000 |     -36.75229 |     -73.12749 |    1006.82379 |     951.37140 |       1.00000 |     997.87866 |     -36.50000 |     -73.00000 |     165.17320 |     284.54922 | 
    125.13400 |     125.22176 |     127.06135 |     127.06133 |     144.00163 |     146.21959 |     146.21960 |      29.92000 |      14.88600 |       0.00000 |       0.00000 |       0.00000 |       0.00000 |       0.00000 |     -36.75182 |     -73.12794 |    1006.87988 |     952.27417 |       1.00000 |     997.73114 |     -36.50000 |     -73.00000 |     165.16275 |     283.46262 | 
    125.17606 |     125.26325 |     127.10376 |     127.10370 |     144.05005 |     146.26840 |     146.26840 |      29.92000 |      14.88600 |       0.00000 |       0.00000 |       0.00000 |       0.00000 |       0.00000 |     -36.75135 |     -73.12838 |    1007.04199 |     953.82153 |       1.00000 |     997.76294 |     -36.50000 |     -73.00000 |     165.15775 |     282.97369 | 
    125.21539 |     125.29726 |     127.13866 |     127.13858 |     144.09531 |     146.30856 |     146.30855 |      29.92000 |      14.88600 |       0.00000 |       0.00000 |       0.00000 |       0.00000 |       0.00000 |     -36.75088 |     -73.12882 |    1007.24835 |     954.50232 |       1.00000 |     997.90778 |     -36.50000 |     -73.00000 |     165.15436 |     282.70236 | 
    125.25070 |     125.33028 |     127.17253 |     127.17247 |     144.13594 |     146.34753 |     146.34752 |      29.92000 |      14.88600 |       0.00000 |       0.00000 |       0.00000 |       0.00000 |       0.00000 |     -36.75041 |     -73.12926 |    1007.44373 |     944.17004 |       1.00000 |     998.10205 |     -36.50000 |     -73.00000 |     165.15173 |     282.50537 | 
    125.28278 |     125.36259 |     127.20561 |     127.20560 |     144.17285 |     146.38562 |     146.38564 |      29.92000 |      14.88600 |       0.00000 |       0.00000 |       0.00000 |       0.00000 |       0.00000 |     -36.74994 |     -73.12970 |    1007.60748 |     935.18915 |       1.00000 |     998.28558 |     -36.50000 |     -73.00000 |     165.14961 |     282.33997 | 
    125.31517 |     125.39664 |     127.24041 |     127.24038 |     144.21013 |     146.42566 |     146.42563 |      29.92000 |      14.88600 |       0.00000 |       0.00000 |       0.00000 |       0.00000 |       0.00000 |     -36.74947 |     -73.13014 |    1007.73639 |     939.29791 |       1.00000 |     998.45105 |     -36.50000 |     -73.00000 |     165.14775 |     282.17288 | 
    125.34810 |     125.42979 |     127.27424 |     127.27422 |     144.24802 |     146.46458 |     146.46458 |      29.92000 |      14.88600 |       0.00000 |       0.00000 |       0.00000 |       0.00000 |       0.00000 |     -36.74900 |     -73.13058 |    1007.83734 |     953.82458 |       1.00000 |     998.57788 |     -36.50000 |     -73.00000 |     165.14609 |     282.01501 | 
    125.38110 |     125.46192 |     127.30698 |     127.30697 |     144.28600 |     146.50226 |     146.50226 |      29.92000 |      14.88600 |       0.00000 |       0.00000 |       0.00000 |       0.00000 |       0.00000 |     -36.74854 |     -73.13103 |    1007.91736 |     968.34698 |       1.00000 |     998.67871 |     -36.50000 |     -73.00000 |     165.14465 |     281.86856 | 
    125.41473 |     125.49560 |     127.34129 |     127.34127 |     144.32471 |     146.54173 |     146.54172 |      29.92000 |      14.88600 |       0.00000 |       0.00000 |       0.00000 |       0.00000 |       0.00000 |     -36.74807 |     -73.13147 |    1007.97729 |     982.88318 |       1.00000 |     998.76233 |     -36.50000 |     -73.00000 |     165.14328 |     281.70526 | 
    125.44705 |     125.52644 |     127.37263 |     127.37263 |     144.36189 |     146.57782 |     146.57784 |      29.92000 |      14.88600 |       0.00000 |       0.00000 |       0.00000 |       0.00000 |       0.00000 |     -36.74759 |     -73.13191 |    1008.02173 |     995.58911 |       0.00000 |     998.81958 |     -36.50000 |     -73.00000 |     165.14215 |     281.56393 | 
    125.47764 |     125.55467 |     127.40139 |     127.40139 |     144.39709 |     146.61090 |     146.61090 |      29.92000 |      14.88600 |       0.00000 |       0.00000 |       0.00000 |       0.00000 |       0.00000 |     -36.74712 |     -73.13235 |    1008.07227 |    1002.43817 |       0.00000 |     998.87207 |     -36.50000 |     -73.00000 |     165.14098 |     281.43887 | 
    125.50587 |     125.58189 |     127.42909 |     127.42909 |     144.42958 |     146.64279 |     146.64279 |      29.92000 |      14.88600 |       0.00000 |       0.00000 |       0.00000 |       0.00000 |       0.00000 |     -36.74665 |     -73.13280 |    1008.12396 |    1004.16248 |       0.00000 |     998.92120 |     -36.50000 |     -73.00000 |     165.13989 |     281.31067 | 
    125.53390 |     125.60995 |     127.45766 |     127.45767 |     144.46184 |     146.67566 |     146.67567 |      29.92000 |      14.88600 |       0.00000 |       0.00000 |       0.00000 |       0.00000 |       0.00000 |     -36.74618 |     -73.13324 |    1008.16235 |    1004.21783 |       0.00000 |     998.97070 |     -36.50000 |     -73.00000 |     165.13884 |     281.17682 | 
    125.56107 |     125.63438 |     127.48250 |     127.48250 |     144.49310 |     146.70424 |     146.70424 |      29.92000 |      14.88600 |       0.00000 |       0.00000 |       0.00000 |       0.00000 |       0.00000 |     -36.74571 |     -73.13368 |    1008.19135 |    1004.26532 |       0.00000 |     999.00916 |     -36.50000 |     -73.00000 |     165.13802 |     281.06180 | 
    125.58554 |     125.65740 |     127.50590 |     127.50590 |     144.52127 |     146.73117 |     146.73117 |      29.92000 |      14.88600 |       0.00000 |       0.00000 |       0.00000 |       0.00000 |       0.00000 |     -36.74524 |     -73.13412 |    1008.21246 |    1004.46387 |       0.00000 |     999.03827 |     -36.50000 |     -73.00000 |     165.13724 |     280.95190 | 
    125.60927 |     125.68053 |     127.52939 |     127.52939 |     144.54857 |     146.75821 |     146.75821 |      29.92000 |      14.88600 |       0.00000 |       0.00000 |       0.00000 |       0.00000 |       0.00000 |     -36.74477 |     -73.13457 |    1008.22504 |    1004.87347 |       0.00000 |     999.05811 |     -36.50000 |     -73.00000 |     165.13658 |     280.84189 | 
    125.63261 |     125.70318 |     127.55238 |     127.55238 |     144.57542 |     146.78467 |     146.78467 |      29.92000 |      14.88600 |       0.00000 |       0.00000 |       0.00000 |       0.00000 |       0.00000 |     -36.74430 |     -73.13502 |    1008.23401 |    1005.27728 |       0.00000 |     999.07343 |     -36.50000 |     -73.00000 |     165.13591 |     280.73499 | 
    125.65495 |     125.72581 |     127.57535 |     127.57535 |     144.60114 |     146.81110 |     146.81110 |      29.92000 |      14.88600 |       0.00000 |       0.00000 |       0.00000 |       0.00000 |       0.00000 |     -36.74383 |     -73.13546 |    1008.23273 |    1005.66534 |       0.00000 |     999.08264 |     -36.50000 |     -73.00000 |     165.13533 |     280.62756 | 
    125.67744 |     125.74591 |     127.59574 |     127.59574 |     144.62703 |     146.83456 |     146.83456 |      29.92000 |      14.88600 |       0.00000 |       0.00000 |       0.00000 |       0.00000 |       0.00000 |     -36.74336 |     -73.13590 |    1008.23480 |    1006.05731 |       0.00000 |     999.08472 |     -36.50000 |     -73.00000 |     165.13478 |     280.53293 | 
    125.69720 |     125.76295 |     127.61307 |     127.61307 |     144.64975 |     146.85449 |     146.85449 |      29.92000 |      14.88600 |       0.00000 |       0.00000 |       0.00000 |       0.00000 |       0.00000 |     -36.74289 |     -73.13634 |    1008.24597 |    1006.45459 |       0.00000 |     999.08679 |     -36.50000 |     -73.00000 |     165.13425 |     280.45700 | 
    125.71532 |     125.78000 |     127.63040 |     127.63040 |     144.67061 |     146.87445 |     146.87445 |      29.92000 |      14.88600 |       0.00000 |       0.00000 |       0.00000 |       0.00000 |       0.00000 |     -36.74241 |     -73.13679 |    1008.26288 |    1006.85931 |       0.00000 |     999.09943 |     -36.50000 |     -73.00000 |     165.13365 |     280.37442 | 
    125.73224 |     125.79690 |     127.64753 |     127.64753 |     144.69008 |     146.89417 |     146.89417 |      29.92000 |      14.88600 |       0.00000 |       0.00000 |       0.00000 |       0.00000 |       0.00000 |     -36.74194 |     -73.13723 |    1008.26453 |    1007.24261 |       0.00000 |     999.11206 |     -36.50000 |     -73.00000 |     165.13319 |     280.29361 | 
    125.74885 |     125.81373 |     127.66461 |     127.66460 |     144.70920 |     146.91382 |     146.91380 |      29.92000 |      14.88600 |       0.00000 |       0.00000 |       0.00000 |       0.00000 |       0.00000 |     -36.74148 |     -73.13767 |    1008.26514 |    1007.62244 |       0.00000 |     999.11273 |     -36.50000 |     -73.00000 |     165.13275 |     280.21451 | 
    125.76563 |     125.83043 |     127.68156 |     127.68156 |     144.72850 |     146.93333 |     146.93333 |      29.92000 |      14.88600 |       0.00000 |       0.00000 |       0.00000 |       0.00000 |       0.00000 |     -36.74101 |     -73.13811 |    1008.26849 |    1008.00305 |       0.00000 |     999.11804 |     -36.50000 |     -73.00000 |     165.13225 |     280.13364 | 
    125.78259 |     125.84702 |     127.69839 |     127.69838 |     144.74802 |     146.95270 |     146.95268 |      29.92000 |      14.88600 |       0.00000 |       0.00000 |       0.00000 |       0.00000 |       0.00000 |     -36.74054 |     -73.13856 |    1008.26532 |    1008.37488 |       0.00000 |     999.12012 |     -36.50000 |     -73.00000 |     165.13190 |     280.05481 | 
    125.79945 |     125.86338 |     127.71498 |     127.71500 |     144.76743 |     146.97177 |     146.97180 |      29.92000 |      14.88600 |       0.00000 |       0.00000 |       0.00000 |       0.00000 |       0.00000 |     -36.74007 |     -73.13900 |    1008.25513 |    1008.73962 |       0.00000 |     999.11633 |     -36.50000 |     -73.00000 |     165.13144 |     279.97794 | 
    125.81421 |     125.87397 |     127.72573 |     127.72573 |     144.78441 |     146.98415 |     146.98415 |      29.92000 |      14.88600 |       0.00000 |       0.00000 |       0.00000 |       0.00000 |       0.00000 |     -36.73959 |     -73.13945 |    1008.25409 |    1009.11316 |       0.00000 |     999.10480 |     -36.50000 |     -73.00000 |     165.13120 |     279.93112 | 
    125.82559 |     125.88282 |     127.73472 |     127.73470 |     144.79752 |     146.99449 |     146.99448 |      29.92000 |      14.88600 |       0.00000 |       0.00000 |       0.00000 |       0.00000 |       0.00000 |     -36.73912 |     -73.13989 |    1008.25439 |    1009.48395 |       0.00000 |     999.10388 |     -36.50000 |     -73.00000 |     165.13095 |     279.88824 | 
    125.83442 |     125.89190 |     127.74391 |     127.74391 |     144.80766 |     147.00508 |     147.00508 |      29.92000 |      14.88600 |       0.00000 |       0.00000 |       0.00000 |       0.00000 |       0.00000 |     -36.73865 |     -73.14034 |    1008.24371 |    1009.84100 |       0.00000 |     999.10065 |     -36.50000 |     -73.00000 |     165.13080 |     279.84732 | 
    125.84418 |     125.90152 |     127.75364 |     127.75364 |     144.81889 |     147.01627 |     147.01627 |      29.92000 |      14.88600 |       0.00000 |       0.00000 |       0.00000 |       0.00000 |       0.00000 |     -36.73818 |     -73.14079 |    1008.23138 |    1010.19611 |       0.00000 |     999.09186 |     -36.50000 |     -73.00000 |     165.13063 |     279.80072 | 
    125.85345 |     125.90955 |     127.76178 |     127.76178 |     144.82957 |     147.02563 |     147.02563 |      29.92000 |      14.88600 |       0.00000 |       0.00000 |       0.00000 |       0.00000 |       0.00000 |     -36.73771 |     -73.14123 |    1008.23267 |    1010.56195 |       0.00000 |     999.08221 |     -36.50000 |     -73.00000 |     165.13043 |     279.76419 | 
    125.86120 |     125.91729 |     127.76968 |     127.76968 |     144.83849 |     147.03471 |     147.03471 |      29.92000 |      14.88600 |       0.00000 |       0.00000 |       0.00000 |       0.00000 |       0.00000 |     -36.73724 |     -73.14168 |    1008.24518 |    1010.93787 |       0.00000 |     999.08521 |     -36.50000 |     -73.00000 |     165.13011 |     279.72852 | 
    125.86921 |     125.92518 |     127.77766 |     127.77769 |     144.84770 |     147.04391 |     147.04396 |      29.92000 |      14.88600 |       0.00000 |       0.00000 |       0.00000 |       0.00000 |       0.00000 |     -36.73676 |     -73.14212 |    1008.24243 |    1011.29358 |       0.00000 |     999.09375 |     -36.50000 |     -73.00000 |     165.12996 |     279.69086 | 
    125.87772 |     125.93299 |     127.78558 |     127.78558 |     144.85750 |     147.05304 |     147.05304 |      29.92000 |      14.88600 |       0.00000 |       0.00000 |       0.00000 |       0.00000 |       0.00000 |     -36.73630 |     -73.14256 |    1008.23932 |    1011.64581 |       0.00000 |     999.09265 |     -36.50000 |     -73.00000 |     165.12968 |     279.65051 | 
    125.88538 |     125.94152 |     127.79424 |     127.79424 |     144.86632 |     147.06299 |     147.06299 |      29.92000 |      14.88600 |       0.00000 |       0.00000 |       0.00000 |       0.00000 |       0.00000 |     -36.73583 |     -73.14301 |    1008.23486 |    1011.99463 |       0.00000 |     999.09283 |     -36.50000 |     -73.00000 |     165.12952 |     279.61450 | 
    125.89328 |     125.94842 |     127.80122 |     127.80122 |     144.87540 |     147.07101 |     147.07101 |      29.92000 |      14.88600 |       0.00000 |       0.00000 |       0.00000 |       0.00000 |       0.00000 |     -36.73536 |     -73.14346 |    1008.22858 |    1012.34247 |       0.00000 |     999.08472 |     -36.50000 |     -73.00000 |     165.12939 |     279.58209 | 
    125.90003 |     125.95145 |     127.80431 |     127.80431 |     144.88318 |     147.07458 |     147.07458 |      29.92000 |      14.88600 |       0.00000 |       0.00000 |       0.00000 |       0.00000 |       0.00000 |     -36.73488 |     -73.14390 |    1008.23651 |    1012.70239 |       0.00000 |     999.08258 |     -36.50000 |     -73.00000 |     156.55171 |     275.54611 | 
    125.86781 |     125.74090 |     127.59065 |     127.59065 |     144.84610 |     146.82870 |     146.82870 |      29.92000 |      14.88600 |       0.00000 |       0.00000 |       0.00000 |       0.00000 |       0.00000 |     -36.73441 |     -73.14434 |    1008.23438 |    1014.61523 |       0.00000 |     999.08472 |     -36.50000 |     -73.00000 |     120.73027 |     231.72748 | 
    125.65345 |     125.35032 |     127.19420 |     127.19417 |     144.59941 |     146.37247 |     146.37247 |      29.92000 |      14.88600 |       0.00000 |       0.00000 |       0.00000 |       0.00000 |       0.00000 |     -36.73394 |     -73.14478 |    1008.16040 |    1016.45801 |       0.00000 |     999.07233 |     -36.50000 |     -73.00000 |     113.90805 |     219.27744 | 
    125.29584 |     124.90381 |     126.74068 |     126.74055 |     144.18788 |     145.85059 |     145.85056 |      29.92000 |      14.88600 |       0.00000 |       0.00000 |       0.00000 |       0.00000 |       0.00000 |     -36.73347 |     -73.14523 |    1007.92322 |    1016.26300 |       0.00000 |     998.97406 |     -36.50000 |     -73.00000 |     101.66140 |     206.31615 | 
    124.84305 |     124.31715 |     126.14478 |     126.14464 |     143.66682 |     145.16483 |     145.16486 |      29.92000 |      14.88600 |       0.00000 |       0.00000 |       0.00000 |       0.00000 |       0.00000 |     -36.73301 |     -73.14567 |    1007.60321 |    1016.60590 |       0.00000 |     998.75037 |     -36.50000 |     -73.00000 |      85.50240 |     182.70343 | 
    124.25021 |     123.56165 |     125.37753 |     125.37733 |     142.98460 |     144.28189 |     144.28189 |      29.92000 |      14.88600 |       0.00000 |       0.00000 |       0.00000 |       0.00000 |       0.00000 |     -36.73254 |     -73.14610 |    1007.24500 |    1010.13507 |       0.00000 |     998.44159 |     -36.50000 |     -73.00000 |      75.26569 |     162.56168 | 
    123.51167 |     122.70486 |     124.50738 |     124.50710 |     142.13469 |     143.28053 |     143.28053 |      29.92000 |      14.88600 |       0.00000 |       0.00000 |       0.00000 |       0.00000 |       0.00000 |     -36.73208 |     -73.14654 |    1006.82043 |    1009.67285 |       0.00000 |     998.07788 |     -36.50000 |     -73.00000 |      68.77436 |     148.91435 | 
    122.68510 |     121.84698 |     123.63608 |     123.63580 |     141.18350 |     142.27786 |     142.27786 |      29.92000 |      14.88600 |       0.00000 |       0.00000 |       0.00000 |       0.00000 |       0.00000 |     -36.73162 |     -73.14696 |    1006.37451 |    1009.18317 |       0.00000 |     997.66101 |     -36.50000 |     -73.00000 |      68.82213 |     148.69214 | 
    121.84542 |     121.01894 |     122.79511 |     122.79485 |     140.21721 |     141.31010 |     141.31009 |      29.92000 |      14.88600 |       0.00000 |       0.00000 |       0.00000 |       0.00000 |       0.00000 |     -36.73116 |     -73.14738 |    1005.94238 |    1008.70099 |       0.00000 |     997.22729 |     -36.50000 |     -73.00000 |      68.84823 |     150.36928 | 
    121.01704 |     120.22221 |     121.98601 |     121.98583 |     139.26393 |     140.37900 |     140.37900 |      29.92000 |      14.88600 |       0.00000 |       0.00000 |       0.00000 |       0.00000 |       0.00000 |     -36.73071 |     -73.14780 |    1005.55896 |    1008.26135 |       0.00000 |     996.80054 |     -36.50000 |     -73.00000 |      68.86712 |     152.30164 | 
    120.22589 |     119.45680 |     121.20882 |     121.20872 |     138.35349 |     139.48463 |     139.48463 |      29.92000 |      14.88600 |       0.00000 |       0.00000 |       0.00000 |       0.00000 |       0.00000 |     -36.73026 |     -73.14821 |    1005.25549 |    1007.89630 |       0.00000 |     996.42889 |     -36.50000 |     -73.00000 |      69.67476 |     153.96527 | 
    119.45766 |     118.70959 |     120.45024 |     120.45017 |     137.46942 |     138.61166 |     138.61166 |      29.92000 |      14.88600 |       0.00000 |       0.00000 |       0.00000 |       0.00000 |       0.00000 |     -36.72980 |     -73.14862 |    1005.02441 |    1007.52753 |       0.00000 |     996.12256 |     -36.50000 |     -73.00000 |      68.89609 |     155.34036 | 
    118.70814 |     117.98616 |     119.71590 |     119.71587 |     136.60689 |     137.76660 |     137.76660 |      29.92000 |      14.88600 |       0.00000 |       0.00000 |       0.00000 |       0.00000 |       0.00000 |     -36.72935 |     -73.14902 |    1004.86023 |    1006.80103 |       0.00000 |     995.89368 |     -36.50000 |     -73.00000 |      68.90598 |     156.73700 | 
    117.98534 |     117.24199 |     118.96063 |     118.96061 |     135.77510 |     136.89746 |     136.89746 |      29.92000 |      14.88600 |       0.00000 |       0.00000 |       0.00000 |       0.00000 |       0.00000 |     -36.72891 |     -73.14943 |    1004.74481 |    1006.21460 |       0.00000 |     995.72595 |     -36.50000 |     -73.00000 |      52.10783 |     135.35353 | 
    117.16328 |     116.11263 |     117.81444 |     117.81437 |     134.82910 |     135.57845 |     135.57843 |      29.92000 |      14.88600 |       0.00000 |       0.00000 |       0.00000 |       0.00000 |       0.00000 |     -36.72846 |     -73.14983 |    1004.59515 |    1005.61047 |       0.00000 |     995.58832 |     -36.50000 |     -73.00000 |      26.12013 |      73.79727 | 
    116.02897 |     114.70171 |     116.38232 |     116.38203 |     133.52376 |     133.93039 |     133.93037 |      29.92000 |      14.88600 |       0.00000 |       0.00000 |       0.00000 |       0.00000 |       0.00000 |     -36.72802 |     -73.15022 |    1004.28082 |    1004.84601 |       0.00000 |     995.41351 |     -36.50000 |     -73.00000 |      27.07952 |      60.74339 | 
    114.69170 |     113.32224 |     114.98177 |     114.98129 |     131.98485 |     132.31866 |     132.31866 |      29.92000 |      14.88600 |       0.00000 |       0.00000 |       0.00000 |       0.00000 |       0.00000 |     -36.72758 |     -73.15061 |    1003.77954 |    1003.89807 |       0.00000 |     995.08374 |     -36.50000 |     -73.00000 |      28.67971 |      63.81512 | 
    113.34811 |     112.01150 |     113.65090 |     113.65041 |     130.43869 |     130.78712 |     130.78711 |      29.92000 |      14.88600 |       0.00000 |       0.00000 |       0.00000 |       0.00000 |       0.00000 |     -36.72715 |     -73.15099 |    1003.21143 |    1002.89020 |       0.00000 |     994.60187 |     -36.50000 |     -73.00000 |      29.55900 |      65.54586 | 
    112.02923 |     110.73033 |     112.35011 |     112.34972 |     128.92094 |     129.29021 |     129.29021 |      29.92000 |      14.88600 |       0.00000 |       0.00000 |       0.00000 |       0.00000 |       0.00000 |     -36.72672 |     -73.15137 |    1002.67596 |    1001.91644 |       0.00000 |     994.05731 |     -36.50000 |     -73.00000 |      29.08876 |      66.87169 | 
    110.75683 |     109.48713 |     111.08797 |     111.08769 |     127.45669 |     127.83776 |     127.83776 |      29.92000 |      14.88600 |       0.00000 |       0.00000 |       0.00000 |       0.00000 |       0.00000 |     -36.72630 |     -73.15173 |    1002.21851 |    1001.02740 |       0.00000 |     993.54065 |     -36.50000 |     -73.00000 |      29.25802 |      68.36182 | 
    109.51036 |     108.27087 |     109.85331 |     109.85311 |     126.02228 |     126.41694 |     126.41693 |      29.92000 |      14.88600 |       0.00000 |       0.00000 |       0.00000 |       0.00000 |       0.00000 |     -36.72588 |     -73.15209 |    1001.84058 |    1000.22003 |       0.00000 |     993.08984 |     -36.50000 |     -73.00000 |      30.05264 |      70.04790 | 
    108.29449 |     107.07918 |     108.64369 |     108.64356 |     124.62309 |     125.02493 |     125.02493 |      29.92000 |      14.88600 |       0.00000 |       0.00000 |       0.00000 |       0.00000 |       0.00000 |     -36.72546 |     -73.15244 |    1001.51935 |     999.47119 |       0.00000 |     992.70563 |     -36.50000 |     -73.00000 |      29.55049 |      71.16737 | 
    107.10126 |     105.91690 |     107.46404 |     107.46396 |     123.24994 |     123.66741 |     123.66741 |      29.92000 |      14.88600 |       0.00000 |       0.00000 |       0.00000 |       0.00000 |       0.00000 |     -36.72505 |     -73.15279 |    1001.26782 |     998.79700 |       0.00000 |     992.38672 |     -36.50000 |     -73.00000 |      29.67820 |      72.43574 | 
    105.94444 |     104.78250 |     106.31275 |     106.31269 |     121.91869 |     122.34254 |     122.34254 |      29.92000 |      14.88600 |       0.00000 |       0.00000 |       0.00000 |       0.00000 |       0.00000 |     -36.72464 |     -73.15314 |    1001.06464 |     998.17529 |       0.00000 |     992.13336 |     -36.50000 |     -73.00000 |      29.79177 |      73.74374 | 
    104.80772 |     103.67305 |     105.18683 |     105.18679 |     120.61058 |     121.04684 |     121.04685 |      29.92000 |      14.88600 |       0.00000 |       0.00000 |       0.00000 |       0.00000 |       0.00000 |     -36.72424 |     -73.15347 |    1000.89624 |     997.59119 |       0.00000 |     991.93066 |     -36.50000 |     -73.00000 |      29.89895 |      74.73569 | 
    103.69382 |     102.58586 |     104.08356 |     104.08353 |     119.32872 |     119.77722 |     119.77723 |      29.92000 |      14.88600 |       0.00000 |       0.00000 |       0.00000 |       0.00000 |       0.00000 |     -36.72384 |     -73.15381 |    1000.75323 |     997.03473 |       0.00000 |     991.75629 |     -36.50000 |     -73.00000 |      29.99042 |      75.97825 | 
    102.60283 |     101.51659 |     102.99849 |     102.99847 |     118.07323 |     118.52855 |     118.52856 |      29.92000 |      14.88600 |       0.00000 |       0.00000 |       0.00000 |       0.00000 |       0.00000 |     -36.72344 |     -73.15414 |    1000.62933 |     996.68909 |       0.00000 |     991.61243 |     -36.50000 |     -73.00000 |      30.06968 |      77.37559 | 
    101.52416 |     100.46788 |     101.93431 |     101.93429 |     116.83192 |     117.30392 |     117.30391 |      29.92000 |      14.88600 |       0.00000 |       0.00000 |       0.00000 |       0.00000 |       0.00000 |     -36.72304 |     -73.15446 |    1000.52307 |     996.56976 |       0.00000 |     991.48608 |     -36.50000 |     -73.00000 |      30.14618 |      78.31670 | 
    100.47692 |      99.44336 |     100.89471 |     100.89471 |     115.62678 |     116.10757 |     116.10757 |      29.92000 |      14.88600 |       0.00000 |       0.00000 |       0.00000 |       0.00000 |       0.00000 |     -36.72264 |     -73.15479 |    1000.44141 |     996.47375 |       0.00000 |     991.37665 |     -36.50000 |     -73.00000 |      30.21143 |      79.38351 | 
     99.44827 |      98.43636 |      99.87293 |      99.87292 |     114.44303 |     114.93172 |     114.93172 |      29.92000 |      14.88600 |       0.00000 |       0.00000 |       0.00000 |       0.00000 |       0.00000 |     -36.72225 |     -73.15510 |    1000.38336 |     996.39996 |       0.00000 |     991.29480 |     -36.50000 |     -73.00000 |      30.86773 |      80.59409 | 
     98.45234 |      97.46288 |      98.88516 |      98.88517 |     113.29694 |     113.79501 |     113.79502 |      29.92000 |      14.88600 |       0.00000 |       0.00000 |       0.00000 |       0.00000 |       0.00000 |     -36.72187 |     -73.15541 |    1000.33002 |     996.32977 |       0.00000 |     991.23230 |     -36.50000 |     -73.00000 |      30.31793 |      81.39299 | 
     97.47343 |      96.50462 |      97.91286 |      97.91286 |     112.17042 |     112.67612 |     112.67612 |      29.92000 |      14.88600 |       0.00000 |       0.00000 |       0.00000 |       0.00000 |       0.00000 |     -36.72148 |     -73.15571 |    1000.29736 |     995.88037 |       0.00000 |     991.18726 |     -36.50000 |     -73.00000 |      30.35637 |      82.82064 | 
     96.50819 |      95.55418 |      96.94855 |      96.94855 |     111.05964 |     111.56640 |     111.56641 |      29.92000 |      14.88600 |       0.00000 |       0.00000 |       0.00000 |       0.00000 |       0.00000 |     -36.72110 |     -73.15601 |    1000.27405 |     995.18036 |       0.00000 |     991.15179 |     -36.50000 |     -73.00000 |      30.39533 |      83.43846 | 
     95.55895 |      94.60902 |      95.98955 |      95.98956 |     109.96729 |     110.46280 |     110.46281 |      29.92000 |      14.88600 |       0.00000 |       0.00000 |       0.00000 |       0.00000 |       0.00000 |     -36.72073 |     -73.15630 |    1000.24170 |     994.41528 |       0.00000 |     991.12207 |     -36.50000 |     -73.00000 |      27.55352 |      80.29580 | 
     94.59534 |      93.61867 |      94.98467 |      94.98466 |     108.85838 |     109.30641 |     109.30641 |      29.92000 |      14.88600 |       0.00000 |       0.00000 |       0.00000 |       0.00000 |       0.00000 |     -36.72035 |     -73.15659 |    1000.19733 |     993.76642 |       0.00000 |     991.09070 |     -36.50000 |     -73.00000 |      26.51815 |      74.66925 | 
     93.60619 |      92.62168 |      93.97302 |      93.97300 |     107.72008 |     108.14223 |     108.14221 |      29.92000 |      14.88600 |       0.00000 |       0.00000 |       0.00000 |       0.00000 |       0.00000 |     -36.71997 |     -73.15688 |    1000.11658 |     994.16791 |       0.00000 |     991.03979 |     -36.50000 |     -73.00000 |      26.56553 |      74.73106 | 
     92.61541 |      91.64648 |      92.98345 |      92.98342 |     106.57991 |     107.00345 |     107.00345 |      29.92000 |      14.88600 |       0.00000 |       0.00000 |       0.00000 |       0.00000 |       0.00000 |     -36.71961 |     -73.15717 |    1000.00793 |     996.00568 |       0.00000 |     990.95691 |     -36.50000 |     -73.00000 |      26.59622 |      75.54398 | 
     91.63152 |      90.67062 |      91.99317 |      91.99315 |     105.44768 |     105.86386 |     105.86387 |      29.92000 |      14.88600 |       0.00000 |       0.00000 |       0.00000 |       0.00000 |       0.00000 |     -36.71924 |     -73.15744 |     999.87555 |     995.87720 |       0.00000 |     990.85077 |     -36.50000 |     -73.00000 |      26.61906 |      76.50206 | 
     90.63061 |      89.68449 |      90.99248 |      90.99245 |     104.29585 |     104.71228 |     104.71228 |      29.92000 |      14.88600 |       0.00000 |       0.00000 |       0.00000 |       0.00000 |       0.00000 |     -36.71887 |     -73.15772 |     999.74213 |     995.74646 |       0.00000 |     990.71997 |     -36.50000 |     -73.00000 |      26.63537 |      77.65739 | 
     89.66846 |      88.73788 |      90.03191 |      90.03188 |     103.18863 |     103.60687 |     103.60688 |      29.92000 |      14.88600 |       0.00000 |       0.00000 |       0.00000 |       0.00000 |       0.00000 |     -36.71851 |     -73.15799 |     999.61926 |     995.62585 |       0.00000 |     990.59363 |     -36.50000 |     -73.00000 |      26.64668 |      78.43201 | 
     88.71690 |      87.80652 |      89.08682 |      89.08679 |     102.09358 |     102.51929 |     102.51928 |      29.92000 |      14.88600 |       0.00000 |       0.00000 |       0.00000 |       0.00000 |       0.00000 |     -36.71815 |     -73.15825 |     999.51233 |     995.52435 |       0.00000 |     990.47290 |     -36.50000 |     -73.00000 |      26.65203 |      79.62039 | 
     87.77883 |      86.88426 |      88.15099 |      88.15097 |     101.01408 |     101.44235 |     101.44234 |      29.92000 |      14.88600 |       0.00000 |       0.00000 |       0.00000 |       0.00000 |       0.00000 |     -36.71780 |     -73.15851 |     999.41730 |     995.43372 |       0.00000 |     990.36670 |     -36.50000 |     -73.00000 |      26.65294 |      80.28339 | 
     86.85152 |      85.94912 |      87.20212 |      87.20210 |      99.94695 |     100.35041 |     100.35041 |      29.92000 |      14.88600 |       0.00000 |       0.00000 |       0.00000 |       0.00000 |       0.00000 |     -36.71745 |     -73.15876 |     999.33496 |     995.35455 |       0.00000 |     990.27136 |     -36.50000 |     -73.00000 |      21.40826 |      71.16256 | 
     85.89349 |      84.94222 |      86.18040 |      86.18035 |      98.84447 |      99.17463 |      99.17463 |      29.92000 |      14.88600 |       0.00000 |       0.00000 |       0.00000 |       0.00000 |       0.00000 |     -36.71710 |     -73.15901 |     999.22296 |     995.24451 |       0.00000 |     990.18091 |     -36.50000 |     -73.00000 |      21.45046 |      66.44933 | 
     84.90057 |      83.94170 |      85.16508 |      85.16502 |      97.70184 |      98.00623 |      98.00624 |      29.92000 |      14.88600 |       0.00000 |       0.00000 |       0.00000 |       0.00000 |       0.00000 |     -36.71676 |     -73.15925 |     999.05865 |     995.08112 |       0.00000 |     990.06287 |     -36.50000 |     -73.00000 |      23.47828 |      68.52547 | 
     83.90062 |      83.02106 |      84.23080 |      84.23074 |      96.55111 |      96.93108 |      96.93108 |      29.92000 |      14.88600 |       0.00000 |       0.00000 |       0.00000 |       0.00000 |       0.00000 |     -36.71642 |     -73.15949 |     998.86798 |     994.89038 |       0.00000 |     989.89917 |     -36.50000 |     -73.00000 |      28.15500 |      84.27712 | 
     82.97530 |      82.16730 |      83.36440 |      83.36437 |      95.48627 |      95.93405 |      95.93404 |      29.92000 |      14.88600 |       0.00000 |       0.00000 |       0.00000 |       0.00000 |       0.00000 |     -36.71608 |     -73.15973 |     998.71851 |     994.73969 |       0.00000 |     989.72559 |     -36.50000 |     -73.00000 |      28.16821 |      89.17662 | 
     82.10792 |      81.39037 |      82.57606 |      82.57604 |      94.48811 |      95.02684 |      95.02683 |      29.92000 |      14.88600 |       0.00000 |       0.00000 |       0.00000 |       0.00000 |       0.00000 |     -36.71575 |     -73.15996 |     998.64600 |     994.66510 |       0.00000 |     989.58716 |     -36.50000 |     -73.00000 |      47.50496 |     122.32448 | 
     81.37852 |      80.90687 |      82.08562 |      82.08553 |      93.64874 |      94.46244 |      94.46243 |      29.92000 |      14.88600 |       0.00000 |       0.00000 |       0.00000 |       0.00000 |       0.00000 |     -36.71541 |     -73.16019 |     998.71826 |     994.73431 |       0.00000 |     989.52429 |     -36.50000 |     -73.00000 |      50.01007 |     148.85556 | 
     80.85226 |      80.51218 |      81.68555 |      81.68513 |      93.04313 |      94.00207 |      94.00207 |      29.92000 |      14.88600 |       0.00000 |       0.00000 |       0.00000 |       0.00000 |       0.00000 |     -36.71508 |     -73.16041 |     999.04565 |     995.05756 |       0.00000 |     989.62268 |     -36.50000 |     -73.00000 |      45.42600 |     149.16646 | 
     80.40663 |      80.08959 |      81.25742 |      81.25677 |      92.53030 |      93.50938 |      93.50937 |      29.92000 |      14.88600 |       0.00000 |       0.00000 |       0.00000 |       0.00000 |       0.00000 |     -36.71475 |     -73.16064 |     999.55798 |     995.56628 |       0.00000 |     989.94977 |     -36.50000 |     -73.00000 |      46.00988 |     151.10379 | 
     79.98045 |      79.67657 |      80.83905 |      80.83838 |      92.03986 |      93.02792 |      93.02791 |      29.92000 |      14.88600 |       0.00000 |       0.00000 |       0.00000 |       0.00000 |       0.00000 |     -36.71442 |     -73.16086 |    1000.11432 |     996.12012 |       0.00000 |     990.43079 |     -36.50000 |     -73.00000 |      45.98812 |     151.94090 | 
     79.57088 |      79.27882 |      80.43610 |      80.43555 |      91.56854 |      92.56422 |      92.56422 |      29.92000 |      14.88600 |       0.00000 |       0.00000 |       0.00000 |       0.00000 |       0.00000 |     -36.71409 |     -73.16107 |    1000.64014 |     996.64264 |       0.00000 |     990.96326 |     -36.50000 |     -73.00000 |      45.95853 |     152.57391 | 
     79.16866 |      78.89462 |      80.04684 |      80.04645 |      91.10567 |      92.11627 |      92.11626 |      29.92000 |      14.88600 |       0.00000 |       0.00000 |       0.00000 |       0.00000 |       0.00000 |     -36.71377 |     -73.16129 |    1001.10461 |     997.10303 |       0.00000 |     991.47742 |     -36.50000 |     -73.00000 |      45.92667 |     153.12582 | 
     78.77457 |      78.52004 |      79.66725 |      79.66700 |      90.65216 |      91.67944 |      91.67945 |      29.92000 |      14.88600 |       0.00000 |       0.00000 |       0.00000 |       0.00000 |       0.00000 |     -36.71344 |     -73.16151 |    1001.49213 |     997.48535 |       0.00000 |     991.93848 |     -36.50000 |     -73.00000 |      45.89454 |     153.64012 | 
     78.39964 |      78.16159 |      79.30392 |      79.30373 |      90.22070 |      91.26134 |      91.26133 |      29.92000 |      14.88600 |       0.00000 |       0.00000 |       0.00000 |       0.00000 |       0.00000 |     -36.71312 |     -73.16172 |    1001.80792 |     997.46637 |       0.00000 |     992.31940 |     -36.50000 |     -73.00000 |      45.86336 |     154.13815 | 
     78.03374 |      77.80956 |      78.94706 |      78.94692 |      89.79962 |      90.85065 |      90.85065 |      29.92000 |      14.88600 |       0.00000 |       0.00000 |       0.00000 |       0.00000 |       0.00000 |     -36.71279 |     -73.16193 |    1002.07501 |     997.47748 |       0.00000 |     992.64380 |     -36.50000 |     -73.00000 |      46.97536 |     154.90007 | 
     77.70644 |      77.66473 |      78.80042 |      78.80022 |      89.42298 |      90.68190 |      90.68190 |      29.92000 |      14.88600 |       0.00000 |       0.00000 |       0.00000 |       0.00000 |       0.00000 |     -36.71246 |     -73.16214 |    1002.32684 |     997.46857 |       0.00000 |     992.91785 |     -36.50000 |     -73.00000 |      57.97906 |     193.54781 | 
     77.55075 |      77.62817 |      78.76375 |      78.76329 |      89.24381 |      90.63970 |      90.63970 |      29.92000 |      14.88600 |       0.00000 |       0.00000 |       0.00000 |       0.00000 |       0.00000 |     -36.71214 |     -73.16235 |    1002.70764 |     997.86914 |       0.00000 |     993.20074 |     -36.50000 |     -73.00000 |      59.31400 |     196.09274 | 
     77.48355 |      77.59315 |      78.72882 |      78.72814 |      89.16648 |      90.59951 |      90.59951 |      29.92000 |      14.88600 |       0.00000 |       0.00000 |       0.00000 |       0.00000 |       0.00000 |     -36.71181 |     -73.16256 |    1003.21820 |     998.49829 |       0.00000 |     993.59088 |     -36.50000 |     -73.00000 |      59.38685 |     197.95413 | 
     77.44459 |      77.56149 |      78.69735 |      78.69657 |      89.12164 |      90.56330 |      90.56330 |      29.92000 |      14.88600 |       0.00000 |       0.00000 |       0.00000 |       0.00000 |       0.00000 |     -36.71149 |     -73.16277 |    1003.79449 |     999.18970 |       0.00000 |     994.08795 |     -36.50000 |     -73.00000 |      59.41462 |     198.74330 | 
     77.41354 |      77.53276 |      78.66888 |      78.66817 |      89.08591 |      90.53054 |      90.53053 |      29.92000 |      14.88600 |       0.00000 |       0.00000 |       0.00000 |       0.00000 |       0.00000 |     -36.71117 |     -73.16297 |    1004.37866 |     999.88593 |       0.00000 |     994.65344 |     -36.50000 |     -73.00000 |      58.79691 |     198.49854 | 
     77.38654 |      77.51228 |      78.64870 |      78.64816 |      89.05485 |      90.50732 |      90.50733 |      29.92000 |      14.88600 |       0.00000 |       0.00000 |       0.00000 |       0.00000 |       0.00000 |     -36.71084 |     -73.16317 |    1004.90814 |    1000.61395 |       0.00000 |     995.22003 |     -36.50000 |     -73.00000 |      59.40264 |     198.47408 | 
     77.36769 |      77.50299 |      78.63981 |      78.63940 |      89.03315 |      90.49708 |      90.49708 |      29.92000 |      14.88600 |       0.00000 |       0.00000 |       0.00000 |       0.00000 |       0.00000 |     -36.71052 |     -73.16338 |    1005.36926 |    1001.36932 |       0.00000 |     995.74255 |     -36.50000 |     -73.00000 |      59.40519 |     198.63289 | 
     77.35722 |      77.50236 |      78.63963 |      78.63932 |      89.02110 |      90.49688 |      90.49686 |      29.92000 |      14.88600 |       0.00000 |       0.00000 |       0.00000 |       0.00000 |       0.00000 |     -36.71019 |     -73.16357 |    1005.76843 |    1001.78607 |       0.00000 |     996.20361 |     -36.50000 |     -73.00000 |      58.78714 |     198.34354 | 
     77.35549 |      77.50935 |      78.64713 |      78.64690 |      89.01911 |      90.50550 |      90.50549 |      29.92000 |      14.88600 |       0.00000 |       0.00000 |       0.00000 |       0.00000 |       0.00000 |     -36.70987 |     -73.16378 |    1006.11066 |    1002.14661 |       0.00000 |     996.60083 |     -36.50000 |     -73.00000 |      58.78842 |     198.37529 | 
     77.36202 |      77.52041 |      78.65870 |      78.65852 |      89.02663 |      90.51881 |      90.51881 |      29.92000 |      14.88600 |       0.00000 |       0.00000 |       0.00000 |       0.00000 |       0.00000 |     -36.70954 |     -73.16398 |    1006.40930 |    1002.46259 |       0.00000 |     996.95190 |     -36.50000 |     -73.00000 |      59.40546 |     198.63199 | 
     77.37373 |      77.53892 |      78.67777 |      78.67764 |      89.04010 |      90.54077 |      90.54076 |      29.92000 |      14.88600 |       0.00000 |       0.00000 |       0.00000 |       0.00000 |       0.00000 |     -36.70921 |     -73.16418 |    1006.66864 |    1002.73834 |       0.00000 |     997.25159 |     -36.50000 |     -73.00000 |      61.27855 |     200.00945 | 
     77.41717 |      77.72098 |      78.86281 |      78.86262 |      89.09009 |      90.75370 |      90.75369 |      29.92000 |      14.88600 |       0.00000 |       0.00000 |       0.00000 |       0.00000 |       0.00000 |     -36.70889 |     -73.16438 |    1006.92004 |    1003.00537 |       0.00000 |     997.51495 |     -36.50000 |     -73.00000 |      66.59589 |     230.18144 | 
     77.56062 |      77.76524 |      78.90808 |      78.90787 |      89.25517 |      90.80580 |      90.80582 |      29.92000 |      14.88600 |       0.00000 |       0.00000 |       0.00000 |       0.00000 |       0.00000 |     -36.70856 |     -73.16458 |    1007.24402 |    1003.34399 |       0.00000 |     997.78503 |     -36.50000 |     -73.00000 |      45.14254 |     174.93922 | 
     77.54179 |      77.47556 |      78.61437 |      78.61436 |      89.23351 |      90.46781 |      90.46781 |      29.92000 |      14.88600 |       0.00000 |       0.00000 |       0.00000 |       0.00000 |       0.00000 |     -36.70823 |     -73.16477 |    1007.44800 |    1003.56165 |       0.00000 |     998.07751 |     -36.50000 |     -73.00000 |      44.11216 |     153.34322 | 
     77.31083 |      77.10866 |      78.24202 |      78.24194 |      88.96772 |      90.03931 |      90.03931 |      29.92000 |      14.88600 |       0.00000 |       0.00000 |       0.00000 |       0.00000 |       0.00000 |     -36.70790 |     -73.16497 |    1007.38623 |    1003.51257 |       0.00000 |     998.24127 |     -36.50000 |     -73.00000 |      38.70983 |     137.62088 | 
     76.94392 |      76.63187 |      77.75787 |      77.75742 |      88.54548 |      89.48215 |      89.48215 |      29.92000 |      14.88600 |       0.00000 |       0.00000 |       0.00000 |       0.00000 |       0.00000 |     -36.70758 |     -73.16516 |    1007.06494 |    1003.20313 |       0.00000 |     998.17224 |     -36.50000 |     -73.00000 |      32.97516 |     120.32060 | 
     76.46317 |      76.06584 |      77.18289 |      77.18195 |      87.99225 |      88.82049 |      88.82049 |      29.92000 |      14.88600 |       0.00000 |       0.00000 |       0.00000 |       0.00000 |       0.00000 |     -36.70725 |     -73.16535 |    1006.51349 |    1002.66235 |       0.00000 |     997.85211 |     -36.50000 |     -73.00000 |      30.15892 |     109.83600 | 
     75.90021 |      75.43700 |      76.54402 |      76.54269 |      87.34440 |      88.08529 |      88.08529 |      29.92000 |      14.88600 |       0.00000 |       0.00000 |       0.00000 |       0.00000 |       0.00000 |     -36.70693 |     -73.16554 |    1005.80664 |    1001.96521 |       0.00000 |     997.31970 |     -36.50000 |     -73.00000 |      31.50318 |     103.72269 | 
     75.28582 |      74.83582 |      75.93314 |      75.93169 |      86.63737 |      87.38230 |      87.38230 |      29.92000 |      14.88600 |       0.00000 |       0.00000 |       0.00000 |       0.00000 |       0.00000 |     -36.70661 |     -73.16573 |    1005.02307 |    1001.19025 |       0.00000 |     996.63141 |     -36.50000 |     -73.00000 |      31.55776 |     109.76148 | 
     74.67088 |      74.23507 |      75.32274 |      75.32157 |      85.92972 |      86.67986 |      86.67986 |      29.92000 |      14.88600 |       0.00000 |       0.00000 |       0.00000 |       0.00000 |       0.00000 |     -36.70630 |     -73.16590 |    1004.26935 |    1000.44421 |       0.00000 |     995.87128 |     -36.50000 |     -73.00000 |      29.97263 |     108.53220 | 
     74.04612 |      73.57104 |      74.64825 |      74.64729 |      85.21075 |      85.90369 |      85.90369 |      29.92000 |      14.88600 |       0.00000 |       0.00000 |       0.00000 |       0.00000 |       0.00000 |     -36.70598 |     -73.16608 |    1003.60040 |     999.78198 |       0.00000 |     995.13916 |     -36.50000 |     -73.00000 |      27.79938 |     101.10828 | 
     73.36654 |      72.85203 |      73.91804 |      73.91714 |      84.42871 |      85.06336 |      85.06336 |      29.92000 |      14.88600 |       0.00000 |       0.00000 |       0.00000 |       0.00000 |       0.00000 |     -36.70567 |     -73.16625 |    1002.97266 |     999.16016 |       0.00000 |     994.45966 |     -36.50000 |     -73.00000 |      27.18553 |      97.85307 | 
     72.64521 |      72.11771 |      73.17233 |      73.17146 |      83.59862 |      84.20521 |      84.20521 |      29.92000 |      14.88600 |       0.00000 |       0.00000 |       0.00000 |       0.00000 |       0.00000 |     -36.70535 |     -73.16643 |    1002.36249 |     998.55487 |       0.00000 |     993.82593 |     -36.50000 |     -73.00000 |      27.13095 |      98.72147 | 
     71.90623 |      71.38052 |      72.42373 |      72.42297 |      82.74822 |      83.34375 |      83.34375 |      29.92000 |      14.88600 |       0.00000 |       0.00000 |       0.00000 |       0.00000 |       0.00000 |     -36.70505 |     -73.16660 |    1001.78326 |     997.97968 |       0.00000 |     993.22296 |     -36.50000 |     -73.00000 |      27.07372 |      99.36070 | 
     71.14665 |      70.62739 |      71.65902 |      71.65834 |      81.87411 |      82.46373 |      82.46373 |      29.92000 |      14.88600 |       0.00000 |       0.00000 |       0.00000 |       0.00000 |       0.00000 |     -36.70474 |     -73.16676 |    1001.23663 |     997.43622 |       0.00000 |     992.63831 |     -36.50000 |     -73.00000 |      27.01992 |     100.26847 | 
     70.38420 |      69.86847 |      70.88848 |      70.88784 |      80.99670 |      81.57701 |      81.57701 |      29.92000 |      14.88600 |       0.00000 |       0.00000 |       0.00000 |       0.00000 |       0.00000 |     -36.70444 |     -73.16692 |    1000.72284 |     996.92468 |       0.00000 |     992.09583 |     -36.50000 |     -73.00000 |      26.93328 |      99.82227 | 
     69.47905 |      69.07224 |      70.08011 |      70.07948 |      79.95506 |      80.64675 |      80.64675 |      29.92000 |      14.88600 |       0.00000 |       0.00000 |       0.00000 |       0.00000 |       0.00000 |     -36.70414 |     -73.16708 |    1000.22021 |     996.42358 |       0.00000 |     991.57489 |     -36.50000 |     -73.00000 |      22.10205 |      93.30521 | 
     68.40465 |      68.18684 |      69.18126 |      69.18050 |      78.71867 |      79.61237 |      79.61237 |      29.92000 |      14.88600 |       0.00000 |       0.00000 |       0.00000 |       0.00000 |       0.00000 |     -36.70384 |     -73.16724 |     999.70160 |     995.90564 |       0.00000 |     991.06812 |     -36.50000 |     -73.00000 |      21.42109 |      84.84441 | 
     67.24168 |      67.26588 |      68.24629 |      68.24530 |      77.38034 |      78.53643 |      78.53643 |      29.92000 |      14.88600 |       0.00000 |       0.00000 |       0.00000 |       0.00000 |       0.00000 |     -36.70355 |     -73.16738 |     999.11810 |     995.32202 |       0.00000 |     990.53864 |     -36.50000 |     -73.00000 |      21.30086 |      83.62851 | 
     66.02081 |      66.33110 |      67.29724 |      67.29608 |      75.97540 |      77.44429 |      77.44429 |      29.92000 |      14.88600 |       0.00000 |       0.00000 |       0.00000 |       0.00000 |       0.00000 |     -36.70326 |     -73.16753 |     998.47034 |     994.67340 |       0.00000 |     989.95044 |     -36.50000 |     -73.00000 |      21.21094 |      83.93521 | 
     64.78074 |      65.39442 |      66.34626 |      66.34500 |      74.54835 |      76.34991 |      76.34991 |      29.92000 |      14.88600 |       0.00000 |       0.00000 |       0.00000 |       0.00000 |       0.00000 |     -36.70297 |     -73.16768 |     997.79291 |     993.99438 |       0.00000 |     989.31366 |     -36.50000 |     -73.00000 |      21.59412 |      86.05353 | 
     63.51180 |      64.43988 |      65.37717 |      65.37592 |      73.08808 |      75.23470 |      75.23469 |      29.92000 |      14.88600 |       0.00000 |       0.00000 |       0.00000 |       0.00000 |       0.00000 |     -36.70269 |     -73.16782 |     997.10693 |     993.30615 |       0.00000 |     988.63373 |     -36.50000 |     -73.00000 |      21.53061 |      87.53935 | 
     62.22829 |      63.46921 |      64.39174 |      64.39053 |      71.61104 |      74.10069 |      74.10069 |      29.92000 |      14.88600 |       0.00000 |       0.00000 |       0.00000 |       0.00000 |       0.00000 |     -36.70241 |     -73.16795 |     996.43518 |     992.63141 |       0.00000 |     987.95404 |     -36.50000 |     -73.00000 |      21.44885 |      88.47889 | 
     60.92790 |      62.48473 |      63.39234 |      63.39112 |      70.11458 |      72.95061 |      72.95061 |      29.92000 |      14.88600 |       0.00000 |       0.00000 |       0.00000 |       0.00000 |       0.00000 |     -36.70213 |     -73.16808 |     995.77472 |     991.96735 |       0.00000 |     987.28796 |     -36.50000 |     -73.00000 |      21.36808 |      89.62653 | 
     59.59481 |      61.47182 |      62.36411 |      62.36283 |      68.58048 |      71.76734 |      71.76734 |      29.92000 |      14.88600 |       0.00000 |       0.00000 |       0.00000 |       0.00000 |       0.00000 |     -36.70186 |     -73.16821 |     995.10626 |     991.29474 |       0.00000 |     986.62518 |     -36.50000 |     -73.00000 |      21.27283 |      90.48869 | 
     58.22367 |      60.43037 |      61.30692 |      61.30547 |      67.00261 |      70.55075 |      70.55076 |      29.92000 |      14.88600 |       0.00000 |       0.00000 |       0.00000 |       0.00000 |       0.00000 |     -36.70160 |     -73.16833 |     994.41736 |     990.60107 |       0.00000 |     985.95410 |     -36.50000 |     -73.00000 |      21.17636 |      91.54544 | 
     56.81294 |      59.36922 |      60.22973 |      60.22797 |      65.37917 |      69.31113 |      69.31113 |      29.92000 |      14.88600 |       0.00000 |       0.00000 |       0.00000 |       0.00000 |       0.00000 |     -36.70133 |     -73.16846 |     993.67822 |     989.85657 |       0.00000 |     985.25677 |     -36.50000 |     -73.00000 |      21.07627 |      92.66589 | 
     55.35313 |      58.28081 |      59.12483 |      59.12264 |      63.69925 |      68.03964 |      68.03963 |      29.92000 |      14.88600 |       0.00000 |       0.00000 |       0.00000 |       0.00000 |       0.00000 |     -36.70107 |     -73.16857 |     992.86267 |     989.03528 |       0.00000 |     984.50970 |     -36.50000 |     -73.00000 |      20.97374 |      93.92141 | 
     53.85305 |      57.16411 |      57.99118 |      57.98845 |      61.97299 |      66.73507 |      66.73506 |      29.92000 |      14.88600 |       0.00000 |       0.00000 |       0.00000 |       0.00000 |       0.00000 |     -36.70082 |     -73.16869 |     991.96448 |     988.13074 |       0.00000 |     983.69104 |     -36.50000 |     -73.00000 |      20.92982 |      95.14705 | 
     52.35656 |      56.15319 |      56.96465 |      56.95755 |      60.25085 |      65.55375 |      65.55375 |      29.92000 |      14.88600 |       0.00000 |       0.00000 |       0.00000 |       0.00000 |       0.00000 |     -36.70057 |     -73.16880 |     990.78271 |     986.94220 |       0.00000 |     982.76477 |     -36.50000 |     -73.00000 |      30.69253 |     114.68517 | 
     51.10747 |      55.58202 |      56.38361 |      56.36604 |      58.81343 |      64.88511 |      64.88510 |      29.92000 |      14.88600 |       0.00000 |       0.00000 |       0.00000 |       0.00000 |       0.00000 |     -36.70032 |     -73.16891 |     988.82526 |     984.97748 |       0.00000 |     981.46814 |     -36.50000 |     -73.00000 |      33.51473 |     146.82881 | 
     50.29419 |      55.26269 |      56.05742 |      56.02688 |      57.87752 |      64.50973 |      64.50973 |      29.92000 |      14.88600 |       0.00000 |       0.00000 |       0.00000 |       0.00000 |       0.00000 |     -36.70008 |     -73.16901 |     986.07300 |     982.21765 |       0.00000 |     979.48010 |     -36.50000 |     -73.00000 |      35.66838 |     153.52499 | 
     49.80588 |      55.15333 |      55.94366 |      55.90112 |      57.31558 |      64.37881 |      64.37881 |      29.92000 |      14.88600 |       0.00000 |       0.00000 |       0.00000 |       0.00000 |       0.00000 |     -36.69983 |     -73.16912 |     982.64569 |     978.80896 |       0.00000 |     976.73511 |     -36.50000 |     -73.00000 |      45.42788 |     179.28883 | 
     49.66467 |      55.36338 |      56.15357 |      56.10778 |      57.15309 |      64.62038 |      64.62038 |      29.92000 |      14.88600 |       0.00000 |       0.00000 |       0.00000 |       0.00000 |       0.00000 |     -36.69959 |     -73.16923 |     978.85046 |     975.04523 |       0.00000 |     973.38068 |     -36.50000 |     -73.00000 |      47.47791 |     209.13385 | 
     49.83025 |      55.53092 |      56.32045 |      56.28321 |      57.34363 |      64.81242 |      64.81242 |      29.92000 |      14.88600 |       0.00000 |       0.00000 |       0.00000 |       0.00000 |       0.00000 |     -36.69934 |     -73.16934 |     975.18744 |     971.41376 |       0.00000 |     969.69580 |     -36.50000 |     -73.00000 |      41.29948 |     190.94321 | 
     49.96412 |      55.48094 |      56.26702 |      56.23646 |      57.49769 |      64.75093 |      64.75093 |      29.92000 |      14.88600 |       0.00000 |       0.00000 |       0.00000 |       0.00000 |       0.00000 |     -36.69910 |     -73.16946 |     971.89264 |     968.15045 |       0.00000 |     966.09308 |     -36.50000 |     -73.00000 |      39.37741 |     179.66498 | 
     49.94499 |      55.36575 |      56.14764 |      56.11708 |      57.47567 |      64.61356 |      64.61356 |      29.92000 |      14.88600 |       0.00000 |       0.00000 |       0.00000 |       0.00000 |       0.00000 |     -36.69886 |     -73.16958 |     968.80914 |     965.09778 |       0.00000 |     962.80518 |     -36.50000 |     -73.00000 |      39.18672 |     175.68564 | 
     49.86350 |      55.30622 |      56.08456 |      56.04799 |      57.38190 |      64.54096 |      64.54096 |      29.92000 |      14.88600 |       0.00000 |       0.00000 |       0.00000 |       0.00000 |       0.00000 |     -36.69862 |     -73.16972 |     965.54779 |     961.86688 |       0.00000 |     959.63733 |     -36.50000 |     -73.00000 |      41.22739 |     178.50531 | 
     49.82322 |      55.36719 |      56.14342 |      56.09972 |      57.33554 |      64.60870 |      64.60870 |      29.92000 |      14.88600 |       0.00000 |       0.00000 |       0.00000 |       0.00000 |       0.00000 |     -36.69839 |     -73.16985 |     961.96509 |     958.31464 |       0.00000 |     956.32690 |     -36.50000 |     -73.00000 |      43.62793 |     188.09660 | 
     49.90539 |      55.52840 |      56.30370 |      56.25498 |      57.43010 |      64.79314 |      64.79314 |      29.92000 |      14.88600 |       0.00000 |       0.00000 |       0.00000 |       0.00000 |       0.00000 |     -36.69816 |     -73.17001 |     958.12848 |     954.50806 |       0.00000 |     952.75690 |     -36.50000 |     -73.00000 |      43.85033 |     191.84738 | 
     50.09811 |      55.72355 |      56.49823 |      56.44641 |      57.65188 |      65.01701 |      65.01701 |      29.92000 |      14.88600 |       0.00000 |       0.00000 |       0.00000 |       0.00000 |       0.00000 |     -36.69794 |     -73.17017 |     954.11670 |     950.52612 |       0.00000 |     948.93518 |     -36.50000 |     -73.00000 |      43.93361 |     192.37253 | 
     50.35227 |      55.93719 |      56.71138 |      56.65655 |      57.94436 |      65.26230 |      65.26230 |      29.92000 |      14.88600 |       0.00000 |       0.00000 |       0.00000 |       0.00000 |       0.00000 |     -36.69772 |     -73.17035 |     949.99072 |     946.42981 |       0.00000 |     944.94653 |     -36.50000 |     -73.00000 |      43.98138 |     192.19009 | 
     50.59990 |      56.08274 |      56.85543 |      56.80909 |      58.22932 |      65.42807 |      65.42807 |      29.92000 |      14.88600 |       0.00000 |       0.00000 |       0.00000 |       0.00000 |       0.00000 |     -36.69751 |     -73.17055 |     945.80988 |     942.27832 |       0.00000 |     940.81219 |     -36.50000 |     -73.00000 |      44.00593 |     192.95467 | 
     50.46345 |      55.68814 |      56.45307 |      56.44466 |      58.07230 |      64.96503 |      64.96503 |      29.92000 |      14.88600 |       0.00000 |       0.00000 |       0.00000 |       0.00000 |       0.00000 |     -36.69732 |     -73.17076 |     943.02264 |     939.51959 |       0.00000 |     936.92352 |     -36.50000 |     -73.00000 |      43.46397 |     194.25171 | 
     49.81473 |      54.87629 |      55.62952 |      55.62952 |      57.32577 |      64.01732 |      64.01732 |      29.92000 |      14.88600 |       0.00000 |       0.00000 |       0.00000 |       0.00000 |       0.00000 |     -36.69714 |     -73.17099 |     942.36511 |     938.89001 |       0.00000 |     934.37170 |     -36.50000 |     -73.00000 |      43.88965 |     196.89238 | 
     48.60535 |      53.72778 |      54.46588 |      54.45823 |      55.93404 |      62.67822 |      62.67822 |      29.92000 |      14.88600 |       0.00000 |       0.00000 |       0.00000 |       0.00000 |       0.00000 |     -36.69697 |     -73.17123 |     943.15125 |     939.70282 |       0.00000 |     933.59277 |     -36.50000 |     -73.00000 |      43.80357 |     201.63664 | 
     46.81229 |      52.26997 |      52.98961 |      52.97259 |      53.87063 |      60.97936 |      60.97936 |      29.92000 |      14.88600 |       0.00000 |       0.00000 |       0.00000 |       0.00000 |       0.00000 |     -36.69683 |     -73.17149 |     945.15131 |     941.72778 |       0.00000 |     934.34192 |     -36.50000 |     -73.00000 |      43.68402 |     205.29738 | 
     44.68320 |      50.67506 |      51.37453 |      51.36043 |      51.42052 |      59.12076 |      59.12077 |      29.92000 |      14.88600 |       0.00000 |       0.00000 |       0.00000 |       0.00000 |       0.00000 |     -36.69670 |     -73.17174 |     947.50677 |     944.10645 |       0.00000 |     936.15057 |     -36.50000 |     -73.00000 |      43.49127 |     211.58258 | 
     42.14988 |      49.82605 |      50.51370 |      50.48835 |      48.50522 |      58.13013 |      58.13013 |      29.92000 |      14.88600 |       0.00000 |       0.00000 |       0.00000 |       0.00000 |       0.00000 |     -36.69657 |     -73.17199 |     947.36792 |     943.98999 |       0.00000 |     937.99359 |     -36.50000 |     -73.00000 |      43.30677 |     214.58092 | 
     40.54586 |      49.91243 |      50.59785 |      50.46885 |      46.65934 |      58.22696 |      58.22696 |      29.92000 |      14.88600 |       0.00000 |       0.00000 |       0.00000 |       0.00000 |       0.00000 |     -36.69644 |     -73.17222 |     942.77136 |     939.41547 |       0.00000 |     937.19855 |     -36.50000 |     -73.00000 |      43.32030 |     207.29114 | 
     41.57486 |      50.73778 |      51.42910 |      51.19900 |      47.84350 |      59.18355 |      59.18355 |      29.92000 |      14.88600 |       0.00000 |       0.00000 |       0.00000 |       0.00000 |       0.00000 |     -36.69629 |     -73.17245 |     935.61816 |     932.28467 |       0.00000 |     932.89148 |     -36.50000 |     -73.00000 |      43.51084 |     201.59834 | 
     43.35548 |      52.35659 |      53.06229 |      52.60342 |      49.89259 |      61.06300 |      61.06299 |      29.92000 |      14.88600 |       0.00000 |       0.00000 |       0.00000 |       0.00000 |       0.00000 |     -36.69613 |     -73.17267 |     925.83167 |     922.52094 |       0.00000 |     925.84711 |     -36.50000 |     -73.00000 |      43.66965 |     200.78207 | 
     45.46523 |      54.20690 |      54.92704 |      54.38269 |      52.32045 |      63.20891 |      63.20891 |      29.92000 |      14.88600 |       0.00000 |       0.00000 |       0.00000 |       0.00000 |       0.00000 |     -36.69596 |     -73.17290 |     912.86359 |     909.57623 |       0.00000 |     915.80005 |     -36.50000 |     -73.00000 |      33.00978 |     166.71825 | 
     47.45169 |      55.09108 |      55.81335 |      55.47834 |      54.60643 |      64.22887 |      64.22887 |      29.92000 |      14.88600 |       0.00000 |       0.00000 |       0.00000 |       0.00000 |       0.00000 |     -36.69580 |     -73.17314 |     901.18982 |     897.92548 |       0.00000 |     903.78564 |     -36.50000 |     -73.00000 |      48.82690 |     177.71495 | 
     48.69086 |      55.70440 |      56.42731 |      56.24602 |      56.03245 |      64.93539 |      64.93539 |      29.92000 |      14.88600 |       0.00000 |       0.00000 |       0.00000 |       0.00000 |       0.00000 |     -36.69566 |     -73.17341 |     892.30908 |     889.06689 |       0.00000 |     892.69604 |     -36.50000 |     -73.00000 |      53.33791 |     218.96669 | 
     49.57567 |      55.99654 |      56.71801 |      56.64337 |      57.05066 |      65.26992 |      65.26993 |      29.92000 |      14.88600 |       0.00000 |       0.00000 |       0.00000 |       0.00000 |       0.00000 |     -36.69555 |     -73.17370 |     886.04755 |     882.82611 |       0.00000 |     883.81879 |     -36.50000 |     -73.00000 |      55.82292 |     235.02240 | 
     49.96277 |      55.91637 |      56.63372 |      56.61248 |      57.49613 |      65.17293 |      65.17292 |      29.92000 |      14.88600 |       0.00000 |       0.00000 |       0.00000 |       0.00000 |       0.00000 |     -36.69546 |     -73.17401 |     882.35950 |     879.15656 |       0.00000 |     877.55420 |     -36.50000 |     -73.00000 |      68.55534 |     266.37656 | 
     49.90610 |      55.70183 |      56.41481 |      56.40946 |      57.43092 |      64.92101 |      64.92100 |      29.92000 |      14.88600 |       0.00000 |       0.00000 |       0.00000 |       0.00000 |       0.00000 |     -36.69542 |     -73.17433 |     880.41052 |     877.22296 |       0.00000 |     873.70575 |     -36.50000 |     -73.00000 |      67.17541 |     286.97510 | 
     49.14716 |      54.99941 |      55.70272 |      55.70160 |      56.55754 |      64.10155 |      64.10155 |      29.92000 |      14.88600 |       0.00000 |       0.00000 |       0.00000 |       0.00000 |       0.00000 |     -36.69542 |     -73.17465 |     879.58783 |     876.41156 |       0.00000 |     871.60748 |     -36.50000 |     -73.00000 |      65.29249 |     285.39139 | 
     48.08229 |      54.37923 |      55.07431 |      55.07428 |      55.33212 |      63.37839 |      63.37839 |      29.92000 |      14.88600 |       0.00000 |       0.00000 |       0.00000 |       0.00000 |       0.00000 |     -36.69547 |     -73.17496 |     879.21802 |     876.04865 |       0.00000 |     870.58820 |     -36.50000 |     -73.00000 |     132.11023 |     403.89185 | 
     46.53224 |      54.56588 |      55.26389 |      55.26358 |      53.54834 |      63.59655 |      63.59655 |      29.92000 |      14.88600 |       0.00000 |       0.00000 |       0.00000 |       0.00000 |       0.00000 |     -36.69557 |     -73.17526 |     879.88080 |     876.71417 |       0.00000 |     870.34259 |     -36.50000 |     -73.00000 |      93.12840 |     457.72266 | 
     46.59953 |      56.06554 |      56.77925 |      56.43115 |      53.62579 |      65.34040 |      65.34041 |      29.92000 |      14.88600 |       0.00000 |       0.00000 |       0.00000 |       0.00000 |       0.00000 |     -36.69571 |     -73.17553 |     875.71735 |     872.54871 |       0.00000 |     870.10040 |     -36.50000 |     -73.00000 |     142.68645 |     516.26636 | 
     50.08469 |      60.46117 |      61.21635 |      59.79267 |      57.63643 |      70.44653 |      70.44653 |      29.92000 |      14.88600 |       0.00000 |       0.00000 |       0.00000 |       0.00000 |       0.00000 |     -36.69591 |     -73.17574 |     859.64685 |     856.46863 |       0.00000 |     863.93622 |     -36.50000 |     -73.00000 |     126.44139 |     470.65839 | 
     57.43106 |      68.96320 |      69.78881 |      63.39371 |      66.09049 |      80.31153 |      80.31152 |      29.92000 |      14.88600 |       0.00000 |       0.00000 |       0.00000 |       0.00000 |       0.00000 |     -36.69616 |     -73.17591 |     824.81812 |     821.62433 |       0.00000 |     846.62549 |     -36.50000 |     -73.00000 |     144.33754 |     441.59497 | 
     68.81080 |      80.26823 |      81.15568 |      70.41248 |      79.18606 |      93.39229 |      93.39229 |      29.92000 |      14.88600 |       0.00000 |       0.00000 |       0.00000 |       0.00000 |       0.00000 |     -36.69644 |     -73.17605 |     763.20752 |     759.99396 |       0.00000 |     809.11285 |     -36.50000 |     -73.00000 |     148.39133 |     427.13144 | 
     76.03812 |      83.78996 |      84.65395 |      82.13102 |      87.50311 |      97.41803 |      97.41803 |      29.92000 |      14.88600 |       0.00000 |       0.00000 |       0.00000 |       0.00000 |       0.00000 |     -36.69678 |     -73.17617 |     713.04846 |     709.80896 |       0.00000 |     754.41235 |     -36.50000 |     -73.00000 |     133.91953 |     430.58405 | 
     78.80845 |      84.09365 |      84.93693 |      84.87601 |      90.69115 |      97.74368 |      97.74368 |      29.92000 |      14.88600 |       0.00000 |       0.00000 |       0.00000 |       0.00000 |       0.00000 |     -36.69715 |     -73.17635 |     693.93689 |     690.67096 |       0.00000 |     710.08942 |     -36.50000 |     -73.00000 |     128.48492 |     371.25858 | 
     82.02542 |      83.84892 |      84.69320 |      84.43262 |      94.39317 |      97.46320 |      97.46320 |      29.92000 |      14.88600 |       0.00000 |       0.00000 |       0.00000 |       0.00000 |       0.00000 |     -36.69748 |     -73.17660 |     696.73706 |     693.44836 |       0.00000 |     690.62988 |     -36.50000 |     -73.00000 |     136.30878 |     391.50647 | 
     82.31340 |      81.06645 |      81.90845 |      79.60253 |      94.72457 |      94.25858 |      94.25858 |      29.92000 |      14.88600 |       0.00000 |       0.00000 |       0.00000 |       0.00000 |       0.00000 |     -36.69778 |     -73.17690 |     718.20605 |     714.89874 |       0.00000 |     692.31830 |     -36.50000 |     -73.00000 |     141.86736 |     428.91287 | 
     79.76830 |      75.84311 |      76.67800 |      70.82726 |      91.79572 |      88.23947 |      88.23947 |      29.92000 |      14.88600 |       0.00000 |       0.00000 |       0.00000 |       0.00000 |       0.00000 |     -36.69804 |     -73.17719 |     760.12225 |     756.79913 |       0.00000 |     714.34833 |     -36.50000 |     -73.00000 |     140.90337 |     447.87265 | 
     75.21148 |      70.31063 |      71.13760 |      65.10938 |      86.55183 |      81.86370 |      81.86369 |      29.92000 |      14.88600 |       0.00000 |       0.00000 |       0.00000 |       0.00000 |       0.00000 |     -36.69825 |     -73.17747 |     810.80750 |     807.47095 |       0.00000 |     754.33759 |     -36.50000 |     -73.00000 |     144.13577 |     472.00928 | 
     70.23660 |      66.08038 |      66.90106 |      62.97028 |      80.82684 |      76.98837 |      76.98837 |      29.92000 |      14.88600 |       0.00000 |       0.00000 |       0.00000 |       0.00000 |       0.00000 |     -36.69846 |     -73.17774 |     854.94348 |     851.59406 |       0.00000 |     801.37091 |     -36.50000 |     -73.00000 |     143.43460 |     487.90656 | 
     65.17215 |      63.85577 |      64.67849 |      62.94157 |      74.99877 |      74.43068 |      74.43068 |      29.92000 |      14.88600 |       0.00000 |       0.00000 |       0.00000 |       0.00000 |       0.00000 |     -36.69866 |     -73.17800 |     886.07092 |     882.70813 |       0.00000 |     843.27094 |     -36.50000 |     -73.00000 |     137.53819 |     481.54495 | 
     61.11453 |      60.60686 |      61.41247 |      58.60513 |      70.32935 |      70.67221 |      70.67221 |      29.92000 |      14.88600 |       0.00000 |       0.00000 |       0.00000 |       0.00000 |       0.00000 |     -36.69885 |     -73.17826 |     913.40387 |     910.02777 |       0.00000 |     875.22253 |     -36.50000 |     -73.00000 |     137.65616 |     497.55511 | 
     56.09692 |      55.80440 |      56.57436 |      52.48504 |      64.55518 |      65.10461 |      65.10461 |      29.92000 |      14.88600 |       0.00000 |       0.00000 |       0.00000 |       0.00000 |       0.00000 |     -36.69902 |     -73.17850 |     947.16901 |     943.78082 |       0.00000 |     905.40588 |     -36.50000 |     -73.00000 |     127.90562 |     518.08447 | 
     49.62807 |      49.61996 |      50.33140 |      45.76125 |      57.11096 |      57.92034 |      57.92035 |      29.92000 |      14.88600 |       0.00000 |       0.00000 |       0.00000 |       0.00000 |       0.00000 |     -36.69918 |     -73.17871 |     983.23102 |     979.83203 |       0.00000 |     938.91376 |     -36.50000 |     -73.00000 |      90.34375 |     421.44299 | 
     41.65120 |      43.11203 |      43.75139 |      39.95347 |      47.93135 |      50.34821 |      50.34821 |      29.92000 |      14.88600 |       0.00000 |       0.00000 |       0.00000 |       0.00000 |       0.00000 |     -36.69931 |     -73.17889 |    1016.28467 |    1012.87610 |       0.00000 |     973.80109 |     -36.50000 |     -73.00000 |     112.39751 |     479.75854 | 
     34.53547 |      39.34013 |      39.93789 |      38.54383 |      39.74271 |      45.95970 |      45.95971 |      29.92000 |      14.88600 |       0.00000 |       0.00000 |       0.00000 |       0.00000 |       0.00000 |     -36.69942 |     -73.17906 |    1040.69287 |    1037.27539 |       0.00000 |    1005.39789 |     -36.50000 |     -73.00000 |     103.12334 |     483.62094 | 
     30.59967 |      39.60601 |      40.21342 |      40.20779 |      35.21347 |      46.27678 |      46.27678 |      29.92000 |      14.88600 |       0.00000 |       0.00000 |       0.00000 |       0.00000 |       0.00000 |     -36.69955 |     -73.17923 |    1050.16016 |    1046.73291 |       0.00000 |    1028.26843 |     -36.50000 |     -73.00000 |      91.71111 |     433.19040 | 
     31.27135 |      44.24479 |      44.91826 |      43.81047 |      35.98643 |      51.69102 |      51.69102 |      29.92000 |      14.88600 |       0.00000 |       0.00000 |       0.00000 |       0.00000 |       0.00000 |     -36.69968 |     -73.17940 |    1042.45166 |    1039.01318 |       0.00000 |    1036.94556 |     -36.50000 |     -73.00000 |      97.29519 |     417.68454 | 
     36.43540 |      50.73994 |      51.49590 |      49.38295 |      41.92911 |      59.26042 |      59.26041 |      29.92000 |      14.88600 |       0.00000 |       0.00000 |       0.00000 |       0.00000 |       0.00000 |     -36.69984 |     -73.17958 |    1020.81677 |    1017.36438 |       0.00000 |    1029.44055 |     -36.50000 |     -73.00000 |      97.08549 |     397.36740 | 
     43.91151 |      57.07328 |      57.90136 |      55.61277 |      50.53246 |      66.63169 |      66.63169 |      29.92000 |      14.88600 |       0.00000 |       0.00000 |       0.00000 |       0.00000 |       0.00000 |     -36.70003 |     -73.17977 |     994.64813 |     991.18469 |       0.00000 |    1009.84839 |     -36.50000 |     -73.00000 |      98.32397 |     374.47083 | 
     52.10421 |      62.98436 |      63.87222 |      61.83232 |      59.96046 |      73.50284 |      73.50283 |      29.92000 |      14.88600 |       0.00000 |       0.00000 |       0.00000 |       0.00000 |       0.00000 |     -36.70026 |     -73.17996 |     967.06335 |     963.61517 |       0.00000 |     984.68561 |     -36.50000 |     -73.00000 |      98.33292 |     357.14981 | 
     59.68932 |      67.93878 |      68.87061 |      67.44678 |      68.68925 |      79.25489 |      79.25489 |      29.92000 |      14.88600 |       0.00000 |       0.00000 |       0.00000 |       0.00000 |       0.00000 |     -36.70052 |     -73.18015 |     941.64911 |     938.21747 |       0.00000 |     958.08276 |     -36.50000 |     -73.00000 |      99.73817 |     344.69427 | 
     66.21445 |      71.89749 |      72.86094 |      72.06187 |      76.19823 |      83.84688 |      83.84686 |      29.92000 |      14.88600 |       0.00000 |       0.00000 |       0.00000 |       0.00000 |       0.00000 |     -36.70081 |     -73.18032 |     920.56488 |     917.15076 |       0.00000 |     933.34271 |     -36.50000 |     -73.00000 |     100.39301 |     336.34882 | 
     71.11245 |      74.74789 |      75.73318 |      75.41457 |      81.83475 |      87.15219 |      87.15219 |      29.92000 |      14.88600 |       0.00000 |       0.00000 |       0.00000 |       0.00000 |       0.00000 |     -36.70113 |     -73.18048 |     905.94470 |     902.54865 |       0.00000 |     912.83398 |     -36.50000 |     -73.00000 |     100.93402 |     330.97672 | 
     74.27660 |      77.38994 |      78.39769 |      78.06628 |      85.47599 |      90.21845 |      90.21844 |      29.92000 |      14.88600 |       0.00000 |       0.00000 |       0.00000 |       0.00000 |       0.00000 |     -36.70146 |     -73.18063 |     895.25006 |     891.87213 |       0.00000 |     898.07770 |     -36.50000 |     -73.00000 |     101.35576 |     324.12164 | 
     77.35725 |      81.09802 |      82.13399 |      81.18021 |      89.02113 |      94.51811 |      94.51811 |      29.92000 |      14.88600 |       0.00000 |       0.00000 |       0.00000 |       0.00000 |       0.00000 |     -36.70181 |     -73.18076 |     878.66040 |     875.30023 |       0.00000 |     885.26166 |     -36.50000 |     -73.00000 |     101.90224 |     313.68167 | 
     81.03236 |      84.89558 |      85.95110 |      85.21497 |      93.25037 |      98.91077 |      98.91077 |      29.92000 |      14.88600 |       0.00000 |       0.00000 |       0.00000 |       0.00000 |       0.00000 |     -36.70218 |     -73.18091 |     855.80652 |     852.46417 |       0.00000 |     867.62244 |     -36.50000 |     -73.00000 |     102.56754 |     307.48038 | 
     84.00534 |      86.29721 |      87.35680 |      87.33313 |      96.67162 |     100.52842 |     100.52842 |      29.92000 |      14.88600 |       0.00000 |       0.00000 |       0.00000 |       0.00000 |       0.00000 |     -36.70256 |     -73.18106 |     845.43634 |     842.11145 |       0.00000 |     848.80432 |     -36.50000 |     -73.00000 |     105.30618 |     310.93146 | 
     85.78148 |      87.13798 |      88.20747 |      88.20746 |      98.71557 |     101.50734 |     101.50734 |      29.92000 |      14.88600 |       0.00000 |       0.00000 |       0.00000 |       0.00000 |       0.00000 |     -36.70293 |     -73.18124 |     845.12378 |     841.81567 |       0.00000 |     839.03009 |     -36.50000 |     -73.00000 |     105.60175 |     311.69846 | 
     87.08247 |      88.51189 |      89.59565 |      89.56844 |     100.21272 |     103.10484 |     103.10483 |      29.92000 |      14.88600 |       0.00000 |       0.00000 |       0.00000 |       0.00000 |       0.00000 |     -36.70332 |     -73.18143 |     843.14264 |     839.85040 |       0.00000 |     836.22931 |     -36.50000 |     -73.00000 |     105.82722 |     308.00186 | 
     88.41412 |      89.52539 |      90.61729 |      90.60905 |     101.74516 |     104.28053 |     104.28053 |      29.92000 |      14.88600 |       0.00000 |       0.00000 |       0.00000 |       0.00000 |       0.00000 |     -36.70370 |     -73.18163 |     839.96002 |     836.68292 |       0.00000 |     833.48895 |     -36.50000 |     -73.00000 |     106.02320 |     308.63794 | 
     88.55463 |      87.32034 |      88.40357 |      87.02214 |     101.90685 |     101.73302 |     101.73302 |      29.92000 |      14.88600 |       0.00000 |       0.00000 |       0.00000 |       0.00000 |       0.00000 |     -36.70408 |     -73.18185 |     853.99451 |     850.73138 |       0.00000 |     833.94403 |     -36.50000 |     -73.00000 |     105.74113 |     319.32724 | 
     86.36671 |      83.11228 |      84.18682 |      81.12314 |      99.38905 |      96.88047 |      96.88048 |      29.92000 |      14.88600 |       0.00000 |       0.00000 |       0.00000 |       0.00000 |       0.00000 |     -36.70443 |     -73.18206 |     889.10327 |     885.85229 |       0.00000 |     850.22583 |     -36.50000 |     -73.00000 |     105.12766 |     331.42789 | 
     83.03870 |      79.74997 |      80.82311 |      78.52247 |      95.55923 |      93.00958 |      93.00959 |      29.92000 |      14.88600 |       0.00000 |       0.00000 |       0.00000 |       0.00000 |       0.00000 |     -36.70475 |     -73.18227 |     924.37701 |     921.13666 |       0.00000 |     881.26581 |     -36.50000 |     -73.00000 |     105.20841 |     338.49701 | 
     79.87554 |      77.30274 |      78.37608 |      76.99136 |      91.91914 |      90.19359 |      90.19360 |      29.92000 |      14.88600 |       0.00000 |       0.00000 |       0.00000 |       0.00000 |       0.00000 |     -36.70507 |     -73.18248 |     953.00281 |     949.77191 |       0.00000 |     914.11261 |     -36.50000 |     -73.00000 |     104.67652 |     342.48367 | 
     77.52120 |      76.03903 |      77.11794 |      76.52974 |      89.20981 |      88.74574 |      88.74574 |      29.92000 |      14.88600 |       0.00000 |       0.00000 |       0.00000 |       0.00000 |       0.00000 |     -36.70538 |     -73.18269 |     973.28058 |     970.07141 |       0.00000 |     941.81946 |     -36.50000 |     -73.00000 |     104.34218 |     343.17029 | 
     76.26052 |      76.05803 |      77.15029 |      77.04520 |      87.75904 |      88.78297 |      88.78297 |      29.92000 |      14.88600 |       0.00000 |       0.00000 |       0.00000 |       0.00000 |       0.00000 |     -36.70570 |     -73.18289 |     984.74487 |     981.56146 |       0.00000 |     961.98645 |     -36.50000 |     -73.00000 |     104.23091 |     340.50046 | 
     76.28413 |      77.40084 |      78.51478 |      78.49922 |      87.78621 |      90.35320 |      90.35320 |      29.92000 |      14.88600 |       0.00000 |       0.00000 |       0.00000 |       0.00000 |       0.00000 |     -36.70601 |     -73.18309 |     986.80792 |     983.64966 |       0.00000 |     973.26038 |     -36.50000 |     -73.00000 |     104.35436 |     334.58896 | 
     77.62128 |      80.01474 |      81.15736 |      80.83436 |      89.32498 |      93.39423 |      93.39423 |      29.92000 |      14.88600 |       0.00000 |       0.00000 |       0.00000 |       0.00000 |       0.00000 |     -36.70634 |     -73.18330 |     979.33667 |     976.20337 |       0.00000 |     975.28589 |     -36.50000 |     -73.00000 |     104.71254 |     325.88010 | 
     80.17818 |      83.58759 |      84.76096 |      83.93850 |      92.26740 |      97.54118 |      97.54119 |      29.92000 |      14.88600 |       0.00000 |       0.00000 |       0.00000 |       0.00000 |       0.00000 |     -36.70668 |     -73.18352 |     963.14337 |     960.03503 |       0.00000 |     967.87408 |     -36.50000 |     -73.00000 |     105.27940 |     315.78635 | 
     83.66482 |      87.81336 |      89.01543 |      87.61945 |      96.27975 |     102.43713 |     102.43713 |      29.92000 |      14.88600 |       0.00000 |       0.00000 |       0.00000 |       0.00000 |       0.00000 |     -36.70704 |     -73.18374 |     939.84119 |     936.75769 |       0.00000 |     952.09467 |     -36.50000 |     -73.00000 |     106.00223 |     305.09277 | 
     87.58884 |      91.09668 |      92.31069 |      91.83565 |     100.79545 |     106.22925 |     106.22923 |      29.92000 |      14.88600 |       0.00000 |       0.00000 |       0.00000 |       0.00000 |       0.00000 |     -36.70741 |     -73.18396 |     915.64264 |     912.58411 |       0.00000 |     929.54443 |     -36.50000 |     -73.00000 |     107.51159 |     303.56506 | 
     90.17620 |      91.49368 |      92.70662 |      92.66267 |     103.77292 |     106.68488 |     106.68488 |      29.92000 |      14.88600 |       0.00000 |       0.00000 |       0.00000 |       0.00000 |       0.00000 |     -36.70779 |     -73.18419 |     911.01111 |     907.97748 |       0.00000 |     910.24799 |     -36.50000 |     -73.00000 |     107.70173 |     305.34589 | 
     91.01738 |      90.97828 |      92.19651 |      91.88711 |     104.74094 |     106.09785 |     106.09785 |      29.92000 |      14.88600 |       0.00000 |       0.00000 |       0.00000 |       0.00000 |       0.00000 |     -36.70819 |     -73.18441 |     919.94067 |     916.93091 |       0.00000 |     905.56140 |     -36.50000 |     -73.00000 |     106.86057 |     308.12170 | 
     90.62206 |      89.67791 |      90.90074 |      90.26141 |     104.28600 |     104.60670 |     104.60669 |      29.92000 |      14.88600 |       0.00000 |       0.00000 |       0.00000 |       0.00000 |       0.00000 |     -36.70857 |     -73.18462 |     936.35150 |     933.36432 |       0.00000 |     913.11017 |     -36.50000 |     -73.00000 |     106.60250 |     311.53537 | 
     89.63535 |      88.71206 |      89.94392 |      89.50648 |     103.15052 |     103.50562 |     103.50563 |      29.92000 |      14.88600 |       0.00000 |       0.00000 |       0.00000 |       0.00000 |       0.00000 |     -36.70895 |     -73.18483 |     953.06891 |     950.10291 |       0.00000 |     927.84003 |     -36.50000 |     -73.00000 |     106.37447 |     313.64746 | 
     88.75907 |      88.26511 |      89.50764 |      89.29929 |     102.14212 |     103.00356 |     103.00354 |      29.92000 |      14.88600 |       0.00000 |       0.00000 |       0.00000 |       0.00000 |       0.00000 |     -36.70934 |     -73.18503 |     965.81775 |     962.87183 |       0.00000 |     943.32080 |     -36.50000 |     -73.00000 |     106.95198 |     312.92545 | 
     88.14237 |      87.43952 |      88.68642 |      88.16267 |     101.43243 |     102.05851 |     102.05851 |      29.92000 |      14.88600 |       0.00000 |       0.00000 |       0.00000 |       0.00000 |       0.00000 |     -36.70971 |     -73.18522 |     978.03406 |     975.10681 |       0.00000 |     956.08685 |     -36.50000 |     -73.00000 |     106.82323 |     316.67883 | 
     87.16094 |      86.05883 |      87.30978 |      86.69009 |     100.30302 |     100.47430 |     100.47430 |      29.92000 |      14.88600 |       0.00000 |       0.00000 |       0.00000 |       0.00000 |       0.00000 |     -36.71009 |     -73.18542 |     996.51440 |     993.60468 |       0.00000 |     970.32556 |     -36.50000 |     -73.00000 |     106.53336 |     319.46579 | 
     86.14436 |      85.58667 |      86.84855 |      86.62999 |      99.13316 |      99.94353 |      99.94353 |      29.92000 |      14.88600 |       0.00000 |       0.00000 |       0.00000 |       0.00000 |       0.00000 |     -36.71046 |     -73.18561 |    1010.45905 |    1007.56561 |       0.00000 |     986.77600 |     -36.50000 |     -73.00000 |     105.61098 |     318.93811 | 
     85.74346 |      86.07424 |      87.35175 |      87.33720 |      98.67181 |     100.52260 |     100.52260 |      29.92000 |      14.88600 |       0.00000 |       0.00000 |       0.00000 |       0.00000 |       0.00000 |     -36.71083 |     -73.18580 |    1017.02557 |    1014.14728 |       0.00000 |     999.74487 |     -36.50000 |     -73.00000 |     106.35967 |     315.91653 | 
     85.93933 |      85.94998 |      87.23210 |      86.99924 |      98.89722 |     100.38492 |     100.38491 |      29.92000 |      14.88600 |       0.00000 |       0.00000 |       0.00000 |       0.00000 |       0.00000 |     -36.71120 |     -73.18599 |    1022.08032 |    1019.21631 |       0.00000 |    1006.76160 |     -36.50000 |     -73.00000 |      68.61831 |     266.56607 | 
     85.27891 |      83.57713 |      84.84362 |      84.08753 |      98.13721 |      97.63630 |      97.63629 |      29.92000 |      14.88600 |       0.00000 |       0.00000 |       0.00000 |       0.00000 |       0.00000 |     -36.71156 |     -73.18618 |    1037.94849 |    1035.09753 |       0.00000 |    1015.01581 |     -36.50000 |     -73.00000 |      50.00066 |     176.29173 | 
     83.37226 |      81.31595 |      82.56920 |      82.19598 |      95.94308 |      95.01894 |      95.01896 |      29.92000 |      14.88600 |       0.00000 |       0.00000 |       0.00000 |       0.00000 |       0.00000 |     -36.71192 |     -73.18637 |    1055.26782 |    1052.42859 |       0.00000 |    1029.86548 |     -36.50000 |     -73.00000 |      50.17809 |     167.82275 | 
     81.53545 |      80.41947 |      81.66871 |      81.64944 |      93.82932 |      93.98267 |      93.98267 |      29.92000 |      14.88600 |       0.00000 |       0.00000 |       0.00000 |       0.00000 |       0.00000 |     -36.71227 |     -73.18655 |    1063.40674 |    1060.57800 |       0.00000 |    1044.51392 |     -36.50000 |     -73.00000 |      49.95983 |     164.74544 | 
     80.58270 |      80.03528 |      81.27904 |      81.25671 |      92.73291 |      93.53425 |      93.53424 |      29.92000 |      14.88600 |       0.00000 |       0.00000 |       0.00000 |       0.00000 |       0.00000 |     -36.71261 |     -73.18674 |    1063.81641 |    1060.99719 |       0.00000 |    1051.99158 |     -36.50000 |     -73.00000 |      49.87777 |     165.69736 | 
     79.70431 |      78.76028 |      79.99126 |      79.87432 |      91.72208 |      92.05231 |      92.05231 |      29.92000 |      14.88600 |       0.00000 |       0.00000 |       0.00000 |       0.00000 |       0.00000 |     -36.71295 |     -73.18692 |    1069.80530 |    1066.99451 |       0.00000 |    1055.50146 |     -36.50000 |     -73.00000 |      49.76500 |     167.42670 | 
     78.54260 |      77.30083 |      78.51837 |      78.34523 |      90.38522 |      90.35733 |      90.35733 |      29.92000 |      14.88600 |       0.00000 |       0.00000 |       0.00000 |       0.00000 |       0.00000 |     -36.71329 |     -73.18710 |    1077.90283 |    1075.09961 |       0.00000 |    1061.28235 |     -36.50000 |     -73.00000 |      37.30614 |     152.28867 | 
     77.02690 |      75.31470 |      76.51164 |      76.21849 |      88.64098 |      88.04803 |      88.04803 |      29.92000 |      14.88600 |       0.00000 |       0.00000 |       0.00000 |       0.00000 |       0.00000 |     -36.71362 |     -73.18728 |    1087.40173 |    1084.60510 |       0.00000 |    1069.15869 |     -36.50000 |     -73.00000 |      37.44364 |     137.41873 | 
     74.72332 |      72.04833 |      73.20975 |      72.39123 |      85.99007 |      84.24828 |      84.24828 |      29.92000 |      14.88600 |       0.00000 |       0.00000 |       0.00000 |       0.00000 |       0.00000 |     -36.71393 |     -73.18745 |    1102.62671 |    1099.83569 |       0.00000 |    1079.45227 |     -36.50000 |     -73.00000 |      38.72714 |     141.60378 | 
     71.83033 |      69.24777 |      70.38164 |      69.94906 |      82.66087 |      80.99374 |      80.99374 |      29.92000 |      14.88600 |       0.00000 |       0.00000 |       0.00000 |       0.00000 |       0.00000 |     -36.71423 |     -73.18761 |    1119.57507 |    1116.78870 |       0.00000 |    1094.47534 |     -36.50000 |     -73.00000 |      33.22360 |     140.59010 | 
     69.25060 |      67.82591 |      68.94502 |      68.91242 |      79.69217 |      79.34052 |      79.34051 |      29.92000 |      14.88600 |       0.00000 |       0.00000 |       0.00000 |       0.00000 |       0.00000 |     -36.71453 |     -73.18777 |    1127.95728 |    1125.17480 |       0.00000 |    1108.90784 |     -36.50000 |     -73.00000 |      26.62493 |     112.95699 | 
     67.49706 |      67.84554 |      68.96345 |      68.85293 |      77.67423 |      79.36172 |      79.36171 |      29.92000 |      14.88600 |       0.00000 |       0.00000 |       0.00000 |       0.00000 |       0.00000 |     -36.71482 |     -73.18793 |    1126.44836 |    1123.66882 |       0.00000 |    1116.54150 |     -36.50000 |     -73.00000 |      26.85188 |     102.79677 | 
     67.00444 |      67.85525 |      68.96671 |      68.91926 |      77.10734 |      79.36548 |      79.36547 |      29.92000 |      14.88600 |       0.00000 |       0.00000 |       0.00000 |       0.00000 |       0.00000 |     -36.71511 |     -73.18810 |    1119.94678 |    1117.16956 |       0.00000 |    1115.48523 |     -36.50000 |     -73.00000 |      27.29840 |     104.61095 | 
     66.41047 |      66.90279 |      67.99683 |      67.99624 |      76.42381 |      78.24935 |      78.24937 |      29.92000 |      14.88600 |       0.00000 |       0.00000 |       0.00000 |       0.00000 |       0.00000 |     -36.71540 |     -73.18826 |    1118.13928 |    1115.36377 |       0.00000 |    1111.39624 |     -36.50000 |     -73.00000 |      26.73410 |     104.88781 | 
     65.09821 |      65.24167 |      66.31104 |      66.25412 |      74.91369 |      76.30939 |      76.30940 |      29.92000 |      14.88600 |       0.00000 |       0.00000 |       0.00000 |       0.00000 |       0.00000 |     -36.71569 |     -73.18842 |    1120.71179 |    1117.93738 |       0.00000 |    1110.00464 |     -36.50000 |     -73.00000 |      25.68679 |     107.29820 | 
     63.18631 |      63.24445 |      64.28622 |      64.14693 |      72.71350 |      73.97926 |      73.97926 |      29.92000 |      14.88600 |       0.00000 |       0.00000 |       0.00000 |       0.00000 |       0.00000 |     -36.71593 |     -73.18856 |    1126.13428 |    1123.36035 |       0.00000 |    1112.09106 |     -36.50000 |     -73.00000 |      13.91247 |      99.55623 | 
     60.19294 |      60.23941 |      61.23930 |      60.97060 |      69.26880 |      70.47294 |      70.47293 |      29.92000 |      14.88600 |       0.00000 |       0.00000 |       0.00000 |       0.00000 |       0.00000 |     -36.71619 |     -73.18871 |    1134.58057 |    1131.80652 |       0.00000 |    1117.68652 |     -36.50000 |     -73.00000 |      13.74544 |      71.90598 | 
     56.25893 |      56.79986 |      57.75126 |      57.44481 |      64.74162 |      66.45897 |      66.45897 |      29.92000 |      14.88600 |       0.00000 |       0.00000 |       0.00000 |       0.00000 |       0.00000 |     -36.71644 |     -73.18885 |    1144.67334 |    1141.89893 |       0.00000 |    1125.96216 |     -36.50000 |     -73.00000 |      10.41181 |      65.71883 | 
     51.87580 |      53.50732 |      54.41088 |      54.21716 |      59.69761 |      62.61493 |      62.61493 |      29.92000 |      14.88600 |       0.00000 |       0.00000 |       0.00000 |       0.00000 |       0.00000 |     -36.71668 |     -73.18899 |    1153.78394 |    1151.00854 |       0.00000 |    1135.51489 |     -36.50000 |     -73.00000 |      -4.68086 |      53.57353 | 
     47.62521 |      50.65399 |      51.51365 |      51.48066 |      54.80611 |      59.28086 |      59.28086 |      29.92000 |      14.88600 |       0.00000 |       0.00000 |       0.00000 |       0.00000 |       0.00000 |     -36.71690 |     -73.18912 |    1159.42651 |    1156.64990 |       0.00000 |    1144.01563 |     -36.50000 |     -73.00000 |       0.69109 |      17.00071 | 
     44.23780 |      49.22603 |      50.06123 |      49.98220 |      50.90796 |      57.60944 |      57.60944 |      29.92000 |      14.88600 |       0.00000 |       0.00000 |       0.00000 |       0.00000 |       0.00000 |     -36.71711 |     -73.18924 |    1159.10974 |    1156.33154 |       0.00000 |    1149.04102 |     -36.50000 |     -73.00000 |       1.71817 |       9.29557 | 
     42.93586 |      50.10729 |      50.94991 |      50.21240 |      49.40971 |      58.63211 |      58.63211 |      29.92000 |      14.88600 |       0.00000 |       0.00000 |       0.00000 |       0.00000 |       0.00000 |     -36.71732 |     -73.18936 |    1149.06323 |    1146.28296 |       0.00000 |    1147.75134 |     -36.50000 |     -73.00000 |       4.83432 |       6.26128 | 
     43.69490 |      52.33102 |      53.19714 |      51.79945 |      50.28320 |      61.21818 |      61.21818 |      29.92000 |      14.88600 |       0.00000 |       0.00000 |       0.00000 |       0.00000 |       0.00000 |     -36.71753 |     -73.18949 |    1131.33789 |    1128.55493 |       0.00000 |    1137.82935 |     -36.50000 |     -73.00000 |      22.42044 |      49.23697 | 
     46.44042 |      55.65715 |      56.55949 |      54.67458 |      53.44268 |      65.08750 |      65.08749 |      29.92000 |      14.88600 |       0.00000 |       0.00000 |       0.00000 |       0.00000 |       0.00000 |     -36.71775 |     -73.18962 |    1108.74780 |    1105.96179 |       0.00000 |    1120.78137 |     -36.50000 |     -73.00000 |      21.33186 |      84.14146 | 
     50.49427 |      59.11684 |      60.05305 |      58.11411 |      58.10777 |      69.10783 |      69.10783 |      29.92000 |      14.88600 |       0.00000 |       0.00000 |       0.00000 |       0.00000 |       0.00000 |     -36.71799 |     -73.18976 |    1083.62415 |    1080.83459 |       0.00000 |    1098.83118 |     -36.50000 |     -73.00000 |      17.51712 |      74.97298 | 
     54.74823 |      62.04519 |      63.00480 |      61.38620 |      63.00314 |      72.50462 |      72.50462 |      29.92000 |      14.88600 |       0.00000 |       0.00000 |       0.00000 |       0.00000 |       0.00000 |     -36.71824 |     -73.18990 |    1058.83032 |    1056.03638 |       0.00000 |    1074.44250 |     -36.50000 |     -73.00000 |      17.64207 |      67.64590 | 
     58.27638 |      63.80203 |      64.76870 |      63.89909 |      67.06326 |      74.53449 |      74.53451 |      29.92000 |      14.88600 |       0.00000 |       0.00000 |       0.00000 |       0.00000 |       0.00000 |     -36.71850 |     -73.19006 |    1037.73132 |    1034.93225 |       0.00000 |    1050.34497 |     -36.50000 |     -73.00000 |      17.68153 |      67.21098 | 
     60.63869 |      64.58739 |      65.55150 |      65.14627 |      69.78176 |      75.43533 |      75.43533 |      29.92000 |      14.88600 |       0.00000 |       0.00000 |       0.00000 |       0.00000 |       0.00000 |     -36.71877 |     -73.19022 |    1022.72070 |    1019.91602 |       0.00000 |    1029.96948 |     -36.50000 |     -73.00000 |      17.81365 |      68.08730 | 
     61.76411 |      64.47061 |      65.42387 |      65.29920 |      71.07687 |      75.28844 |      75.28844 |      29.92000 |      14.88600 |       0.00000 |       0.00000 |       0.00000 |       0.00000 |       0.00000 |     -36.71904 |     -73.19037 |    1013.25281 |    1010.44196 |       0.00000 |    1014.99841 |     -36.50000 |     -73.00000 |      17.86991 |      70.25015 | 
     61.70688 |      63.59029 |      64.52627 |      64.51160 |      71.01102 |      74.25551 |      74.25551 |      29.92000 |      14.88600 |       0.00000 |       0.00000 |       0.00000 |       0.00000 |       0.00000 |     -36.71932 |     -73.19053 |    1008.76770 |    1005.95007 |       0.00000 |    1005.37158 |     -36.50000 |     -73.00000 |      17.85338 |      72.71555 | 
     60.65271 |      62.13772 |      63.05176 |      63.04939 |      69.79790 |      72.55868 |      72.55869 |      29.92000 |      14.88600 |       0.00000 |       0.00000 |       0.00000 |       0.00000 |       0.00000 |     -36.71959 |     -73.19068 |    1008.17053 |    1005.34583 |       0.00000 |    1000.67419 |     -36.50000 |     -73.00000 |      17.35469 |      74.45717 | 
     58.83009 |      60.32775 |      61.21691 |      61.19825 |      67.70045 |      70.44717 |      70.44717 |      29.92000 |      14.88600 |       0.00000 |       0.00000 |       0.00000 |       0.00000 |       0.00000 |     -36.71984 |     -73.19083 |    1010.11127 |    1007.27911 |       0.00000 |     999.77173 |     -36.50000 |     -73.00000 |      17.21286 |      75.98038 | 
     56.60456 |      58.53082 |      59.39567 |      59.38126 |      65.13937 |      68.35133 |      68.35133 |      29.92000 |      14.88600 |       0.00000 |       0.00000 |       0.00000 |       0.00000 |       0.00000 |     -36.72010 |     -73.19097 |    1012.61237 |    1009.77252 |       0.00000 |    1001.26270 |     -36.50000 |     -73.00000 |      17.52421 |      78.39257 | 
     54.37771 |      57.00791 |      57.85154 |      57.85041 |      62.57675 |      66.57436 |      66.57436 |      29.92000 |      14.88600 |       0.00000 |       0.00000 |       0.00000 |       0.00000 |       0.00000 |     -36.72035 |     -73.19111 |    1014.10559 |    1011.25781 |       0.00000 |    1003.33307 |     -36.50000 |     -73.00000 |      17.76082 |      80.82549 | 
     52.43391 |      55.93222 |      56.75946 |      56.74887 |      60.33987 |      65.31763 |      65.31763 |      29.92000 |      14.88600 |       0.00000 |       0.00000 |       0.00000 |       0.00000 |       0.00000 |     -36.72059 |     -73.19124 |    1013.53839 |    1010.68243 |       0.00000 |    1004.52576 |     -36.50000 |     -73.00000 |      17.93544 |      82.28707 | 

  _Vind,_kias |   _Vind,_keas |   Vtrue,_ktas |   Vtrue,_ktgs |   _Vind,__mph |   Vtrue,mphas |   Vtrue,mphgs |   SLprs,_inHG |   SLtmp,_degC |   _wind,speed |   _wind,__dir |   __trb,_locl |   _prec,_locl |   _hail,_locl |   __lat,__deg |   __lon,__deg |   __alt,ftmsl |   __alt,ftagl |   ___on,runwy |   __alt,__ind |   __lat,orign |   __lon,orign |   power,_1,hp |   thrst,_1,lb | 

  _Vind,_kias |   _Vind,_keas |   Vtrue,_ktas |   Vtrue,_ktgs |   _Vind,__mph |   Vtrue,mphas |   Vtrue,mphgs |   SLprs,_inHG |   SLtmp,_degC |   _wind,speed |   _wind,__dir |   __trb,_locl |   _prec,_locl |   _hail,_locl |   __lat,__deg |   __lon,__deg |   __alt,ftmsl |   __alt,ftagl |   ___on,runwy |   __alt,__ind |   __lat,orign |   __lon,orign |   power,_1,hp |   thrst,_1,lb | 

  _Vind,_kias |   _Vind,_keas |   Vtrue,_ktas |   Vtrue,_ktgs |   _Vind,__mph |   Vtrue,mphas |   Vtrue,mphgs |   SLprs,_inHG |   SLtmp,_degC |   _wind,speed |   _wind,__dir |   __trb,_locl |   _prec,_locl |   _hail,_locl |   __lat,__deg |   __lon,__deg |   __alt,ftmsl |   __alt,ftagl |   ___on,runwy |   __alt,__ind |   __lat,orign |   __lon,orign |   power,_1,hp |   thrst,_1,lb | 

  _Vind,_kias |   _Vind,_keas |   Vtrue,_ktas |   Vtrue,_ktgs |   _Vind,__mph |   Vtrue,mphas |   Vtrue,mphgs |   SLprs,_inHG |   SLtmp,_degC |   _wind,speed |   _wind,__dir |   __trb,_locl |   _prec,_locl |   _hail,_locl |   __lat,__deg |   __lon,__deg |   __alt,ftmsl |   __alt,ftagl |   ___on,runwy |   __alt,__ind |   __lat,orign |   __lon,orign |   power,_1,hp |   thrst,_1,lb | 

  _Vind,_kias |   _Vind,_keas |   Vtrue,_ktas |   Vtrue,_ktgs |   _Vind,__mph |   Vtrue,mphas |   Vtrue,mphgs |   SLprs,_inHG |   SLtmp,_degC |   _wind,speed |   _wind,__dir |   __trb,_locl |   _prec,_locl |   _hail,_locl |   __lat,__deg |   __lon,__deg |   __alt,ftmsl |   __alt,ftagl |   ___on,runwy |   __alt,__ind |   __lat,orign |   __lon,orign |   power,_1,hp |   thrst,_1,lb | 

  _Vind,_kias |   _Vind,_keas |   Vtrue,_ktas |   Vtrue,_ktgs |   _Vind,__mph |   Vtrue,mphas |   Vtrue,mphgs |   SLprs,_inHG |   SLtmp,_degC |   _wind,speed |   _wind,__dir |   __trb,_locl |   _prec,_locl |   _hail,_locl |   __lat,__deg |   __lon,__deg |   __alt,ftmsl |   __alt,ftagl |   ___on,runwy |   __alt,__ind |   __lat,orign |   __lon,orign |   power,_1,hp |   thrst,_1,lb | 

  _Vind,_kias |   _Vind,_keas |   Vtrue,_ktas |   Vtrue,_ktgs |   _Vind,__mph |   Vtrue,mphas |   Vtrue,mphgs |   SLprs,_inHG |   SLtmp,_degC |   _wind,speed |   _wind,__dir |   __trb,_locl |   _prec,_locl |   _hail,_locl |   __lat,__deg |   __lon,__deg |   __alt,ftmsl |   __alt,ftagl |   ___on,runwy |   __alt,__ind |   __lat,orign |   __lon,orign |   power,_1,hp |   thrst,_1,lb | 

  _Vind,_kias |   _Vind,_keas |   Vtrue,_ktas |   Vtrue,_ktgs |   _Vind,__mph |   Vtrue,mphas |   Vtrue,mphgs |   SLprs,_inHG |   SLtmp,_degC |   _wind,speed |   _wind,__dir |   __trb,_locl |   _prec,_locl |   _hail,_locl |   __lat,__deg |   __lon,__deg |   __alt,ftmsl |   __alt,ftagl |   ___on,runwy |   __alt,__ind |   __lat,orign |   __lon,orign |   power,_1,hp |   thrst,_1,lb | 

  _Vind,_kias |   _Vind,_keas |   Vtrue,_ktas |   Vtrue,_ktgs |   _Vind,__mph |   Vtrue,mphas |   Vtrue,mphgs |   SLprs,_inHG |   SLtmp,_degC |   _wind,speed |   _wind,__dir |   __trb,_locl |   _prec,_locl |   _hail,_locl |   __lat,__deg |   __lon,__deg |   __alt,ftmsl |   __alt,ftagl |   ___on,runwy |   __alt,__ind |   __lat,orign |   __lon,orign |   power,_1,hp |   thrst,_1,lb | 

  _Vind,_kias |   _Vind,_keas |   Vtrue,_ktas |   Vtrue,_ktgs |   _Vind,__mph |   Vtrue,mphas |   Vtrue,mphgs |   SLprs,_inHG |   SLtmp,_degC |   _wind,speed |   _wind,__dir |   __trb,_locl |   _prec,_locl |   _hail,_locl |   __lat,__deg |   __lon,__deg |   __alt,ftmsl |   __alt,ftagl |   ___on,runwy |   __alt,__ind |   __lat,orign |   __lon,orign |   power,_1,hp |   thrst,_1,lb | 

  _Vind,_kias |   _Vind,_keas |   Vtrue,_ktas |   Vtrue,_ktgs |   _Vind,__mph |   Vtrue,mphas |   Vtrue,mphgs |   SLprs,_inHG |   SLtmp,_degC |   _wind,speed |   _wind,__dir |   __trb,_locl |   _prec,_locl |   _hail,_locl |   __lat,__deg |   __lon,__deg |   __alt,ftmsl |   __alt,ftagl |   ___on,runwy |   __alt,__ind |   __lat,orign |   __lon,orign |   power,_1,hp |   thrst,_1,lb |   vert1,tvect | 

  _Vind,_kias |   _Vind,_keas |   Vtrue,_ktas |   Vtrue,_ktgs |   _Vind,__mph |   Vtrue,mphas |   Vtrue,mphgs |   SLprs,_inHG |   SLtmp,_degC |   _wind,speed |   _wind,__dir |   __trb,_locl |   _prec,_locl |   _hail,_locl |   __lat,__deg |   __lon,__deg |   __alt,ftmsl |   __alt,ftagl |   ___on,runwy |   __alt,__ind |   __lat,orign |   __lon,orign |   power,_1,hp |   thrst,_1,lb |   vert1,tvect |   latr1,tvect | 

  _Vind,_kias |   _Vind,_keas |   Vtrue,_ktas |   Vtrue,_ktgs |   _Vind,__mph |   Vtrue,mphas |   Vtrue,mphgs |   SLprs,_inHG |   SLtmp,_degC |   _wind,speed |   _wind,__dir |   __trb,_locl |   _prec,_locl |   _hail,_locl |   alpha,__deg |   _beta,__deg |   hpath,__deg |   vpath,__deg |   _slip,__deg |   __lat,__deg |   __lon,__deg |   __alt,ftmsl |   __alt,ftagl |   ___on,runwy |   __alt,__ind |   __lat,orign |   __lon,orign |   power,_1,hp |   thrst,_1,lb |   vert1,tvect |   latr1,tvect | 

  _Vind,_kias |   _Vind,_keas |   Vtrue,_ktas |   Vtrue,_ktgs |   _Vind,__mph |   Vtrue,mphas |   Vtrue,mphgs |   SLprs,_inHG |   SLtmp,_degC |   _wind,speed |   _wind,__dir |   __trb,_locl |   _prec,_locl |   _hail,_locl |   alpha,__deg |   _beta,__deg |   hpath,__deg |   vpath,__deg |   _slip,__deg |   __lat,__deg |   __lon,__deg |   __alt,ftmsl |   __alt,ftagl |   ___on,runwy |   __alt,__ind |   __lat,orign |   __lon,orign |   power,_1,hp |   thrst,_1,lb |   vert1,tvect |   latr1,tvect | 
     51.01662 |      55.33871 |      56.15454 |      56.09705 |      58.70888 |      64.62150 |      64.62150 |      29.92000 |      14.88600 |       0.00000 |       0.00000 |       0.00000 |       0.00000 |       0.00000 |       9.52016 |      -1.48797 |     203.12909 |      -2.59292 |      -0.50945 |     -36.72083 |     -73.19137 |    1010.35370 |    1007.48920 |       0.00000 |    1003.77087 |     -36.50000 |     -73.00000 |      18.04877 |      83.33968 |      -0.20000 |       0.20000 | 
     50.06556 |      55.18002 |      55.98949 |      55.89618 |      57.61442 |      64.43156 |      64.43156 |      29.92000 |      14.88600 |       0.00000 |       0.00000 |       0.00000 |       0.00000 |       0.00000 |       9.86722 |      -1.38781 |     202.57487 |      -3.30838 |      -0.48830 |     -36.72106 |     -73.19149 |    1005.45752 |    1002.58417 |       0.00000 |    1000.72925 |     -36.50000 |     -73.00000 |      56.48610 |     166.88953 |      -0.20000 |       0.20000 | 
     49.98308 |      56.31240 |      57.13382 |      57.05123 |      57.51950 |      65.74844 |      65.74844 |      29.92000 |      14.88600 |       0.00000 |       0.00000 |       0.00000 |       0.00000 |       0.00000 |      10.09466 |      -1.98541 |     201.70995 |      -3.08129 |      -0.43954 |     -36.72131 |     -73.19161 |     999.91022 |     997.02753 |       0.00000 |     996.03961 |     -36.50000 |     -73.00000 |     132.14441 |     401.01727 |      -0.20000 |       0.20000 | 
     51.39467 |      58.46800 |      59.31787 |      59.31527 |      59.14393 |      68.26180 |      68.26180 |      29.92000 |      14.88600 |       0.00000 |       0.00000 |       0.00000 |       0.00000 |       0.00000 |      10.36339 |      -3.85670 |     199.90553 |      -0.53677 |      -0.57446 |     -36.72156 |     -73.19173 |     996.47662 |     993.58386 |       0.00000 |     991.03113 |     -36.50000 |     -73.00000 |     142.82338 |     511.26776 |      -0.20000 |       0.20000 | 
     53.37273 |      59.46431 |      60.33091 |      60.21553 |      61.42025 |      69.42757 |      69.42757 |      29.92000 |      14.88600 |       0.00000 |       0.00000 |       0.00000 |       0.00000 |       0.00000 |      10.52282 |      -4.74193 |     196.73483 |       3.54412 |      -0.91080 |     -36.72182 |     -73.19184 |     999.01770 |     996.11438 |       0.00000 |     988.53607 |     -36.50000 |     -73.00000 |     144.09567 |     511.72647 |      -0.20000 |       0.20000 | 
     54.35218 |      58.98456 |      59.85305 |      59.28205 |      62.54738 |      68.87766 |      68.87766 |      29.92000 |      14.88600 |       0.00000 |       0.00000 |       0.00000 |       0.00000 |       0.00000 |      10.51051 |      -4.01059 |     192.54881 |       7.92058 |      -1.06846 |     -36.72208 |     -73.19193 |    1009.13275 |    1006.21875 |       0.00000 |     991.61688 |     -36.50000 |     -73.00000 |     144.19778 |     516.13702 |      -0.20000 |       0.20000 | 
     53.81446 |      57.28466 |      58.14270 |      56.92267 |      61.92858 |      66.90943 |      66.90943 |      29.92000 |      14.88600 |       0.00000 |       0.00000 |       0.00000 |       0.00000 |       0.00000 |      10.69242 |      -3.35552 |     187.45917 |      11.75812 |      -1.02722 |     -36.72235 |     -73.19199 |    1026.21838 |    1023.29395 |       0.00000 |    1001.74762 |     -36.50000 |     -73.00000 |     143.99829 |     523.30304 |      -0.20000 |       0.20000 | 
     51.71400 |      54.64545 |      55.48202 |      53.70496 |      59.51142 |      63.84757 |      63.84757 |      29.92000 |      14.88600 |       0.00000 |       0.00000 |       0.00000 |       0.00000 |       0.00000 |      11.21158 |      -2.86160 |     180.93867 |      14.54049 |      -0.93285 |     -36.72261 |     -73.19202 |    1048.35962 |    1045.42554 |       0.00000 |    1018.58698 |     -36.50000 |     -73.00000 |     143.64491 |     534.07373 |      -0.20000 |       0.20000 | 
     48.31986 |      51.43786 |      52.24385 |      50.19951 |      55.60550 |      60.12115 |      60.12116 |      29.92000 |      14.88600 |       0.00000 |       0.00000 |       0.00000 |       0.00000 |       0.00000 |      11.98696 |      -6.29533 |     173.55011 |      16.08138 |      -1.06918 |     -36.72284 |     -73.19200 |    1072.47754 |    1069.53467 |       0.00000 |    1039.95044 |     -36.50000 |     -73.00000 |     143.10503 |     551.26697 |      -0.20000 |       0.20000 | 
     43.72034 |      48.17373 |      48.94561 |      47.15112 |      50.31247 |      56.32560 |      56.32560 |      29.92000 |      14.88600 |       0.00000 |       0.00000 |       0.00000 |       0.00000 |       0.00000 |      12.48636 |     -14.04597 |     168.51633 |      15.56279 |      -2.47144 |     -36.72307 |     -73.19196 |    1096.12170 |    1093.17114 |       0.00000 |    1063.54614 |     -36.50000 |     -73.00000 |     142.69702 |     562.20959 |      -0.20000 |       0.20000 | 
     38.57042 |      45.46178 |      46.20393 |      44.98019 |      44.38605 |      53.17053 |      53.17053 |      29.92000 |      14.88600 |       0.00000 |       0.00000 |       0.00000 |       0.00000 |       0.00000 |      13.54209 |     -16.17814 |     166.21089 |      13.21614 |      -3.90605 |     -36.72327 |     -73.19189 |    1116.29517 |    1113.33740 |       0.00000 |    1086.42810 |     -36.50000 |     -73.00000 |     148.42857 |     598.55927 |      -0.20000 |       0.20000 | 
     34.65567 |      43.96736 |      44.69503 |      44.15116 |      39.88104 |      51.43412 |      51.43412 |      29.92000 |      14.88600 |       0.00000 |       0.00000 |       0.00000 |       0.00000 |       0.00000 |      13.84467 |     -17.57004 |     168.07082 |       8.94745 |      -4.83423 |     -36.72347 |     -73.19183 |    1131.33923 |    1128.37439 |       0.00000 |    1106.05286 |     -36.50000 |     -73.00000 |     142.49841 |     588.37061 |      -0.20000 |       0.20000 | 
     32.33039 |      44.27303 |      45.01057 |      44.98683 |      37.20515 |      51.79725 |      51.79725 |      29.92000 |      14.88600 |       0.00000 |       0.00000 |       0.00000 |       0.00000 |       0.00000 |      15.63528 |     -17.84919 |     174.23520 |       1.86143 |      -5.66725 |     -36.72368 |     -73.19180 |    1138.58923 |    1135.61621 |       0.00000 |    1120.51648 |     -36.50000 |     -73.00000 |     142.21391 |     584.23151 |      -0.20000 |       0.20000 | 
     32.94328 |      46.91374 |      47.69342 |      47.46053 |      37.91045 |      54.88461 |      54.88461 |      29.92000 |      14.88600 |       0.00000 |       0.00000 |       0.00000 |       0.00000 |       0.00000 |      19.62465 |     -12.24449 |     183.29245 |      -5.66448 |      -5.35499 |     -36.72389 |     -73.19179 |    1135.93066 |    1132.94812 |       0.00000 |    1127.15308 |     -36.50000 |     -73.00000 |     142.41895 |     569.26526 |      -0.20000 |       0.20000 | 
     34.78876 |      51.21889 |      52.05839 |      49.80973 |      40.03419 |      59.90773 |      59.90773 |      29.92000 |      14.88600 |       0.00000 |       0.00000 |       0.00000 |       0.00000 |       0.00000 |      10.32901 |     -24.29887 |     197.88106 |     -16.90167 |      -5.71553 |     -36.72411 |     -73.19184 |    1120.62183 |    1117.62769 |       0.00000 |    1123.98499 |     -36.50000 |     -73.00000 |     142.19148 |     558.28308 |      -0.20000 |       0.20000 | 
     41.66634 |      61.82227 |      62.79659 |      51.54598 |      47.94877 |      72.26502 |      72.26502 |      29.92000 |      14.88600 |       0.00000 |       0.00000 |       0.00000 |       0.00000 |       0.00000 |       3.29561 |     -12.74065 |     209.82628 |     -34.83098 |      -6.57550 |     -36.72433 |     -73.19196 |    1078.45435 |    1075.44702 |       0.00000 |    1105.68958 |     -36.50000 |     -73.00000 |     143.42365 |     492.48013 |      -0.20000 |       0.20000 | 
     57.16320 |      75.33878 |      76.43018 |      37.80173 |      65.78224 |      87.95428 |      87.95428 |      29.92000 |      14.88600 |       0.00000 |       0.00000 |       0.00000 |       0.00000 |       0.00000 |      18.01020 |      -5.56010 |     235.25937 |     -60.35717 |      -4.55265 |     -36.72449 |     -73.19213 |     993.04272 |     990.02258 |       0.00000 |    1059.88416 |     -36.50000 |     -73.00000 |     145.65439 |     457.95425 |      -0.20000 |       0.20000 | 
     71.88010 |      90.18853 |      91.31184 |       1.82290 |      82.71814 |     105.07979 |     105.07979 |      29.92000 |      14.88600 |       0.00000 |       0.00000 |       0.00000 |       0.00000 |       0.00000 |      15.05760 |     -14.84103 |     352.44586 |     -88.85609 |      -5.18852 |     -36.72454 |     -73.19224 |     857.11188 |     854.08582 |       0.00000 |     971.12292 |     -36.50000 |     -73.00000 |     148.40787 |     409.21573 |      -0.20000 |       0.20000 | 
     83.98874 |     102.06719 |     103.10107 |      49.98470 |      96.65252 |     118.64660 |     118.64661 |      29.92000 |      14.88600 |       0.00000 |       0.00000 |       0.00000 |       0.00000 |       0.00000 |      14.74265 |     -15.57459 |     102.75339 |     -60.99980 |      -5.52681 |     -36.72453 |     -73.19210 |     700.62323 |     697.59869 |       0.00000 |     840.90198 |     -36.50000 |     -73.00000 |     151.59042 |     379.98737 |      -0.20000 |       0.20000 | 
     94.75459 |     109.69453 |     110.58707 |      85.66428 |     109.04163 |     127.26134 |     127.26133 |      29.92000 |      14.88600 |       0.00000 |       0.00000 |       0.00000 |       0.00000 |       0.00000 |       5.01950 |      -7.38786 |     134.94644 |     -39.22831 |      -5.33689 |     -36.72470 |     -73.19176 |     566.38599 |     563.35870 |       0.00000 |     694.11005 |     -36.50000 |     -73.00000 |     156.06528 |     319.05936 |      -0.20000 |       0.20000 | 
    104.56005 |     111.89942 |     112.65438 |     104.65770 |     120.32556 |     129.64035 |     129.64035 |      29.92000 |      14.88600 |       0.00000 |       0.00000 |       0.00000 |       0.00000 |       0.00000 |      11.76997 |     -12.00936 |     164.98091 |     -21.71810 |      -3.69070 |     -36.72508 |     -73.19148 |     472.53955 |     469.49677 |       0.00000 |     565.55334 |     -36.50000 |     -73.00000 |     157.62816 |     358.49429 |      -0.20000 |       0.20000 | 
    106.12627 |     108.25169 |     108.90156 |     107.81572 |     122.12793 |     125.32168 |     125.32167 |      29.92000 |      14.88600 |       0.00000 |       0.00000 |       0.00000 |       0.00000 |       0.00000 |      13.91629 |       4.83427 |     200.72133 |      -8.09773 |      -2.70621 |     -36.72556 |     -73.19151 |     422.20187 |     419.13126 |       0.00000 |     473.47104 |     -36.50000 |     -73.00000 |     160.82225 |     378.54916 |      -0.20000 |       0.20000 | 
    103.75199 |     101.54816 |     102.15489 |     101.11988 |     119.39566 |     117.55775 |     117.55776 |      29.92000 |      14.88600 |       0.00000 |       0.00000 |       0.00000 |       0.00000 |       0.00000 |      11.20506 |       5.60582 |     230.94516 |       8.16298 |      -0.61427 |     -36.72595 |     -73.19187 |     420.33163 |     417.23163 |       0.00000 |     424.72626 |     -36.50000 |     -73.00000 |     161.14793 |     402.20566 |      -0.20000 |       0.20000 | 
     99.40957 |      95.35953 |      95.99178 |      90.88319 |     114.39849 |     110.46537 |     110.46536 |      29.92000 |      14.88600 |       0.00000 |       0.00000 |       0.00000 |       0.00000 |       0.00000 |       1.99974 |      -3.14441 |     243.56322 |      18.77655 |       0.00415 |     -36.72617 |     -73.19234 |     464.78015 |     461.65683 |       0.00000 |     423.83838 |     -36.50000 |     -73.00000 |     159.04439 |     413.88095 |      -0.20000 |       0.20000 | 
     94.89558 |      90.18881 |      90.86027 |      84.47194 |     109.20389 |     104.56013 |     104.56013 |      29.92000 |      14.88600 |       0.00000 |       0.00000 |       0.00000 |       0.00000 |       0.00000 |       1.11430 |      -2.28033 |     245.54257 |      21.61337 |      -0.94658 |     -36.72635 |     -73.19280 |     519.90784 |     516.76385 |       0.00000 |     460.49985 |     -36.50000 |     -73.00000 |     157.65497 |     431.76398 |      -0.20000 |       0.20000 | 
     90.13426 |      85.33898 |      86.04384 |      80.04672 |     103.72466 |      99.01748 |      99.01748 |      29.92000 |      14.88600 |       0.00000 |       0.00000 |       0.00000 |       0.00000 |       0.00000 |       0.95241 |      -2.29713 |     246.02475 |      21.51811 |      -0.72127 |     -36.72650 |     -73.19323 |     574.85858 |     571.69464 |       0.00000 |     511.66632 |     -36.50000 |     -73.00000 |     155.97910 |     445.16974 |      -0.20000 |       0.20000 | 
     85.35758 |      80.91707 |      81.64612 |      76.57676 |      98.22775 |      93.95667 |      93.95667 |      29.92000 |      14.88600 |       0.00000 |       0.00000 |       0.00000 |       0.00000 |       0.00000 |       1.08706 |      -3.94151 |     245.61287 |      20.29641 |      -1.39364 |     -36.72665 |     -73.19364 |     625.36865 |     622.18481 |       0.00000 |     564.92218 |     -36.50000 |     -73.00000 |     154.49530 |     458.25339 |      -0.20000 |       0.20000 | 
     80.96040 |      77.22643 |      77.97314 |      74.07151 |      93.16757 |      89.72989 |      89.72989 |      29.92000 |      14.88600 |       0.00000 |       0.00000 |       0.00000 |       0.00000 |       0.00000 |       1.21251 |      -3.11060 |     244.72934 |      18.20187 |      -1.66263 |     -36.72680 |     -73.19404 |     669.75812 |     666.55420 |       0.00000 |     614.74487 |     -36.50000 |     -73.00000 |     153.30276 |     467.54489 |      -0.20000 |       0.20000 | 
     77.34790 |      74.53448 |      75.29610 |      72.71230 |      89.01038 |      86.64922 |      86.64922 |      29.92000 |      14.88600 |       0.00000 |       0.00000 |       0.00000 |       0.00000 |       0.00000 |       1.20134 |      -3.25504 |     243.54373 |      15.05327 |      -1.64921 |     -36.72694 |     -73.19441 |     706.86096 |     703.63641 |       0.00000 |     658.86066 |     -36.50000 |     -73.00000 |     152.42720 |     474.30948 |      -0.20000 |       0.20000 | 
     74.67209 |      72.94029 |      73.71686 |      72.14902 |      85.93111 |      84.83185 |      84.83186 |      29.92000 |      14.88600 |       0.00000 |       0.00000 |       0.00000 |       0.00000 |       0.00000 |       2.27693 |      -4.26810 |     241.98125 |      11.83801 |      -1.87534 |     -36.72710 |     -73.19479 |     735.73242 |     732.48621 |       0.00000 |     695.74231 |     -36.50000 |     -73.00000 |     151.77235 |     478.04736 |      -0.20000 |       0.20000 | 
     72.95400 |      72.42365 |      73.21808 |      72.55202 |      83.95397 |      84.25786 |      84.25786 |      29.92000 |      14.88600 |       0.00000 |       0.00000 |       0.00000 |       0.00000 |       0.00000 |       1.13929 |      -4.72574 |     240.79565 |       7.73415 |      -2.42368 |     -36.72726 |     -73.19515 |     757.46381 |     754.19495 |       0.00000 |     724.91620 |     -36.50000 |     -73.00000 |     151.03827 |     476.78928 |      -0.20000 |       0.20000 | 
     72.10815 |      71.63696 |      72.44131 |      71.24568 |      82.98058 |      83.36398 |      83.36399 |      29.92000 |      14.88600 |       0.00000 |       0.00000 |       0.00000 |       0.00000 |       0.00000 |       4.34958 |      -3.61761 |     239.70630 |      10.42420 |      -2.13460 |     -36.72742 |     -73.19551 |     774.91089 |     771.61835 |       0.00000 |     746.50867 |     -36.50000 |     -73.00000 |     150.78261 |     480.07690 |      -0.20000 |       0.20000 | 
     71.46428 |      71.54183 |      72.36513 |      71.90830 |      82.23962 |      83.27631 |      83.27631 |      29.92000 |      14.88600 |       0.00000 |       0.00000 |       0.00000 |       0.00000 |       0.00000 |       1.26585 |      -4.01313 |     238.83014 |       6.44135 |      -2.11076 |     -36.72759 |     -73.19587 |     793.71179 |     790.39514 |       0.00000 |     766.11157 |     -36.50000 |     -73.00000 |     151.00455 |     478.04892 |      -0.20000 |       0.20000 | 
     71.51272 |      72.37355 |      73.21790 |      72.94033 |      82.29537 |      84.25766 |      84.25764 |      29.92000 |      14.88600 |       0.00000 |       0.00000 |       0.00000 |       0.00000 |       0.00000 |       4.83559 |      -5.19557 |     238.30267 |       4.99049 |      -2.28024 |     -36.72776 |     -73.19622 |     804.36206 |     801.01978 |       0.00000 |     782.74792 |     -36.50000 |     -73.00000 |     150.61298 |     475.81561 |      -0.20000 |       0.20000 | 
     71.76959 |      72.38161 |      73.24014 |      72.67711 |      82.59097 |      84.28325 |      84.28325 |      29.92000 |      14.88600 |       0.00000 |       0.00000 |       0.00000 |       0.00000 |       0.00000 |       5.12392 |      -4.85001 |     238.35095 |       7.10895 |      -2.24166 |     -36.72794 |     -73.19658 |     817.45087 |     814.08209 |       0.00000 |     795.29083 |     -36.50000 |     -73.00000 |     150.95834 |     476.33261 |      -0.20000 |       0.20000 | 
     71.41558 |      70.62923 |      71.48835 |      69.64196 |      82.18359 |      82.26733 |      82.26732 |      29.92000 |      14.88600 |       0.00000 |       0.00000 |       0.00000 |       0.00000 |       0.00000 |       8.13579 |      -4.08034 |     239.23721 |      13.05031 |      -1.93929 |     -36.72811 |     -73.19693 |     837.78571 |     834.39044 |       0.00000 |     809.54712 |     -36.50000 |     -73.00000 |     150.52884 |     487.47211 |      -0.20000 |       0.20000 | 
     69.39417 |      67.35751 |      68.20895 |      65.19547 |      79.85739 |      78.49346 |      78.49345 |      29.92000 |      14.88600 |       0.00000 |       0.00000 |       0.00000 |       0.00000 |       0.00000 |       4.59071 |      -4.51289 |     240.24493 |      17.09473 |      -1.72897 |     -36.72827 |     -73.19727 |     869.77240 |     866.35199 |       0.00000 |     831.50867 |     -36.50000 |     -73.00000 |     149.35396 |     496.33820 |      -0.20000 |       0.20000 | 
     66.02088 |      64.75883 |      65.60851 |      63.29113 |      75.97548 |      75.50092 |      75.50092 |      29.92000 |      14.88600 |       0.00000 |       0.00000 |       0.00000 |       0.00000 |       0.00000 |       2.41898 |      -5.24928 |     240.58154 |      15.27364 |      -1.94251 |     -36.72841 |     -73.19759 |     901.91431 |     898.46942 |       0.00000 |     861.37756 |     -36.50000 |     -73.00000 |     148.66457 |     503.77643 |      -0.20000 |       0.20000 | 
     63.20004 |      63.92785 |      64.78910 |      63.94960 |      72.72931 |      74.55797 |      74.55798 |      29.92000 |      14.88600 |       0.00000 |       0.00000 |       0.00000 |       0.00000 |       0.00000 |       1.76038 |      -5.36810 |     240.43951 |       9.23357 |      -2.33746 |     -36.72856 |     -73.19791 |     925.42169 |     921.95209 |       0.00000 |     891.27448 |     -36.50000 |     -73.00000 |     148.70883 |     503.39163 |      -0.20000 |       0.20000 | 
     62.30469 |      65.09762 |      65.98571 |      65.89063 |      71.69896 |      75.93501 |      75.93499 |      29.92000 |      14.88600 |       0.00000 |       0.00000 |       0.00000 |       0.00000 |       0.00000 |       4.23924 |      -5.33620 |     240.08252 |       3.07587 |      -2.58789 |     -36.72871 |     -73.19823 |     936.78674 |     933.29114 |       0.00000 |     913.41223 |     -36.50000 |     -73.00000 |     148.34572 |     496.80112 |      -0.20000 |       0.20000 | 
     62.96642 |      65.83353 |      66.73933 |      66.44415 |      72.46046 |      76.80225 |      76.80225 |      29.92000 |      14.88600 |       0.00000 |       0.00000 |       0.00000 |       0.00000 |       0.00000 |       5.99003 |      -4.22896 |     239.76195 |       5.39066 |      -2.18324 |     -36.72886 |     -73.19856 |     944.56769 |     941.04456 |       0.00000 |     926.00006 |     -36.50000 |     -73.00000 |     148.82500 |     494.93201 |      -0.20000 |       0.20000 | 
     63.88134 |      66.40424 |      67.32883 |      67.01218 |      73.51333 |      77.48064 |      77.48064 |      29.92000 |      14.88600 |       0.00000 |       0.00000 |       0.00000 |       0.00000 |       0.00000 |       4.94800 |      -4.12759 |     239.08524 |       5.55907 |      -1.86733 |     -36.72902 |     -73.19889 |     955.56934 |     952.01788 |       0.00000 |     935.90393 |     -36.50000 |     -73.00000 |     148.86234 |     492.17865 |      -0.20000 |       0.20000 | 
     64.89702 |      67.54974 |      68.49995 |      68.41018 |      74.68216 |      78.82835 |      78.82835 |      29.92000 |      14.88600 |       0.00000 |       0.00000 |       0.00000 |       0.00000 |       0.00000 |       2.03296 |      -4.53380 |     238.00639 |       2.93387 |      -1.95402 |     -36.72918 |     -73.19923 |     965.13287 |     961.55194 |       0.00000 |     946.44556 |     -36.50000 |     -73.00000 |     148.49916 |     485.27252 |      -0.20000 |       0.20000 | 
     66.63494 |      69.47883 |      70.45913 |      70.42249 |      76.68212 |      81.08292 |      81.08292 |      29.92000 |      14.88600 |       0.00000 |       0.00000 |       0.00000 |       0.00000 |       0.00000 |       6.57171 |      -4.94143 |     237.00739 |       1.84785 |      -2.07672 |     -36.72935 |     -73.19956 |     967.95703 |     964.34497 |       0.00000 |     954.36969 |     -36.50000 |     -73.00000 |     148.76994 |     480.79797 |      -0.20000 |       0.20000 | 
     67.90228 |      69.13919 |      70.12479 |      69.39527 |      78.14055 |      80.69817 |      80.69819 |      29.92000 |      14.88600 |       0.00000 |       0.00000 |       0.00000 |       0.00000 |       0.00000 |       8.74845 |      -4.11939 |     236.11397 |       8.27183 |      -1.85853 |     -36.72953 |     -73.19990 |     977.70770 |     974.06323 |       0.00000 |     959.65906 |     -36.50000 |     -73.00000 |     148.70444 |     486.71606 |      -0.20000 |       0.20000 | 
     67.07217 |      66.58144 |      67.55412 |      65.31495 |      77.18528 |      77.73989 |      77.73988 |      29.92000 |      14.88600 |       0.00000 |       0.00000 |       0.00000 |       0.00000 |       0.00000 |       7.67467 |      -3.88065 |     235.25531 |      14.79318 |      -1.57403 |     -36.72971 |     -73.20022 |    1001.40942 |     997.76141 |       0.00000 |     971.62695 |     -36.50000 |     -73.00000 |     148.57756 |     496.78519 |      -0.20000 |       0.20000 | 
     64.10677 |      62.78992 |      63.73766 |      60.11654 |      73.77275 |      73.34799 |      73.34798 |      29.92000 |      14.88600 |       0.00000 |       0.00000 |       0.00000 |       0.00000 |       0.00000 |       7.83243 |      -5.02056 |     234.13406 |      19.40611 |      -1.51909 |     -36.72987 |     -73.20052 |    1033.96118 |    1030.31921 |       0.00000 |     994.62183 |     -36.50000 |     -73.00000 |     147.72049 |     512.29407 |      -0.20000 |       0.20000 | 
     59.30409 |      58.20150 |      59.11199 |      54.73554 |      68.24593 |      68.02486 |      68.02486 |      29.92000 |      14.88600 |       0.00000 |       0.00000 |       0.00000 |       0.00000 |       0.00000 |       8.17985 |      -7.02108 |     233.17332 |      22.18592 |      -1.81368 |     -36.73003 |     -73.20078 |    1070.81604 |    1067.17871 |       0.00000 |    1026.12048 |     -36.50000 |     -73.00000 |     146.74667 |     530.54993 |      -0.20000 |       0.20000 | 
     53.16274 |      53.18787 |      54.04982 |      49.58376 |      61.17859 |      62.19942 |      62.19942 |      29.92000 |      14.88600 |       0.00000 |       0.00000 |       0.00000 |       0.00000 |       0.00000 |       8.99376 |      -8.27481 |     232.78909 |      23.45522 |      -2.23526 |     -36.73018 |     -73.20102 |    1108.36670 |    1104.73279 |       0.00000 |    1062.38232 |     -36.50000 |     -73.00000 |     145.37653 |     549.83771 |      -0.20000 |       0.20000 | 
     46.78505 |      48.43645 |      49.24619 |      45.42384 |      53.83927 |      56.67151 |      56.67151 |      29.92000 |      14.88600 |       0.00000 |       0.00000 |       0.00000 |       0.00000 |       0.00000 |       9.19015 |      -7.68064 |     233.04817 |      22.72305 |      -2.47057 |     -36.73030 |     -73.20124 |    1142.55237 |    1138.92139 |       0.00000 |    1098.50977 |     -36.50000 |     -73.00000 |     145.18515 |     565.94562 |      -0.20000 |       0.20000 | 
     41.01923 |      44.79718 |      45.56526 |      43.12092 |      47.20408 |      52.43556 |      52.43556 |      29.92000 |      14.88600 |       0.00000 |       0.00000 |       0.00000 |       0.00000 |       0.00000 |       8.70367 |      -5.86953 |     233.10188 |      18.85220 |      -2.23561 |     -36.73043 |     -73.20144 |    1171.06555 |    1167.43689 |       0.00000 |    1132.04797 |     -36.50000 |     -73.00000 |     144.76404 |     576.51398 |      -0.20000 |       0.20000 | 
     36.86330 |      43.30935 |      44.06484 |      43.22260 |      42.42152 |      50.70891 |      50.70892 |      29.92000 |      14.88600 |       0.00000 |       0.00000 |       0.00000 |       0.00000 |       0.00000 |       7.96738 |      -5.76458 |     232.73068 |      11.22028 |      -1.98204 |     -36.73055 |     -73.20164 |    1190.91199 |    1187.28516 |       0.00000 |    1159.97717 |     -36.50000 |     -73.00000 |     144.53430 |     577.19983 |      -0.20000 |       0.20000 | 
     35.16235 |      44.34981 |      45.12951 |      45.05675 |      40.46412 |      51.93412 |      51.93412 |      29.92000 |      14.88600 |       0.00000 |       0.00000 |       0.00000 |       0.00000 |       0.00000 |      10.24583 |      -6.48938 |     231.76018 |       3.25411 |      -2.00015 |     -36.73067 |     -73.20184 |    1199.99890 |    1196.37354 |       0.00000 |    1179.21448 |     -36.50000 |     -73.00000 |     144.04655 |     570.62781 |      -0.20000 |       0.20000 | 
     35.88808 |      46.73812 |      47.56066 |      47.55351 |      41.29926 |      54.73183 |      54.73183 |      29.92000 |      14.88600 |       0.00000 |       0.00000 |       0.00000 |       0.00000 |       0.00000 |      10.99219 |      -6.40599 |     230.34752 |      -0.99318 |      -2.03359 |     -36.73081 |     -73.20205 |    1201.20825 |    1197.58325 |       0.00000 |    1188.70483 |     -36.50000 |     -73.00000 |     144.54356 |     558.51550 |      -0.20000 |       0.20000 | 
     38.79920 |      50.28421 |      51.16619 |      51.00426 |      44.64933 |      58.88100 |      58.88100 |      29.92000 |      14.88600 |       0.00000 |       0.00000 |       0.00000 |       0.00000 |       0.00000 |       9.44284 |      -5.73684 |     228.73363 |      -4.55954 |      -2.02251 |     -36.73096 |     -73.20226 |    1197.28455 |    1193.65906 |       0.00000 |    1190.64270 |     -36.50000 |     -73.00000 |     144.82446 |     544.06592 |      -0.20000 |       0.20000 | 
     42.86993 |      53.57867 |      54.51284 |      54.41883 |      49.33384 |      62.73226 |      62.73226 |      29.92000 |      14.88600 |       0.00000 |       0.00000 |       0.00000 |       0.00000 |       0.00000 |      12.03140 |      -6.01076 |     227.24889 |      -3.36547 |      -1.94973 |     -36.73112 |     -73.20249 |    1190.32300 |    1186.69580 |       0.00000 |    1187.04065 |     -36.50000 |     -73.00000 |     144.71030 |     530.34851 |      -0.20000 |       0.20000 | 
     46.74064 |      56.04560 |      57.01971 |      57.00801 |      53.78817 |      65.61712 |      65.61712 |      29.92000 |      14.88600 |       0.00000 |       0.00000 |       0.00000 |       0.00000 |       0.00000 |       9.95990 |      -5.93802 |     225.82924 |      -1.16071 |      -1.92640 |     -36.73130 |     -73.20272 |    1186.69031 |    1183.05994 |       0.00000 |    1181.63196 |     -36.50000 |     -73.00000 |     144.96959 |     523.30737 |      -0.20000 |       0.20000 | 
     50.33722 |      58.49529 |      59.51088 |      59.49943 |      57.92704 |      68.48390 |      68.48390 |      29.92000 |      14.88600 |       0.00000 |       0.00000 |       0.00000 |       0.00000 |       0.00000 |       6.18392 |      -7.02073 |     225.02197 |      -1.12406 |      -2.15978 |     -36.73149 |     -73.20296 |    1185.44470 |    1181.81006 |       0.00000 |    1178.22046 |     -36.50000 |     -73.00000 |     145.29118 |     512.04547 |      -0.20000 |       0.20000 | 
     54.02569 |      61.47217 |      62.53634 |      62.50173 |      62.17166 |      71.96554 |      71.96554 |      29.92000 |      14.88600 |       0.00000 |       0.00000 |       0.00000 |       0.00000 |       0.00000 |       7.17243 |      -6.44059 |     224.69574 |      -1.90653 |      -2.39917 |     -36.73169 |     -73.20321 |    1182.06921 |    1178.42932 |       0.00000 |    1175.94556 |     -36.50000 |     -73.00000 |     146.19577 |     502.29776 |      -0.20000 |       0.20000 | 
     57.72189 |      63.90343 |      65.00763 |      65.00662 |      66.42517 |      74.80945 |      74.80945 |      29.92000 |      14.88600 |       0.00000 |       0.00000 |       0.00000 |       0.00000 |       0.00000 |       6.66280 |      -4.79700 |     224.75708 |      -0.31975 |      -2.16365 |     -36.73190 |     -73.20347 |    1179.92419 |    1176.27808 |       0.00000 |    1173.01819 |     -36.50000 |     -73.00000 |     146.58524 |     492.67578 |      -0.20000 |       0.20000 | 
     60.98712 |      65.77252 |      66.90996 |      66.89069 |      70.18272 |      76.99860 |      76.99860 |      29.92000 |      14.88600 |       0.00000 |       0.00000 |       0.00000 |       0.00000 |       0.00000 |       5.98811 |      -4.69768 |     224.96877 |       1.37482 |      -1.92242 |     -36.73211 |     -73.20374 |    1180.88171 |    1177.22888 |       0.00000 |    1171.41418 |     -36.50000 |     -73.00000 |     145.90450 |     484.73639 |      -0.20000 |       0.20000 | 
     63.78588 |      67.84601 |      69.02150 |      69.02102 |      73.40348 |      79.42853 |      79.42853 |      29.92000 |      14.88600 |       0.00000 |       0.00000 |       0.00000 |       0.00000 |       0.00000 |       4.89563 |      -4.81842 |     224.88513 |       0.21446 |      -1.99580 |     -36.73233 |     -73.20402 |    1183.03528 |    1179.37512 |       0.00000 |    1172.30005 |     -36.50000 |     -73.00000 |     146.22083 |     476.35861 |      -0.20000 |       0.20000 | 
     66.34358 |      69.40447 |      70.60981 |      70.56135 |      76.34683 |      81.25632 |      81.25632 |      29.92000 |      14.88600 |       0.00000 |       0.00000 |       0.00000 |       0.00000 |       0.00000 |       4.43559 |      -4.21787 |     224.85695 |       2.12283 |      -1.85934 |     -36.73256 |     -73.20430 |    1185.77148 |    1182.10291 |       0.00000 |    1173.94312 |     -36.50000 |     -73.00000 |     146.49629 |     471.14355 |      -0.20000 |       0.20000 | 
     68.55585 |      70.66880 |      71.90177 |      71.77621 |      78.89266 |      82.74309 |      82.74309 |      29.92000 |      14.88600 |       0.00000 |       0.00000 |       0.00000 |       0.00000 |       0.00000 |       4.58003 |      -3.61488 |     224.56329 |       3.38659 |      -1.67241 |     -36.73280 |     -73.20459 |    1191.12219 |    1187.44421 |       0.00000 |    1177.12732 |     -36.50000 |     -73.00000 |     146.72075 |     467.47726 |      -0.20000 |       0.20000 | 
     70.29110 |      71.93622 |      73.19872 |      73.10876 |      80.88956 |      84.23559 |      84.23557 |      29.92000 |      14.88600 |       0.00000 |       0.00000 |       0.00000 |       0.00000 |       0.00000 |       3.87869 |      -3.86469 |     223.95363 |       2.84084 |      -1.64085 |     -36.73304 |     -73.20488 |    1197.98572 |    1194.29712 |       0.00000 |    1182.54358 |     -36.50000 |     -73.00000 |     146.89621 |     462.52161 |      -0.20000 |       0.20000 | 
     71.48171 |      72.78876 |      74.07442 |      73.85290 |      82.25969 |      85.24333 |      85.24334 |      29.92000 |      14.88600 |       0.00000 |       0.00000 |       0.00000 |       0.00000 |       0.00000 |       4.20127 |      -3.89173 |     223.11983 |       4.43236 |      -1.62378 |     -36.73328 |     -73.20518 |    1205.47205 |    1201.77173 |       0.00000 |    1188.90649 |     -36.50000 |     -73.00000 |     147.01930 |     460.48584 |      -0.20000 |       0.20000 | 
     72.42920 |      73.67885 |      74.99055 |      74.83551 |      83.35004 |      86.29758 |      86.29758 |      29.92000 |      14.88600 |       0.00000 |       0.00000 |       0.00000 |       0.00000 |       0.00000 |       2.69411 |      -3.78641 |     222.24950 |       3.68479 |      -1.69681 |     -36.73354 |     -73.20546 |    1214.78821 |    1211.11438 |       0.00000 |    1196.84534 |     -36.50000 |     -73.00000 |     147.12079 |     456.32809 |      -0.20000 |       0.20000 | 
     73.49847 |      75.04533 |      76.38882 |      76.32828 |      84.58054 |      87.90669 |      87.90669 |      29.92000 |      14.88600 |       0.00000 |       0.00000 |       0.00000 |       0.00000 |       0.00000 |       2.55549 |      -3.85852 |     221.49516 |       2.28130 |      -1.80839 |     -36.73380 |     -73.20576 |    1221.40747 |    1217.76733 |       0.00000 |    1205.22253 |     -36.50000 |     -73.00000 |     147.31541 |     450.82547 |      -0.20000 |       0.20000 | 
     74.87101 |      76.75121 |      78.12965 |      78.11384 |      86.16002 |      89.91000 |      89.91000 |      29.92000 |      14.88600 |       0.00000 |       0.00000 |       0.00000 |       0.00000 |       0.00000 |       2.47966 |      -3.88136 |     220.95554 |       1.15251 |      -1.90381 |     -36.73407 |     -73.20605 |    1225.21460 |    1221.60779 |       0.00000 |    1211.59607 |     -36.50000 |     -73.00000 |     147.62624 |     444.66962 |      -0.20000 |       0.20000 | 
     76.55153 |      78.68916 |      80.10439 |      80.10326 |      88.09393 |      92.18250 |      92.18250 |      29.92000 |      14.88600 |       0.00000 |       0.00000 |       0.00000 |       0.00000 |       0.00000 |       2.24764 |      -3.82029 |     220.80632 |       0.30651 |      -1.99171 |     -36.73434 |     -73.20634 |    1226.88928 |    1223.31628 |       0.00000 |    1215.50659 |     -36.50000 |     -73.00000 |     148.02100 |     437.63779 |      -0.20000 |       0.20000 | 
     78.49345 |      80.77373 |      82.22649 |      82.22602 |      90.32865 |      94.62457 |      94.62456 |      29.92000 |      14.88600 |       0.00000 |       0.00000 |       0.00000 |       0.00000 |       0.00000 |       2.23926 |      -3.47515 |     220.97137 |      -0.19251 |      -1.96871 |     -36.73463 |     -73.20666 |    1226.92517 |    1223.38586 |       0.00000 |    1217.28809 |     -36.50000 |     -73.00000 |     148.48320 |     430.37354 |      -0.20000 |       0.20000 | 
     80.50991 |      82.63851 |      84.12501 |      84.12136 |      92.64915 |      96.80933 |      96.80933 |      29.92000 |      14.88600 |       0.00000 |       0.00000 |       0.00000 |       0.00000 |       0.00000 |       2.57424 |      -3.28598 |     221.42444 |       0.53371 |      -1.85803 |     -36.73492 |     -73.20697 |    1227.08191 |    1223.57593 |       0.00000 |    1217.62781 |     -36.50000 |     -73.00000 |     148.94670 |     425.06137 |      -0.20000 |       0.20000 | 
     82.29991 |      84.01640 |      85.53142 |      85.48506 |      94.70905 |      98.42780 |      98.42781 |      29.92000 |      14.88600 |       0.00000 |       0.00000 |       0.00000 |       0.00000 |       0.00000 |       2.56300 |      -3.30602 |     222.08467 |       1.88650 |      -1.77892 |     -36.73521 |     -73.20730 |    1230.04260 |    1226.56970 |       0.00000 |    1218.44922 |     -36.50000 |     -73.00000 |     149.27660 |     421.38290 |      -0.20000 |       0.20000 | 
     83.65091 |      84.82926 |      86.36774 |      86.20436 |      96.26375 |      99.39022 |      99.39022 |      29.92000 |      14.88600 |       0.00000 |       0.00000 |       0.00000 |       0.00000 |       0.00000 |       2.36284 |      -3.24863 |     222.94907 |       3.52477 |      -1.73761 |     -36.73550 |     -73.20763 |    1236.93860 |    1233.49841 |       0.00000 |    1221.78894 |     -36.50000 |     -73.00000 |     149.45692 |     419.43994 |      -0.20000 |       0.20000 | 
     84.50581 |      85.22063 |      86.77979 |      86.48883 |      97.24756 |      99.86440 |      99.86440 |      29.92000 |      14.88600 |       0.00000 |       0.00000 |       0.00000 |       0.00000 |       0.00000 |       2.00504 |      -3.10199 |     223.84521 |       4.69320 |      -1.68397 |     -36.73579 |     -73.20798 |    1247.53442 |    1244.12573 |       0.00000 |    1228.75391 |     -36.50000 |     -73.00000 |     149.49338 |     418.40747 |      -0.20000 |       0.20000 | 
     84.97421 |      85.41706 |      86.99616 |      86.63844 |      97.78658 |     100.11340 |     100.11338 |      29.92000 |      14.88600 |       0.00000 |       0.00000 |       0.00000 |       0.00000 |       0.00000 |       1.87850 |      -3.16544 |     224.67056 |       5.19755 |      -1.68576 |     -36.73608 |     -73.20833 |    1260.23560 |    1256.85779 |       0.00000 |    1239.05676 |     -36.50000 |     -73.00000 |     149.45097 |     417.81415 |      -0.20000 |       0.20000 | 
     85.19693 |      85.46646 |      87.06434 |      86.64799 |      98.04288 |     100.19186 |     100.19187 |      29.92000 |      14.88600 |       0.00000 |       0.00000 |       0.00000 |       0.00000 |       0.00000 |       1.81487 |      -3.15621 |     225.46231 |       5.60558 |      -1.69994 |     -36.73636 |     -73.20868 |    1274.10535 |    1270.75708 |       0.00000 |    1251.45630 |     -36.50000 |     -73.00000 |     149.37135 |     417.67807 |      -0.20000 |       0.20000 | 
     85.14710 |      85.12620 |      86.73787 |      86.08350 |      97.98554 |      99.81616 |      99.81616 |      29.92000 |      14.88600 |       0.00000 |       0.00000 |       0.00000 |       0.00000 |       0.00000 |       2.67306 |      -5.33898 |     226.11092 |       7.04232 |      -1.93043 |     -36.73664 |     -73.20904 |    1289.79736 |    1286.47742 |       0.00000 |    1265.32715 |     -36.50000 |     -73.00000 |     149.57835 |     420.83264 |      -0.20000 |       0.20000 | 
     84.65997 |      84.15264 |      85.77177 |      84.71645 |      97.42496 |      98.70439 |      98.70440 |      29.92000 |      14.88600 |       0.00000 |       0.00000 |       0.00000 |       0.00000 |       0.00000 |       2.54878 |      -2.65958 |     226.65096 |       8.99713 |      -1.94228 |     -36.73691 |     -73.20939 |    1310.19031 |    1306.89758 |       0.00000 |    1281.68787 |     -36.50000 |     -73.00000 |     148.81488 |     422.48810 |      -0.20000 |       0.20000 | 
     83.83795 |      82.74378 |      84.36624 |      82.92850 |      96.47900 |      97.08694 |      97.08694 |      29.92000 |      14.88600 |       0.00000 |       0.00000 |       0.00000 |       0.00000 |       0.00000 |       2.61567 |      -2.87842 |     227.57674 |      10.59286 |      -1.53319 |     -36.73718 |     -73.20975 |    1334.70386 |    1331.43677 |       0.00000 |    1302.14783 |     -36.50000 |     -73.00000 |     148.31200 |     427.39188 |      -0.20000 |       0.20000 | 
     82.42564 |      80.90533 |      82.52534 |      80.74256 |      94.85373 |      94.96848 |      94.96848 |      29.92000 |      14.88600 |       0.00000 |       0.00000 |       0.00000 |       0.00000 |       0.00000 |       2.70651 |      -3.78569 |     228.19246 |      11.93104 |      -1.65593 |     -36.73743 |     -73.21010 |    1362.36902 |    1359.12598 |       0.00000 |    1326.51440 |     -36.50000 |     -73.00000 |     147.66306 |     433.72311 |      -0.20000 |       0.20000 | 
     80.59748 |      78.81650 |      80.42995 |      78.42028 |      92.74992 |      92.55714 |      92.55713 |      29.92000 |      14.88600 |       0.00000 |       0.00000 |       0.00000 |       0.00000 |       0.00000 |       2.71435 |      -3.32676 |     228.72462 |      12.83507 |      -1.67576 |     -36.73768 |     -73.21044 |    1392.12329 |    1388.90295 |       0.00000 |    1353.98669 |     -36.50000 |     -73.00000 |     146.94411 |     439.49454 |      -0.20000 |       0.20000 | 
     78.57679 |      76.67555 |      78.28011 |      76.22038 |      90.42456 |      90.08315 |      90.08315 |      29.92000 |      14.88600 |       0.00000 |       0.00000 |       0.00000 |       0.00000 |       0.00000 |       2.80184 |      -3.52695 |     229.24730 |      13.17267 |      -1.61944 |     -36.73791 |     -73.21078 |    1422.38977 |    1419.19043 |       0.00000 |    1383.30688 |     -36.50000 |     -73.00000 |     146.24783 |     446.19452 |      -0.20000 |       0.20000 | 
     76.48129 |      74.63874 |      76.23372 |      74.29441 |      88.01309 |      87.72820 |      87.72821 |      29.92000 |      14.88600 |       0.00000 |       0.00000 |       0.00000 |       0.00000 |       0.00000 |       2.84534 |      -3.84501 |     229.57977 |      12.95128 |      -1.69726 |     -36.73814 |     -73.21111 |    1451.75073 |    1448.57080 |       0.00000 |    1413.00085 |     -36.50000 |     -73.00000 |     146.01361 |     451.92084 |      -0.20000 |       0.20000 | 
     74.45567 |      72.89738 |      74.48566 |      72.88435 |      85.68205 |      85.71657 |      85.71657 |      29.92000 |      14.88600 |       0.00000 |       0.00000 |       0.00000 |       0.00000 |       0.00000 |       2.52156 |      -3.85443 |     229.75299 |      11.90199 |      -1.75679 |     -36.73836 |     -73.21143 |    1479.48425 |    1476.32275 |       0.00000 |    1442.40442 |     -36.50000 |     -73.00000 |     144.95448 |     456.13019 |      -0.20000 |       0.20000 | 
     72.82763 |      71.89632 |      73.48811 |      72.49041 |      83.80854 |      84.56862 |      84.56862 |      29.92000 |      14.88600 |       0.00000 |       0.00000 |       0.00000 |       0.00000 |       0.00000 |       2.03962 |      -3.95872 |     229.72075 |       9.45199 |      -1.84664 |     -36.73857 |     -73.21175 |    1502.78857 |    1499.64429 |       0.00000 |    1469.43982 |     -36.50000 |     -73.00000 |     144.62643 |     457.96609 |      -0.20000 |       0.20000 | 
     71.92719 |      72.00384 |      73.61610 |      73.25197 |      82.77233 |      84.71590 |      84.71590 |      29.92000 |      14.88600 |       0.00000 |       0.00000 |       0.00000 |       0.00000 |       0.00000 |       1.70753 |      -4.00454 |     229.46103 |       5.70108 |      -2.00036 |     -36.73879 |     -73.21207 |    1519.37830 |    1516.25061 |       0.00000 |    1492.21313 |     -36.50000 |     -73.00000 |     144.48633 |     455.01596 |      -0.20000 |       0.20000 | 
     71.89812 |      72.39561 |      74.02873 |      73.59881 |      82.73888 |      85.19075 |      85.19075 |      29.92000 |      14.88600 |       0.00000 |       0.00000 |       0.00000 |       0.00000 |       0.00000 |       6.08892 |      -3.73733 |     229.14467 |       6.17798 |      -1.86039 |     -36.73901 |     -73.21239 |    1530.41882 |    1527.30713 |       0.00000 |    1508.56299 |     -36.50000 |     -73.00000 |     144.46654 |     455.76181 |      -0.20000 |       0.20000 | 
     71.61201 |      71.17628 |      72.80148 |      71.57687 |      82.40964 |      83.77846 |      83.77845 |      29.92000 |      14.88600 |       0.00000 |       0.00000 |       0.00000 |       0.00000 |       0.00000 |       5.92749 |      -3.85721 |     228.81757 |      10.52386 |      -1.63108 |     -36.73923 |     -73.21271 |    1548.60437 |    1545.50793 |       0.00000 |    1522.36902 |     -36.50000 |     -73.00000 |     144.19675 |     461.15204 |      -0.20000 |       0.20000 | 
     70.43486 |      69.13710 |      70.74241 |      68.91668 |      81.05499 |      81.40891 |      81.40891 |      29.92000 |      14.88600 |       0.00000 |       0.00000 |       0.00000 |       0.00000 |       0.00000 |       4.78868 |      -4.13443 |     228.23254 |      13.04528 |      -1.58286 |     -36.73945 |     -73.21301 |    1574.04395 |    1570.96179 |       0.00000 |    1541.36157 |     -36.50000 |     -73.00000 |     143.75099 |     468.06610 |      -0.20000 |       0.20000 | 
     68.26582 |      67.06538 |      68.65009 |      66.76183 |      78.55891 |      79.00111 |      79.00111 |      29.92000 |      14.88600 |       0.00000 |       0.00000 |       0.00000 |       0.00000 |       0.00000 |       4.79408 |      -4.22958 |     227.37881 |      13.46936 |      -1.60953 |     -36.73966 |     -73.21330 |    1601.07117 |    1598.00208 |       0.00000 |    1565.59192 |     -36.50000 |     -73.00000 |     143.28636 |     475.12622 |      -0.20000 |       0.20000 | 
     65.60454 |      64.92483 |      66.48560 |      64.56239 |      75.49635 |      76.51027 |      76.51028 |      29.92000 |      14.88600 |       0.00000 |       0.00000 |       0.00000 |       0.00000 |       0.00000 |       5.32375 |      -4.33546 |     226.21103 |      13.81470 |      -1.60210 |     -36.73987 |     -73.21358 |    1628.08276 |    1625.02576 |       0.00000 |    1592.16980 |     -36.50000 |     -73.00000 |     142.80264 |     482.39096 |      -0.20000 |       0.20000 | 
     62.85120 |      62.88824 |      64.42503 |      62.66479 |      72.32787 |      74.13900 |      74.13899 |      29.92000 |      14.88600 |       0.00000 |       0.00000 |       0.00000 |       0.00000 |       0.00000 |       5.18732 |      -4.52459 |     224.68059 |      13.42420 |      -1.61786 |     -36.74007 |     -73.21384 |    1654.28870 |    1651.24316 |       0.00000 |    1618.89087 |     -36.50000 |     -73.00000 |     142.36427 |     488.81644 |      -0.20000 |       0.20000 | 
     60.31329 |      61.33034 |      62.85094 |      61.51173 |      69.40730 |      72.32758 |      72.32759 |      29.92000 |      14.88600 |       0.00000 |       0.00000 |       0.00000 |       0.00000 |       0.00000 |       5.02814 |      -4.66898 |     222.74583 |      11.84901 |      -1.66832 |     -36.74028 |     -73.21409 |    1677.89587 |    1674.86108 |       0.00000 |    1644.62830 |     -36.50000 |     -73.00000 |     142.01434 |     493.15958 |      -0.20000 |       0.20000 | 
     58.40125 |      60.56203 |      62.08138 |      61.28009 |      67.20696 |      71.44199 |      71.44199 |      29.92000 |      14.88600 |       0.00000 |       0.00000 |       0.00000 |       0.00000 |       0.00000 |       4.54031 |      -4.58723 |     220.39452 |       9.21552 |      -1.72395 |     -36.74049 |     -73.21432 |    1697.30835 |    1694.28369 |       0.00000 |    1667.87170 |     -36.50000 |     -73.00000 |     141.78889 |     493.92657 |      -0.20000 |       0.20000 | 
     57.63597 |      61.18269 |      62.72937 |      62.55260 |      66.32629 |      72.18767 |      72.18767 |      29.92000 |      14.88600 |       0.00000 |       0.00000 |       0.00000 |       0.00000 |       0.00000 |       2.95778 |      -5.28930 |     218.16771 |       4.30237 |      -1.94787 |     -36.74072 |     -73.21455 |    1709.98608 |    1706.97107 |       0.00000 |    1686.65759 |     -36.50000 |     -73.00000 |     141.71410 |     489.24710 |      -0.20000 |       0.20000 | 
     58.49295 |      63.35005 |      64.95462 |      64.95442 |      67.31249 |      74.74844 |      74.74844 |      29.92000 |      14.88600 |       0.00000 |       0.00000 |       0.00000 |       0.00000 |       0.00000 |       4.18060 |      -5.97681 |     216.54466 |      -0.13654 |      -2.42631 |     -36.74095 |     -73.21477 |    1713.20752 |    1710.20215 |       0.00000 |    1698.51843 |     -36.50000 |     -73.00000 |     141.94405 |     479.73373 |      -0.20000 |       0.20000 | 
     61.10204 |      66.50881 |      68.18982 |      68.07432 |      70.31497 |      78.47145 |      78.47145 |      29.92000 |      14.88600 |       0.00000 |       0.00000 |       0.00000 |       0.00000 |       0.00000 |       3.96669 |      -5.36392 |     215.47617 |      -3.33534 |      -2.58531 |     -36.74120 |     -73.21500 |    1709.65735 |    1706.66138 |       0.00000 |    1702.25928 |     -36.50000 |     -73.00000 |     142.37746 |     465.94763 |      -0.20000 |       0.20000 | 
     65.04494 |      70.02734 |      71.78883 |      71.59707 |      74.85238 |      82.61311 |      82.61311 |      29.92000 |      14.88600 |       0.00000 |       0.00000 |       0.00000 |       0.00000 |       0.00000 |       3.90403 |      -4.01877 |     215.00772 |      -4.18875 |      -2.33478 |     -36.74146 |     -73.21523 |    1701.69397 |    1698.70715 |       0.00000 |    1699.15442 |     -36.50000 |     -73.00000 |     142.98611 |     452.88303 |      -0.20000 |       0.20000 | 
     69.58869 |      73.51936 |      75.35836 |      75.16106 |      80.08124 |      86.72086 |      86.72086 |      29.92000 |      14.88600 |       0.00000 |       0.00000 |       0.00000 |       0.00000 |       0.00000 |       3.76845 |      -3.51912 |     214.66319 |      -4.14709 |      -1.98463 |     -36.74174 |     -73.21547 |    1692.41125 |    1689.43335 |       0.00000 |    1691.95667 |     -36.50000 |     -73.00000 |     143.63472 |     441.19495 |      -0.20000 |       0.20000 | 
     73.11047 |      76.68275 |      78.59086 |      78.44930 |      84.13403 |      90.44075 |      90.44077 |      29.92000 |      14.88600 |       0.00000 |       0.00000 |       0.00000 |       0.00000 |       0.00000 |       3.38825 |      -3.57653 |     214.21577 |      -3.43971 |      -1.82709 |     -36.74203 |     -73.21572 |    1683.78345 |    1680.81409 |       0.00000 |    1683.27979 |     -36.50000 |     -73.00000 |     144.25137 |     431.12534 |      -0.20000 |       0.20000 | 
     76.28522 |      79.43543 |      81.40382 |      81.34016 |      87.78748 |      93.67786 |      93.67784 |      29.92000 |      14.88600 |       0.00000 |       0.00000 |       0.00000 |       0.00000 |       0.00000 |       3.23634 |      -3.22644 |     213.67728 |      -2.26590 |      -1.72922 |     -36.74234 |     -73.21598 |    1676.95154 |    1673.99036 |       0.00000 |    1674.96021 |     -36.50000 |     -73.00000 |     144.83224 |     422.81757 |      -0.20000 |       0.20000 | 
     79.01260 |      81.55851 |      83.57537 |      83.57296 |      90.92607 |      96.17682 |      96.17681 |      29.92000 |      14.88600 |       0.00000 |       0.00000 |       0.00000 |       0.00000 |       0.00000 |       3.12435 |      -3.02136 |     213.13451 |      -0.43479 |      -1.59102 |     -36.74266 |     -73.21624 |    1673.59180 |    1670.63818 |       0.00000 |    1668.52136 |     -36.50000 |     -73.00000 |     145.29814 |     416.94473 |      -0.20000 |       0.20000 | 
     81.14473 |      82.96601 |      85.01957 |      84.98321 |      93.37969 |      97.83878 |      97.83878 |      29.92000 |      14.88600 |       0.00000 |       0.00000 |       0.00000 |       0.00000 |       0.00000 |       3.01209 |      -2.96275 |     212.51999 |       1.67613 |      -1.51834 |     -36.74298 |     -73.21651 |    1675.10437 |    1672.15759 |       0.00000 |    1665.53979 |     -36.50000 |     -73.00000 |     145.61371 |     413.64597 |      -0.20000 |       0.20000 | 
     82.54905 |      83.62127 |      85.69988 |      85.50343 |      94.99575 |      98.62167 |      98.62167 |      29.92000 |      14.88600 |       0.00000 |       0.00000 |       0.00000 |       0.00000 |       0.00000 |       2.85135 |      -2.86437 |     211.85342 |       3.88028 |      -1.45921 |     -36.74332 |     -73.21677 |    1682.10193 |    1679.16138 |       0.00000 |    1667.26697 |     -36.50000 |     -73.00000 |     145.73296 |     412.35736 |      -0.20000 |       0.20000 | 
     83.24487 |      83.63251 |      85.72699 |      85.28296 |      95.79649 |      98.65286 |      98.65286 |      29.92000 |      14.88600 |       0.00000 |       0.00000 |       0.00000 |       0.00000 |       0.00000 |       2.69616 |      -2.87031 |     211.11787 |       5.83411 |      -1.42795 |     -36.74366 |     -73.21703 |    1694.42383 |    1691.48840 |       0.00000 |    1674.31592 |     -36.50000 |     -73.00000 |     145.69432 |     413.11163 |      -0.20000 |       0.20000 | 
     83.31099 |      83.18082 |      85.28492 |      84.61818 |      95.87257 |      98.14414 |      98.14415 |      29.92000 |      14.88600 |       0.00000 |       0.00000 |       0.00000 |       0.00000 |       0.00000 |       2.31651 |      -2.91032 |     210.29613 |       7.16913 |      -1.43683 |     -36.74400 |     -73.21728 |    1711.03955 |    1708.10852 |       0.00000 |    1686.50464 |     -36.50000 |     -73.00000 |     145.88722 |     415.03818 |      -0.20000 |       0.20000 | 
     82.94028 |      82.52069 |      84.63161 |      83.84003 |      95.44598 |      97.39232 |      97.39231 |      29.92000 |      14.88600 |       0.00000 |       0.00000 |       0.00000 |       0.00000 |       0.00000 |       2.20327 |      -2.95044 |     209.37914 |       7.84249 |      -1.47043 |     -36.74434 |     -73.21752 |    1729.85022 |    1726.92273 |       0.00000 |    1702.62195 |     -36.50000 |     -73.00000 |     145.29840 |     417.10709 |      -0.20000 |       0.20000 | 
     82.34184 |      81.84590 |      83.96375 |      83.18755 |      94.75730 |      96.62376 |      96.62376 |      29.92000 |      14.88600 |       0.00000 |       0.00000 |       0.00000 |       0.00000 |       0.00000 |       1.83076 |      -2.97080 |     208.37119 |       7.79671 |      -1.51751 |     -36.74467 |     -73.21775 |    1749.33301 |    1746.40784 |       0.00000 |    1720.97681 |     -36.50000 |     -73.00000 |     145.27971 |     418.63098 |      -0.20000 |       0.20000 | 
     81.74569 |      81.42649 |      83.55600 |      82.94323 |      94.07127 |      96.15453 |      96.15452 |      29.92000 |      14.88600 |       0.00000 |       0.00000 |       0.00000 |       0.00000 |       0.00000 |       1.71891 |      -2.99018 |     207.26427 |       6.94323 |      -1.58131 |     -36.74501 |     -73.21797 |    1767.56055 |    1764.63708 |       0.00000 |    1740.05579 |     -36.50000 |     -73.00000 |     144.82491 |     418.98981 |      -0.20000 |       0.20000 | 
     81.35629 |      81.32395 |      83.47037 |      83.01922 |      93.62315 |      96.05599 |      96.05599 |      29.92000 |      14.88600 |       0.00000 |       0.00000 |       0.00000 |       0.00000 |       0.00000 |       1.72914 |      -2.96250 |     206.03705 |       5.95970 |      -1.61875 |     -36.74535 |     -73.21819 |    1783.41846 |    1780.49561 |       0.00000 |    1757.93884 |     -36.50000 |     -73.00000 |     144.69653 |     418.44968 |      -0.20000 |       0.20000 | 
     81.25803 |      81.53461 |      83.70334 |      83.38903 |      93.51008 |      96.32409 |      96.32409 |      29.92000 |      14.88600 |       0.00000 |       0.00000 |       0.00000 |       0.00000 |       0.00000 |       1.72938 |      -2.92776 |     204.67999 |       4.96684 |      -1.63342 |     -36.74570 |     -73.21840 |    1796.92603 |    1794.00293 |       0.00000 |    1773.79614 |     -36.50000 |     -73.00000 |     144.65283 |     417.04608 |      -0.20000 |       0.20000 | 
     81.46535 |      82.03689 |      84.23283 |      84.02587 |      93.74866 |      96.93341 |      96.93342 |      29.92000 |      14.88600 |       0.00000 |       0.00000 |       0.00000 |       0.00000 |       0.00000 |       1.70590 |      -2.88418 |     203.20613 |       4.01729 |      -1.63767 |     -36.74606 |     -73.21860 |    1808.03186 |    1805.10754 |       0.00000 |    1787.23438 |     -36.50000 |     -73.00000 |     144.68214 |     414.74228 |      -0.20000 |       0.20000 | 
     81.96267 |      82.79872 |      85.02631 |      84.89751 |      94.32096 |      97.84654 |      97.84654 |      29.92000 |      14.88600 |       0.00000 |       0.00000 |       0.00000 |       0.00000 |       0.00000 |       1.66043 |      -2.82058 |     201.61435 |       3.15417 |      -1.63227 |     -36.74642 |     -73.21878 |    1816.96094 |    1814.03455 |       0.00000 |    1798.36841 |     -36.50000 |     -73.00000 |     144.77400 |     411.59210 |      -0.20000 |       0.20000 | 
     82.71712 |      83.77598 |      86.03876 |      85.96279 |      95.18917 |      99.01164 |      99.01164 |      29.92000 |      14.88600 |       0.00000 |       0.00000 |       0.00000 |       0.00000 |       0.00000 |       1.60310 |      -2.74998 |     199.91478 |       2.40782 |      -1.61973 |     -36.74679 |     -73.21896 |    1823.93628 |    1821.00696 |       0.00000 |    1807.32556 |     -36.50000 |     -73.00000 |     144.92798 |     407.91248 |      -0.20000 |       0.20000 | 
     83.69008 |      84.92781 |      87.22861 |      87.18623 |      96.30882 |     100.38091 |     100.38091 |      29.92000 |      14.88600 |       0.00000 |       0.00000 |       0.00000 |       0.00000 |       0.00000 |       1.50198 |      -2.67856 |     198.10606 |       1.78623 |      -1.60430 |     -36.74717 |     -73.21912 |    1829.27612 |    1826.34290 |       0.00000 |    1814.38513 |     -36.50000 |     -73.00000 |     145.32478 |     403.89850 |      -0.20000 |       0.20000 | 
     84.82507 |      86.21246 |      88.55302 |      88.53244 |      97.61495 |     101.90501 |     101.90500 |      29.92000 |      14.88600 |       0.00000 |       0.00000 |       0.00000 |       0.00000 |       0.00000 |       1.46466 |      -3.22247 |     196.55327 |       1.23529 |      -1.72207 |     -36.74755 |     -73.21927 |    1833.05530 |    1830.11719 |       0.00000 |    1819.71851 |     -36.50000 |     -73.00000 |     145.37144 |     399.67752 |      -0.20000 |       0.20000 | 
     86.06364 |      87.54298 |      89.92352 |      89.90977 |      99.04028 |     103.48215 |     103.48215 |      29.92000 |      14.88600 |       0.00000 |       0.00000 |       0.00000 |       0.00000 |       0.00000 |       1.40988 |      -3.02662 |     195.39299 |       1.00234 |      -1.85066 |     -36.74795 |     -73.21941 |    1835.94543 |    1833.00110 |       0.00000 |    1823.63831 |     -36.50000 |     -73.00000 |     145.64217 |     395.30548 |      -0.20000 |       0.20000 | 
     87.38913 |      88.83498 |      91.25441 |      91.23765 |     100.56562 |     105.01370 |     105.01371 |      29.92000 |      14.88600 |       0.00000 |       0.00000 |       0.00000 |       0.00000 |       0.00000 |       1.35898 |      -2.92551 |     194.79602 |       1.09825 |      -1.85095 |     -36.74836 |     -73.21954 |    1838.71655 |    1835.76514 |       0.00000 |    1826.71851 |     -36.50000 |     -73.00000 |     145.92676 |     391.38855 |      -0.20000 |       0.20000 | 
     88.64329 |      89.94943 |      92.40398 |      92.36880 |     102.00888 |     106.33661 |     106.33661 |      29.92000 |      14.88600 |       0.00000 |       0.00000 |       0.00000 |       0.00000 |       0.00000 |       1.40008 |      -2.88321 |     194.62917 |       1.58105 |      -1.84696 |     -36.74876 |     -73.21968 |    1842.20313 |    1839.25720 |       0.00000 |    1829.65649 |     -36.50000 |     -73.00000 |     146.18564 |     388.00845 |      -0.20000 |       0.20000 | 
     89.74658 |      90.78196 |      93.26666 |      93.17973 |     103.27853 |     107.32936 |     107.32935 |      29.92000 |      14.88600 |       0.00000 |       0.00000 |       0.00000 |       0.00000 |       0.00000 |       1.53230 |      -2.55468 |     194.56244 |       2.47393 |      -1.71415 |     -36.74918 |     -73.21981 |    1847.58606 |    1844.64502 |       0.00000 |    1833.41956 |     -36.50000 |     -73.00000 |     146.37022 |     385.70660 |      -0.20000 |       0.20000 | 
     90.56012 |      91.21434 |      93.72258 |      93.53246 |     104.21473 |     107.85402 |     107.85401 |      29.92000 |      14.88600 |       0.00000 |       0.00000 |       0.00000 |       0.00000 |       0.00000 |       1.50656 |      -2.69613 |     194.48854 |       3.65001 |      -1.63303 |     -36.74960 |     -73.21995 |    1856.00781 |    1853.07043 |       0.00000 |    1839.12280 |     -36.50000 |     -73.00000 |     146.82991 |     385.20892 |      -0.20000 |       0.20000 | 
     90.98737 |      91.24920 |      93.77467 |      93.43864 |     104.70641 |     107.91396 |     107.91395 |      29.92000 |      14.88600 |       0.00000 |       0.00000 |       0.00000 |       0.00000 |       0.00000 |       1.49667 |      -2.67462 |     194.36581 |       4.85178 |      -1.61394 |     -36.75001 |     -73.22009 |    1867.69763 |    1864.76282 |       0.00000 |    1847.63330 |     -36.50000 |     -73.00000 |     146.40912 |     385.25656 |      -0.20000 |       0.20000 | 
     91.03169 |      90.90469 |      93.44150 |      92.92115 |     104.75740 |     107.53056 |     107.53057 |      29.92000 |      14.88600 |       0.00000 |       0.00000 |       0.00000 |       0.00000 |       0.00000 |       1.50905 |      -2.63636 |     194.23177 |       6.04948 |      -1.57674 |     -36.75043 |     -73.22021 |    1882.75879 |    1879.82556 |       0.00000 |    1859.41541 |     -36.50000 |     -73.00000 |     146.25993 |     386.64047 |      -0.20000 |       0.20000 | 
     90.69839 |      90.21319 |      92.75568 |      92.02878 |     104.37384 |     106.74133 |     106.74133 |      29.92000 |      14.88600 |       0.00000 |       0.00000 |       0.00000 |       0.00000 |       0.00000 |       1.52302 |      -2.69806 |     194.06464 |       7.17772 |      -1.56372 |     -36.75085 |     -73.22034 |    1900.88721 |    1897.95422 |       0.00000 |    1874.42542 |     -36.50000 |     -73.00000 |     146.01762 |     389.15701 |      -0.20000 |       0.20000 | 
     90.03854 |      89.30762 |      91.85242 |      91.00745 |     103.61451 |     105.70189 |     105.70188 |      29.92000 |      14.88600 |       0.00000 |       0.00000 |       0.00000 |       0.00000 |       0.00000 |       1.18944 |      -2.73088 |     193.84818 |       7.77758 |      -1.58534 |     -36.75126 |     -73.22047 |    1921.29871 |    1918.36499 |       0.00000 |    1892.34839 |     -36.50000 |     -73.00000 |     145.69275 |     391.72449 |      -0.20000 |       0.20000 | 
     89.19005 |      88.43671 |      90.98502 |      90.17126 |     102.63808 |     104.70369 |     104.70368 |      29.92000 |      14.88600 |       0.00000 |       0.00000 |       0.00000 |       0.00000 |       0.00000 |       1.17634 |      -2.76082 |     193.57208 |       7.66867 |      -1.62768 |     -36.75166 |     -73.22060 |    1942.21838 |    1939.28271 |       0.00000 |    1912.52881 |     -36.50000 |     -73.00000 |     145.35953 |     393.81912 |      -0.20000 |       0.20000 | 
     88.35123 |      87.67118 |      90.22431 |      89.46744 |     101.67279 |     103.82829 |     103.82828 |      29.92000 |      14.88600 |       0.00000 |       0.00000 |       0.00000 |       0.00000 |       0.00000 |       1.21557 |      -2.78462 |     193.24577 |       7.42661 |      -1.65469 |     -36.75207 |     -73.22072 |    1962.25452 |    1959.31580 |       0.00000 |    1932.93005 |     -36.50000 |     -73.00000 |     145.06915 |     395.74200 |      -0.20000 |       0.20000 | 
     87.58434 |      87.02363 |      89.58353 |      88.90068 |     100.79027 |     103.09090 |     103.09090 |      29.92000 |      14.88600 |       0.00000 |       0.00000 |       0.00000 |       0.00000 |       0.00000 |       1.25194 |      -2.81043 |     192.85724 |       7.07888 |      -1.67293 |     -36.75247 |     -73.22083 |    1981.57031 |    1978.62720 |       0.00000 |    1953.07300 |     -36.50000 |     -73.00000 |     144.80055 |     397.07953 |      -0.20000 |       0.20000 | 
     86.94785 |      86.53120 |      89.10027 |      88.50069 |     100.05781 |     102.53477 |     102.53479 |      29.92000 |      14.88600 |       0.00000 |       0.00000 |       0.00000 |       0.00000 |       0.00000 |       1.28185 |      -2.82233 |     192.41100 |       6.65083 |      -1.68538 |     -36.75287 |     -73.22095 |    1999.52368 |    1996.57532 |       0.00000 |    1972.09705 |     -36.50000 |     -73.00000 |     144.58293 |     398.05481 |      -0.20000 |       0.20000 | 
     86.45490 |      86.19920 |      88.78039 |      88.26713 |      99.49053 |     102.16665 |     102.16665 |      29.92000 |      14.88600 |       0.00000 |       0.00000 |       0.00000 |       0.00000 |       0.00000 |       1.30933 |      -2.80905 |     191.90018 |       6.16391 |      -1.69020 |     -36.75327 |     -73.22105 |    2016.25793 |    2013.30310 |       0.00000 |    1990.06555 |     -36.50000 |     -73.00000 |     144.56725 |     398.43338 |      -0.20000 |       0.20000 | 
     86.12500 |      86.03584 |      88.63225 |      88.20155 |      99.11089 |     101.99617 |     101.99619 |      29.92000 |      14.88600 |       0.00000 |       0.00000 |       0.00000 |       0.00000 |       0.00000 |       1.32839 |      -2.78703 |     191.33029 |       5.65081 |      -1.68513 |     -36.75367 |     -73.22115 |    2031.58496 |    2028.62280 |       0.00000 |    2006.71570 |     -36.50000 |     -73.00000 |     144.27454 |     398.38861 |      -0.20000 |       0.20000 | 
     85.95944 |      86.03960 |      88.65453 |      88.30125 |      98.92036 |     102.02182 |     102.02182 |      29.92000 |      14.88600 |       0.00000 |       0.00000 |       0.00000 |       0.00000 |       0.00000 |       1.33049 |      -2.73852 |     190.69107 |       5.11676 |      -1.68278 |     -36.75407 |     -73.22125 |    2045.62158 |    2042.65063 |       0.00000 |    2022.11316 |     -36.50000 |     -73.00000 |     144.19098 |     397.83725 |      -0.20000 |       0.20000 | 
     85.96589 |      86.20849 |      88.84520 |      88.56073 |      98.92778 |     102.24123 |     102.24124 |      29.92000 |      14.88600 |       0.00000 |       0.00000 |       0.00000 |       0.00000 |       0.00000 |       1.31405 |      -2.63210 |     190.00670 |       4.58628 |      -1.65086 |     -36.75447 |     -73.22134 |    2058.26001 |    2055.27905 |       0.00000 |    2036.11597 |     -36.50000 |     -73.00000 |     144.31702 |     396.79379 |      -0.20000 |       0.20000 | 
     86.13583 |      86.53082 |      89.19239 |      88.96602 |      99.12334 |     102.64077 |     102.64077 |      29.92000 |      14.88600 |       0.00000 |       0.00000 |       0.00000 |       0.00000 |       0.00000 |       1.30373 |      -2.65187 |     189.26169 |       4.08300 |      -1.63054 |     -36.75487 |     -73.22143 |    2069.60962 |    2066.61768 |       0.00000 |    2048.80078 |     -36.50000 |     -73.00000 |     144.14786 |     395.22366 |      -0.20000 |       0.20000 | 
     86.45688 |      87.00184 |      89.69136 |      89.51980 |      99.49281 |     103.21498 |     103.21498 |      29.92000 |      14.88600 |       0.00000 |       0.00000 |       0.00000 |       0.00000 |       0.00000 |       1.16574 |      -2.61327 |     188.45644 |       3.54440 |      -1.62949 |     -36.75528 |     -73.22151 |    2079.74585 |    2076.74146 |       0.00000 |    2060.21948 |     -36.50000 |     -73.00000 |     144.18906 |     393.27182 |      -0.20000 |       0.20000 | 
     86.93734 |      87.65962 |      90.38079 |      90.26648 |     100.04571 |     104.00835 |     104.00835 |      29.92000 |      14.88600 |       0.00000 |       0.00000 |       0.00000 |       0.00000 |       0.00000 |       1.18061 |      -2.60804 |     187.63849 |       2.88186 |      -1.63708 |     -36.75569 |     -73.22158 |    2088.18091 |    2085.16309 |       0.00000 |    2070.18091 |     -36.50000 |     -73.00000 |     144.27254 |     390.76938 |      -0.20000 |       0.20000 | 
     87.58044 |      88.44031 |      91.19531 |      91.11273 |     100.78578 |     104.94570 |     104.94570 |      29.92000 |      14.88600 |       0.00000 |       0.00000 |       0.00000 |       0.00000 |       0.00000 |       1.07947 |      -2.67147 |     186.91910 |       2.43857 |      -1.67152 |     -36.75610 |     -73.22165 |    2095.28516 |    2092.25220 |       0.00000 |    2078.66528 |     -36.50000 |     -73.00000 |     144.40604 |     387.93607 |      -0.20000 |       0.20000 | 
     88.35559 |      89.32516 |      92.11590 |      92.05611 |     101.67780 |     106.00508 |     106.00508 |      29.92000 |      14.88600 |       0.00000 |       0.00000 |       0.00000 |       0.00000 |       0.00000 |       1.10895 |      -2.68061 |     186.34842 |       2.06430 |      -1.70187 |     -36.75652 |     -73.22171 |    2101.26050 |    2098.21118 |       0.00000 |    2085.81592 |     -36.50000 |     -73.00000 |     144.56326 |     385.00735 |      -0.20000 |       0.20000 | 
     89.21955 |      90.24045 |      93.06719 |      93.01670 |     102.67203 |     107.09982 |     107.09980 |      29.92000 |      14.88600 |       0.00000 |       0.00000 |       0.00000 |       0.00000 |       0.00000 |       1.02390 |      -2.66845 |     186.05568 |       1.88722 |      -1.73780 |     -36.75695 |     -73.22176 |    2106.63208 |    2103.56494 |       0.00000 |    2091.92334 |     -36.50000 |     -73.00000 |     144.75568 |     381.95853 |      -0.20000 |       0.20000 | 
     90.14007 |      91.17425 |      94.03725 |      93.99235 |     103.73134 |     108.21615 |     108.21615 |      29.92000 |      14.88600 |       0.00000 |       0.00000 |       0.00000 |       0.00000 |       0.00000 |       0.98041 |      -2.44226 |     185.80878 |       1.77079 |      -1.67825 |     -36.75738 |     -73.22182 |    2111.64990 |    2108.56372 |       0.00000 |    2097.38550 |     -36.50000 |     -73.00000 |     144.94896 |     378.82681 |      -0.20000 |       0.20000 | 
     91.06942 |      92.07671 |      94.97498 |      94.92931 |     104.80082 |     109.29525 |     109.29524 |      29.92000 |      14.88600 |       0.00000 |       0.00000 |       0.00000 |       0.00000 |       0.00000 |       0.93079 |      -2.52681 |     185.54826 |       1.77659 |      -1.64396 |     -36.75781 |     -73.22188 |    2116.56372 |    2113.45703 |       0.00000 |    2102.45898 |     -36.50000 |     -73.00000 |     145.31108 |     376.13437 |      -0.20000 |       0.20000 | 
     91.95444 |      92.91169 |      95.84344 |      95.79212 |     105.81929 |     110.29467 |     110.29468 |      29.92000 |      14.88600 |       0.00000 |       0.00000 |       0.00000 |       0.00000 |       0.00000 |       0.88476 |      -2.49692 |     185.24878 |       1.87529 |      -1.65181 |     -36.75825 |     -73.22192 |    2121.63159 |    2118.50317 |       0.00000 |    2107.39478 |     -36.50000 |     -73.00000 |     145.32326 |     373.55151 |      -0.20000 |       0.20000 | 
     92.79810 |      93.67186 |      96.63560 |      96.57275 |     106.79015 |     111.20627 |     111.20628 |      29.92000 |      14.88600 |       0.00000 |       0.00000 |       0.00000 |       0.00000 |       0.00000 |       0.85156 |      -2.42476 |     184.94014 |       2.06673 |      -1.63091 |     -36.75869 |     -73.22198 |    2127.20923 |    2124.05688 |       0.00000 |    2112.58594 |     -36.50000 |     -73.00000 |     145.48087 |     371.11179 |      -0.20000 |       0.20000 | 
     93.54956 |      94.31644 |      97.30959 |      97.22875 |     107.65491 |     111.98187 |     111.98187 |      29.92000 |      14.88600 |       0.00000 |       0.00000 |       0.00000 |       0.00000 |       0.00000 |       0.81768 |      -2.42926 |     184.61641 |       2.33552 |      -1.62199 |     -36.75914 |     -73.22202 |    2133.44824 |    2130.27124 |       0.00000 |    2118.18555 |     -36.50000 |     -73.00000 |     145.78218 |     369.18649 |      -0.20000 |       0.20000 | 
     94.19652 |      94.83643 |      97.85654 |      97.74938 |     108.39942 |     112.61131 |     112.61131 |      29.92000 |      14.88600 |       0.00000 |       0.00000 |       0.00000 |       0.00000 |       0.00000 |       0.80132 |      -2.39674 |     184.27199 |       2.68168 |      -1.61653 |     -36.75959 |     -73.22207 |    2140.64795 |    2137.44434 |       0.00000 |    2124.52515 |     -36.50000 |     -73.00000 |     145.71100 |     367.59732 |      -0.20000 |       0.20000 | 
     94.71375 |      95.21001 |      98.25412 |      98.11164 |     108.99464 |     113.06882 |     113.06882 |      29.92000 |      14.88600 |       0.00000 |       0.00000 |       0.00000 |       0.00000 |       0.00000 |       0.77862 |      -2.38005 |     183.91592 |       3.08602 |      -1.60698 |     -36.76004 |     -73.22211 |    2148.94751 |    2145.71631 |       0.00000 |    2131.75049 |     -36.50000 |     -73.00000 |     145.76990 |     366.53665 |      -0.20000 |       0.20000 | 
     95.08478 |      95.28888 |      98.34946 |      98.16563 |     109.42161 |     113.17855 |     113.17853 |      29.92000 |      14.88600 |       0.00000 |       0.00000 |       0.00000 |       0.00000 |       0.00000 |       0.76137 |      -2.28657 |     183.53818 |       3.50350 |      -1.62183 |     -36.76049 |     -73.22215 |    2158.49707 |    2155.23657 |       0.00000 |    2140.10840 |     -36.50000 |     -73.00000 |      80.62173 |     282.20737 |      -0.20000 |       0.20000 | 
     94.98762 |      94.26309 |      97.30582 |      97.10309 |     109.30980 |     111.97754 |     111.97754 |      29.92000 |      14.88600 |       0.00000 |       0.00000 |       0.00000 |       0.00000 |       0.00000 |       0.74329 |      -1.03514 |     183.28528 |       3.69910 |      -1.43182 |     -36.76094 |     -73.22218 |    2168.93311 |    2165.64233 |       0.00000 |    2149.59082 |     -36.50000 |     -73.00000 |      56.05177 |     179.75789 |      -0.20000 |       0.20000 | 
     94.11199 |      92.85116 |      95.86304 |      95.68235 |     108.30215 |     110.31722 |     110.31722 |      29.92000 |      14.88600 |       0.00000 |       0.00000 |       0.00000 |       0.00000 |       0.00000 |       0.77833 |      -1.00827 |     183.23283 |       3.51842 |      -1.07174 |     -36.76138 |     -73.22221 |    2179.27612 |    2175.95386 |       0.00000 |    2159.84351 |     -36.50000 |     -73.00000 |      56.34601 |     163.97636 |      -0.20000 |       0.20000 | 
     92.83113 |      91.52220 |      94.50414 |      94.36429 |     106.82816 |     108.75343 |     108.75342 |      29.92000 |      14.88600 |       0.00000 |       0.00000 |       0.00000 |       0.00000 |       0.00000 |       0.85857 |      -1.27737 |     183.12651 |       3.11735 |      -1.02155 |     -36.76182 |     -73.22224 |    2188.64185 |    2185.28735 |       0.00000 |    2169.98267 |     -36.50000 |     -73.00000 |      54.32113 |     160.94485 |      -0.20000 |       0.20000 | 
     91.53185 |      90.30289 |      93.25602 |      93.16585 |     105.33298 |     107.31712 |     107.31712 |      29.92000 |      14.88600 |       0.00000 |       0.00000 |       0.00000 |       0.00000 |       0.00000 |       0.90671 |      -0.99627 |     183.05769 |       2.51991 |      -0.94107 |     -36.76226 |     -73.22227 |    2196.51489 |    2193.12744 |       0.00000 |    2179.21167 |     -36.50000 |     -73.00000 |      48.40565 |     145.19060 |      -0.20000 |       0.20000 | 
     90.33216 |      89.27786 |      92.20548 |      92.16464 |     103.95240 |     106.10818 |     106.10818 |      29.92000 |      14.88600 |       0.00000 |       0.00000 |       0.00000 |       0.00000 |       0.00000 |       0.95223 |      -1.00447 |     183.05013 |       1.70540 |      -0.84233 |     -36.76269 |     -73.22230 |    2202.35645 |    2198.93506 |       0.00000 |    2186.94604 |     -36.50000 |     -73.00000 |      48.29011 |     143.05199 |      -0.20000 |       0.20000 | 
     89.33400 |      88.53612 |      91.44401 |      91.43574 |     102.80373 |     105.23189 |     105.23189 |      29.92000 |      14.88600 |       0.00000 |       0.00000 |       0.00000 |       0.00000 |       0.00000 |       1.01482 |      -1.08652 |     183.04938 |       0.77052 |      -0.82349 |     -36.76311 |     -73.22233 |    2205.72437 |    2202.26831 |       0.00000 |    2192.63940 |     -36.50000 |     -73.00000 |      44.54419 |     135.95956 |      -0.20000 |       0.20000 | 
     88.58908 |      88.06761 |      90.96115 |      90.96046 |     101.94650 |     104.67623 |     104.67623 |      29.92000 |      14.88600 |       0.00000 |       0.00000 |       0.00000 |       0.00000 |       0.00000 |       1.03864 |      -0.99009 |     183.07831 |      -0.22421 |      -0.79834 |     -36.76353 |     -73.22235 |    2206.47803 |    2202.98633 |       0.00000 |    2195.93970 |     -36.50000 |     -73.00000 |      45.66394 |     133.38237 |      -0.20000 |       0.20000 | 
     88.13435 |      87.94311 |      90.82988 |      90.80779 |     101.42319 |     104.52516 |     104.52516 |      29.92000 |      14.88600 |       0.00000 |       0.00000 |       0.00000 |       0.00000 |       0.00000 |       1.04186 |      -0.96840 |     183.14757 |      -1.26390 |      -0.75825 |     -36.76395 |     -73.22238 |    2204.50244 |    2200.97437 |       0.00000 |    2196.64771 |     -36.50000 |     -73.00000 |      45.67567 |     134.86633 |      -0.20000 |       0.20000 | 
     88.00787 |      88.15075 |      91.03786 |      90.96790 |     101.27765 |     104.76450 |     104.76450 |      29.92000 |      14.88600 |       0.00000 |       0.00000 |       0.00000 |       0.00000 |       0.00000 |       1.16590 |      -1.00862 |     183.23816 |      -2.24641 |      -0.74535 |     -36.76437 |     -73.22241 |    2199.71729 |    2196.15112 |       0.00000 |    2194.63965 |     -36.50000 |     -73.00000 |      46.28293 |     134.04491 |      -0.20000 |       0.20000 | 
     88.18067 |      88.55058 |      91.44153 |      91.33356 |     101.47651 |     105.22903 |     105.22903 |      29.92000 |      14.88600 |       0.00000 |       0.00000 |       0.00000 |       0.00000 |       0.00000 |       1.28621 |      -0.97814 |     183.36133 |      -2.78450 |      -0.72891 |     -36.76479 |     -73.22244 |    2192.91333 |    2189.30835 |       0.00000 |    2190.00513 |     -36.50000 |     -73.00000 |      45.72204 |     133.06343 |      -0.20000 |       0.20000 | 
     88.54925 |      89.03017 |      91.92600 |      91.80009 |     101.90066 |     105.78655 |     105.78655 |      29.92000 |      14.88600 |       0.00000 |       0.00000 |       0.00000 |       0.00000 |       0.00000 |       1.31672 |      -0.95201 |     183.52731 |      -2.99919 |      -0.70425 |     -36.76521 |     -73.22247 |    2185.02759 |    2181.40063 |       0.00000 |    2183.38184 |     -36.50000 |     -73.00000 |      45.76674 |     132.60527 |      -0.20000 |       0.20000 | 
     89.00809 |      89.53819 |      92.43916 |      92.30205 |     102.42868 |     106.37710 |     106.37710 |      29.92000 |      14.88600 |       0.00000 |       0.00000 |       0.00000 |       0.00000 |       0.00000 |       1.29072 |      -0.94720 |     183.72548 |      -3.12115 |      -0.68772 |     -36.76564 |     -73.22250 |    2176.74414 |    2173.10498 |       0.00000 |    2175.74341 |     -36.50000 |     -73.00000 |      45.80840 |     131.69270 |      -0.20000 |       0.20000 | 
     89.51159 |      90.05932 |      92.96526 |      92.82350 |     103.00810 |     106.98252 |     106.98251 |      29.92000 |      14.88600 |       0.00000 |       0.00000 |       0.00000 |       0.00000 |       0.00000 |       1.26624 |      -0.93123 |     183.95862 |      -3.16452 |      -0.67730 |     -36.76606 |     -73.22254 |    2168.12598 |    2164.47363 |       0.00000 |    2167.47949 |     -36.50000 |     -73.00000 |      46.45290 |     131.04506 |      -0.20000 |       0.20000 | 
     90.02559 |      90.56389 |      93.47414 |      93.33424 |     103.59960 |     107.56812 |     107.56812 |      29.92000 |      14.88600 |       0.00000 |       0.00000 |       0.00000 |       0.00000 |       0.00000 |       1.23386 |      -0.90961 |     184.22668 |      -3.13506 |      -0.66693 |     -36.76649 |     -73.22258 |    2159.50659 |    2155.83984 |       0.00000 |    2158.97485 |     -36.50000 |     -73.00000 |      46.50011 |     130.53854 |      -0.20000 |       0.20000 | 
     90.53017 |      91.04043 |      93.95401 |      93.82019 |     104.18026 |     108.12035 |     108.12037 |      29.92000 |      14.88600 |       0.00000 |       0.00000 |       0.00000 |       0.00000 |       0.00000 |       1.20751 |      -0.89476 |     184.53522 |      -3.05859 |      -0.65600 |     -36.76692 |     -73.22262 |    2150.92212 |    2147.23926 |       0.00000 |    2150.33179 |     -36.50000 |     -73.00000 |      45.93941 |     129.89398 |      -0.20000 |       0.20000 | 
     91.00112 |      91.46614 |      94.38175 |      94.25932 |     104.72222 |     108.61259 |     108.61257 |      29.92000 |      14.88600 |       0.00000 |       0.00000 |       0.00000 |       0.00000 |       0.00000 |       1.18550 |      -0.89239 |     184.87869 |      -2.91855 |      -0.65043 |     -36.76735 |     -73.22266 |    2142.65015 |    2138.94995 |       0.00000 |    2141.83521 |     -36.50000 |     -73.00000 |      46.58789 |     129.93767 |      -0.20000 |       0.20000 | 
     91.42834 |      91.82980 |      94.74586 |      94.63868 |     105.21387 |     109.03159 |     109.03159 |      29.92000 |      14.88600 |       0.00000 |       0.00000 |       0.00000 |       0.00000 |       0.00000 |       1.17301 |      -0.87821 |     185.26427 |      -2.72554 |      -0.64502 |     -36.76779 |     -73.22272 |    2134.73193 |    2131.01318 |       0.00000 |    2133.54346 |     -36.50000 |     -73.00000 |      46.01641 |     129.58710 |      -0.20000 |       0.20000 | 
     91.78767 |      92.11234 |      95.02707 |      94.93727 |     105.62737 |     109.35521 |     109.35521 |      29.92000 |      14.88600 |       0.00000 |       0.00000 |       0.00000 |       0.00000 |       0.00000 |       1.15532 |      -0.87275 |     185.68922 |      -2.49103 |      -0.63930 |     -36.76823 |     -73.22276 |    2127.43237 |    2123.69385 |       0.00000 |    2125.70435 |     -36.50000 |     -73.00000 |      46.04614 |     129.41072 |      -0.20000 |       0.20000 | 
     92.06865 |      92.30172 |      95.21303 |      95.13747 |     105.95071 |     109.56920 |     109.56921 |      29.92000 |      14.88600 |       0.00000 |       0.00000 |       0.00000 |       0.00000 |       0.00000 |       1.66652 |      -0.87041 |     186.15453 |      -2.28279 |      -0.63784 |     -36.76867 |     -73.22282 |    2120.76733 |    2117.00757 |       0.00000 |    2118.38696 |     -36.50000 |     -73.00000 |      46.05082 |     129.23927 |      -0.20000 |       0.20000 | 
     92.12140 |      91.96958 |      94.86582 |      94.85642 |     106.01141 |     109.16964 |     109.16965 |      29.92000 |      14.88600 |       0.00000 |       0.00000 |       0.00000 |       0.00000 |       0.00000 |       0.98716 |      -0.86248 |     186.71896 |      -0.80669 |      -0.61110 |     -36.76910 |     -73.22289 |    2117.51636 |    2113.73438 |       0.00000 |    2112.33154 |     -36.50000 |     -73.00000 |      45.94267 |     130.29010 |      -0.20000 |       0.20000 | 
     91.95256 |      91.80222 |      94.68925 |      94.66543 |     105.81712 |     108.96645 |     108.96644 |      29.92000 |      14.88600 |       0.00000 |       0.00000 |       0.00000 |       0.00000 |       0.00000 |       0.77290 |      -0.90165 |     187.19310 |      -1.28517 |      -0.63559 |     -36.76954 |     -73.22295 |    2114.71338 |    2110.90796 |       0.00000 |    2108.64233 |     -36.50000 |     -73.00000 |      46.51023 |     130.42741 |      -0.20000 |       0.20000 | 
     91.83651 |      91.85666 |      94.73901 |      94.68443 |     105.68357 |     109.02371 |     109.02373 |      29.92000 |      14.88600 |       0.00000 |       0.00000 |       0.00000 |       0.00000 |       0.00000 |       0.83665 |      -0.88616 |     187.65326 |      -1.94526 |      -0.65430 |     -36.76997 |     -73.22302 |    2110.16211 |    2106.33179 |       0.00000 |    2105.25708 |     -36.50000 |     -73.00000 |      45.81210 |     129.53073 |      -0.20000 |       0.20000 | 
     91.88335 |      92.05549 |      94.93555 |      94.85624 |     105.73747 |     109.24989 |     109.24990 |      29.92000 |      14.88600 |       0.00000 |       0.00000 |       0.00000 |       0.00000 |       0.00000 |       0.93615 |      -0.85199 |     188.12672 |      -2.34238 |      -0.65100 |     -36.77041 |     -73.22310 |    2104.10303 |    2100.24683 |       0.00000 |    2100.62085 |     -36.50000 |     -73.00000 |      45.90817 |     129.06284 |      -0.20000 |       0.20000 | 
     92.05836 |      92.30815 |      95.18656 |      95.09747 |     105.93888 |     109.53875 |     109.53875 |      29.92000 |      14.88600 |       0.00000 |       0.00000 |       0.00000 |       0.00000 |       0.00000 |       1.00651 |      -0.84567 |     188.60645 |      -2.47913 |      -0.63928 |     -36.77084 |     -73.22318 |    2097.33984 |    2093.45630 |       0.00000 |    2094.73926 |     -36.50000 |     -73.00000 |      45.93428 |     129.04359 |      -0.20000 |       0.20000 | 
     92.29400 |      92.55935 |      95.43578 |      95.34729 |     106.21004 |     109.82554 |     109.82553 |      29.92000 |      14.88600 |       0.00000 |       0.00000 |       0.00000 |       0.00000 |       0.00000 |       1.01990 |      -0.84340 |     189.08621 |      -2.46744 |      -0.63211 |     -36.77127 |     -73.22326 |    2090.40601 |    2086.51782 |       0.00000 |    2088.12891 |     -36.50000 |     -73.00000 |      45.87538 |     128.44470 |      -0.20000 |       0.20000 | 
     92.53633 |      92.78739 |      95.66120 |      95.57652 |     106.48891 |     110.08495 |     110.08495 |      29.92000 |      14.88600 |       0.00000 |       0.00000 |       0.00000 |       0.00000 |       0.00000 |       0.99780 |      -0.82801 |     189.56413 |      -2.41106 |      -0.62505 |     -36.77171 |     -73.22335 |    2083.56030 |    2079.69043 |       0.00000 |    2081.27002 |     -36.50000 |     -73.00000 |      46.59555 |     128.50101 |      -0.20000 |       0.20000 | 
     92.76487 |      92.99640 |      95.86716 |      95.78551 |     106.75191 |     110.32197 |     110.32197 |      29.92000 |      14.88600 |       0.00000 |       0.00000 |       0.00000 |       0.00000 |       0.00000 |       0.96508 |      -0.82240 |     190.03755 |      -2.36489 |      -0.61924 |     -36.77214 |     -73.22344 |    2076.85864 |    2073.00635 |       0.00000 |    2074.46143 |     -36.50000 |     -73.00000 |      45.92433 |     128.13051 |      -0.20000 |       0.20000 | 
     92.97559 |      93.19292 |      96.06035 |      95.98034 |     106.99440 |     110.54428 |     110.54428 |      29.92000 |      14.88600 |       0.00000 |       0.00000 |       0.00000 |       0.00000 |       0.00000 |       0.93870 |      -0.81785 |     190.50536 |      -2.33865 |      -0.61685 |     -36.77257 |     -73.22354 |    2070.25220 |    2066.41626 |       0.00000 |    2067.75757 |     -36.50000 |     -73.00000 |      45.95075 |     128.43724 |      -0.20000 |       0.20000 | 
     93.17715 |      93.38235 |      96.24612 |      96.16695 |     107.22636 |     110.75807 |     110.75808 |      29.92000 |      14.88600 |       0.00000 |       0.00000 |       0.00000 |       0.00000 |       0.00000 |       0.91421 |      -0.81077 |     190.97598 |      -2.32425 |      -0.61491 |     -36.77301 |     -73.22365 |    2063.60889 |    2059.78833 |       0.00000 |    2061.06738 |     -36.50000 |     -73.00000 |      46.05226 |     127.82880 |      -0.20000 |       0.20000 | 
     93.36694 |      93.56422 |      96.42416 |      96.34522 |     107.44476 |     110.96294 |     110.96294 |      29.92000 |      14.88600 |       0.00000 |       0.00000 |       0.00000 |       0.00000 |       0.00000 |       0.89217 |      -0.80426 |     191.44194 |      -2.31848 |      -0.61320 |     -36.77345 |     -73.22375 |    2057.02417 |    2053.21777 |       0.00000 |    2054.45703 |     -36.50000 |     -73.00000 |      46.07483 |     127.74135 |      -0.20000 |       0.20000 | 
     93.54912 |      93.74007 |      96.59599 |      96.51753 |     107.65440 |     111.16068 |     111.16068 |      29.92000 |      14.88600 |       0.00000 |       0.00000 |       0.00000 |       0.00000 |       0.00000 |       0.87864 |      -0.79826 |     191.90622 |      -2.30943 |      -0.61139 |     -36.77388 |     -73.22386 |    2050.45776 |    2046.66443 |       0.00000 |    2047.88416 |     -36.50000 |     -73.00000 |      46.09584 |     127.49821 |      -0.20000 |       0.20000 | 
     93.72743 |      93.91197 |      96.76365 |      96.68523 |     107.85960 |     111.35362 |     111.35362 |      29.92000 |      14.88600 |       0.00000 |       0.00000 |       0.00000 |       0.00000 |       0.00000 |       0.85692 |      -0.79219 |     192.37389 |      -2.30689 |      -0.60987 |     -36.77432 |     -73.22398 |    2043.84204 |    2040.06067 |       0.00000 |    2041.25647 |     -36.50000 |     -73.00000 |      46.03444 |     127.28267 |      -0.20000 |       0.20000 | 
     93.89883 |      94.07958 |      96.92692 |      96.84831 |     108.05685 |     111.54151 |     111.54151 |      29.92000 |      14.88600 |       0.00000 |       0.00000 |       0.00000 |       0.00000 |       0.00000 |       0.83572 |      -0.78596 |     192.83743 |      -2.30765 |      -0.60828 |     -36.77476 |     -73.22411 |    2037.26953 |    2033.49902 |       0.00000 |    2034.68762 |     -36.50000 |     -73.00000 |      46.05576 |     127.17679 |      -0.20000 |       0.20000 | 
     94.06628 |      94.24177 |      97.08459 |      97.00627 |     108.24954 |     111.72296 |     111.72298 |      29.92000 |      14.88600 |       0.00000 |       0.00000 |       0.00000 |       0.00000 |       0.00000 |       0.82047 |      -0.78090 |     193.29961 |      -2.30180 |      -0.60662 |     -36.77519 |     -73.22423 |    2030.71912 |    2026.95813 |       0.00000 |    2028.14026 |     -36.50000 |     -73.00000 |      46.07722 |     127.15870 |      -0.20000 |       0.20000 | 
     94.23119 |      94.40376 |      97.24196 |      97.16336 |     108.43932 |     111.90405 |     111.90405 |      29.92000 |      14.88600 |       0.00000 |       0.00000 |       0.00000 |       0.00000 |       0.00000 |       0.80612 |      -0.78371 |     193.76566 |      -2.30376 |      -0.60452 |     -36.77563 |     -73.22437 |    2024.10461 |    2020.35217 |       0.00000 |    2021.53186 |     -36.50000 |     -73.00000 |      46.09883 |     127.15157 |      -0.20000 |       0.20000 | 
     94.39371 |      94.56381 |      97.39726 |      97.31831 |     108.62635 |     112.08278 |     112.08278 |      29.92000 |      14.88600 |       0.00000 |       0.00000 |       0.00000 |       0.00000 |       0.00000 |       0.78768 |      -0.79275 |     194.22845 |      -2.30711 |      -0.60838 |     -36.77607 |     -73.22449 |    2017.46912 |    2013.72424 |       0.00000 |    2014.91345 |     -36.50000 |     -73.00000 |      46.20238 |     127.00509 |      -0.20000 |       0.20000 | 
     94.55768 |      94.73792 |      97.56700 |      97.48815 |     108.81503 |     112.27811 |     112.27811 |      29.92000 |      14.88600 |       0.00000 |       0.00000 |       0.00000 |       0.00000 |       0.00000 |       0.77749 |      -0.77722 |     194.69235 |      -2.30367 |      -0.60458 |     -36.77651 |     -73.22464 |    2010.83081 |    2007.09644 |       0.00000 |    2008.29443 |     -36.50000 |     -73.00000 |      46.13840 |     126.50783 |      -0.20000 |       0.20000 | 
     94.72747 |      94.90740 |      97.73202 |      97.65381 |     109.01043 |     112.46800 |     112.46800 |      29.92000 |      14.88600 |       0.00000 |       0.00000 |       0.00000 |       0.00000 |       0.00000 |       0.75660 |      -0.77028 |     195.15637 |      -2.29229 |      -0.59787 |     -36.77694 |     -73.22478 |    2004.24194 |    2000.53638 |       0.00000 |    2001.69385 |     -36.50000 |     -73.00000 |      46.24345 |     126.59999 |      -0.20000 |       0.20000 | 
     94.89720 |      95.07338 |      97.89340 |      97.81489 |     109.20575 |     112.65372 |     112.65372 |      29.92000 |      14.88600 |       0.00000 |       0.00000 |       0.00000 |       0.00000 |       0.00000 |       0.74005 |      -0.76902 |     195.61772 |      -2.29500 |      -0.59525 |     -36.77737 |     -73.22493 |    1997.66370 |    1993.98608 |       0.00000 |    1995.11487 |     -36.50000 |     -73.00000 |      46.17871 |     126.11122 |      -0.20000 |       0.20000 | 
     95.06382 |      95.23602 |      98.05131 |      97.97294 |     109.39749 |     112.83543 |     112.83543 |      29.92000 |      14.88600 |       0.00000 |       0.00000 |       0.00000 |       0.00000 |       0.00000 |       0.72587 |      -0.76038 |     196.07956 |      -2.29101 |      -0.59248 |     -36.77781 |     -73.22509 |    1991.07190 |    1987.42102 |       0.00000 |    1988.52869 |     -36.50000 |     -73.00000 |      46.19928 |     126.04451 |      -0.20000 |       0.20000 | 
     95.22690 |      95.39668 |      98.20715 |      98.12867 |     109.58516 |     113.01477 |     113.01478 |      29.92000 |      14.88600 |       0.00000 |       0.00000 |       0.00000 |       0.00000 |       0.00000 |       0.70976 |      -0.75605 |     196.54189 |      -2.29085 |      -0.58977 |     -36.77824 |     -73.22524 |    1984.46851 |    1980.84351 |       0.00000 |    1981.92786 |     -36.50000 |     -73.00000 |      46.30500 |     126.32624 |      -0.20000 |       0.20000 | 
     95.38863 |      95.55409 |      98.35954 |      98.28140 |     109.77129 |     113.19013 |     113.19015 |      29.92000 |      14.88600 |       0.00000 |       0.00000 |       0.00000 |       0.00000 |       0.00000 |       0.69511 |      -0.75405 |     197.00594 |      -2.28400 |      -0.58844 |     -36.77868 |     -73.22541 |    1977.82935 |    1974.22961 |       0.00000 |    1975.29370 |     -36.50000 |     -73.00000 |      46.32384 |     125.95946 |      -0.20000 |       0.20000 | 
     95.54631 |      95.70613 |      98.50635 |      98.42830 |     109.95274 |     113.35909 |     113.35909 |      29.92000 |      14.88600 |       0.00000 |       0.00000 |       0.00000 |       0.00000 |       0.00000 |       0.67911 |      -0.74744 |     197.47067 |      -2.28095 |      -0.58718 |     -36.77911 |     -73.22558 |    1971.17798 |    1967.60242 |       0.00000 |    1968.64233 |     -36.50000 |     -73.00000 |      46.34257 |     125.62657 |      -0.20000 |       0.20000 | 
     95.69805 |      95.85332 |      98.64815 |      98.57005 |     110.12736 |     113.52226 |     113.52229 |      29.92000 |      14.88600 |       0.00000 |       0.00000 |       0.00000 |       0.00000 |       0.00000 |       0.66494 |      -0.74163 |     197.93358 |      -2.28032 |      -0.58538 |     -36.77955 |     -73.22575 |    1964.54956 |    1960.99707 |       0.00000 |    1962.01697 |     -36.50000 |     -73.00000 |      46.36196 |     125.47173 |      -0.20000 |       0.20000 | 
     95.84729 |      95.99895 |      98.78822 |      98.71005 |     110.29910 |     113.68345 |     113.68345 |      29.92000 |      14.88600 |       0.00000 |       0.00000 |       0.00000 |       0.00000 |       0.00000 |       0.64967 |      -0.73688 |     198.39830 |      -2.27933 |      -0.58358 |     -36.77998 |     -73.22593 |    1957.88171 |    1954.35132 |       0.00000 |    1955.34778 |     -36.50000 |     -73.00000 |      46.29930 |     125.69321 |      -0.20000 |       0.20000 | 
     95.99274 |      96.14097 |      98.92458 |      98.84674 |     110.46647 |     113.84039 |     113.84039 |      29.92000 |      14.88600 |       0.00000 |       0.00000 |       0.00000 |       0.00000 |       0.00000 |       0.63789 |      -0.73299 |     198.86073 |      -2.27314 |      -0.58200 |     -36.78042 |     -73.22611 |    1951.23645 |    1947.72693 |       0.00000 |    1948.70593 |     -36.50000 |     -73.00000 |      46.94551 |     125.44064 |      -0.20000 |       0.20000 | 
     96.13550 |      96.28076 |      99.05862 |      98.98071 |     110.63076 |     113.99462 |     113.99461 |      29.92000 |      14.88600 |       0.00000 |       0.00000 |       0.00000 |       0.00000 |       0.00000 |       0.62456 |      -0.73010 |     199.32318 |      -2.27233 |      -0.58102 |     -36.78085 |     -73.22630 |    1944.58264 |    1941.09314 |       0.00000 |    1942.05298 |     -36.50000 |     -73.00000 |      46.42116 |     125.29728 |      -0.20000 |       0.20000 | 
     96.27516 |      96.41686 |      99.18882 |      99.11069 |     110.79148 |     114.14445 |     114.14447 |      29.92000 |      14.88600 |       0.00000 |       0.00000 |       0.00000 |       0.00000 |       0.00000 |       0.61422 |      -0.72550 |     199.78477 |      -2.27443 |      -0.58028 |     -36.78128 |     -73.22649 |    1937.92456 |    1934.45398 |       0.00000 |    1935.40210 |     -36.50000 |     -73.00000 |      46.43996 |     125.11693 |      -0.20000 |       0.20000 | 
     96.41041 |      96.54869 |      99.31463 |      99.23660 |     110.94712 |     114.28924 |     114.28924 |      29.92000 |      14.88600 |       0.00000 |       0.00000 |       0.00000 |       0.00000 |       0.00000 |       0.59898 |      -0.72072 |     200.24484 |      -2.27142 |      -0.57885 |     -36.78171 |     -73.22668 |    1931.28955 |    1927.83704 |       0.00000 |    1928.77026 |     -36.50000 |     -73.00000 |      46.37487 |     125.05923 |      -0.20000 |       0.20000 | 
     96.54336 |      96.67775 |      99.43759 |      99.35968 |     111.10011 |     114.43074 |     114.43075 |      29.92000 |      14.88600 |       0.00000 |       0.00000 |       0.00000 |       0.00000 |       0.00000 |       0.58498 |      -0.71739 |     200.70374 |      -2.26831 |      -0.57757 |     -36.78214 |     -73.22688 |    1924.66113 |    1921.22534 |       0.00000 |    1922.14734 |     -36.50000 |     -73.00000 |      46.47736 |     124.83668 |      -0.20000 |       0.20000 | 
     96.67181 |      96.80188 |      99.55547 |      99.47763 |     111.24793 |     114.56639 |     114.56639 |      29.92000 |      14.88600 |       0.00000 |       0.00000 |       0.00000 |       0.00000 |       0.00000 |       0.57492 |      -0.71278 |     201.16138 |      -2.26582 |      -0.57655 |     -36.78257 |     -73.22709 |    1918.04089 |    1914.62085 |       0.00000 |    1915.52502 |     -36.50000 |     -73.00000 |      46.49615 |     124.81673 |      -0.20000 |       0.20000 | 
     96.79814 |      96.92477 |      99.67199 |      99.59426 |     111.39332 |     114.70049 |     114.70048 |      29.92000 |      14.88600 |       0.00000 |       0.00000 |       0.00000 |       0.00000 |       0.00000 |       0.56675 |      -0.70860 |     201.62148 |      -2.26291 |      -0.57501 |     -36.78300 |     -73.22730 |    1911.38086 |    1907.97546 |       0.00000 |    1908.86877 |     -36.50000 |     -73.00000 |      46.42980 |     124.57599 |      -0.20000 |       0.20000 | 
     96.91908 |      97.04136 |      99.78207 |      99.70438 |     111.53249 |     114.82716 |     114.82716 |      29.92000 |      14.88600 |       0.00000 |       0.00000 |       0.00000 |       0.00000 |       0.00000 |       0.55209 |      -0.70568 |     202.07881 |      -2.26116 |      -0.57418 |     -36.78342 |     -73.22752 |    1904.76257 |    1901.37085 |       0.00000 |    1902.24695 |     -36.50000 |     -73.00000 |      46.53260 |     124.52020 |      -0.20000 |       0.20000 | 
     97.03801 |      97.15861 |      99.89274 |      99.81482 |     111.66935 |     114.95452 |     114.95452 |      29.92000 |      14.88600 |       0.00000 |       0.00000 |       0.00000 |       0.00000 |       0.00000 |       0.54217 |      -0.70077 |     202.53787 |      -2.26321 |      -0.57276 |     -36.78385 |     -73.22773 |    1898.10034 |    1894.72107 |       0.00000 |    1895.59705 |     -36.50000 |     -73.00000 |      46.55114 |     124.47006 |      -0.20000 |       0.20000 | 
     97.15427 |      97.27219 |      99.99966 |      99.92171 |     111.80315 |     115.07756 |     115.07756 |      29.92000 |      14.88600 |       0.00000 |       0.00000 |       0.00000 |       0.00000 |       0.00000 |       0.53083 |      -0.69874 |     202.99480 |      -2.26231 |      -0.57172 |     -36.78428 |     -73.22796 |    1891.45776 |    1888.08997 |       0.00000 |    1888.95667 |     -36.50000 |     -73.00000 |      46.56933 |     124.38734 |      -0.20000 |       0.20000 | 
     97.26972 |      97.38641 |     100.10713 |     100.02923 |     111.93600 |     115.20123 |     115.20123 |      29.92000 |      14.88600 |       0.00000 |       0.00000 |       0.00000 |       0.00000 |       0.00000 |       0.52136 |      -0.69549 |     203.45424 |      -2.26050 |      -0.57078 |     -36.78470 |     -73.22818 |    1884.76245 |    1881.40515 |       0.00000 |    1882.26917 |     -36.50000 |     -73.00000 |      46.50320 |     124.38420 |      -0.20000 |       0.20000 | 
     97.38278 |      97.49756 |     100.21149 |     100.13371 |     112.06611 |     115.32133 |     115.32133 |      29.92000 |      14.88600 |       0.00000 |       0.00000 |       0.00000 |       0.00000 |       0.00000 |       0.51176 |      -0.69368 |     203.91010 |      -2.25763 |      -0.57008 |     -36.78513 |     -73.22842 |    1878.11499 |    1874.76697 |       0.00000 |    1875.62048 |     -36.50000 |     -73.00000 |      46.60666 |     124.50156 |      -0.20000 |       0.20000 | 
     97.49326 |      97.60255 |     100.30952 |     100.23209 |     112.19324 |     115.43414 |     115.43414 |      29.92000 |      14.88600 |       0.00000 |       0.00000 |       0.00000 |       0.00000 |       0.00000 |       0.50249 |      -0.69096 |     204.36539 |      -2.25129 |      -0.56970 |     -36.78555 |     -73.22865 |    1871.48267 |    1868.14282 |       0.00000 |    1868.98047 |     -36.50000 |     -73.00000 |      46.62385 |     124.21224 |      -0.20000 |       0.20000 | 
     97.59960 |      97.70596 |     100.40589 |     100.32838 |     112.31562 |     115.54504 |     115.54504 |      29.92000 |      14.88600 |       0.00000 |       0.00000 |       0.00000 |       0.00000 |       0.00000 |       0.48866 |      -0.68672 |     204.82193 |      -2.25137 |      -0.56882 |     -36.78597 |     -73.22889 |    1864.83423 |    1861.50134 |       0.00000 |    1862.33008 |     -36.50000 |     -73.00000 |      46.55655 |     124.06074 |      -0.20000 |       0.20000 | 
     97.70326 |      97.80762 |     100.50042 |     100.42237 |     112.43491 |     115.65382 |     115.65382 |      29.92000 |      14.88600 |       0.00000 |       0.00000 |       0.00000 |       0.00000 |       0.00000 |       0.47894 |      -0.68320 |     205.27774 |      -2.25821 |      -0.56805 |     -36.78639 |     -73.22913 |    1858.16980 |    1854.84314 |       0.00000 |    1855.68005 |     -36.50000 |     -73.00000 |      46.57418 |     123.95770 |      -0.20000 |       0.20000 | 
     97.80585 |      97.90807 |     100.59361 |     100.51588 |     112.55296 |     115.76107 |     115.76106 |      29.92000 |      14.88600 |       0.00000 |       0.00000 |       0.00000 |       0.00000 |       0.00000 |       0.47371 |      -0.67993 |     205.73665 |      -2.25257 |      -0.56654 |     -36.78681 |     -73.22939 |    1851.45630 |    1848.13452 |       0.00000 |    1848.97473 |     -36.50000 |     -73.00000 |      46.59286 |     124.23111 |      -0.20000 |       0.20000 | 
     97.90582 |      98.00553 |     100.68379 |     100.60625 |     112.66801 |     115.86485 |     115.86483 |      29.92000 |      14.88600 |       0.00000 |       0.00000 |       0.00000 |       0.00000 |       0.00000 |       0.46415 |      -0.67883 |     206.19334 |      -2.24851 |      -0.56580 |     -36.78723 |     -73.22964 |    1844.77942 |    1841.46155 |       0.00000 |    1842.29102 |     -36.50000 |     -73.00000 |      46.69540 |     124.03861 |      -0.20000 |       0.20000 | 
     98.00261 |      98.09864 |     100.76952 |     100.69204 |     112.77940 |     115.96349 |     115.96352 |      29.92000 |      14.88600 |       0.00000 |       0.00000 |       0.00000 |       0.00000 |       0.00000 |       0.45533 |      -0.67534 |     206.64697 |      -2.24718 |      -0.56544 |     -36.78764 |     -73.22990 |    1838.13806 |    1834.82275 |       0.00000 |    1835.64990 |     -36.50000 |     -73.00000 |      46.62708 |     123.73424 |      -0.20000 |       0.20000 | 
     98.09675 |      98.19064 |     100.85405 |     100.77641 |     112.88773 |     116.06078 |     116.06078 |      29.92000 |      14.88600 |       0.00000 |       0.00000 |       0.00000 |       0.00000 |       0.00000 |       0.44659 |      -0.67088 |     207.10187 |      -2.24853 |      -0.56422 |     -36.78806 |     -73.23016 |    1831.47156 |    1828.15771 |       0.00000 |    1828.98975 |     -36.50000 |     -73.00000 |      46.73078 |     124.07004 |      -0.20000 |       0.20000 | 
     98.18927 |      98.28305 |     100.93896 |     100.86112 |     112.99419 |     116.15849 |     116.15851 |      29.92000 |      14.88600 |       0.00000 |       0.00000 |       0.00000 |       0.00000 |       0.00000 |       0.44151 |      -0.67079 |     207.55638 |      -2.25053 |      -0.56331 |     -36.78847 |     -73.23043 |    1824.79089 |    1821.47766 |       0.00000 |    1822.31372 |     -36.50000 |     -73.00000 |      46.74811 |     123.89976 |      -0.20000 |       0.20000 | 
     98.28171 |      98.37228 |     101.02058 |     100.94311 |     113.10057 |     116.25242 |     116.25240 |      29.92000 |      14.88600 |       0.00000 |       0.00000 |       0.00000 |       0.00000 |       0.00000 |       0.43291 |      -0.66925 |     208.01218 |      -2.24400 |      -0.56315 |     -36.78888 |     -73.23070 |    1818.09241 |    1814.77869 |       0.00000 |    1815.61633 |     -36.50000 |     -73.00000 |      46.67961 |     123.57324 |      -0.20000 |       0.20000 | 
     98.37058 |      98.45973 |     101.10036 |     101.02303 |     113.20285 |     116.34422 |     116.34422 |      29.92000 |      14.88600 |       0.00000 |       0.00000 |       0.00000 |       0.00000 |       0.00000 |       0.42173 |      -0.66550 |     208.46838 |      -2.24099 |      -0.56234 |     -36.78930 |     -73.23098 |    1811.39197 |    1808.07642 |       0.00000 |    1808.90845 |     -36.50000 |     -73.00000 |      46.69738 |     123.68362 |      -0.20000 |       0.20000 | 
     98.45894 |      98.54353 |     101.17632 |     101.09918 |     113.30453 |     116.43164 |     116.43164 |      29.92000 |      14.88600 |       0.00000 |       0.00000 |       0.00000 |       0.00000 |       0.00000 |       0.41620 |      -0.66453 |     208.92551 |      -2.23752 |      -0.56196 |     -36.78971 |     -73.23126 |    1804.67712 |    1801.35852 |       0.00000 |    1802.20105 |     -36.50000 |     -73.00000 |      46.80002 |     123.48578 |      -0.20000 |       0.20000 | 
     98.54221 |      98.62488 |     101.24986 |     101.17238 |     113.40036 |     116.51625 |     116.51625 |      29.92000 |      14.88600 |       0.00000 |       0.00000 |       0.00000 |       0.00000 |       0.00000 |       0.40837 |      -0.65874 |     209.37883 |      -2.24160 |      -0.56083 |     -36.79012 |     -73.23154 |    1798.01294 |    1794.69031 |       0.00000 |    1795.53503 |     -36.50000 |     -73.00000 |      46.73154 |     123.36251 |      -0.20000 |       0.20000 | 
     98.62418 |      98.70490 |     101.32197 |     101.24454 |     113.49469 |     116.59925 |     116.59924 |      29.92000 |      14.88600 |       0.00000 |       0.00000 |       0.00000 |       0.00000 |       0.00000 |       0.40475 |      -0.65936 |     209.83348 |      -2.24012 |      -0.56008 |     -36.79052 |     -73.23183 |    1791.32373 |    1787.99585 |       0.00000 |    1788.85461 |     -36.50000 |     -73.00000 |      46.74884 |     123.34496 |      -0.20000 |       0.20000 | 
     98.70351 |      98.78364 |     101.39278 |     101.31509 |     113.58597 |     116.68074 |     116.68073 |      29.92000 |      14.88600 |       0.00000 |       0.00000 |       0.00000 |       0.00000 |       0.00000 |       0.39221 |      -0.65636 |     210.28575 |      -2.24314 |      -0.55979 |     -36.79092 |     -73.23212 |    1784.65723 |    1781.32324 |       0.00000 |    1782.18945 |     -36.50000 |     -73.00000 |      47.40773 |     123.46592 |      -0.20000 |       0.20000 | 
     98.78206 |      98.86110 |     101.46228 |     101.38483 |     113.67637 |     116.76071 |     116.76071 |      29.92000 |      14.88600 |       0.00000 |       0.00000 |       0.00000 |       0.00000 |       0.00000 |       0.39064 |      -0.65464 |     210.73734 |      -2.23897 |      -0.55886 |     -36.79132 |     -73.23241 |    1777.99194 |    1774.65039 |       0.00000 |    1775.52832 |     -36.50000 |     -73.00000 |      46.86908 |     123.38210 |      -0.20000 |       0.20000 | 
     98.86035 |      98.93652 |     101.52959 |     101.45236 |     113.76646 |     116.83817 |     116.83818 |      29.92000 |      14.88600 |       0.00000 |       0.00000 |       0.00000 |       0.00000 |       0.00000 |       0.38258 |      -0.65315 |     211.19234 |      -2.23502 |      -0.55845 |     -36.79173 |     -73.23272 |    1771.28003 |    1767.92993 |       0.00000 |    1768.80920 |     -36.50000 |     -73.00000 |      46.80053 |     123.35350 |      -0.20000 |       0.20000 | 
     98.93574 |      99.01001 |     101.59496 |     101.51755 |     113.85322 |     116.91339 |     116.91339 |      29.92000 |      14.88600 |       0.00000 |       0.00000 |       0.00000 |       0.00000 |       0.00000 |       0.37333 |      -0.65123 |     211.64522 |      -2.23677 |      -0.55811 |     -36.79213 |     -73.23302 |    1764.59277 |    1761.23291 |       0.00000 |    1762.12354 |     -36.50000 |     -73.00000 |      46.90345 |     123.26431 |      -0.20000 |       0.20000 | 
     99.01043 |      99.08401 |     101.66076 |     101.58298 |     113.93917 |     116.98911 |     116.98911 |      29.92000 |      14.88600 |       0.00000 |       0.00000 |       0.00000 |       0.00000 |       0.00000 |       0.37012 |      -0.64920 |     212.09984 |      -2.24140 |      -0.55774 |     -36.79253 |     -73.23334 |    1757.85352 |    1754.48315 |       0.00000 |    1755.40210 |     -36.50000 |     -73.00000 |      46.83469 |     123.20180 |      -0.20000 |       0.20000 | 
     99.08348 |      99.15790 |     101.72648 |     101.64787 |     114.02324 |     117.06474 |     117.06474 |      29.92000 |      14.88600 |       0.00000 |       0.00000 |       0.00000 |       0.00000 |       0.00000 |       0.29883 |      -0.64654 |     212.55109 |      -2.25275 |      -0.55713 |     -36.79293 |     -73.23365 |    1751.15491 |    1747.78198 |       0.00000 |    1748.70667 |     -36.50000 |     -73.00000 |      46.85172 |     123.11858 |      -0.20000 |       0.20000 | 
     99.18168 |      99.37576 |     101.93892 |     101.81325 |     114.13624 |     117.30922 |     117.30922 |      29.92000 |      14.88600 |       0.00000 |       0.00000 |       0.00000 |       0.00000 |       0.00000 |      -0.09134 |      -0.65180 |     212.96893 |      -2.84534 |      -0.56773 |     -36.79332 |     -73.23396 |    1743.81104 |    1740.43433 |       0.00000 |    1741.96924 |     -36.50000 |     -73.00000 |      46.87112 |     122.81599 |      -0.20000 |       0.20000 | 
     99.45490 |      99.98706 |     102.54995 |     102.26701 |     114.45066 |     118.01237 |     118.01238 |      29.92000 |      14.88600 |       0.00000 |       0.00000 |       0.00000 |       0.00000 |       0.00000 |      -0.38785 |      -0.64063 |     213.34436 |      -4.25719 |      -0.59595 |     -36.79371 |     -73.23429 |    1733.22815 |    1729.84644 |       0.00000 |    1734.01416 |     -36.50000 |     -73.00000 |      46.98565 |     121.21200 |      -0.20000 |       0.20000 | 
    100.09526 |     101.07639 |     103.64379 |     103.13100 |     115.18758 |     119.27115 |     119.27115 |      29.92000 |      14.88600 |       0.00000 |       0.00000 |       0.00000 |       0.00000 |       0.00000 |      -0.13404 |      -0.60165 |     213.70795 |      -5.70182 |      -0.60824 |     -36.79411 |     -73.23461 |    1717.94055 |    1714.55286 |       0.00000 |    1723.01843 |     -36.50000 |     -73.00000 |      46.93824 |     118.76350 |      -0.20000 |       0.20000 | 
    101.12915 |     102.29802 |     104.86848 |     104.32825 |     116.37735 |     120.68050 |     120.68049 |      29.92000 |      14.88600 |       0.00000 |       0.00000 |       0.00000 |       0.00000 |       0.00000 |       0.29820 |      -0.55504 |     214.13974 |      -5.81819 |      -0.57350 |     -36.79451 |     -73.23495 |    1699.89661 |    1696.50159 |       0.00000 |    1707.90393 |     -36.50000 |     -73.00000 |      47.72208 |     117.26283 |      -0.20000 |       0.20000 | 
    102.25023 |     103.23224 |     105.80000 |     105.41486 |     117.66747 |     121.75248 |     121.75249 |      29.92000 |      14.88600 |       0.00000 |       0.00000 |       0.00000 |       0.00000 |       0.00000 |       0.42791 |      -0.53323 |     214.62294 |      -4.89039 |      -0.53216 |     -36.79491 |     -73.23529 |    1683.14001 |    1679.73633 |       0.00000 |    1690.74182 |     -36.50000 |     -73.00000 |      47.00890 |     116.91916 |      -0.20000 |       0.20000 | 
    103.15192 |     103.84103 |     106.40235 |     106.14466 |     118.70511 |     122.44564 |     122.44564 |      29.92000 |      14.88600 |       0.00000 |       0.00000 |       0.00000 |       0.00000 |       0.00000 |       0.24166 |      -0.51978 |     215.10516 |      -3.98837 |      -0.50537 |     -36.79531 |     -73.23564 |    1669.39551 |    1665.98230 |       0.00000 |    1674.61902 |     -36.50000 |     -73.00000 |      47.03297 |     116.68980 |      -0.20000 |       0.20000 | 
    103.78108 |     104.25401 |     106.80718 |     106.60551 |     119.42914 |     122.91151 |     122.91151 |      29.92000 |      14.88600 |       0.00000 |       0.00000 |       0.00000 |       0.00000 |       0.00000 |       0.04881 |      -0.50814 |     215.56670 |      -3.52144 |      -0.49429 |     -36.79571 |     -73.23599 |    1657.76514 |    1654.34119 |       0.00000 |    1660.84521 |     -36.50000 |     -73.00000 |      47.05329 |     116.64571 |      -0.20000 |       0.20000 | 
    104.22945 |     104.59945 |     107.14397 |     106.95581 |     119.94511 |     123.29910 |     123.29910 |      29.92000 |      14.88600 |       0.00000 |       0.00000 |       0.00000 |       0.00000 |       0.00000 |      -0.07153 |      -0.50139 |     216.01344 |      -3.39621 |      -0.49298 |     -36.79611 |     -73.23635 |    1646.93457 |    1643.49878 |       0.00000 |    1648.89795 |     -36.50000 |     -73.00000 |      47.07197 |     116.63551 |      -0.20000 |       0.20000 | 
    104.59674 |     104.94090 |     107.47659 |     107.28387 |     120.36778 |     123.68186 |     123.68186 |      29.92000 |      14.88600 |       0.00000 |       0.00000 |       0.00000 |       0.00000 |       0.00000 |      -0.12611 |      -0.49375 |     216.45274 |      -3.43169 |      -0.49413 |     -36.79651 |     -73.23672 |    1636.14368 |    1632.69482 |       0.00000 |    1637.82495 |     -36.50000 |     -73.00000 |      47.09241 |     116.06112 |      -0.20000 |       0.20000 | 
    104.94276 |     105.29344 |     107.82018 |     107.61901 |     120.76598 |     124.07726 |     124.07725 |      29.92000 |      14.88600 |       0.00000 |       0.00000 |       0.00000 |       0.00000 |       0.00000 |      -0.15237 |      -0.48489 |     216.88585 |      -3.50048 |      -0.49382 |     -36.79690 |     -73.23708 |    1625.23779 |    1621.77466 |       0.00000 |    1627.02808 |     -36.50000 |     -73.00000 |      47.11075 |     115.82894 |      -0.20000 |       0.20000 | 
    105.29852 |     105.65762 |     108.17509 |     107.96764 |     121.17537 |     124.48567 |     124.48567 |      29.92000 |      14.88600 |       0.00000 |       0.00000 |       0.00000 |       0.00000 |       0.00000 |      -0.16961 |      -0.47708 |     217.32190 |      -3.54897 |      -0.49203 |     -36.79730 |     -73.23746 |    1614.01855 |    1610.53979 |       0.00000 |    1616.01111 |     -36.50000 |     -73.00000 |      47.13040 |     115.28979 |      -0.20000 |       0.20000 | 
    105.66138 |     106.02235 |     108.53018 |     108.31908 |     121.59296 |     124.89431 |     124.89431 |      29.92000 |      14.88600 |       0.00000 |       0.00000 |       0.00000 |       0.00000 |       0.00000 |      -0.18661 |      -0.46759 |     217.75818 |      -3.57429 |      -0.48915 |     -36.79770 |     -73.23785 |    1602.64404 |    1599.14856 |       0.00000 |    1604.80518 |     -36.50000 |     -73.00000 |      47.14762 |     115.15858 |      -0.20000 |       0.20000 | 
    106.02512 |     106.38122 |     108.87902 |     108.66698 |     122.01153 |     125.29575 |     125.29576 |      29.92000 |      14.88600 |       0.00000 |       0.00000 |       0.00000 |       0.00000 |       0.00000 |      -0.20322 |      -0.45985 |     218.19450 |      -3.57645 |      -0.48553 |     -36.79809 |     -73.23823 |    1591.17859 |    1587.66492 |       0.00000 |    1593.44116 |     -36.50000 |     -73.00000 |      47.16667 |     114.64185 |      -0.20000 |       0.20000 | 
    106.38255 |     106.72855 |     109.21586 |     109.00412 |     122.42286 |     125.68337 |     125.68337 |      29.92000 |      14.88600 |       0.00000 |       0.00000 |       0.00000 |       0.00000 |       0.00000 |      -0.22765 |      -0.45161 |     218.63124 |      -3.56839 |      -0.48206 |     -36.79849 |     -73.23862 |    1579.66064 |    1576.12769 |       0.00000 |    1581.95422 |     -36.50000 |     -73.00000 |      47.18510 |     114.24249 |      -0.20000 |       0.20000 | 
    106.72882 |     107.06397 |     109.54044 |     109.32899 |     122.82133 |     126.05690 |     126.05690 |      29.92000 |      14.88600 |       0.00000 |       0.00000 |       0.00000 |       0.00000 |       0.00000 |      -0.24900 |      -0.44371 |     219.06535 |      -3.56067 |      -0.47843 |     -36.79888 |     -73.23901 |    1568.17688 |    1564.62329 |       0.00000 |    1570.48657 |     -36.50000 |     -73.00000 |      47.20194 |     114.04482 |      -0.20000 |       0.20000 | 
    107.06561 |     107.38941 |     109.85463 |     109.64372 |     123.20890 |     126.41846 |     126.41846 |      29.92000 |      14.88600 |       0.00000 |       0.00000 |       0.00000 |       0.00000 |       0.00000 |      -0.27090 |      -0.43711 |     219.50078 |      -3.55097 |      -0.47517 |     -36.79927 |     -73.23942 |    1556.63452 |    1553.05896 |       0.00000 |    1558.95093 |     -36.50000 |     -73.00000 |      47.21981 |     113.68954 |      -0.20000 |       0.20000 | 
    107.39079 |     107.70313 |     110.15671 |     109.94615 |     123.58312 |     126.76608 |     126.76608 |      29.92000 |      14.88600 |       0.00000 |       0.00000 |       0.00000 |       0.00000 |       0.00000 |      -0.29421 |      -0.42945 |     219.93469 |      -3.54308 |      -0.47208 |     -36.79967 |     -73.23982 |    1545.09619 |    1541.49719 |       0.00000 |    1547.41626 |     -36.50000 |     -73.00000 |      47.23779 |     113.32471 |      -0.20000 |       0.20000 | 
    107.70392 |     108.00513 |     110.44674 |     110.23666 |     123.94346 |     127.09985 |     127.09985 |      29.92000 |      14.88600 |       0.00000 |       0.00000 |       0.00000 |       0.00000 |       0.00000 |      -0.31560 |      -0.42316 |     220.36749 |      -3.53457 |      -0.46907 |     -36.80006 |     -73.24023 |    1533.57544 |    1529.96875 |       0.00000 |    1535.90112 |     -36.50000 |     -73.00000 |      47.25411 |     113.18939 |      -0.20000 |       0.20000 | 
    108.00597 |     108.29779 |     110.72717 |     110.51732 |     124.29106 |     127.42255 |     127.42256 |      29.92000 |      14.88600 |       0.00000 |       0.00000 |       0.00000 |       0.00000 |       0.00000 |      -0.33509 |      -0.41711 |     220.79895 |      -3.52809 |      -0.46625 |     -36.80045 |     -73.24065 |    1522.06641 |    1518.51611 |       0.00000 |    1524.39746 |     -36.50000 |     -73.00000 |      47.95898 |     112.86357 |      -0.20000 |       0.20000 | 
    108.30007 |     108.58354 |     111.00034 |     110.79028 |     124.62950 |     127.73692 |     127.73691 |      29.92000 |      14.88600 |       0.00000 |       0.00000 |       0.00000 |       0.00000 |       0.00000 |      -0.35848 |      -0.41150 |     221.23055 |      -3.52538 |      -0.46373 |     -36.80083 |     -73.24107 |    1510.50525 |    1507.01013 |       0.00000 |    1512.84888 |     -36.50000 |     -73.00000 |      47.37911 |     112.79406 |      -0.20000 |       0.20000 | 
    108.58585 |     108.86040 |     111.26427 |     111.05463 |     124.95837 |     128.04065 |     128.04065 |      29.92000 |      14.88600 |       0.00000 |       0.00000 |       0.00000 |       0.00000 |       0.00000 |      -0.37050 |      -0.40619 |     221.66199 |      -3.51776 |      -0.46137 |     -36.80122 |     -73.24150 |    1498.91589 |    1495.47412 |       0.00000 |    1501.27515 |     -36.50000 |     -73.00000 |      47.30602 |     112.35046 |      -0.20000 |       0.20000 | 
    108.86190 |     109.12614 |     111.51679 |     111.30743 |     125.27604 |     128.33124 |     128.33124 |      29.92000 |      14.88600 |       0.00000 |       0.00000 |       0.00000 |       0.00000 |       0.00000 |      -0.39089 |      -0.39979 |     222.09300 |      -3.51134 |      -0.45884 |     -36.80161 |     -73.24193 |    1487.33740 |    1483.94751 |       0.00000 |    1489.69983 |     -36.50000 |     -73.00000 |      47.32313 |     112.14191 |      -0.20000 |       0.20000 | 
    109.12606 |     109.38268 |     111.75998 |     111.55063 |     125.58003 |     128.61108 |     128.61108 |      29.92000 |      14.88600 |       0.00000 |       0.00000 |       0.00000 |       0.00000 |       0.00000 |      -0.40536 |      -0.39563 |     222.51944 |      -3.50736 |      -0.45657 |     -36.80198 |     -73.24236 |    1475.84973 |    1472.50928 |       0.00000 |    1478.22363 |     -36.50000 |     -73.00000 |      47.34042 |     111.89335 |      -0.20000 |       0.20000 | 
    109.38290 |     109.63090 |     111.99446 |     111.78576 |     125.87560 |     128.88094 |     128.88094 |      29.92000 |      14.88600 |       0.00000 |       0.00000 |       0.00000 |       0.00000 |       0.00000 |      -0.42442 |      -0.38986 |     222.94810 |      -3.49844 |      -0.45437 |     -36.80236 |     -73.24280 |    1464.29895 |    1461.00659 |       0.00000 |    1466.66663 |     -36.50000 |     -73.00000 |      47.35448 |     112.04079 |      -0.20000 |       0.20000 | 
    109.63181 |     109.87178 |     112.22141 |     112.01319 |     126.16204 |     129.14211 |     129.14209 |      29.92000 |      14.88600 |       0.00000 |       0.00000 |       0.00000 |       0.00000 |       0.00000 |      -0.43802 |      -0.38608 |     223.37529 |      -3.49077 |      -0.45214 |     -36.80274 |     -73.24324 |    1452.76624 |    1449.52014 |       0.00000 |    1455.13953 |     -36.50000 |     -73.00000 |      47.37461 |     111.51858 |      -0.20000 |       0.20000 | 
    109.87137 |     110.10311 |     112.43855 |     112.23009 |     126.43771 |     129.39198 |     129.39200 |      29.92000 |      14.88600 |       0.00000 |       0.00000 |       0.00000 |       0.00000 |       0.00000 |      -0.45511 |      -0.38099 |     223.80106 |      -3.48953 |      -0.45050 |     -36.80312 |     -73.24368 |    1441.23755 |    1438.03601 |       0.00000 |    1443.61792 |     -36.50000 |     -73.00000 |      47.48434 |     111.41341 |      -0.20000 |       0.20000 | 
    110.10320 |     110.32792 |     112.64897 |     112.44035 |     126.70450 |     129.63412 |     129.63412 |      29.92000 |      14.88600 |       0.00000 |       0.00000 |       0.00000 |       0.00000 |       0.00000 |      -0.46635 |      -0.37618 |     224.22534 |      -3.48755 |      -0.44817 |     -36.80349 |     -73.24413 |    1429.71655 |    1426.55762 |       0.00000 |    1432.11121 |     -36.50000 |     -73.00000 |      47.41039 |     111.07992 |      -0.20000 |       0.20000 | 
    110.32853 |     110.54671 |     112.85305 |     112.64452 |     126.96381 |     129.86897 |     129.86899 |      29.92000 |      14.88600 |       0.00000 |       0.00000 |       0.00000 |       0.00000 |       0.00000 |      -0.48196 |      -0.37244 |     224.65154 |      -3.48368 |      -0.44635 |     -36.80386 |     -73.24459 |    1418.12085 |    1415.00293 |       0.00000 |    1420.52454 |     -36.50000 |     -73.00000 |      47.42735 |     110.99155 |      -0.20000 |       0.20000 | 
    110.54746 |     110.75945 |     113.05087 |     112.84290 |     127.21575 |     130.09662 |     130.09662 |      29.92000 |      14.88600 |       0.00000 |       0.00000 |       0.00000 |       0.00000 |       0.00000 |      -0.49089 |      -0.36830 |     225.07790 |      -3.47593 |      -0.44433 |     -36.80423 |     -73.24505 |    1406.50366 |    1403.42517 |       0.00000 |    1408.90967 |     -36.50000 |     -73.00000 |      47.53749 |     110.93091 |      -0.20000 |       0.20000 | 
    110.75794 |     110.96271 |     113.23908 |     113.03143 |     127.45797 |     130.31322 |     130.31322 |      29.92000 |      14.88600 |       0.00000 |       0.00000 |       0.00000 |       0.00000 |       0.00000 |      -0.50728 |      -0.36509 |     225.50005 |      -3.47030 |      -0.44284 |     -36.80460 |     -73.24551 |    1394.99194 |    1391.95056 |       0.00000 |    1397.39832 |     -36.50000 |     -73.00000 |      47.55378 |     110.94855 |      -0.20000 |       0.20000 | 
    110.96242 |     111.16118 |     113.42226 |     113.21488 |     127.69328 |     130.52402 |     130.52403 |      29.92000 |      14.88600 |       0.00000 |       0.00000 |       0.00000 |       0.00000 |       0.00000 |      -0.51839 |      -0.36206 |     225.92375 |      -3.46544 |      -0.44140 |     -36.80496 |     -73.24598 |    1383.41748 |    1380.41174 |       0.00000 |    1385.82397 |     -36.50000 |     -73.00000 |      48.18123 |     110.83241 |      -0.20000 |       0.20000 | 
    111.16263 |     111.35547 |     113.60097 |     113.39342 |     127.92368 |     130.72966 |     130.72966 |      29.92000 |      14.88600 |       0.00000 |       0.00000 |       0.00000 |       0.00000 |       0.00000 |      -0.53414 |      -0.35860 |     226.35072 |      -3.46392 |      -0.44016 |     -36.80532 |     -73.24645 |    1371.73706 |    1368.76538 |       0.00000 |    1374.14673 |     -36.50000 |     -73.00000 |      47.49799 |     110.52650 |      -0.20000 |       0.20000 | 
    111.35451 |     111.54099 |     113.77084 |     113.56360 |     128.14449 |     130.92516 |     130.92516 |      29.92000 |      14.88600 |       0.00000 |       0.00000 |       0.00000 |       0.00000 |       0.00000 |      -0.54092 |      -0.35504 |     226.77283 |      -3.45881 |      -0.43882 |     -36.80569 |     -73.24693 |    1360.16418 |    1357.22424 |       0.00000 |    1362.58899 |     -36.50000 |     -73.00000 |      47.51866 |     110.20531 |      -0.20000 |       0.20000 | 
    111.53977 |     111.71941 |     113.93338 |     113.72609 |     128.35768 |     131.11220 |     131.11220 |      29.92000 |      14.88600 |       0.00000 |       0.00000 |       0.00000 |       0.00000 |       0.00000 |      -0.55469 |      -0.35092 |     227.19514 |      -3.45676 |      -0.43722 |     -36.80604 |     -73.24741 |    1348.58167 |    1345.67175 |       0.00000 |    1351.01086 |     -36.50000 |     -73.00000 |      47.53687 |     110.15411 |      -0.20000 |       0.20000 | 
    111.71889 |     111.89301 |     114.09093 |     113.88364 |     128.56381 |     131.29352 |     131.29352 |      29.92000 |      14.88600 |       0.00000 |       0.00000 |       0.00000 |       0.00000 |       0.00000 |      -0.56364 |      -0.34773 |     227.61742 |      -3.45448 |      -0.43559 |     -36.80640 |     -73.24789 |    1336.98547 |    1334.10352 |       0.00000 |    1339.42627 |     -36.50000 |     -73.00000 |      47.55686 |     109.95054 |      -0.20000 |       0.20000 | 
    111.89103 |     112.05994 |     114.24171 |     114.03500 |     128.76190 |     131.46701 |     131.46701 |      29.92000 |      14.88600 |       0.00000 |       0.00000 |       0.00000 |       0.00000 |       0.00000 |      -0.57314 |      -0.34441 |     228.03836 |      -3.44718 |      -0.43386 |     -36.80675 |     -73.24837 |    1325.41418 |    1322.55847 |       0.00000 |    1327.85278 |     -36.50000 |     -73.00000 |      47.57609 |     109.84596 |      -0.20000 |       0.20000 | 
    112.05849 |     112.22260 |     114.38799 |     114.18121 |     128.95462 |     131.63536 |     131.63535 |      29.92000 |      14.88600 |       0.00000 |       0.00000 |       0.00000 |       0.00000 |       0.00000 |      -0.58277 |      -0.34240 |     228.46017 |      -3.44561 |      -0.43265 |     -36.80710 |     -73.24887 |    1313.80249 |    1310.97095 |       0.00000 |    1316.24182 |     -36.50000 |     -73.00000 |      47.59574 |     109.71885 |      -0.20000 |       0.20000 | 
    112.22126 |     112.37969 |     114.52837 |     114.32158 |     129.14192 |     131.79689 |     131.79689 |      29.92000 |      14.88600 |       0.00000 |       0.00000 |       0.00000 |       0.00000 |       0.00000 |      -0.59212 |      -0.33889 |     228.88245 |      -3.44354 |      -0.43146 |     -36.80745 |     -73.24937 |    1302.16003 |    1299.35107 |       0.00000 |    1304.60754 |     -36.50000 |     -73.00000 |      47.61634 |     109.57991 |      -0.20000 |       0.20000 | 
    112.37852 |     112.53230 |     114.66414 |     114.45727 |     129.32289 |     131.95314 |     131.95313 |      29.92000 |      14.88600 |       0.00000 |       0.00000 |       0.00000 |       0.00000 |       0.00000 |      -0.60255 |      -0.33645 |     229.30403 |      -3.44214 |      -0.43003 |     -36.80780 |     -73.24986 |    1290.53308 |    1287.74463 |       0.00000 |    1292.98718 |     -36.50000 |     -73.00000 |      47.63534 |     109.58241 |      -0.20000 |       0.20000 | 
    112.53017 |     112.68049 |     114.79543 |     114.58884 |     129.49742 |     132.10423 |     132.10422 |      29.92000 |      14.88600 |       0.00000 |       0.00000 |       0.00000 |       0.00000 |       0.00000 |      -0.61009 |      -0.33428 |     229.72397 |      -3.43774 |      -0.42897 |     -36.80814 |     -73.25037 |    1278.93872 |    1276.16882 |       0.00000 |    1281.39209 |     -36.50000 |     -73.00000 |      47.65458 |     109.56968 |      -0.20000 |       0.20000 | 
    112.67763 |     112.82260 |     114.92051 |     114.71393 |     129.66710 |     132.24817 |     132.24815 |      29.92000 |      14.88600 |       0.00000 |       0.00000 |       0.00000 |       0.00000 |       0.00000 |      -0.62057 |      -0.33186 |     230.14273 |      -3.43582 |      -0.42793 |     -36.80848 |     -73.25087 |    1267.35889 |    1264.60547 |       0.00000 |    1269.81885 |     -36.50000 |     -73.00000 |      47.67588 |     109.42932 |      -0.20000 |       0.20000 | 
    112.82168 |     112.96300 |     115.04359 |     114.83701 |     129.83287 |     132.38982 |     132.38980 |      29.92000 |      14.88600 |       0.00000 |       0.00000 |       0.00000 |       0.00000 |       0.00000 |      -0.62644 |      -0.32981 |     230.56535 |      -3.43408 |      -0.42707 |     -36.80882 |     -73.25138 |    1255.66040 |    1252.92175 |       0.00000 |    1258.12891 |     -36.50000 |     -73.00000 |      47.69655 |     109.36379 |      -0.20000 |       0.20000 | 
    112.96080 |     113.09764 |     115.16091 |     114.95469 |     129.99297 |     132.52481 |     132.52481 |      29.92000 |      14.88600 |       0.00000 |       0.00000 |       0.00000 |       0.00000 |       0.00000 |      -0.63565 |      -0.32732 |     230.98534 |      -3.42940 |      -0.42597 |     -36.80916 |     -73.25190 |    1244.02954 |    1241.30371 |       0.00000 |    1246.50049 |     -36.50000 |     -73.00000 |      47.71613 |     109.40141 |      -0.20000 |       0.20000 | 
    113.09518 |     113.22865 |     115.27446 |     115.06818 |     130.14761 |     132.65549 |     132.65547 |      29.92000 |      14.88600 |       0.00000 |       0.00000 |       0.00000 |       0.00000 |       0.00000 |      -0.64291 |      -0.32598 |     231.40562 |      -3.42809 |      -0.42525 |     -36.80949 |     -73.25242 |    1232.38074 |    1229.66565 |       0.00000 |    1234.85120 |     -36.50000 |     -73.00000 |      47.83455 |     109.17773 |      -0.20000 |       0.20000 | 
    113.22488 |     113.35381 |     115.38211 |     115.17595 |     130.29688 |     132.77937 |     132.77939 |      29.92000 |      14.88600 |       0.00000 |       0.00000 |       0.00000 |       0.00000 |       0.00000 |      -0.65162 |      -0.32312 |     231.82349 |      -3.42574 |      -0.42439 |     -36.80982 |     -73.25294 |    1220.79529 |    1218.08911 |       0.00000 |    1223.26648 |     -36.50000 |     -73.00000 |      47.76135 |     109.06801 |      -0.20000 |       0.20000 | 
    113.35109 |     113.47692 |     115.48759 |     115.28138 |     130.44211 |     132.90074 |     132.90074 |      29.92000 |      14.88600 |       0.00000 |       0.00000 |       0.00000 |       0.00000 |       0.00000 |      -0.65643 |      -0.32124 |     232.24207 |      -3.42448 |      -0.42319 |     -36.81015 |     -73.25346 |    1209.16663 |    1206.46729 |       0.00000 |    1211.64648 |     -36.50000 |     -73.00000 |      47.78178 |     109.09618 |      -0.20000 |       0.20000 | 
    113.47348 |     113.59595 |     115.58888 |     115.38313 |     130.58295 |     133.01732 |     133.01732 |      29.92000 |      14.88600 |       0.00000 |       0.00000 |       0.00000 |       0.00000 |       0.00000 |      -0.66456 |      -0.31989 |     232.66017 |      -3.41906 |      -0.42249 |     -36.81047 |     -73.25398 |    1197.54211 |    1194.84766 |       0.00000 |    1200.02197 |     -36.50000 |     -73.00000 |      47.80404 |     108.99977 |      -0.20000 |       0.20000 | 
    113.59177 |     113.71093 |     115.68604 |     115.48020 |     130.71909 |     133.12912 |     133.12912 |      29.92000 |      14.88600 |       0.00000 |       0.00000 |       0.00000 |       0.00000 |       0.00000 |      -0.67183 |      -0.31789 |     233.07764 |      -3.41837 |      -0.42176 |     -36.81079 |     -73.25452 |    1185.92053 |    1183.22888 |       0.00000 |    1188.40186 |     -36.50000 |     -73.00000 |      47.82566 |     108.97959 |      -0.20000 |       0.20000 | 
    113.70689 |     113.82183 |     115.77894 |     115.57336 |     130.85156 |     133.23602 |     133.23602 |      29.92000 |      14.88600 |       0.00000 |       0.00000 |       0.00000 |       0.00000 |       0.00000 |      -0.67780 |      -0.31615 |     233.49571 |      -3.41492 |      -0.42101 |     -36.81111 |     -73.25505 |    1174.27002 |    1171.57935 |       0.00000 |    1176.75012 |     -36.50000 |     -73.00000 |      47.84830 |     108.91958 |      -0.20000 |       0.20000 | 
    113.81886 |     113.93067 |     115.86958 |     115.66422 |     130.98041 |     133.34033 |     133.34032 |      29.92000 |      14.88600 |       0.00000 |       0.00000 |       0.00000 |       0.00000 |       0.00000 |      -0.68257 |      -0.31426 |     233.91629 |      -3.41155 |      -0.42005 |     -36.81143 |     -73.25559 |    1162.53625 |    1159.84448 |       0.00000 |    1165.01758 |     -36.50000 |     -73.00000 |      47.96341 |     109.13889 |      -0.20000 |       0.20000 | 
    113.92618 |     114.03384 |     115.95465 |     115.74996 |     131.10391 |     133.43823 |     133.43826 |      29.92000 |      14.88600 |       0.00000 |       0.00000 |       0.00000 |       0.00000 |       0.00000 |      -0.69077 |      -0.31361 |     234.33266 |      -3.40509 |      -0.41959 |     -36.81174 |     -73.25613 |    1150.92444 |    1148.22974 |       0.00000 |    1153.39453 |     -36.50000 |     -73.00000 |      47.89334 |     108.86159 |      -0.20000 |       0.20000 | 
    114.02964 |     114.13387 |     116.03641 |     115.83176 |     131.22298 |     133.53232 |     133.53232 |      29.92000 |      14.88600 |       0.00000 |       0.00000 |       0.00000 |       0.00000 |       0.00000 |      -0.69931 |      -0.31151 |     234.75119 |      -3.40340 |      -0.41925 |     -36.81205 |     -73.25668 |    1139.26404 |    1136.56409 |       0.00000 |    1141.72949 |     -36.50000 |     -73.00000 |      47.91563 |     108.89241 |      -0.20000 |       0.20000 | 
    114.12991 |     114.23361 |     116.11794 |     115.91228 |     131.33835 |     133.62614 |     133.62614 |      29.92000 |      14.88600 |       0.00000 |       0.00000 |       0.00000 |       0.00000 |       0.00000 |      -0.70377 |      -0.31024 |     235.16670 |      -3.41059 |      -0.41858 |     -36.81236 |     -73.25723 |    1127.65210 |    1124.94519 |       0.00000 |    1130.13452 |     -36.50000 |     -73.00000 |      47.93768 |     108.91849 |      -0.20000 |       0.20000 | 
    114.22899 |     114.33113 |     116.19707 |     115.99136 |     131.45238 |     133.71721 |     133.71719 |      29.92000 |      14.88600 |       0.00000 |       0.00000 |       0.00000 |       0.00000 |       0.00000 |      -0.70939 |      -0.30909 |     235.58400 |      -3.40975 |      -0.41813 |     -36.81267 |     -73.25777 |    1115.97888 |    1113.26282 |       0.00000 |    1118.47388 |     -36.50000 |     -73.00000 |      48.05757 |     108.85239 |      -0.20000 |       0.20000 | 
    114.32627 |     114.42618 |     116.27367 |     116.06793 |     131.56433 |     133.80536 |     133.80536 |      29.92000 |      14.88600 |       0.00000 |       0.00000 |       0.00000 |       0.00000 |       0.00000 |      -0.71356 |      -0.30730 |     236.00073 |      -3.40900 |      -0.41741 |     -36.81297 |     -73.25833 |    1104.30493 |    1101.57788 |       0.00000 |    1106.81128 |     -36.50000 |     -73.00000 |      47.98595 |     108.73222 |      -0.20000 |       0.20000 | 
    114.41994 |     114.51394 |     116.34299 |     116.14072 |     131.67212 |     133.88513 |     133.88513 |      29.92000 |      14.88600 |       0.00000 |       0.00000 |       0.00000 |       0.00000 |       0.00000 |      -0.68342 |      -0.30560 |     236.41624 |      -3.37914 |      -0.41611 |     -36.81326 |     -73.25888 |    1092.71301 |    1089.97290 |       0.00000 |    1095.19958 |     -36.50000 |     -73.00000 |      48.10424 |     108.82995 |      -0.20000 |       0.20000 | 
    114.50198 |     114.55527 |     116.36559 |     116.18577 |     131.76654 |     133.91113 |     133.91113 |      29.92000 |      14.88600 |       0.00000 |       0.00000 |       0.00000 |       0.00000 |       0.00000 |      -0.62155 |      -0.30446 |     236.84322 |      -3.18563 |      -0.41173 |     -36.81356 |     -73.25945 |    1081.38989 |    1078.63464 |       0.00000 |    1083.58472 |     -36.50000 |     -73.00000 |      48.03025 |     109.15392 |      -0.20000 |       0.20000 | 
    114.53982 |     114.63576 |     116.42961 |     116.28636 |     131.81007 |     133.98480 |     133.98480 |      29.92000 |      14.88600 |       0.00000 |       0.00000 |       0.00000 |       0.00000 |       0.00000 |      -0.58973 |      -0.31660 |     237.27705 |      -2.84239 |      -0.40301 |     -36.81385 |     -73.26001 |    1071.04065 |    1068.26831 |       0.00000 |    1072.42847 |     -36.50000 |     -73.00000 |      90.05609 |     174.79523 |      -0.20000 |       0.20000 | 
    114.73560 |     115.17120 |     116.95796 |     116.85527 |     132.03539 |     134.59283 |     134.59283 |      29.92000 |      14.88600 |       0.00000 |       0.00000 |       0.00000 |       0.00000 |       0.00000 |      -0.62023 |      -0.59979 |     237.68678 |      -2.40120 |      -0.43528 |     -36.81414 |     -73.26057 |    1062.05591 |    1059.26465 |       0.00000 |    1062.21973 |     -36.50000 |     -73.00000 |     140.50621 |     225.76271 |      -0.20000 |       0.20000 | 
    115.31661 |     116.32216 |     118.11373 |     118.04650 |     132.70399 |     135.92287 |     135.92285 |      29.92000 |      14.88600 |       0.00000 |       0.00000 |       0.00000 |       0.00000 |       0.00000 |      -0.68857 |      -0.99789 |     238.01453 |      -1.93320 |      -0.58738 |     -36.81443 |     -73.26115 |    1054.54553 |    1051.73303 |       0.00000 |    1053.26355 |     -36.50000 |     -73.00000 |     160.14648 |     315.60764 |      -0.20000 |       0.20000 | 
    116.31444 |     117.41380 |     119.21174 |     119.17091 |     133.85226 |     137.18643 |     137.18643 |      29.92000 |      14.88600 |       0.00000 |       0.00000 |       0.00000 |       0.00000 |       0.00000 |      -0.79118 |      -1.32448 |     238.24155 |      -1.49955 |      -0.86822 |     -36.81472 |     -73.26173 |    1048.58362 |    1045.74768 |       0.00000 |    1045.77258 |     -36.50000 |     -73.00000 |     161.78040 |     313.26749 |      -0.20000 |       0.20000 | 
    117.34476 |     118.34290 |     120.14661 |     120.11932 |     135.03793 |     138.26225 |     138.26227 |      29.92000 |      14.88600 |       0.00000 |       0.00000 |       0.00000 |       0.00000 |       0.00000 |      -0.88510 |      -1.31402 |     238.44391 |      -1.22139 |      -1.07918 |     -36.81501 |     -73.26232 |    1043.79675 |    1040.93494 |       0.00000 |    1039.72522 |     -36.50000 |     -73.00000 |     162.80348 |     310.07196 |      -0.20000 |       0.20000 | 
    118.26823 |     119.15424 |     120.96318 |     120.94310 |     136.10065 |     139.20195 |     139.20195 |      29.92000 |      14.88600 |       0.00000 |       0.00000 |       0.00000 |       0.00000 |       0.00000 |      -0.95103 |      -1.34863 |     238.64424 |      -1.04408 |      -1.22498 |     -36.81530 |     -73.26292 |    1039.78784 |    1036.89807 |       0.00000 |    1034.85364 |     -36.50000 |     -73.00000 |     164.10193 |     307.53162 |      -0.20000 |       0.20000 | 
    119.08051 |     119.87932 |     121.69300 |     121.67714 |     137.03542 |     140.04181 |     140.04181 |      29.92000 |      14.88600 |       0.00000 |       0.00000 |       0.00000 |       0.00000 |       0.00000 |      -0.99836 |      -1.31522 |     238.84723 |      -0.92491 |      -1.32027 |     -36.81559 |     -73.26351 |    1036.28662 |    1033.36694 |       0.00000 |    1030.79041 |     -36.50000 |     -73.00000 |     164.57901 |     305.36752 |      -0.20000 |       0.20000 | 
    119.81921 |     120.55876 |     122.37703 |     122.36411 |     137.88550 |     140.82898 |     140.82898 |      29.92000 |      14.88600 |       0.00000 |       0.00000 |       0.00000 |       0.00000 |       0.00000 |      -1.03338 |       0.74201 |     239.01917 |      -0.83279 |      -1.48516 |     -36.81588 |     -73.26411 |    1033.12463 |    1030.17249 |       0.00000 |    1027.22351 |     -36.50000 |     -73.00000 |     165.73413 |     303.58362 |      -0.20000 |       0.20000 | 
    120.38578 |     121.13174 |     122.95357 |     122.94432 |     138.53749 |     141.49245 |     141.49245 |      29.92000 |      14.88600 |       0.00000 |       0.00000 |       0.00000 |       0.00000 |       0.00000 |      -0.98538 |      -0.51561 |     240.20834 |      -0.70273 |       0.61952 |     -36.81617 |     -73.26472 |    1030.30615 |    1027.31934 |       0.00000 |    1024.05994 |     -36.50000 |     -73.00000 |     167.70741 |     301.84781 |      -0.20000 |       0.20000 | 
    120.85133 |     121.48997 |     123.31312 |     123.30614 |     139.07324 |     141.90620 |     141.90620 |      29.92000 |      14.88600 |       0.00000 |       0.00000 |       0.00000 |       0.00000 |       0.00000 |      -1.09178 |      -4.72793 |     239.94356 |      -0.60899 |      -1.50640 |     -36.81645 |     -73.26534 |    1028.06055 |    1025.03625 |       0.00000 |    1021.30103 |     -36.50000 |     -73.00000 |     168.35066 |     306.56326 |      -0.20000 |       0.20000 | 
    121.03182 |     121.84396 |     123.66811 |     123.65871 |     139.28094 |     142.31473 |     142.31473 |      29.92000 |      14.88600 |       0.00000 |       0.00000 |       0.00000 |       0.00000 |       0.00000 |      -1.09518 |      -1.22994 |     239.34721 |      -0.70705 |      -3.05643 |     -36.81674 |     -73.26595 |    1025.69702 |    1022.63367 |       0.00000 |    1018.92932 |     -36.50000 |     -73.00000 |     167.93510 |     300.67651 |      -0.20000 |       0.20000 | 
    121.73124 |     122.42405 |     124.25271 |     124.24757 |     140.08582 |     142.98747 |     142.98747 |      29.92000 |      14.88600 |       0.00000 |       0.00000 |       0.00000 |       0.00000 |       0.00000 |      -1.08367 |      -1.41954 |     239.96570 |      -0.52104 |      -1.38429 |     -36.81703 |     -73.26657 |    1023.40631 |    1020.30139 |       0.00000 |    1016.53278 |     -36.50000 |     -73.00000 |     168.78056 |     299.37915 |      -0.20000 |       0.20000 | 
    122.27984 |     122.80700 |     124.63821 |     124.63435 |     140.71713 |     143.43111 |     143.43111 |      29.92000 |      14.88600 |       0.00000 |       0.00000 |       0.00000 |       0.00000 |       0.00000 |      -1.15112 |      -1.28129 |     239.92017 |      -0.45158 |      -1.98090 |     -36.81732 |     -73.26720 |    1021.67902 |    1018.60406 |       0.00000 |    1014.37524 |     -36.50000 |     -73.00000 |     168.37486 |     297.45441 |      -0.20000 |       0.20000 | 
    122.75240 |     123.22246 |     125.05696 |     125.05388 |     141.26094 |     143.91299 |     143.91299 |      29.92000 |      14.88600 |       0.00000 |       0.00000 |       0.00000 |       0.00000 |       0.00000 |      -1.15313 |      -1.17820 |     240.25380 |      -0.40249 |      -1.47700 |     -36.81761 |     -73.26782 |    1020.09576 |    1017.05969 |       0.00000 |    1012.58392 |     -36.50000 |     -73.00000 |     168.37747 |     295.68832 |      -0.20000 |       0.20000 | 
    123.14669 |     123.54547 |     125.38226 |     125.37985 |     141.71469 |     144.28732 |     144.28732 |      29.92000 |      14.88600 |       0.00000 |       0.00000 |       0.00000 |       0.00000 |       0.00000 |      -1.18356 |      -1.26027 |     240.42368 |      -0.35514 |      -1.62082 |     -36.81789 |     -73.26845 |    1018.72040 |    1015.72131 |       0.00000 |    1010.99890 |     -36.50000 |     -73.00000 |     168.38089 |     294.26611 |      -0.20000 |       0.20000 | 
    123.49134 |     123.84901 |     125.68798 |     125.68610 |     142.11130 |     144.63914 |     144.63914 |      29.92000 |      14.88600 |       0.00000 |       0.00000 |       0.00000 |       0.00000 |       0.00000 |      -1.19763 |      -1.13905 |     240.69958 |      -0.31428 |      -1.46703 |     -36.81818 |     -73.26908 |    1017.47205 |    1014.50812 |       0.00000 |    1009.59930 |     -36.50000 |     -73.00000 |     168.38271 |     292.88568 |      -0.20000 |       0.20000 | 
    123.79333 |     124.11784 |     125.95872 |     125.95712 |     142.45883 |     144.95071 |     144.95073 |      29.92000 |      14.88600 |       0.00000 |       0.00000 |       0.00000 |       0.00000 |       0.00000 |      -1.20788 |      -1.20047 |     240.93474 |      -0.29066 |      -1.49510 |     -36.81847 |     -73.26972 |    1016.34265 |    1013.41199 |       0.00000 |    1008.35211 |     -36.50000 |     -73.00000 |     168.38425 |     291.69913 |      -0.20000 |       0.20000 | 
    124.06345 |     124.36216 |     126.20477 |     126.20348 |     142.76968 |     145.23387 |     145.23387 |      29.92000 |      14.88600 |       0.00000 |       0.00000 |       0.00000 |       0.00000 |       0.00000 |      -1.21928 |      -1.13782 |     241.19598 |      -0.25956 |      -1.44539 |     -36.81874 |     -73.27036 |    1015.31750 |    1012.41785 |       0.00000 |    1007.21814 |     -36.50000 |     -73.00000 |     168.38503 |     290.61514 |      -0.20000 |       0.20000 | 
    124.30984 |     124.58241 |     126.42654 |     126.42548 |     143.05321 |     145.48907 |     145.48906 |      29.92000 |      14.88600 |       0.00000 |       0.00000 |       0.00000 |       0.00000 |       0.00000 |      -1.22834 |      -1.15962 |     241.44620 |      -0.23347 |      -1.44500 |     -36.81903 |     -73.27100 |    1014.39197 |    1011.52148 |       0.00000 |    1006.18927 |     -36.50000 |     -73.00000 |     168.38553 |     289.63809 |      -0.20000 |       0.20000 | 
    124.48383 |     124.53925 |     126.38123 |     126.38035 |     143.25343 |     145.43692 |     145.43692 |      29.92000 |      14.88600 |       0.00000 |       0.00000 |       0.00000 |       0.00000 |       0.00000 |      -1.22860 |      -1.06316 |     241.70642 |      -0.21303 |      -1.42431 |     -36.81931 |     -73.27164 |    1013.56238 |    1010.71918 |       0.00000 |    1005.26294 |     -36.50000 |     -73.00000 |     165.25392 |     270.33752 |      -0.20000 |       0.20000 | 
    124.54993 |     124.73940 |     126.58295 |     126.58230 |     143.32951 |     145.66907 |     145.66907 |      29.92000 |      14.88600 |       0.00000 |       0.00000 |       0.00000 |       0.00000 |       0.00000 |      -1.23387 |      -1.05506 |     241.98788 |      -0.18416 |      -1.34493 |     -36.81958 |     -73.27229 |    1012.81696 |    1009.99860 |       0.00000 |    1004.43500 |     -36.50000 |     -73.00000 |     168.40050 |     289.30841 |      -0.20000 |       0.20000 | 
    124.69935 |     124.91369 |     126.75861 |     126.75808 |     143.50145 |     145.87122 |     145.87120 |      29.92000 |      14.88600 |       0.00000 |       0.00000 |       0.00000 |       0.00000 |       0.00000 |      -1.24786 |      -1.13287 |     242.23311 |      -0.16451 |      -1.37233 |     -36.81985 |     -73.27293 |    1012.17267 |    1009.37720 |       0.00000 |    1003.69440 |     -36.50000 |     -73.00000 |     168.39432 |     288.36282 |      -0.20000 |       0.20000 | 
    124.85974 |     124.94282 |     126.78751 |     126.78606 |     143.68604 |     145.90446 |     145.90443 |      29.92000 |      14.88600 |       0.00000 |       0.00000 |       0.00000 |       0.00000 |       0.00000 |      -1.47012 |      -1.10601 |     242.49826 |       0.27168 |      -1.34989 |     -36.82013 |     -73.27357 |    1011.81769 |    1009.04309 |       0.00000 |    1003.04932 |     -36.50000 |     -73.00000 |     168.31236 |     288.59818 |      -0.20000 |       0.20000 | 
    124.55793 |     123.19836 |     125.02935 |     124.76172 |     143.33871 |     143.88121 |     143.88121 |      29.92000 |      14.88600 |       0.00000 |       0.00000 |       0.00000 |       0.00000 |       0.00000 |      -2.39419 |      -1.13668 |     242.92804 |       3.74952 |      -1.22699 |     -36.82039 |     -73.27422 |    1018.39233 |    1015.63684 |       0.00000 |    1003.83429 |     -36.50000 |     -73.00000 |     168.20325 |     300.01141 |      -0.20000 |       0.20000 | 
    122.73871 |     120.43843 |     122.26305 |     121.62452 |     141.24519 |     140.69781 |     140.69781 |      29.92000 |      14.88600 |       0.00000 |       0.00000 |       0.00000 |       0.00000 |       0.00000 |      -2.50789 |      -1.23700 |     243.30460 |       5.85826 |      -1.21953 |     -36.82065 |     -73.27486 |    1037.69421 |    1034.95544 |       0.00000 |    1012.30756 |     -36.50000 |     -73.00000 |     168.06882 |     312.28119 |      -0.20000 |       0.20000 | 
    120.60293 |     119.40126 |     121.23897 |     121.11037 |     138.78737 |     139.51932 |     139.51932 |      29.92000 |      14.88600 |       0.00000 |       0.00000 |       0.00000 |       0.00000 |       0.00000 |      -2.30191 |      -1.39820 |     243.36554 |       2.63925 |      -1.73580 |     -36.82090 |     -73.27548 |    1053.84424 |    1051.12024 |       0.00000 |    1028.89929 |     -36.50000 |     -73.00000 |     163.96881 |     309.54688 |      -0.20000 |       0.20000 | 
    119.62933 |     119.71739 |     121.56519 |     121.55449 |     137.66698 |     139.89473 |     139.89473 |      29.92000 |      14.88600 |       0.00000 |       0.00000 |       0.00000 |       0.00000 |       0.00000 |      -1.87094 |      -1.34725 |     243.40752 |      -0.75998 |      -2.01794 |     -36.82115 |     -73.27611 |    1056.74500 |    1054.03333 |       0.00000 |    1041.99524 |     -36.50000 |     -73.00000 |     164.07838 |     305.83124 |      -0.20000 |       0.20000 | 
    119.85062 |     120.79930 |     122.65194 |     122.51897 |     137.92163 |     141.14534 |     141.14534 |      29.92000 |      14.88600 |       0.00000 |       0.00000 |       0.00000 |       0.00000 |       0.00000 |      -1.46056 |      -1.33221 |     243.52550 |      -2.66804 |      -1.97380 |     -36.82140 |     -73.27673 |    1050.16797 |    1047.46655 |       0.00000 |    1045.04224 |     -36.50000 |     -73.00000 |     165.72046 |     301.65741 |      -0.20000 |       0.20000 | 
    120.82531 |     122.15517 |     124.00848 |     123.81124 |     139.04329 |     142.70642 |     142.70644 |      29.92000 |      14.88600 |       0.00000 |       0.00000 |       0.00000 |       0.00000 |       0.00000 |      -1.11968 |      -1.24984 |     243.70798 |      -3.23205 |      -1.82407 |     -36.82166 |     -73.27737 |    1039.12939 |    1036.43604 |       0.00000 |    1039.55688 |     -36.50000 |     -73.00000 |     168.25159 |     298.91254 |      -0.20000 |       0.20000 | 
    122.07312 |     123.15022 |     124.99911 |     124.91910 |     140.47925 |     143.84642 |     143.84642 |      29.92000 |      14.88600 |       0.00000 |       0.00000 |       0.00000 |       0.00000 |       0.00000 |      -1.18994 |      -1.20597 |     243.98825 |      -2.05004 |      -1.60778 |     -36.82191 |     -73.27801 |    1028.51355 |    1025.82642 |       0.00000 |    1029.68469 |     -36.50000 |     -73.00000 |     168.21701 |     295.60904 |      -0.20000 |       0.20000 | 
    122.71191 |     122.30256 |     124.13718 |     124.08250 |     141.21434 |     142.85452 |     142.85452 |      29.92000 |      14.88600 |       0.00000 |       0.00000 |       0.00000 |       0.00000 |       0.00000 |      -1.93624 |      -1.18299 |     244.41730 |       1.70051 |      -1.37629 |     -36.82215 |     -73.27865 |    1027.67847 |    1024.99609 |       0.00000 |    1021.16437 |     -36.50000 |     -73.00000 |     168.21968 |     302.22086 |      -0.20000 |       0.20000 | 
    121.87804 |     120.17928 |     122.00369 |     121.58843 |     140.25475 |     140.39934 |     140.39934 |      29.92000 |      14.88600 |       0.00000 |       0.00000 |       0.00000 |       0.00000 |       0.00000 |      -2.41390 |      -1.26886 |     244.82462 |       4.72863 |      -1.27673 |     -36.82240 |     -73.27929 |    1039.76062 |    1037.08130 |       0.00000 |    1021.59351 |     -36.50000 |     -73.00000 |     168.22179 |     313.52545 |      -0.20000 |       0.20000 | 
    119.90760 |     117.61664 |     119.43681 |     118.75724 |     137.98721 |     137.44543 |     137.44545 |      29.92000 |      14.88600 |       0.00000 |       0.00000 |       0.00000 |       0.00000 |       0.00000 |      -2.81504 |      -1.36300 |     245.15488 |       6.11498 |      -1.30431 |     -36.82263 |     -73.27992 |    1059.51221 |    1056.83411 |       0.00000 |    1032.90784 |     -36.50000 |     -73.00000 |     162.80867 |     319.07294 |      -0.20000 |       0.20000 | 
    117.49861 |     115.52570 |     117.34904 |     116.89776 |     135.21500 |     135.04288 |     135.04286 |      29.92000 |      14.88600 |       0.00000 |       0.00000 |       0.00000 |       0.00000 |       0.00000 |      -2.82283 |      -1.47281 |     245.35150 |       5.02640 |      -1.51998 |     -36.82286 |     -73.28053 |    1080.08655 |    1077.40784 |       0.00000 |    1051.12183 |     -36.50000 |     -73.00000 |     160.83347 |     323.76166 |      -0.20000 |       0.20000 | 
    115.78055 |     115.38333 |     117.22072 |     117.21867 |     133.23788 |     134.89520 |     134.89522 |      29.92000 |      14.88600 |       0.00000 |       0.00000 |       0.00000 |       0.00000 |       0.00000 |      -2.44757 |      -1.56724 |     245.33194 |       0.33946 |      -2.19405 |     -36.82309 |     -73.28115 |    1089.51367 |    1086.83252 |       0.00000 |    1069.06372 |     -36.50000 |     -73.00000 |     160.48201 |     320.73737 |      -0.20000 |       0.20000 | 
    115.61536 |     116.62452 |     118.47209 |     118.28651 |     133.04779 |     136.33525 |     136.33527 |      29.92000 |      14.88600 |       0.00000 |       0.00000 |       0.00000 |       0.00000 |       0.00000 |      -1.93946 |      -1.49204 |     245.36304 |      -3.20746 |      -2.33305 |     -36.82331 |     -73.28177 |    1084.00342 |    1081.31738 |       0.00000 |    1076.87463 |     -36.50000 |     -73.00000 |     161.20462 |     314.25006 |      -0.20000 |       0.20000 | 
    116.73756 |     118.59005 |     120.44202 |     119.96206 |     134.33919 |     138.60220 |     138.60220 |      29.92000 |      14.88600 |       0.00000 |       0.00000 |       0.00000 |       0.00000 |       0.00000 |      -1.53464 |      -1.43126 |     245.47459 |      -5.11672 |      -2.18362 |     -36.82354 |     -73.28239 |    1068.90320 |    1066.21008 |       0.00000 |    1072.12024 |     -36.50000 |     -73.00000 |     162.67834 |     306.53021 |      -0.20000 |       0.20000 | 
    118.58257 |     120.74100 |     122.59140 |     122.00820 |     136.46239 |     141.07567 |     141.07567 |      29.92000 |      14.88600 |       0.00000 |       0.00000 |       0.00000 |       0.00000 |       0.00000 |      -1.20463 |      -1.31802 |     245.65396 |      -5.59092 |      -1.95975 |     -36.82377 |     -73.28303 |    1049.41455 |    1046.71240 |       0.00000 |    1058.26819 |     -36.50000 |     -73.00000 |     165.24751 |     299.71365 |      -0.20000 |       0.20000 | 
    120.63866 |     122.66496 |     124.50967 |     124.06217 |     138.82849 |     143.28317 |     143.28319 |      29.92000 |      14.88600 |       0.00000 |       0.00000 |       0.00000 |       0.00000 |       0.00000 |      -0.94446 |      -1.23127 |     245.90308 |      -4.85922 |      -1.71576 |     -36.82401 |     -73.28367 |    1030.18640 |    1027.47302 |       0.00000 |    1040.01172 |     -36.50000 |     -73.00000 |     168.31645 |     296.06406 |      -0.20000 |       0.20000 | 
    122.49482 |     124.02063 |     125.85795 |     125.66698 |     140.96452 |     144.83475 |     144.83473 |      29.92000 |      14.88600 |       0.00000 |       0.00000 |       0.00000 |       0.00000 |       0.00000 |      -0.77196 |      -1.18232 |     246.20270 |      -3.15655 |      -1.51899 |     -36.82424 |     -73.28433 |    1015.18414 |    1012.45752 |       0.00000 |    1021.76892 |     -36.50000 |     -73.00000 |     168.39624 |     290.81461 |      -0.20000 |       0.20000 | 
    123.80672 |     124.67668 |     126.50864 |     126.47569 |     142.47423 |     145.58356 |     145.58356 |      29.92000 |      14.88600 |       0.00000 |       0.00000 |       0.00000 |       0.00000 |       0.00000 |      -0.93359 |      -1.14318 |     246.51895 |      -1.30786 |      -1.38246 |     -36.82447 |     -73.28500 |    1007.06897 |    1004.32721 |       0.00000 |    1007.62329 |     -36.50000 |     -73.00000 |     168.43628 |     288.76395 |      -0.20000 |       0.20000 | 
    124.50080 |     124.85356 |     126.68359 |     126.68327 |     143.27296 |     145.78488 |     145.78488 |      29.92000 |      14.88600 |       0.00000 |       0.00000 |       0.00000 |       0.00000 |       0.00000 |      -1.18363 |      -1.13430 |     246.80708 |      -0.12894 |      -1.33156 |     -36.82470 |     -73.28566 |    1004.63904 |    1001.88007 |       0.00000 |     999.43988 |     -36.50000 |     -73.00000 |     168.44832 |     288.64252 |      -0.20000 |       0.20000 | 
    124.73560 |     124.81008 |     126.64056 |     126.63818 |     143.54317 |     145.73537 |     145.73535 |      29.92000 |      14.88600 |       0.00000 |       0.00000 |       0.00000 |       0.00000 |       0.00000 |      -1.35914 |      -1.13005 |     247.06332 |       0.35134 |      -1.33489 |     -36.82493 |     -73.28633 |    1005.23169 |    1002.45349 |       0.00000 |     996.44794 |     -36.50000 |     -73.00000 |     168.85529 |     289.17688 |      -0.20000 |       0.20000 | 
    124.73512 |     124.71838 |     126.55032 |     126.54704 |     143.54262 |     145.63152 |     145.63153 |      29.92000 |      14.88600 |       0.00000 |       0.00000 |       0.00000 |       0.00000 |       0.00000 |      -1.44234 |      -1.16815 |     247.29539 |       0.41345 |      -1.37225 |     -36.82516 |     -73.28700 |    1006.73926 |    1003.93994 |       0.00000 |     996.47583 |     -36.50000 |     -73.00000 |     168.43781 |     289.64648 |      -0.20000 |       0.20000 | 
    124.66487 |     124.65643 |     126.48996 |     126.48821 |     143.46178 |     145.56206 |     145.56206 |      29.92000 |      14.88600 |       0.00000 |       0.00000 |       0.00000 |       0.00000 |       0.00000 |      -1.46358 |      -1.15362 |     247.51837 |       0.30221 |      -1.40545 |     -36.82538 |     -73.28768 |    1008.09283 |    1005.27014 |       0.00000 |     997.64136 |     -36.50000 |     -73.00000 |     168.42981 |     289.89575 |      -0.20000 |       0.20000 | 
    124.61059 |     124.64384 |     126.47878 |     126.47830 |     143.39931 |     145.54918 |     145.54918 |      29.92000 |      14.88600 |       0.00000 |       0.00000 |       0.00000 |       0.00000 |       0.00000 |      -1.46100 |      -1.16391 |     247.74152 |       0.15573 |      -1.42809 |     -36.82560 |     -73.28836 |    1008.94214 |    1006.09399 |       0.00000 |     998.85736 |     -36.50000 |     -73.00000 |     168.42427 |     289.85199 |      -0.20000 |       0.20000 | 
    124.59688 |     124.67109 |     126.50709 |     126.50703 |     143.38353 |     145.58177 |     145.58176 |      29.92000 |      14.88600 |       0.00000 |       0.00000 |       0.00000 |       0.00000 |       0.00000 |      -1.44533 |      -1.15759 |     247.96619 |       0.04546 |      -1.43903 |     -36.82582 |     -73.28903 |    1009.30078 |    1006.42499 |       0.00000 |     999.67206 |     -36.50000 |     -73.00000 |     168.42101 |     289.64420 |      -0.20000 |       0.20000 | 
    124.60266 |     124.55681 |     126.39120 |     126.39119 |     143.39018 |     145.44841 |     145.44841 |      29.92000 |      14.88600 |       0.00000 |       0.00000 |       0.00000 |       0.00000 |       0.00000 |      -1.44036 |      -1.13000 |     248.19537 |      -0.02844 |      -1.44537 |     -36.82604 |     -73.28971 |    1009.34448 |    1006.43921 |       0.00000 |    1000.06134 |     -36.50000 |     -73.00000 |     119.98813 |     240.39635 |      -0.20000 |       0.20000 | 
    124.46935 |     124.43376 |     126.26595 |     126.26583 |     143.23677 |     145.30426 |     145.30428 |      29.92000 |      14.88600 |       0.00000 |       0.00000 |       0.00000 |       0.00000 |       0.00000 |      -1.42143 |      -0.98009 |     248.46263 |      -0.08271 |      -1.37074 |     -36.82626 |     -73.29039 |    1009.12939 |    1006.19238 |       0.00000 |    1000.11987 |     -36.50000 |     -73.00000 |     168.45944 |     288.95645 |      -0.20000 |       0.20000 | 
    124.43042 |     124.53735 |     126.37051 |     126.37041 |     143.19197 |     145.42461 |     145.42462 |      29.92000 |      14.88600 |       0.00000 |       0.00000 |       0.00000 |       0.00000 |       0.00000 |      -1.41346 |      -1.15882 |     248.71597 |      -0.07595 |      -1.35573 |     -36.82647 |     -73.29106 |    1008.83014 |    1005.85986 |       0.00000 |     999.94458 |     -36.50000 |     -73.00000 |     168.43333 |     290.67920 |      -0.20000 |       0.20000 | 
    124.48979 |     124.62444 |     126.45833 |     126.45822 |     143.26030 |     145.52565 |     145.52565 |      29.92000 |      14.88600 |       0.00000 |       0.00000 |       0.00000 |       0.00000 |       0.00000 |      -1.41088 |      -1.13035 |     248.95026 |      -0.07503 |      -1.38717 |     -36.82668 |     -73.29175 |    1008.53174 |    1005.52545 |       0.00000 |     999.67273 |     -36.50000 |     -73.00000 |     168.42963 |     289.95554 |      -0.20000 |       0.20000 | 
    124.56789 |     124.69552 |     126.53003 |     126.52999 |     143.35017 |     145.60817 |     145.60817 |      29.92000 |      14.88600 |       0.00000 |       0.00000 |       0.00000 |       0.00000 |       0.00000 |      -1.40979 |      -1.16238 |     249.18478 |      -0.04305 |      -1.39742 |     -36.82689 |     -73.29242 |    1008.30078 |    1005.25696 |       0.00000 |     999.39191 |     -36.50000 |     -73.00000 |     168.42815 |     289.53986 |      -0.20000 |       0.20000 | 
    124.63770 |     124.75291 |     126.58804 |     126.58804 |     143.43050 |     145.67491 |     145.67493 |      29.92000 |      14.88600 |       0.00000 |       0.00000 |       0.00000 |       0.00000 |       0.00000 |      -1.42277 |      -1.15073 |     249.41586 |      -0.02438 |      -1.41313 |     -36.82710 |     -73.29311 |    1008.18018 |    1005.09613 |       0.00000 |     999.17511 |     -36.50000 |     -73.00000 |     168.42723 |     289.21841 |      -0.20000 |       0.20000 | 
    124.69565 |     124.80387 |     126.63962 |     126.63959 |     143.49719 |     145.73427 |     145.73425 |      29.92000 |      14.88600 |       0.00000 |       0.00000 |       0.00000 |       0.00000 |       0.00000 |      -1.42816 |      -1.15613 |     249.64520 |      -0.02293 |      -1.42026 |     -36.82730 |     -73.29379 |    1008.10321 |    1004.97711 |       0.00000 |     999.04187 |     -36.50000 |     -73.00000 |     168.42584 |     289.01947 |      -0.20000 |       0.20000 | 
    124.74747 |     124.85172 |     126.68802 |     126.68800 |     143.55684 |     145.78998 |     145.78998 |      29.92000 |      14.88600 |       0.00000 |       0.00000 |       0.00000 |       0.00000 |       0.00000 |      -1.43544 |      -1.15140 |     249.87256 |      -0.02403 |      -1.42676 |     -36.82750 |     -73.29448 |    1008.02222 |    1004.85223 |       0.00000 |     998.95581 |     -36.50000 |     -73.00000 |     168.42499 |     288.79132 |      -0.20000 |       0.20000 | 
    124.79634 |     124.90016 |     126.73695 |     126.73692 |     143.61307 |     145.84628 |     145.84628 |      29.92000 |      14.88600 |       0.00000 |       0.00000 |       0.00000 |       0.00000 |       0.00000 |      -1.42791 |      -1.15125 |     250.10114 |      -0.03173 |      -1.42959 |     -36.82770 |     -73.29517 |    1007.90283 |    1004.68677 |       0.00000 |     998.86389 |     -36.50000 |     -73.00000 |     168.42560 |     288.38132 |      -0.20000 |       0.20000 | 
    124.84441 |     124.94437 |     126.78160 |     126.78160 |     143.66838 |     145.89766 |     145.89769 |      29.92000 |      14.88600 |       0.00000 |       0.00000 |       0.00000 |       0.00000 |       0.00000 |      -1.42849 |      -1.14867 |     250.33298 |      -0.02470 |      -1.43065 |     -36.82790 |     -73.29585 |    1007.78998 |    1004.52527 |       0.00000 |     998.75232 |     -36.50000 |     -73.00000 |     168.42381 |     288.35553 |      -0.20000 |       0.20000 | 
    124.88783 |     124.98328 |     126.82092 |     126.82092 |     143.71835 |     145.94292 |     145.94293 |      29.92000 |      14.88600 |       0.00000 |       0.00000 |       0.00000 |       0.00000 |       0.00000 |      -1.42501 |      -1.14765 |     250.56499 |      -0.01613 |      -1.43055 |     -36.82810 |     -73.29655 |    1007.70203 |    1004.38666 |       0.00000 |     998.64215 |     -36.50000 |     -73.00000 |     168.42361 |     288.12070 |      -0.20000 |       0.20000 | 
    124.92648 |     125.01601 |     126.85405 |     126.85405 |     143.76283 |     145.98103 |     145.98103 |      29.92000 |      14.88600 |       0.00000 |       0.00000 |       0.00000 |       0.00000 |       0.00000 |      -1.43611 |      -1.14604 |     250.79626 |      -0.01079 |      -1.43067 |     -36.82829 |     -73.29724 |    1007.65790 |    1004.29004 |       0.00000 |     998.56293 |     -36.50000 |     -73.00000 |     168.42253 |     288.03311 |      -0.20000 |       0.20000 | 
    124.95964 |     125.04396 |     126.88235 |     126.88235 |     143.80099 |     146.01361 |     146.01361 |      29.92000 |      14.88600 |       0.00000 |       0.00000 |       0.00000 |       0.00000 |       0.00000 |      -1.43958 |      -1.14430 |     251.02914 |      -0.00105 |      -1.43010 |     -36.82848 |     -73.29793 |    1007.63727 |    1004.21478 |       0.00000 |     998.51508 |     -36.50000 |     -73.00000 |     168.42207 |     287.87598 |      -0.20000 |       0.20000 | 
    124.98837 |     125.07198 |     126.91076 |     126.91077 |     143.83405 |     146.04630 |     146.04631 |      29.92000 |      14.88600 |       0.00000 |       0.00000 |       0.00000 |       0.00000 |       0.00000 |      -1.44718 |      -1.14336 |     251.26175 |      -0.01192 |      -1.43086 |     -36.82867 |     -73.29863 |    1007.61487 |    1004.13544 |       0.00000 |     998.48846 |     -36.50000 |     -73.00000 |     168.42096 |     287.79385 |      -0.20000 |       0.20000 | 
    125.01666 |     125.10165 |     126.94071 |     126.94070 |     143.86661 |     146.08078 |     146.08078 |      29.92000 |      14.88600 |       0.00000 |       0.00000 |       0.00000 |       0.00000 |       0.00000 |      -1.43540 |      -1.14229 |     251.49414 |      -0.01585 |      -1.43065 |     -36.82886 |     -73.29932 |    1007.53998 |    1004.00177 |       0.00000 |     998.44794 |     -36.50000 |     -73.00000 |     168.42073 |     287.62976 |      -0.20000 |       0.20000 | 
    125.04504 |     125.12501 |     126.96436 |     126.96436 |     143.89928 |     146.10797 |     146.10797 |      29.92000 |      14.88600 |       0.00000 |       0.00000 |       0.00000 |       0.00000 |       0.00000 |      -1.43984 |      -1.14104 |     251.72772 |      -0.00311 |      -1.42908 |     -36.82905 |     -73.30002 |    1007.50671 |    1003.91187 |       0.00000 |     998.39392 |     -36.50000 |     -73.00000 |     168.42017 |     287.52258 |      -0.20000 |       0.20000 | 
    125.06886 |     125.14872 |     126.98837 |     126.98835 |     143.92668 |     146.13560 |     146.13560 |      29.92000 |      14.88600 |       0.00000 |       0.00000 |       0.00000 |       0.00000 |       0.00000 |      -1.48943 |      -1.14043 |     251.95877 |      -0.02911 |      -1.43101 |     -36.82923 |     -73.30071 |    1007.48474 |    1003.92157 |       0.00000 |     998.35950 |     -36.50000 |     -73.00000 |     168.41957 |     287.45178 |      -0.20000 |       0.20000 | 
    125.09865 |     125.20150 |     127.04130 |     127.04100 |     143.96095 |     146.19652 |     146.19650 |      29.92000 |      14.88600 |       0.00000 |       0.00000 |       0.00000 |       0.00000 |       0.00000 |      -1.45380 |      -1.13827 |     252.18633 |      -0.12092 |      -1.43638 |     -36.82941 |     -73.30141 |    1007.14484 |    1003.61151 |       0.00000 |     998.26556 |     -36.50000 |     -73.00000 |     168.42120 |     287.06100 |      -0.20000 |       0.20000 | 
    125.14862 |     125.26990 |     127.10960 |     127.10892 |     144.01846 |     146.27513 |     146.27512 |      29.92000 |      14.88600 |       0.00000 |       0.00000 |       0.00000 |       0.00000 |       0.00000 |      -1.44932 |      -1.13578 |     252.41592 |      -0.18566 |      -1.43703 |     -36.82959 |     -73.30211 |    1006.56262 |    1003.05725 |       0.00000 |     997.93585 |     -36.50000 |     -73.00000 |     168.42258 |     286.81122 |      -0.20000 |       0.20000 | 
    125.21561 |     125.36428 |     127.20377 |     127.20148 |     144.09557 |     146.38350 |     146.38350 |      29.92000 |      14.88600 |       0.00000 |       0.00000 |       0.00000 |       0.00000 |       0.00000 |      -1.55364 |      -1.13280 |     252.64041 |      -0.34441 |      -1.44252 |     -36.82977 |     -73.30280 |    1005.69952 |    1002.22009 |       0.00000 |     997.36121 |     -36.50000 |     -73.00000 |     168.42648 |     286.35977 |      -0.20000 |       0.20000 | 
    125.32230 |     125.51896 |     127.35752 |     127.35389 |     144.21832 |     146.56042 |     146.56042 |      29.92000 |      14.88600 |       0.00000 |       0.00000 |       0.00000 |       0.00000 |       0.00000 |      -1.33526 |      -1.12373 |     252.86728 |      -0.43298 |      -1.44334 |     -36.82994 |     -73.30350 |    1003.98633 |    1000.53101 |       0.00000 |     996.33832 |     -36.50000 |     -73.00000 |     168.43350 |     285.49060 |      -0.20000 |       0.20000 | 
    125.44364 |     125.51530 |     127.35284 |     127.35193 |     144.35797 |     146.55504 |     146.55502 |      29.92000 |      14.88600 |       0.00000 |       0.00000 |       0.00000 |       0.00000 |       0.00000 |      -1.23260 |      -1.08489 |     253.14076 |       0.21363 |      -1.37966 |     -36.83011 |     -73.30421 |    1003.47797 |    1000.04480 |       0.00000 |     994.98505 |     -36.50000 |     -73.00000 |     168.43550 |     285.76498 |      -0.20000 |       0.20000 | 
    125.42152 |     125.28658 |     127.12470 |     127.10920 |     144.33250 |     146.29250 |     146.29250 |      29.92000 |      14.88600 |       0.00000 |       0.00000 |       0.00000 |       0.00000 |       0.00000 |      -1.25081 |      -1.10970 |     253.41498 |       0.89451 |      -1.34742 |     -36.83028 |     -73.30491 |    1005.57794 |    1002.16492 |       0.00000 |     994.88849 |     -36.50000 |     -73.00000 |     168.42682 |     287.11005 |      -0.20000 |       0.20000 | 
    125.19829 |     124.88072 |     126.72114 |     126.68056 |     144.07562 |     145.82808 |     145.82808 |      29.92000 |      14.88600 |       0.00000 |       0.00000 |       0.00000 |       0.00000 |       0.00000 |      -1.28173 |      -1.11034 |     253.68741 |       1.44992 |      -1.33310 |     -36.83044 |     -73.30562 |    1010.02069 |    1006.62610 |       0.00000 |     997.02930 |     -36.50000 |     -73.00000 |     168.40652 |     289.17950 |      -0.20000 |       0.20000 | 
    124.80741 |     124.36330 |     126.20749 |     126.14208 |     143.62581 |     145.23698 |     145.23698 |      29.92000 |      14.88600 |       0.00000 |       0.00000 |       0.00000 |       0.00000 |       0.00000 |      -1.30587 |      -1.13488 |     253.95099 |       1.84473 |      -1.33790 |     -36.83061 |     -73.30631 |    1016.17090 |    1012.79272 |       0.00000 |    1001.33215 |     -36.50000 |     -73.00000 |     168.37592 |     291.68478 |      -0.20000 |       0.20000 | 
    124.29801 |     123.77758 |     125.62675 |     125.54162 |     143.03960 |     144.56868 |     144.56868 |      29.92000 |      14.88600 |       0.00000 |       0.00000 |       0.00000 |       0.00000 |       0.00000 |      -1.32215 |      -1.15253 |     254.21089 |       2.10943 |      -1.35105 |     -36.83077 |     -73.30701 |    1023.57489 |    1020.21124 |       0.00000 |    1007.40332 |     -36.50000 |     -73.00000 |     168.33701 |     294.27777 |      -0.20000 |       0.20000 | 
    123.72613 |     123.17447 |     125.02946 |     124.93253 |     142.38148 |     143.88135 |     143.88135 |      29.92000 |      14.88600 |       0.00000 |       0.00000 |       0.00000 |       0.00000 |       0.00000 |      -1.34888 |      -1.18013 |     254.46326 |       2.25619 |      -1.37083 |     -36.83092 |     -73.30772 |    1031.65796 |    1028.30676 |       0.00000 |    1014.64551 |     -36.50000 |     -73.00000 |     168.29083 |     297.00372 |      -0.20000 |       0.20000 | 
    123.13618 |     122.67045 |     124.53212 |     124.47017 |     141.70259 |     143.30901 |     143.30901 |      29.92000 |      14.88600 |       0.00000 |       0.00000 |       0.00000 |       0.00000 |       0.00000 |      -1.66094 |      -1.24587 |     254.67911 |       1.80722 |      -1.44296 |     -36.83108 |     -73.30841 |    1039.44385 |    1036.10327 |       0.00000 |    1022.56763 |     -36.50000 |     -73.00000 |     168.24348 |     299.27808 |      -0.20000 |       0.20000 | 
    122.68116 |     122.60294 |     124.47070 |     124.47025 |     141.17896 |     143.23834 |     143.23836 |      29.92000 |      14.88600 |       0.00000 |       0.00000 |       0.00000 |       0.00000 |       0.00000 |      -1.91418 |      -1.24876 |     254.82327 |       0.15800 |      -1.60194 |     -36.83123 |     -73.30910 |    1043.32507 |    1039.99316 |       0.00000 |    1029.64783 |     -36.50000 |     -73.00000 |     168.21825 |     298.83780 |      -0.20000 |       0.20000 | 
    122.65250 |     123.11673 |     124.98735 |     124.94004 |     141.14598 |     143.83289 |     143.83290 |      29.92000 |      14.88600 |       0.00000 |       0.00000 |       0.00000 |       0.00000 |       0.00000 |      -1.85321 |      -1.23626 |     254.95889 |      -1.57685 |      -1.69720 |     -36.83138 |     -73.30980 |    1040.61646 |    1037.29089 |       0.00000 |    1032.71033 |     -36.50000 |     -73.00000 |     168.22995 |     295.74228 |      -0.20000 |       0.20000 | 
    123.14812 |     124.08876 |     125.95825 |     125.78477 |     141.71632 |     144.95016 |     144.95018 |      29.92000 |      14.88600 |       0.00000 |       0.00000 |       0.00000 |       0.00000 |       0.00000 |      -1.79079 |      -1.21272 |     255.10339 |      -3.00743 |      -1.72833 |     -36.83153 |     -73.31050 |    1032.02429 |    1028.70288 |       0.00000 |    1029.95947 |     -36.50000 |     -73.00000 |     168.27380 |     290.59744 |      -0.20000 |       0.20000 | 
    124.09384 |     125.39288 |     127.25687 |     126.92686 |     142.80464 |     146.44460 |     146.44460 |      29.92000 |      14.88600 |       0.00000 |       0.00000 |       0.00000 |       0.00000 |       0.00000 |      -1.75158 |      -1.16363 |     255.26184 |      -4.12717 |      -1.71078 |     -36.83168 |     -73.31121 |    1018.57037 |    1015.25122 |       0.00000 |    1021.53943 |     -36.50000 |     -73.00000 |     168.33612 |     284.37900 |      -0.20000 |       0.20000 | 
    125.36472 |     126.87146 |     128.72528 |     128.28906 |     144.26715 |     148.13441 |     148.13440 |      29.92000 |      14.88600 |       0.00000 |       0.00000 |       0.00000 |       0.00000 |       0.00000 |      -1.52955 |      -1.10625 |     255.44496 |      -4.71822 |      -1.64701 |     -36.83183 |     -73.31193 |    1001.56891 |     998.24994 |       0.00000 |    1008.36554 |     -36.50000 |     -73.00000 |     168.40683 |     277.31491 |      -0.20000 |       0.20000 | 
    126.78382 |     128.20357 |     130.04390 |     129.69478 |     145.90022 |     149.65184 |     149.65184 |      29.92000 |      14.88600 |       0.00000 |       0.00000 |       0.00000 |       0.00000 |       0.00000 |      -1.24799 |      -1.02525 |     255.68756 |      -4.19927 |      -1.51512 |     -36.83198 |     -73.31264 |     984.30182 |     980.98083 |       0.00000 |     992.10614 |     -36.50000 |     -73.00000 |     168.47044 |     271.30219 |      -0.20000 |       0.20000 | 
    128.06259 |     129.09006 |     130.91692 |     130.76869 |     147.37180 |     150.65649 |     150.65649 |      29.92000 |      14.88600 |       0.00000 |       0.00000 |       0.00000 |       0.00000 |       0.00000 |      -1.09932 |      -0.97470 |     255.99489 |      -2.72666 |      -1.35273 |     -36.83213 |     -73.31338 |     970.77026 |     967.44537 |       0.00000 |     975.74500 |     -36.50000 |     -73.00000 |     168.51814 |     267.90265 |      -0.20000 |       0.20000 | 
    128.91301 |     129.37605 |     131.19283 |     131.17267 |     148.35045 |     150.97401 |     150.97401 |      29.92000 |      14.88600 |       0.00000 |       0.00000 |       0.00000 |       0.00000 |       0.00000 |      -1.09128 |      -0.95685 |     256.31854 |      -1.00418 |      -1.24485 |     -36.83227 |     -73.31411 |     963.49121 |     960.16058 |       0.00000 |     962.97284 |     -36.50000 |     -73.00000 |     168.55313 |     267.31735 |      -0.20000 |       0.20000 | 
    129.20808 |     129.17288 |     130.98453 |     130.98328 |     148.69002 |     150.73430 |     150.73431 |      29.92000 |      14.88600 |       0.00000 |       0.00000 |       0.00000 |       0.00000 |       0.00000 |      -1.35220 |      -0.95978 |     256.62497 |       0.25202 |      -1.19692 |     -36.83241 |     -73.31484 |     962.32251 |     958.98438 |       0.00000 |     955.90778 |     -36.50000 |     -73.00000 |     168.57028 |     269.22800 |      -0.20000 |       0.20000 | 
    129.05801 |     128.75778 |     130.56772 |     130.55643 |     148.51732 |     150.25465 |     150.25465 |      29.92000 |      14.88600 |       0.00000 |       0.00000 |       0.00000 |       0.00000 |       0.00000 |      -1.52056 |      -1.00310 |     256.89389 |       0.75322 |      -1.21720 |     -36.83255 |     -73.31558 |     964.45575 |     961.10809 |       0.00000 |     954.19629 |     -36.50000 |     -73.00000 |     168.57959 |     271.49393 |      -0.20000 |       0.20000 | 
    128.67685 |     128.28737 |     130.09648 |     130.08466 |     148.07867 |     149.71236 |     149.71236 |      29.92000 |      14.88600 |       0.00000 |       0.00000 |       0.00000 |       0.00000 |       0.00000 |      -1.55085 |      -1.00800 |     257.13330 |       0.77229 |      -1.27426 |     -36.83269 |     -73.31631 |     967.46674 |     964.10736 |       0.00000 |     955.71759 |     -36.50000 |     -73.00000 |     168.58420 |     273.71054 |      -0.20000 |       0.20000 | 
    128.23109 |     127.81573 |     129.62447 |     129.60608 |     147.56572 |     149.16917 |     149.16917 |      29.92000 |      14.88600 |       0.00000 |       0.00000 |       0.00000 |       0.00000 |       0.00000 |      -1.47588 |      -1.02649 |     257.38437 |       0.96478 |      -1.29726 |     -36.83282 |     -73.31705 |     970.73859 |     967.36566 |       0.00000 |     958.43079 |     -36.50000 |     -73.00000 |     168.58217 |     276.04102 |      -0.20000 |       0.20000 | 
    127.75449 |     127.30656 |     129.11589 |     129.09052 |     147.01724 |     148.58391 |     148.58391 |      29.92000 |      14.88600 |       0.00000 |       0.00000 |       0.00000 |       0.00000 |       0.00000 |      -1.50100 |      -1.04552 |     257.63672 |       1.13591 |      -1.31791 |     -36.83295 |     -73.31779 |     974.82507 |     971.43658 |       0.00000 |     961.81531 |     -36.50000 |     -73.00000 |     168.98091 |     278.53250 |      -0.20000 |       0.20000 | 
    127.23956 |     126.80512 |     128.61584 |     128.59090 |     146.42467 |     148.00848 |     148.00847 |      29.92000 |      14.88600 |       0.00000 |       0.00000 |       0.00000 |       0.00000 |       0.00000 |      -1.53418 |      -1.06547 |     257.88516 |       1.12819 |      -1.34659 |     -36.83308 |     -73.31853 |     979.32056 |     975.91400 |       0.00000 |     965.92938 |     -36.50000 |     -73.00000 |     168.56511 |     280.78882 |      -0.20000 |       0.20000 | 
    126.75269 |     126.37433 |     128.18677 |     128.16743 |     145.86440 |     147.51469 |     147.51469 |      29.92000 |      14.88600 |       0.00000 |       0.00000 |       0.00000 |       0.00000 |       0.00000 |      -1.53799 |      -1.08427 |     258.12512 |       0.99479 |      -1.37553 |     -36.83321 |     -73.31928 |     983.45959 |     980.03296 |       0.00000 |     970.25220 |     -36.50000 |     -73.00000 |     168.55254 |     282.67990 |      -0.20000 |       0.20000 | 
    126.34071 |     126.03416 |     127.84817 |     127.83445 |     145.39029 |     147.12505 |     147.12503 |      29.92000 |      14.88600 |       0.00000 |       0.00000 |       0.00000 |       0.00000 |       0.00000 |      -1.52587 |      -1.09801 |     258.35538 |       0.83884 |      -1.39707 |     -36.83332 |     -73.32000 |     986.89014 |     983.44336 |       0.00000 |     974.16803 |     -36.50000 |     -73.00000 |     168.54071 |     284.12915 |      -0.20000 |       0.20000 | 
    125.99562 |     125.76054 |     127.57600 |     127.56659 |     144.99318 |     146.81184 |     146.81184 |      29.92000 |      14.88600 |       0.00000 |       0.00000 |       0.00000 |       0.00000 |       0.00000 |      -1.50582 |      -1.10996 |     258.58777 |       0.69611 |      -1.41164 |     -36.83344 |     -73.32072 |     989.77490 |     986.32983 |       0.00000 |     977.61011 |     -36.50000 |     -73.00000 |     168.52959 |     285.28915 |      -0.20000 |       0.20000 | 
    125.72012 |     125.54809 |     127.36492 |     127.35862 |     144.67613 |     146.56894 |     146.56895 |      29.92000 |      14.88600 |       0.00000 |       0.00000 |       0.00000 |       0.00000 |       0.00000 |      -1.49056 |      -1.11970 |     258.81992 |       0.57089 |      -1.42166 |     -36.83356 |     -73.32145 |     992.14667 |     988.70087 |       0.00000 |     980.50403 |     -36.50000 |     -73.00000 |     168.51950 |     286.18518 |      -0.20000 |       0.20000 | 
    125.50585 |     125.38567 |     127.20373 |     127.19955 |     144.42957 |     146.38345 |     146.38345 |      29.92000 |      14.88600 |       0.00000 |       0.00000 |       0.00000 |       0.00000 |       0.00000 |      -1.47513 |      -1.12739 |     259.05066 |       0.46477 |      -1.42803 |     -36.83367 |     -73.32217 |     994.06641 |     990.61719 |       0.00000 |     982.87451 |     -36.50000 |     -73.00000 |     168.51102 |     286.84592 |      -0.20000 |       0.20000 | 
    125.33932 |     125.25787 |     127.07711 |     127.07407 |     144.23793 |     146.23773 |     146.23773 |      29.92000 |      14.88600 |       0.00000 |       0.00000 |       0.00000 |       0.00000 |       0.00000 |      -1.46756 |      -1.13310 |     259.28494 |       0.39670 |      -1.43072 |     -36.83378 |     -73.32289 |     995.68402 |     992.22913 |       0.00000 |     984.83972 |     -36.50000 |     -73.00000 |     168.50331 |     287.37540 |      -0.20000 |       0.20000 | 
    125.20977 |     125.15581 |     126.97613 |     126.97377 |     144.08884 |     146.12152 |     146.12152 |      29.92000 |      14.88600 |       0.00000 |       0.00000 |       0.00000 |       0.00000 |       0.00000 |      -1.45013 |      -1.13752 |     259.51868 |       0.34885 |      -1.43194 |     -36.83389 |     -73.32362 |     997.06421 |     993.60101 |       0.00000 |     986.47247 |     -36.50000 |     -73.00000 |     168.07373 |     287.61780 |      -0.20000 |       0.20000 | 
    125.10575 |     125.07258 |     126.89401 |     126.89207 |     143.96913 |     146.02702 |     146.02702 |      29.92000 |      14.88600 |       0.00000 |       0.00000 |       0.00000 |       0.00000 |       0.00000 |      -1.45063 |      -1.14109 |     259.75262 |       0.31699 |      -1.43224 |     -36.83400 |     -73.32434 |     998.30310 |     994.82922 |       0.00000 |     987.87744 |     -36.50000 |     -73.00000 |     168.48973 |     288.16965 |      -0.20000 |       0.20000 | 
    125.02162 |     125.00694 |     126.82944 |     126.82796 |     143.87231 |     145.95273 |     145.95271 |      29.92000 |      14.88600 |       0.00000 |       0.00000 |       0.00000 |       0.00000 |       0.00000 |      -1.44412 |      -1.14484 |     259.98438 |       0.27618 |      -1.43393 |     -36.83410 |     -73.32506 |     999.39722 |     995.91022 |       0.00000 |     989.11560 |     -36.50000 |     -73.00000 |     168.48393 |     288.39700 |      -0.20000 |       0.20000 | 
    124.95593 |     124.95625 |     126.77979 |     126.77866 |     143.79672 |     145.89558 |     145.89558 |      29.92000 |      14.88600 |       0.00000 |       0.00000 |       0.00000 |       0.00000 |       0.00000 |      -1.44276 |      -1.14683 |     260.21570 |       0.24153 |      -1.43509 |     -36.83420 |     -73.32578 |    1000.35864 |     996.85608 |       0.00000 |     990.21259 |     -36.50000 |     -73.00000 |     168.47929 |     288.48746 |      -0.20000 |       0.20000 | 
    124.90437 |     124.91859 |     126.74317 |     126.74227 |     143.73740 |     145.85345 |     145.85345 |      29.92000 |      14.88600 |       0.00000 |       0.00000 |       0.00000 |       0.00000 |       0.00000 |      -1.44014 |      -1.14842 |     260.44879 |       0.21618 |      -1.43562 |     -36.83430 |     -73.32650 |    1001.20844 |     997.68781 |       0.00000 |     991.18170 |     -36.50000 |     -73.00000 |     168.47400 |     288.65631 |      -0.20000 |       0.20000 | 
    124.86568 |     124.89100 |     126.71657 |     126.71592 |     143.69287 |     145.82283 |     145.82285 |      29.92000 |      14.88600 |       0.00000 |       0.00000 |       0.00000 |       0.00000 |       0.00000 |      -1.43790 |      -1.14999 |     260.68170 |       0.18664 |      -1.43645 |     -36.83440 |     -73.32723 |    1001.96033 |     998.41913 |       0.00000 |     992.04028 |     -36.50000 |     -73.00000 |     168.04445 |     288.78824 |      -0.20000 |       0.20000 | 
    124.83575 |     124.82534 |     126.65115 |     126.65063 |     143.65843 |     145.74754 |     145.74754 |      29.92000 |      14.88600 |       0.00000 |       0.00000 |       0.00000 |       0.00000 |       0.00000 |      -1.43269 |      -1.14544 |     260.91360 |       0.16371 |      -1.43797 |     -36.83449 |     -73.32795 |    1002.60626 |     999.04218 |       0.00000 |     992.78381 |     -36.50000 |     -73.00000 |     142.82611 |     266.72012 |      -0.20000 |       0.20000 | 
    124.71889 |     124.51189 |     126.33415 |     126.33384 |     143.52394 |     145.38275 |     145.38275 |      29.92000 |      14.88600 |       0.00000 |       0.00000 |       0.00000 |       0.00000 |       0.00000 |      -1.42544 |      -1.03316 |     261.16257 |       0.12853 |      -1.41412 |     -36.83458 |     -73.32867 |    1003.15863 |     999.56921 |       0.00000 |     993.43488 |     -36.50000 |     -73.00000 |     127.70866 |     240.25197 |      -0.20000 |       0.20000 | 
    124.44614 |     124.13152 |     125.94897 |     125.94884 |     143.21007 |     144.93948 |     144.93948 |      29.92000 |      14.88600 |       0.00000 |       0.00000 |       0.00000 |       0.00000 |       0.00000 |      -1.41326 |      -0.93209 |     261.44934 |       0.07861 |      -1.32384 |     -36.83467 |     -73.32938 |    1003.55475 |     999.93781 |       0.00000 |     993.97540 |     -36.50000 |     -73.00000 |     109.28809 |     222.92227 |      -0.20000 |       0.20000 | 
    124.04953 |     123.57899 |     125.38873 |     125.38869 |     142.75365 |     144.29478 |     144.29478 |      29.92000 |      14.88600 |       0.00000 |       0.00000 |       0.00000 |       0.00000 |       0.00000 |      -1.38195 |      -0.82765 |     261.76270 |       0.04439 |      -1.23348 |     -36.83475 |     -73.33010 |    1003.77441 |    1000.12750 |       0.00000 |     994.35919 |     -36.50000 |     -73.00000 |     101.18111 |     204.50465 |      -0.20000 |       0.20000 | 
    123.52284 |     122.95831 |     124.75912 |     124.75912 |     142.14755 |     143.57024 |     143.57024 |      29.92000 |      14.88600 |       0.00000 |       0.00000 |       0.00000 |       0.00000 |       0.00000 |      -1.34594 |      -0.74387 |     262.10590 |       0.01160 |      -1.12129 |     -36.83484 |     -73.33082 |    1003.87140 |    1000.19208 |       0.00000 |     994.59332 |     -36.50000 |     -73.00000 |      93.38830 |     194.60439 |      -0.20000 |       0.20000 | 
    122.91572 |     122.29053 |     124.08162 |     124.08163 |     141.44888 |     142.79059 |     142.79060 |      29.92000 |      14.88600 |       0.00000 |       0.00000 |       0.00000 |       0.00000 |       0.00000 |      -1.31379 |      -0.68794 |     262.45984 |       0.00380 |      -1.03357 |     -36.83491 |     -73.33153 |    1003.89386 |    1000.17999 |       0.00000 |     994.69568 |     -36.50000 |     -73.00000 |      90.51842 |     188.40791 |      -0.20000 |       0.20000 | 
    122.26261 |     121.63345 |     123.41492 |     123.41492 |     140.69731 |     142.02336 |     142.02336 |      29.92000 |      14.88600 |       0.00000 |       0.00000 |       0.00000 |       0.00000 |       0.00000 |      -1.27896 |      -0.64702 |     262.82864 |       0.00055 |      -0.94497 |     -36.83498 |     -73.33224 |    1003.89276 |    1000.14185 |       0.00000 |     994.73566 |     -36.50000 |     -73.00000 |      90.44624 |     191.08594 |      -0.20000 |       0.20000 | 
    121.60972 |     120.95406 |     122.72557 |     122.72557 |     139.94597 |     141.23007 |     141.23007 |      29.92000 |      14.88600 |       0.00000 |       0.00000 |       0.00000 |       0.00000 |       0.00000 |      -1.24902 |      -0.65635 |     263.19101 |      -0.00061 |      -0.89779 |     -36.83505 |     -73.33294 |    1003.88934 |    1000.09937 |       0.00000 |     994.73999 |     -36.50000 |     -73.00000 |      81.70149 |     177.59938 |      -0.20000 |       0.20000 | 
    120.91425 |     120.19054 |     121.95083 |     121.95081 |     139.14565 |     140.33852 |     140.33850 |      29.92000 |      14.88600 |       0.00000 |       0.00000 |       0.00000 |       0.00000 |       0.00000 |      -1.21377 |      -0.59200 |     263.56009 |      -0.01095 |      -0.84798 |     -36.83512 |     -73.33364 |    1003.87048 |    1000.08319 |       0.00000 |     994.73999 |     -36.50000 |     -73.00000 |      75.73376 |     167.70351 |      -0.20000 |       0.20000 | 
    120.15885 |     119.39785 |     121.14642 |     121.14641 |     138.27634 |     139.41281 |     139.41281 |      29.92000 |      14.88600 |       0.00000 |       0.00000 |       0.00000 |       0.00000 |       0.00000 |      -1.17165 |      -0.56188 |     263.93741 |      -0.02236 |      -0.79412 |     -36.83518 |     -73.33434 |    1003.80371 |    1000.06775 |       0.00000 |     994.71191 |     -36.50000 |     -73.00000 |      74.82579 |     164.86700 |      -0.20000 |       0.20000 | 
    119.39017 |     118.66331 |     120.40101 |     120.40100 |     137.39175 |     138.55501 |     138.55501 |      29.92000 |      14.88600 |       0.00000 |       0.00000 |       0.00000 |       0.00000 |       0.00000 |      -1.10092 |      -0.54520 |     264.32166 |       0.00428 |      -0.74096 |     -36.83524 |     -73.33504 |    1003.73792 |    1000.05090 |       0.00000 |     994.64893 |     -36.50000 |     -73.00000 |      75.94117 |     168.55054 |      -0.20000 |       0.20000 | 
    118.65446 |     117.94418 |     119.67166 |     119.67145 |     136.54512 |     137.71570 |     137.71568 |      29.92000 |      14.88600 |       0.00000 |       0.00000 |       0.00000 |       0.00000 |       0.00000 |      -1.05720 |      -0.52964 |     264.67584 |       0.10597 |      -0.69649 |     -36.83529 |     -73.33572 |    1003.92096 |    1000.28021 |       0.00000 |     994.63568 |     -36.50000 |     -73.00000 |      75.09589 |     170.14516 |      -0.20000 |       0.20000 | 
    117.93310 |     117.21984 |     118.93778 |     118.93697 |     135.71500 |     136.87115 |     136.87115 |      29.92000 |      14.88600 |       0.00000 |       0.00000 |       0.00000 |       0.00000 |       0.00000 |      -1.06627 |      -0.56324 |     264.93246 |       0.21226 |      -0.66026 |     -36.83534 |     -73.33641 |    1004.52930 |    1000.93219 |       0.00000 |     994.87018 |     -36.50000 |     -73.00000 |      75.85715 |     172.22980 |      -0.20000 |       0.20000 | 
    117.21062 |     116.50971 |     118.21834 |     118.21799 |     134.88358 |     136.04324 |     136.04323 |      29.92000 |      14.88600 |       0.00000 |       0.00000 |       0.00000 |       0.00000 |       0.00000 |      -1.05989 |      -0.59714 |     265.15991 |       0.13635 |      -0.68454 |     -36.83539 |     -73.33709 |    1005.16028 |    1001.60425 |       0.00000 |     995.41559 |     -36.50000 |     -73.00000 |      75.80869 |     173.66629 |      -0.20000 |       0.20000 | 
    116.51756 |     115.88784 |     117.58783 |     117.58783 |     134.08601 |     135.31767 |     135.31767 |      29.92000 |      14.88600 |       0.00000 |       0.00000 |       0.00000 |       0.00000 |       0.00000 |      -1.03453 |      -0.56192 |     265.36417 |       0.02244 |      -0.67140 |     -36.83543 |     -73.33777 |    1005.43524 |    1001.91833 |       0.00000 |     995.94525 |     -36.50000 |     -73.00000 |      72.37518 |     173.85310 |      -0.20000 |       0.20000 | 
    115.87358 |     115.23914 |     116.92926 |     116.92885 |     133.34494 |     134.55980 |     134.55980 |      29.92000 |      14.88600 |       0.00000 |       0.00000 |       0.00000 |       0.00000 |       0.00000 |      -1.03020 |      -0.55686 |     265.48709 |      -0.15349 |      -0.66071 |     -36.83548 |     -73.33845 |    1005.23438 |    1001.75415 |       0.00000 |     996.18237 |     -36.50000 |     -73.00000 |      66.79267 |     157.84972 |      -0.20000 |       0.20000 | 
    115.23007 |     114.62736 |     116.30691 |     116.30415 |     132.60440 |     133.84360 |     133.84361 |      29.92000 |      14.88600 |       0.00000 |       0.00000 |       0.00000 |       0.00000 |       0.00000 |      -1.00795 |      -0.49230 |     265.53397 |      -0.39488 |      -0.63301 |     -36.83552 |     -73.33912 |    1004.29657 |    1000.85114 |       0.00000 |     995.91620 |     -36.50000 |     -73.00000 |      66.77965 |     157.13161 |      -0.20000 |       0.20000 | 
    114.63638 |     114.12321 |     115.79226 |     115.78415 |     131.92120 |     133.25136 |     133.25136 |      29.92000 |      14.88600 |       0.00000 |       0.00000 |       0.00000 |       0.00000 |       0.00000 |      -0.99110 |      -0.49293 |     265.49890 |      -0.67810 |      -0.60647 |     -36.83556 |     -73.33979 |    1002.46307 |     999.05029 |       0.00000 |     994.93286 |     -36.50000 |     -73.00000 |      67.08922 |     157.46104 |      -0.20000 |       0.20000 | 
    114.14011 |     113.72876 |     115.38730 |     115.37084 |     131.35010 |     132.78534 |     132.78532 |      29.92000 |      14.88600 |       0.00000 |       0.00000 |       0.00000 |       0.00000 |       0.00000 |      -0.95657 |      -0.48236 |     265.37708 |      -0.96703 |      -0.59057 |     -36.83560 |     -73.34045 |     999.66193 |     996.27966 |       0.00000 |     993.07837 |     -36.50000 |     -73.00000 |      66.00006 |     157.19856 |      -0.20000 |       0.20000 | 
    113.73981 |     113.41669 |     115.06453 |     115.04077 |     130.88945 |     132.41389 |     132.41389 |      29.92000 |      14.88600 |       0.00000 |       0.00000 |       0.00000 |       0.00000 |       0.00000 |      -0.89611 |      -0.48332 |     265.17957 |      -1.16434 |      -0.57699 |     -36.83565 |     -73.34111 |     996.02747 |     992.67407 |       0.00000 |     990.29340 |     -36.50000 |     -73.00000 |      67.08454 |     157.62807 |      -0.20000 |       0.20000 | 
    113.41888 |     113.15107 |     114.78807 |     114.76013 |     130.52011 |     132.09575 |     132.09576 |      29.92000 |      14.88600 |       0.00000 |       0.00000 |       0.00000 |       0.00000 |       0.00000 |      -0.87042 |      -0.51125 |     264.93726 |      -1.26442 |      -0.57775 |     -36.83569 |     -73.34178 |     991.88055 |     988.55450 |       0.00000 |     986.70435 |     -36.50000 |     -73.00000 |      66.76684 |     157.18530 |      -0.20000 |       0.20000 | 
    113.15046 |     112.92800 |     114.55422 |     114.52016 |     130.21123 |     131.82664 |     131.82664 |      29.92000 |      14.88600 |       0.00000 |       0.00000 |       0.00000 |       0.00000 |       0.00000 |      -0.87391 |      -0.51742 |     264.71295 |      -1.39708 |      -0.59131 |     -36.83574 |     -73.34244 |     987.39020 |     984.08960 |       0.00000 |     982.62415 |     -36.50000 |     -73.00000 |      66.33025 |     157.09007 |      -0.20000 |       0.20000 | 
    112.93073 |     112.76094 |     114.37645 |     114.33522 |     129.95837 |     131.62207 |     131.62207 |      29.92000 |      14.88600 |       0.00000 |       0.00000 |       0.00000 |       0.00000 |       0.00000 |      -0.86336 |      -0.52058 |     264.51855 |      -1.53850 |      -0.59541 |     -36.83579 |     -73.34309 |     982.45758 |     979.18054 |       0.00000 |     978.14178 |     -36.50000 |     -73.00000 |      66.03638 |     157.02412 |      -0.20000 |       0.20000 | 
    112.75761 |     112.60304 |     114.20712 |     114.15689 |     129.75914 |     131.42720 |     131.42720 |      29.92000 |      14.88600 |       0.00000 |       0.00000 |       0.00000 |       0.00000 |       0.00000 |      -0.86355 |      -0.52433 |     264.34949 |      -1.69920 |      -0.60379 |     -36.83584 |     -73.34375 |     977.01825 |     973.76337 |       0.00000 |     973.18970 |     -36.50000 |     -73.00000 |      57.82523 |     143.93634 |      -0.20000 |       0.20000 | 
    112.58099 |     112.40214 |     113.99313 |     113.93130 |     129.55589 |     131.18095 |     131.18097 |      29.92000 |      14.88600 |       0.00000 |       0.00000 |       0.00000 |       0.00000 |       0.00000 |      -0.85485 |      -0.46990 |     264.21478 |      -1.88735 |      -0.59873 |     -36.83589 |     -73.34441 |     970.96075 |     967.72644 |       0.00000 |     967.69537 |     -36.50000 |     -73.00000 |      57.89551 |     137.69543 |      -0.20000 |       0.20000 | 
    112.39861 |     112.24551 |     113.82317 |     113.75248 |     129.34601 |     130.98537 |     130.98537 |      29.92000 |      14.88600 |       0.00000 |       0.00000 |       0.00000 |       0.00000 |       0.00000 |      -0.77703 |      -0.45020 |     264.12067 |      -2.01935 |      -0.57563 |     -36.83595 |     -73.34506 |     964.34100 |     961.12531 |       0.00000 |     961.64380 |     -36.50000 |     -73.00000 |      57.92518 |     137.39386 |      -0.20000 |       0.20000 | 
    112.24048 |     112.09704 |     113.66131 |     113.59159 |     129.16405 |     130.79910 |     130.79910 |      29.92000 |      14.88600 |       0.00000 |       0.00000 |       0.00000 |       0.00000 |       0.00000 |      -0.72714 |      -0.45075 |     264.05817 |      -2.00685 |      -0.55970 |     -36.83600 |     -73.34571 |     957.62018 |     954.42133 |       0.00000 |     955.14783 |     -36.50000 |     -73.00000 |      57.95061 |     137.51175 |      -0.20000 |       0.20000 | 
    112.07874 |     111.87778 |     113.42854 |     113.38017 |     128.97792 |     130.53123 |     130.53123 |      29.92000 |      14.88600 |       0.00000 |       0.00000 |       0.00000 |       0.00000 |       0.00000 |      -0.62302 |      -0.44885 |     264.03009 |      -1.67315 |      -0.53999 |     -36.83606 |     -73.34637 |     951.38593 |     948.20239 |       0.00000 |     948.51190 |     -36.50000 |     -73.00000 |      57.97378 |     138.10580 |      -0.20000 |       0.20000 | 
    111.84521 |     111.51508 |     113.05276 |     113.03042 |     128.70918 |     130.09880 |     130.09882 |      29.92000 |      14.88600 |       0.00000 |       0.00000 |       0.00000 |       0.00000 |       0.00000 |      -0.49400 |      -0.46049 |     264.03607 |      -1.13930 |      -0.52607 |     -36.83611 |     -73.34702 |     946.56531 |     943.39514 |       0.00000 |     942.49652 |     -36.50000 |     -73.00000 |      57.99553 |     138.97815 |      -0.20000 |       0.20000 | 
    111.46867 |     110.95155 |     112.47701 |     112.47298 |     128.27586 |     129.43623 |     129.43623 |      29.92000 |      14.88600 |       0.00000 |       0.00000 |       0.00000 |       0.00000 |       0.00000 |      -0.47230 |      -0.47498 |     264.07611 |      -0.48497 |      -0.51752 |     -36.83616 |     -73.34766 |     943.88165 |     940.72327 |       0.00000 |     937.89929 |     -36.50000 |     -73.00000 |      56.55136 |     139.56660 |      -0.20000 |       0.20000 | 
    110.88926 |     110.09328 |     111.60594 |     111.60576 |     127.60909 |     128.43382 |     128.43384 |      29.92000 |      14.88600 |       0.00000 |       0.00000 |       0.00000 |       0.00000 |       0.00000 |      -0.45058 |      -0.47238 |     264.14996 |       0.10674 |      -0.51848 |     -36.83622 |     -73.34830 |     943.28217 |     940.13367 |       0.00000 |     935.25287 |     -36.50000 |     -73.00000 |      49.63105 |     118.73302 |      -0.20000 |       0.20000 | 
    110.06616 |     109.16277 |     110.66452 |     110.65871 |     126.66188 |     127.35046 |     127.35046 |      29.92000 |      14.88600 |       0.00000 |       0.00000 |       0.00000 |       0.00000 |       0.00000 |      -0.41942 |      -0.44304 |     264.26770 |       0.58701 |      -0.49904 |     -36.83627 |     -73.34895 |     944.43146 |     941.29120 |       0.00000 |     934.59100 |     -36.50000 |     -73.00000 |      59.49358 |     145.16844 |      -0.20000 |       0.20000 | 
    109.16576 |     108.24668 |     109.73965 |     109.73014 |     125.62571 |     126.28614 |     126.28613 |      29.92000 |      14.88600 |       0.00000 |       0.00000 |       0.00000 |       0.00000 |       0.00000 |      -0.56480 |      -0.56971 |     264.40103 |       0.75411 |      -0.51720 |     -36.83632 |     -73.34957 |     946.79370 |     943.65979 |       0.00000 |     935.63971 |     -36.50000 |     -73.00000 |      59.48850 |     148.12384 |      -0.20000 |       0.20000 | 
    108.26213 |     107.39735 |     108.88215 |     108.87598 |     124.58584 |     125.29934 |     125.29934 |      29.92000 |      14.88600 |       0.00000 |       0.00000 |       0.00000 |       0.00000 |       0.00000 |      -0.52916 |      -0.58756 |     264.54456 |       0.60950 |      -0.55637 |     -36.83637 |     -73.35020 |     948.99585 |     945.86639 |       0.00000 |     937.68469 |     -36.50000 |     -73.00000 |      59.48272 |     149.26277 |      -0.20000 |       0.20000 | 
    107.41304 |     106.60224 |     108.07883 |     108.07396 |     123.60873 |     124.37490 |     124.37491 |      29.92000 |      14.88600 |       0.00000 |       0.00000 |       0.00000 |       0.00000 |       0.00000 |      -0.36067 |      -0.61725 |     264.72302 |       0.54413 |      -0.57348 |     -36.83641 |     -73.35082 |     950.73773 |     947.61115 |       0.00000 |     939.75513 |     -36.50000 |     -73.00000 |      58.75733 |     149.15076 |      -0.20000 |       0.20000 | 
    106.60067 |     105.79350 |     107.26192 |     107.25508 |     122.67387 |     123.43482 |     123.43483 |      29.92000 |      14.88600 |       0.00000 |       0.00000 |       0.00000 |       0.00000 |       0.00000 |      -0.32794 |      -0.64853 |     264.93320 |       0.64765 |      -0.59033 |     -36.83646 |     -73.35145 |     952.65381 |     949.52832 |       0.00000 |     941.60785 |     -36.50000 |     -73.00000 |      58.74822 |     149.72258 |      -0.20000 |       0.20000 | 
    105.79583 |     104.98617 |     106.44676 |     106.43832 |     121.74767 |     122.49676 |     122.49676 |      29.92000 |      14.88600 |       0.00000 |       0.00000 |       0.00000 |       0.00000 |       0.00000 |      -0.27488 |      -0.66785 |     265.17169 |       0.72146 |      -0.60256 |     -36.83650 |     -73.35206 |     954.80524 |     951.67914 |       0.00000 |     943.55426 |     -36.50000 |     -73.00000 |      58.73558 |     150.89862 |      -0.20000 |       0.20000 | 
    104.98890 |     104.18494 |     105.63800 |     105.62899 |     120.81907 |     121.56604 |     121.56604 |      29.92000 |      14.88600 |       0.00000 |       0.00000 |       0.00000 |       0.00000 |       0.00000 |      -0.23974 |      -0.69958 |     265.43829 |       0.74847 |      -0.61644 |     -36.83654 |     -73.35267 |     957.11627 |     953.98779 |       0.00000 |     945.70520 |     -36.50000 |     -73.00000 |      58.71992 |     152.19336 |      -0.20000 |       0.20000 | 
    104.18533 |     103.39196 |     104.83749 |     104.82938 |     119.89434 |     120.64484 |     120.64484 |      29.92000 |      14.88600 |       0.00000 |       0.00000 |       0.00000 |       0.00000 |       0.00000 |      -0.19949 |      -0.73013 |     265.72830 |       0.71305 |      -0.63711 |     -36.83658 |     -73.35328 |     959.39172 |     956.25909 |       0.00000 |     947.97516 |     -36.50000 |     -73.00000 |      58.70215 |     153.60146 |      -0.20000 |       0.20000 | 
    103.40031 |     102.64795 |     104.08625 |     104.08009 |     118.99095 |     119.78033 |     119.78033 |      29.92000 |      14.88600 |       0.00000 |       0.00000 |       0.00000 |       0.00000 |       0.00000 |      -0.16742 |      -0.74773 |     266.03644 |       0.62402 |      -0.65203 |     -36.83661 |     -73.35388 |     961.46576 |     958.32745 |       0.00000 |     950.21277 |     -36.50000 |     -73.00000 |      59.38258 |     154.71481 |      -0.20000 |       0.20000 | 
    102.66566 |     101.97705 |     103.40855 |     103.40503 |     118.14553 |     119.00044 |     119.00044 |      29.92000 |      14.88600 |       0.00000 |       0.00000 |       0.00000 |       0.00000 |       0.00000 |      -0.14605 |      -0.77644 |     266.35065 |       0.47313 |      -0.66493 |     -36.83665 |     -73.35448 |     963.15222 |     960.00641 |       0.00000 |     952.23254 |     -36.50000 |     -73.00000 |      58.66441 |     155.84637 |      -0.20000 |       0.20000 | 
    101.99704 |     101.38636 |     102.81124 |     102.81013 |     117.37610 |     118.31307 |     118.31309 |      29.92000 |      14.88600 |       0.00000 |       0.00000 |       0.00000 |       0.00000 |       0.00000 |      -0.10261 |      -0.80179 |     266.67078 |       0.26827 |      -0.68014 |     -36.83667 |     -73.35506 |     964.26904 |     961.11420 |       0.00000 |     953.86951 |     -36.50000 |     -73.00000 |      58.64230 |     155.78339 |      -0.20000 |       0.20000 | 
    101.40156 |     100.87045 |     102.28883 |     102.28878 |     116.69083 |     117.71190 |     117.71189 |      29.92000 |      14.88600 |       0.00000 |       0.00000 |       0.00000 |       0.00000 |       0.00000 |      -0.06459 |      -0.81255 |     267.00195 |       0.05827 |      -0.69076 |     -36.83670 |     -73.35566 |     964.76282 |     961.59729 |       0.00000 |     954.96698 |     -36.50000 |     -73.00000 |      58.62351 |     156.01352 |      -0.20000 |       0.20000 | 
    100.88895 |     100.44530 |     101.85748 |     101.85703 |     116.10094 |     117.21549 |     117.21548 |      29.92000 |      14.88600 |       0.00000 |       0.00000 |       0.00000 |       0.00000 |       0.00000 |      -0.04127 |      -0.79969 |     267.31473 |      -0.16687 |      -0.68907 |     -36.83672 |     -73.35625 |     964.60120 |     961.42346 |       0.00000 |     955.45050 |     -36.50000 |     -73.00000 |      59.40242 |     157.13997 |      -0.20000 |       0.20000 | 
    100.46364 |     100.10917 |     101.51530 |     101.51305 |     115.61150 |     116.82172 |     116.82173 |      29.92000 |      14.88600 |       0.00000 |       0.00000 |       0.00000 |       0.00000 |       0.00000 |       0.07016 |      -0.80162 |     267.57358 |      -0.38129 |      -0.68030 |     -36.83675 |     -73.35683 |     963.72815 |     960.53638 |       0.00000 |     955.27496 |     -36.50000 |     -73.00000 |      59.29794 |     157.95126 |      -0.20000 |       0.20000 | 
    100.11065 |      99.78547 |     101.18542 |     101.18360 |     115.20528 |     116.44210 |     116.44210 |      29.92000 |      14.88600 |       0.00000 |       0.00000 |       0.00000 |       0.00000 |       0.00000 |       0.12217 |      -0.82258 |     267.78845 |      -0.34241 |      -0.67579 |     -36.83677 |     -73.35742 |     962.63159 |     959.42432 |       0.00000 |     954.48163 |     -36.50000 |     -73.00000 |      58.60011 |     158.20078 |      -0.20000 |       0.20000 | 
     99.77948 |      99.45696 |     100.85084 |     100.84930 |     114.82418 |     116.05708 |     116.05708 |      29.92000 |      14.88600 |       0.00000 |       0.00000 |       0.00000 |       0.00000 |       0.00000 |       0.14276 |      -0.82180 |     267.95688 |      -0.31574 |      -0.67457 |     -36.83678 |     -73.35800 |     961.65015 |     958.42596 |       0.00000 |     953.48724 |     -36.50000 |     -73.00000 |      58.68514 |     158.22191 |      -0.20000 |       0.20000 | 
     99.45066 |      99.13237 |     100.52030 |     100.51870 |     114.44578 |     115.67670 |     115.67670 |      29.92000 |      14.88600 |       0.00000 |       0.00000 |       0.00000 |       0.00000 |       0.00000 |       0.15018 |      -0.82346 |     268.08029 |      -0.32251 |      -0.67211 |     -36.83680 |     -73.35858 |     960.71002 |     957.46747 |       0.00000 |     952.51422 |     -36.50000 |     -73.00000 |      58.57587 |     158.27687 |      -0.20000 |       0.20000 | 
     99.12886 |      98.82182 |     100.20394 |     100.20224 |     114.07546 |     115.31264 |     115.31265 |      29.92000 |      14.88600 |       0.00000 |       0.00000 |       0.00000 |       0.00000 |       0.00000 |       0.19272 |      -0.84266 |     268.16498 |      -0.33393 |      -0.67436 |     -36.83681 |     -73.35916 |     959.71704 |     956.45483 |       0.00000 |     951.54974 |     -36.50000 |     -73.00000 |      59.24957 |     158.72769 |      -0.20000 |       0.20000 | 
     98.81747 |      98.51890 |      99.89533 |      99.89365 |     113.71712 |     114.95750 |     114.95750 |      29.92000 |      14.88600 |       0.00000 |       0.00000 |       0.00000 |       0.00000 |       0.00000 |       0.21595 |      -0.85158 |     268.22858 |      -0.33216 |      -0.68053 |     -36.83683 |     -73.35974 |     958.73737 |     955.45404 |       0.00000 |     950.57135 |     -36.50000 |     -73.00000 |      58.55668 |     159.06281 |      -0.20000 |       0.20000 | 
     98.51323 |      98.21336 |      99.58416 |      99.58305 |     113.36700 |     114.59941 |     114.59941 |      29.92000 |      14.88600 |       0.00000 |       0.00000 |       0.00000 |       0.00000 |       0.00000 |       0.31122 |      -0.83491 |     268.26501 |      -0.27085 |      -0.67631 |     -36.83684 |     -73.36031 |     957.80707 |     954.50153 |       0.00000 |     949.59503 |     -36.50000 |     -73.00000 |      58.64381 |     159.60141 |      -0.20000 |       0.20000 | 
     98.19526 |      97.84179 |      99.20673 |      99.20672 |     113.00109 |     114.16507 |     114.16507 |      29.92000 |      14.88600 |       0.00000 |       0.00000 |       0.00000 |       0.00000 |       0.00000 |       0.50603 |      -0.83590 |     268.25354 |       0.02124 |      -0.66132 |     -36.83685 |     -73.36089 |     957.34753 |     954.01837 |       0.00000 |     948.74261 |     -36.50000 |     -73.00000 |      58.62997 |     160.23032 |      -0.20000 |       0.20000 | 
     97.79215 |      97.26083 |      98.61914 |      98.61199 |     112.53720 |     113.48888 |     113.48888 |      29.92000 |      14.88600 |       0.00000 |       0.00000 |       0.00000 |       0.00000 |       0.00000 |       0.59374 |      -0.85384 |     268.18878 |       0.68989 |      -0.65277 |     -36.83687 |     -73.36145 |     958.36200 |     955.00818 |       0.00000 |     948.49402 |     -36.50000 |     -73.00000 |      58.51036 |     161.58607 |      -0.20000 |       0.20000 | 
     97.20573 |      96.49539 |      97.84714 |      97.82377 |     111.86237 |     112.60048 |     112.60047 |      29.92000 |      14.88600 |       0.00000 |       0.00000 |       0.00000 |       0.00000 |       0.00000 |       0.57133 |      -0.83309 |     268.04340 |       1.25213 |      -0.64420 |     -36.83688 |     -73.36201 |     961.22406 |     957.84448 |       0.00000 |     949.65350 |     -36.50000 |     -73.00000 |      58.47083 |     163.04219 |      -0.20000 |       0.20000 | 
     96.46822 |      95.67763 |      97.02358 |      96.99577 |     111.01365 |     111.65276 |     111.65273 |      29.92000 |      14.88600 |       0.00000 |       0.00000 |       0.00000 |       0.00000 |       0.00000 |       0.30397 |      -0.82687 |     267.76343 |       1.37172 |      -0.62844 |     -36.83690 |     -73.36258 |     965.18402 |     961.77771 |       0.00000 |     952.41388 |     -36.50000 |     -73.00000 |      58.42020 |     164.22224 |      -0.20000 |       0.20000 | 
     95.70235 |      95.02663 |      96.36797 |      96.35641 |     110.13229 |     110.89828 |     110.89828 |      29.92000 |      14.88600 |       0.00000 |       0.00000 |       0.00000 |       0.00000 |       0.00000 |       0.41226 |      -0.89831 |     267.36069 |       0.88764 |      -0.65004 |     -36.83692 |     -73.36314 |     968.35852 |     964.92468 |       0.00000 |     955.97028 |     -36.50000 |     -73.00000 |      58.37344 |     164.77425 |      -0.20000 |       0.20000 | 
     95.04118 |      94.44602 |      95.78233 |      95.77403 |     109.37144 |     110.22433 |     110.22433 |      29.92000 |      14.88600 |       0.00000 |       0.00000 |       0.00000 |       0.00000 |       0.00000 |       0.60288 |      -0.88534 |     266.86060 |       0.75375 |      -0.66746 |     -36.83694 |     -73.36369 |     970.59198 |     967.12958 |       0.00000 |     958.98114 |     -36.50000 |     -73.00000 |      58.43034 |     165.60922 |      -0.20000 |       0.20000 | 
     94.44016 |      93.88355 |      95.21485 |      95.20742 |     108.67979 |     109.57130 |     109.57130 |      29.92000 |      14.88600 |       0.00000 |       0.00000 |       0.00000 |       0.00000 |       0.00000 |       0.61196 |      -0.86542 |     266.22949 |       0.71570 |      -0.65007 |     -36.83697 |     -73.36424 |     972.69141 |     969.19983 |       0.00000 |     961.38434 |     -36.50000 |     -73.00000 |      58.29673 |     166.31677 |      -0.20000 |       0.20000 | 
     93.88624 |      93.40332 |      94.73016 |      94.72739 |     108.04236 |     109.01352 |     109.01353 |      29.92000 |      14.88600 |       0.00000 |       0.00000 |       0.00000 |       0.00000 |       0.00000 |       0.55939 |      -1.06208 |     265.59381 |       0.43844 |      -0.70316 |     -36.83700 |     -73.36479 |     974.36719 |     970.84576 |       0.00000 |     963.46765 |     -36.50000 |     -73.00000 |      58.35424 |     166.81366 |      -0.20000 |       0.20000 | 
     93.41957 |      93.05688 |      94.37978 |      94.37971 |     107.50533 |     108.61031 |     108.61031 |      29.92000 |      14.88600 |       0.00000 |       0.00000 |       0.00000 |       0.00000 |       0.00000 |       0.58909 |      -1.05892 |     265.04584 |       0.06947 |      -0.76443 |     -36.83703 |     -73.36533 |     975.06628 |     971.51459 |       0.00000 |     965.00372 |     -36.50000 |     -73.00000 |      58.23524 |     167.08051 |      -0.20000 |       0.20000 | 
     93.07034 |      92.83237 |      94.15166 |      94.15059 |     107.10344 |     108.34780 |     108.34781 |      29.92000 |      14.88600 |       0.00000 |       0.00000 |       0.00000 |       0.00000 |       0.00000 |       0.62821 |      -1.03434 |     264.60010 |      -0.27440 |      -0.77627 |     -36.83707 |     -73.36588 |     974.76630 |     971.18341 |       0.00000 |     965.66815 |     -36.50000 |     -73.00000 |      58.21890 |     167.09741 |      -0.20000 |       0.20000 | 
     92.84064 |      92.71823 |      94.03420 |      94.02902 |     106.83910 |     108.21263 |     108.21262 |      29.92000 |      14.88600 |       0.00000 |       0.00000 |       0.00000 |       0.00000 |       0.00000 |       0.61882 |      -1.02306 |     264.18951 |      -0.60067 |      -0.77541 |     -36.83712 |     -73.36642 |     973.54871 |     969.93353 |       0.00000 |     965.38031 |     -36.50000 |     -73.00000 |      58.30657 |     167.13303 |      -0.20000 |       0.20000 | 
     92.73995 |      92.80387 |      94.11746 |      94.09151 |     106.72324 |     108.30844 |     108.30843 |      29.92000 |      14.88600 |       0.00000 |       0.00000 |       0.00000 |       0.00000 |       0.00000 |       0.46581 |      -1.03281 |     263.79199 |      -1.34540 |      -0.78551 |     -36.83716 |     -73.36696 |     970.96399 |     967.35736 |       0.00000 |     964.10596 |     -36.50000 |     -73.00000 |      58.31271 |     166.49127 |      -0.20000 |       0.20000 | 
     92.81463 |      92.97475 |      94.28528 |      94.25965 |     106.80917 |     108.50156 |     108.50157 |      29.92000 |      14.88600 |       0.00000 |       0.00000 |       0.00000 |       0.00000 |       0.00000 |       0.85212 |      -1.00251 |     263.38803 |      -1.33622 |      -0.77178 |     -36.83721 |     -73.36750 |     967.02075 |     963.45349 |       0.00000 |     961.40997 |     -36.50000 |     -73.00000 |      58.24076 |     166.25688 |      -0.20000 |       0.20000 | 
     92.93040 |      92.98761 |      94.29393 |      94.28630 |     106.94240 |     108.51153 |     108.51153 |      29.92000 |      14.88600 |       0.00000 |       0.00000 |       0.00000 |       0.00000 |       0.00000 |       1.20960 |      -0.98428 |     262.98904 |      -0.72914 |      -0.73949 |     -36.83726 |     -73.36804 |     963.87842 |     960.34973 |       0.00000 |     957.91260 |     -36.50000 |     -73.00000 |      58.34900 |     166.76694 |      -0.20000 |       0.20000 | 
     92.88029 |      92.64483 |      93.94562 |      93.94379 |     106.88474 |     108.11069 |     108.11069 |      29.92000 |      14.88600 |       0.00000 |       0.00000 |       0.00000 |       0.00000 |       0.00000 |       1.23175 |      -1.00840 |     262.59344 |       0.35744 |      -0.71319 |     -36.83732 |     -73.36858 |     963.37598 |     959.88464 |       0.00000 |     955.26019 |     -36.50000 |     -73.00000 |      58.33686 |     167.92535 |      -0.20000 |       0.20000 | 
     92.54018 |      92.06802 |      93.36364 |      93.35409 |     106.49334 |     107.44096 |     107.44096 |      29.92000 |      14.88600 |       0.00000 |       0.00000 |       0.00000 |       0.00000 |       0.00000 |       0.62695 |      -1.04421 |     262.21414 |       0.81941 |      -0.71715 |     -36.83738 |     -73.36912 |     965.49023 |     962.03540 |       0.00000 |     954.91260 |     -36.50000 |     -73.00000 |      58.20512 |     168.97502 |      -0.20000 |       0.20000 | 
     92.04179 |      91.51571 |      92.80663 |      92.79279 |     105.91980 |     106.79996 |     106.79996 |      29.92000 |      14.88600 |       0.00000 |       0.00000 |       0.00000 |       0.00000 |       0.00000 |       1.07446 |      -1.04523 |     261.83939 |       0.98973 |      -0.72927 |     -36.83743 |     -73.36965 |     967.72540 |     964.30603 |       0.00000 |     956.46130 |     -36.50000 |     -73.00000 |      58.16356 |     169.90698 |      -0.20000 |       0.20000 | 
     91.46615 |      90.85498 |      92.14085 |      92.11702 |     105.25737 |     106.03381 |     106.03381 |      29.92000 |      14.88600 |       0.00000 |       0.00000 |       0.00000 |       0.00000 |       0.00000 |       1.09922 |      -1.09920 |     261.50497 |       1.30313 |      -0.73398 |     -36.83750 |     -73.37018 |     970.87573 |     967.49042 |       0.00000 |     958.79456 |     -36.50000 |     -73.00000 |      58.20645 |     171.13947 |      -0.20000 |       0.20000 | 
     90.80928 |      90.12325 |      91.40401 |      91.36932 |     104.50146 |     105.18586 |     105.18586 |      29.92000 |      14.88600 |       0.00000 |       0.00000 |       0.00000 |       0.00000 |       0.00000 |       1.18237 |      -1.14176 |     261.23230 |       1.57877 |      -0.75326 |     -36.83756 |     -73.37070 |     974.75586 |     971.40314 |       0.00000 |     961.91632 |     -36.50000 |     -73.00000 |      58.05558 |     172.38289 |      -0.20000 |       0.20000 | 
     90.07993 |      89.34171 |      90.61745 |      90.57288 |     103.66213 |     104.28072 |     104.28072 |      29.92000 |      14.88600 |       0.00000 |       0.00000 |       0.00000 |       0.00000 |       0.00000 |       1.17820 |      -1.11552 |     261.00137 |       1.79734 |      -0.75195 |     -36.83762 |     -73.37122 |     979.29907 |     975.97778 |       0.00000 |     965.77124 |     -36.50000 |     -73.00000 |      60.74997 |     177.75894 |      -0.20000 |       0.20000 | 
     89.32905 |      88.64545 |      89.91737 |      89.88019 |     102.79803 |     103.47507 |     103.47507 |      29.92000 |      14.88600 |       0.00000 |       0.00000 |       0.00000 |       0.00000 |       0.00000 |       1.08566 |      -1.17493 |     260.77704 |       1.64794 |      -0.75596 |     -36.83769 |     -73.37173 |     983.91125 |     980.62012 |       0.00000 |     970.20892 |     -36.50000 |     -73.00000 |      60.65538 |     182.03017 |      -0.20000 |       0.20000 | 
     88.66859 |      88.20202 |      89.47197 |      89.46550 |     102.03800 |     102.96251 |     102.96251 |      29.92000 |      14.88600 |       0.00000 |       0.00000 |       0.00000 |       0.00000 |       0.00000 |       0.70782 |      -1.24607 |     260.54333 |       0.68897 |      -0.80000 |     -36.83776 |     -73.37224 |     987.24469 |     983.98254 |       0.00000 |     974.56348 |     -36.50000 |     -73.00000 |      60.03369 |     181.23145 |      -0.20000 |       0.20000 | 
     88.24770 |      88.03920 |      89.30778 |      89.30771 |     101.55365 |     102.77356 |     102.77356 |      29.92000 |      14.88600 |       0.00000 |       0.00000 |       0.00000 |       0.00000 |       0.00000 |       1.23402 |      -1.19339 |     260.30103 |       0.07197 |      -0.81385 |     -36.83783 |     -73.37275 |     987.97498 |     984.74060 |       0.00000 |     977.47772 |     -36.50000 |     -73.00000 |      59.90129 |     180.18967 |      -0.20000 |       0.20000 | 
     88.01627 |      87.86900 |      89.13535 |      89.13511 |     101.28732 |     102.57513 |     102.57513 |      29.92000 |      14.88600 |       0.00000 |       0.00000 |       0.00000 |       0.00000 |       0.00000 |       1.40140 |      -1.21601 |     260.09476 |       0.13286 |      -0.79500 |     -36.83789 |     -73.37325 |     988.16162 |     984.95404 |       0.00000 |     978.56927 |     -36.50000 |     -73.00000 |      59.21537 |     179.18602 |      -0.20000 |       0.20000 | 
     87.81422 |      87.63297 |      88.89669 |      88.89529 |     101.05480 |     102.30049 |     102.30048 |      29.92000 |      14.88600 |       0.00000 |       0.00000 |       0.00000 |       0.00000 |       0.00000 |       1.42453 |      -1.27923 |     259.94693 |       0.31945 |      -0.80267 |     -36.83797 |     -73.37376 |     988.75250 |     985.57068 |       0.00000 |     979.04163 |     -36.50000 |     -73.00000 |      60.48320 |     179.71503 |      -0.20000 |       0.20000 | 
     87.57904 |      87.32651 |      88.58714 |      88.58428 |     100.78416 |     101.94427 |     101.94427 |      29.92000 |      14.88600 |       0.00000 |       0.00000 |       0.00000 |       0.00000 |       0.00000 |       1.43481 |      -1.26757 |     259.86710 |       0.46037 |      -0.81057 |     -36.83804 |     -73.37426 |     989.77490 |     986.61768 |       0.00000 |     979.69446 |     -36.50000 |     -73.00000 |      51.37388 |     164.62462 |      -0.20000 |       0.20000 | 
     87.24368 |      86.89594 |      88.15204 |      88.14846 |     100.39824 |     101.44356 |     101.44357 |      29.92000 |      14.88600 |       0.00000 |       0.00000 |       0.00000 |       0.00000 |       0.00000 |       1.45108 |      -1.19183 |     259.86920 |       0.51616 |      -0.79698 |     -36.83811 |     -73.37476 |     991.07050 |     987.93701 |       0.00000 |     980.70758 |     -36.50000 |     -73.00000 |      57.74205 |     171.85716 |      -0.20000 |       0.20000 | 
     86.86106 |      86.54537 |      87.79814 |      87.79456 |      99.95792 |     101.03630 |     101.03630 |      29.92000 |      14.88600 |       0.00000 |       0.00000 |       0.00000 |       0.00000 |       0.00000 |       1.48586 |      -1.26635 |     259.92804 |       0.51756 |      -0.78449 |     -36.83818 |     -73.37527 |     992.41479 |     989.30377 |       0.00000 |     981.95343 |     -36.50000 |     -73.00000 |      57.12547 |     174.64760 |      -0.20000 |       0.20000 | 
     86.50712 |      86.23925 |      87.48920 |      87.48705 |      99.55061 |     100.68077 |     100.68076 |      29.92000 |      14.88600 |       0.00000 |       0.00000 |       0.00000 |       0.00000 |       0.00000 |       1.34792 |      -1.31096 |     260.01398 |       0.40025 |      -0.80131 |     -36.83825 |     -73.37576 |     993.67224 |     990.58246 |       0.00000 |     983.26001 |     -36.50000 |     -73.00000 |      57.77042 |     176.86687 |      -0.20000 |       0.20000 | 
     86.22565 |      86.08405 |      87.33230 |      87.33224 |      99.22672 |     100.50021 |     100.50023 |      29.92000 |      14.88600 |       0.00000 |       0.00000 |       0.00000 |       0.00000 |       0.00000 |       1.38155 |      -1.27692 |     260.11273 |      -0.06651 |      -0.80868 |     -36.83832 |     -73.37626 |     994.10040 |     991.03064 |       0.00000 |     984.36975 |     -36.50000 |     -73.00000 |      57.11501 |     176.51193 |      -0.20000 |       0.20000 | 
     86.06236 |      86.02366 |      87.27037 |      87.26908 |      99.03880 |     100.42896 |     100.42896 |      29.92000 |      14.88600 |       0.00000 |       0.00000 |       0.00000 |       0.00000 |       0.00000 |       1.43486 |      -1.30833 |     260.24921 |      -0.31298 |      -0.80820 |     -36.83839 |     -73.37676 |     993.58911 |     990.53821 |       0.00000 |     984.71478 |     -36.50000 |     -73.00000 |      57.65303 |     176.47467 |      -0.20000 |       0.20000 | 
     85.99529 |      86.04594 |      87.29151 |      87.28722 |      98.96162 |     100.45329 |     100.45329 |      29.92000 |      14.88600 |       0.00000 |       0.00000 |       0.00000 |       0.00000 |       0.00000 |       1.45530 |      -1.32542 |     260.41687 |      -0.56877 |      -0.81772 |     -36.83846 |     -73.37726 |     992.44263 |     989.40961 |       0.00000 |     984.26654 |     -36.50000 |     -73.00000 |      57.74927 |     176.51404 |      -0.20000 |       0.20000 | 
     86.00163 |      86.07483 |      87.31890 |      87.31542 |      98.96892 |     100.48480 |     100.48480 |      29.92000 |      14.88600 |       0.00000 |       0.00000 |       0.00000 |       0.00000 |       0.00000 |       1.69735 |      -1.31221 |     260.63440 |      -0.51155 |      -0.81415 |     -36.83852 |     -73.37775 |     990.94714 |     987.93060 |       0.00000 |     983.16986 |     -36.50000 |     -73.00000 |      57.65876 |     176.15459 |      -0.20000 |       0.20000 | 
     85.98348 |      85.94492 |      87.18617 |      87.18616 |      98.94803 |     100.33206 |     100.33206 |      29.92000 |      14.88600 |       0.00000 |       0.00000 |       0.00000 |       0.00000 |       0.00000 |       1.79002 |      -1.32376 |     260.91541 |      -0.03682 |      -0.80642 |     -36.83859 |     -73.37825 |     990.21039 |     987.20941 |       0.00000 |     981.90155 |     -36.50000 |     -73.00000 |      57.74896 |     176.91309 |      -0.20000 |       0.20000 | 
     85.84375 |      85.65321 |      86.89093 |      86.88809 |      98.78722 |      99.99230 |      99.99230 |      29.92000 |      14.88600 |       0.00000 |       0.00000 |       0.00000 |       0.00000 |       0.00000 |       1.83686 |      -1.34580 |     261.24060 |       0.46361 |      -0.80569 |     -36.83865 |     -73.37875 |     990.74573 |     987.75909 |       0.00000 |     981.34045 |     -36.50000 |     -73.00000 |      56.98856 |     176.73299 |      -0.20000 |       0.20000 | 
     85.54501 |      85.16724 |      86.40020 |      86.38889 |      98.44344 |      99.42758 |      99.42758 |      29.92000 |      14.88600 |       0.00000 |       0.00000 |       0.00000 |       0.00000 |       0.00000 |       1.86435 |      -1.34640 |     261.61526 |       0.92725 |      -0.80691 |     -36.83871 |     -73.37924 |     992.53741 |     989.56390 |       0.00000 |     981.91119 |     -36.50000 |     -73.00000 |      51.10965 |     165.40013 |      -0.20000 |       0.20000 | 
     85.04650 |      84.47376 |      85.70026 |      85.67884 |      97.86977 |      98.62210 |      98.62209 |      29.92000 |      14.88600 |       0.00000 |       0.00000 |       0.00000 |       0.00000 |       0.00000 |       1.90802 |      -1.30895 |     262.05011 |       1.28087 |      -0.79982 |     -36.83877 |     -73.37973 |     995.37421 |     992.41260 |       0.00000 |     983.67499 |     -36.50000 |     -73.00000 |      54.68742 |     164.34225 |      -0.20000 |       0.20000 | 
     84.39888 |      83.76099 |      84.98152 |      84.95186 |      97.12450 |      97.79499 |      97.79501 |      29.92000 |      14.88600 |       0.00000 |       0.00000 |       0.00000 |       0.00000 |       0.00000 |       1.95731 |      -1.36340 |     262.53625 |       1.51403 |      -0.79127 |     -36.83882 |     -73.38022 |     998.89044 |     995.93939 |       0.00000 |     986.41376 |     -36.50000 |     -73.00000 |      53.56816 |     169.95445 |      -0.20000 |       0.20000 | 
     83.68513 |      83.01427 |      84.22878 |      84.19444 |      96.30313 |      96.92876 |      96.92875 |      29.92000 |      14.88600 |       0.00000 |       0.00000 |       0.00000 |       0.00000 |       0.00000 |       2.01195 |      -1.43632 |     263.06134 |       1.63616 |      -0.80602 |     -36.83887 |     -73.38070 |    1002.82654 |     999.88483 |       0.00000 |     989.86084 |     -36.50000 |     -73.00000 |      52.86905 |     170.23206 |      -0.20000 |       0.20000 | 
     82.93671 |      82.24922 |      83.45756 |      83.42294 |      95.44186 |      96.04124 |      96.04126 |      29.92000 |      14.88600 |       0.00000 |       0.00000 |       0.00000 |       0.00000 |       0.00000 |       2.07697 |      -1.43924 |     263.63647 |       1.65063 |      -0.81669 |     -36.83891 |     -73.38118 |    1006.90857 |    1003.97485 |       0.00000 |     993.74023 |     -36.50000 |     -73.00000 |      52.66496 |     169.15833 |      -0.20000 |       0.20000 | 
     82.19194 |      81.58199 |      82.78529 |      82.75527 |      94.58480 |      95.26761 |      95.26760 |      29.92000 |      14.88600 |       0.00000 |       0.00000 |       0.00000 |       0.00000 |       0.00000 |       2.07958 |      -1.47685 |     264.25696 |       1.54282 |      -0.81726 |     -36.83895 |     -73.38166 |    1010.84070 |    1007.91364 |       0.00000 |     997.74323 |     -36.50000 |     -73.00000 |      57.24221 |     182.39560 |      -0.20000 |       0.20000 | 
     81.54504 |      81.10590 |      82.30611 |      82.29305 |      93.84036 |      94.71618 |      94.71616 |      29.92000 |      14.88600 |       0.00000 |       0.00000 |       0.00000 |       0.00000 |       0.00000 |       1.80132 |      -1.56333 |     264.86768 |       1.01991 |      -0.84129 |     -36.83899 |     -73.38213 |    1014.08130 |    1011.15961 |       0.00000 |    1001.58069 |     -36.50000 |     -73.00000 |      56.59617 |     183.32182 |      -0.20000 |       0.20000 | 
     81.11552 |      81.00085 |      82.20077 |      82.20029 |      93.34607 |      94.59496 |      94.59496 |      29.92000 |      14.88600 |       0.00000 |       0.00000 |       0.00000 |       0.00000 |       0.00000 |       1.63666 |      -1.58133 |     265.43652 |      -0.19633 |      -0.88399 |     -36.83902 |     -73.38261 |    1015.13043 |    1012.21289 |       0.00000 |    1004.50909 |     -36.50000 |     -73.00000 |      56.49069 |     182.82777 |      -0.20000 |       0.20000 | 
     81.03950 |      81.33382 |      82.53606 |      82.50688 |      93.25859 |      94.98080 |      94.98080 |      29.92000 |      14.88600 |       0.00000 |       0.00000 |       0.00000 |       0.00000 |       0.00000 |       1.96545 |      -1.48036 |     265.97452 |      -1.52334 |      -0.89674 |     -36.83905 |     -73.38308 |    1012.97003 |    1010.05554 |       0.00000 |    1005.26117 |     -36.50000 |     -73.00000 |      56.51243 |     181.44395 |      -0.20000 |       0.20000 | 
     81.20226 |      81.31142 |      82.51051 |      82.50970 |      93.44590 |      94.95140 |      94.95140 |      29.92000 |      14.88600 |       0.00000 |       0.00000 |       0.00000 |       0.00000 |       0.00000 |       3.23028 |      -1.25985 |     266.57797 |       0.25313 |      -0.78416 |     -36.83908 |     -73.38356 |    1010.64941 |    1007.73651 |       0.00000 |    1003.40582 |     -36.50000 |     -73.00000 |      56.61818 |     182.84666 |      -0.20000 |       0.20000 | 
     81.07497 |      80.79973 |      81.99385 |      81.97325 |      93.29942 |      94.35684 |      94.35684 |      29.92000 |      14.88600 |       0.00000 |       0.00000 |       0.00000 |       0.00000 |       0.00000 |       2.19987 |      -1.53076 |     267.09821 |       1.28442 |      -0.75730 |     -36.83910 |     -73.38403 |    1012.79370 |    1009.88141 |       0.00000 |    1002.41962 |     -36.50000 |     -73.00000 |      56.58134 |     184.01350 |      -0.20000 |       0.20000 | 
     80.75497 |      80.65469 |      81.84857 |      81.84796 |      92.93117 |      94.18966 |      94.18966 |      29.92000 |      14.88600 |       0.00000 |       0.00000 |       0.00000 |       0.00000 |       0.00000 |       1.55161 |      -1.60271 |     267.42453 |      -0.22152 |      -0.85497 |     -36.83912 |     -73.38451 |    1014.37335 |    1011.46069 |       0.00000 |    1003.86182 |     -36.50000 |     -73.00000 |      56.55081 |     183.40300 |      -0.20000 |       0.20000 | 
     80.67063 |      80.87353 |      82.06860 |      82.05706 |      92.83411 |      94.44286 |      94.44286 |      29.92000 |      14.88600 |       0.00000 |       0.00000 |       0.00000 |       0.00000 |       0.00000 |       2.22123 |      -1.45484 |     267.77267 |      -0.96107 |      -0.85931 |     -36.83913 |     -73.38498 |    1012.66455 |    1009.75018 |       0.00000 |    1004.52228 |     -36.50000 |     -73.00000 |      56.56218 |     182.58167 |      -0.20000 |       0.20000 | 
     80.80214 |      81.08010 |      82.27542 |      82.26536 |      92.98544 |      94.68087 |      94.68087 |      29.92000 |      14.88600 |       0.00000 |       0.00000 |       0.00000 |       0.00000 |       0.00000 |       2.36453 |      -1.42723 |     268.16077 |      -0.89604 |      -0.82362 |     -36.83915 |     -73.38545 |    1010.34930 |    1007.43213 |       0.00000 |    1003.22150 |     -36.50000 |     -73.00000 |      56.59074 |     182.41016 |      -0.20000 |       0.20000 | 
     80.96247 |      81.15734 |      82.35172 |      82.34930 |      93.16995 |      94.76868 |      94.76868 |      29.92000 |      14.88600 |       0.00000 |       0.00000 |       0.00000 |       0.00000 |       0.00000 |       2.54911 |      -1.37874 |     268.47961 |      -0.43900 |      -0.78696 |     -36.83916 |     -73.38593 |    1008.62958 |    1005.70850 |       0.00000 |    1001.24072 |     -36.50000 |     -73.00000 |      56.51948 |     182.54185 |      -0.20000 |       0.20000 | 
     81.00954 |      81.04147 |      82.23375 |      82.23345 |      93.22411 |      94.63291 |      94.63290 |      29.92000 |      14.88600 |       0.00000 |       0.00000 |       0.00000 |       0.00000 |       0.00000 |       2.51002 |      -1.34477 |     268.70404 |       0.15143 |      -0.75286 |     -36.83916 |     -73.38640 |    1008.30396 |    1005.37811 |       0.00000 |     999.77563 |     -36.50000 |     -73.00000 |      60.43804 |     188.30095 |      -0.20000 |       0.20000 | 
     80.91103 |      80.79803 |      81.98785 |      81.98320 |      93.11076 |      94.34993 |      94.34994 |      29.92000 |      14.88600 |       0.00000 |       0.00000 |       0.00000 |       0.00000 |       0.00000 |       2.51065 |      -1.32325 |     268.77216 |       0.61010 |      -0.72567 |     -36.83917 |     -73.38687 |    1009.23486 |    1006.30310 |       0.00000 |     999.47546 |     -36.50000 |     -73.00000 |      53.49255 |     182.19504 |      -0.20000 |       0.20000 | 
     80.64653 |      80.33300 |      81.51828 |      81.50815 |      92.80637 |      93.80956 |      93.80956 |      29.92000 |      14.88600 |       0.00000 |       0.00000 |       0.00000 |       0.00000 |       0.00000 |       2.24880 |      -1.27640 |     268.68127 |       0.90332 |      -0.70931 |     -36.83918 |     -73.38734 |    1011.17242 |    1008.23401 |       0.00000 |    1000.36481 |     -36.50000 |     -73.00000 |      51.97723 |     171.28915 |      -0.20000 |       0.20000 | 
     80.27081 |      80.03521 |      81.21768 |      81.21768 |      92.37399 |      93.46365 |      93.46365 |      29.92000 |      14.88600 |       0.00000 |       0.00000 |       0.00000 |       0.00000 |       0.00000 |       1.73363 |      -1.28124 |     268.47321 |      -0.00968 |      -0.72086 |     -36.83919 |     -73.38782 |    1012.49176 |    1009.54590 |       0.00000 |    1002.02277 |     -36.50000 |     -73.00000 |      48.70726 |     163.60724 |      -0.20000 |       0.20000 | 
     80.05098 |      80.09192 |      81.27335 |      81.26006 |      92.12103 |      93.52771 |      93.52771 |      29.92000 |      14.88600 |       0.00000 |       0.00000 |       0.00000 |       0.00000 |       0.00000 |       2.35997 |      -1.25012 |     268.15811 |      -1.03625 |      -0.73123 |     -36.83920 |     -73.38829 |    1010.92206 |    1007.96790 |       0.00000 |    1002.73730 |     -36.50000 |     -73.00000 |      49.32228 |     161.41457 |      -0.20000 |       0.20000 | 
     80.02928 |      80.18428 |      81.36404 |      81.34814 |      92.09605 |      93.63207 |      93.63207 |      29.92000 |      14.88600 |       0.00000 |       0.00000 |       0.00000 |       0.00000 |       0.00000 |       2.29140 |      -1.24064 |     267.79291 |      -1.13281 |      -0.71494 |     -36.83921 |     -73.38876 |    1008.38531 |    1005.42206 |       0.00000 |    1001.43500 |     -36.50000 |     -73.00000 |      49.87224 |     162.70796 |      -0.20000 |       0.20000 | 
     80.11229 |      80.32215 |      81.50048 |      81.48322 |      92.19158 |      93.78909 |      93.78909 |      29.92000 |      14.88600 |       0.00000 |       0.00000 |       0.00000 |       0.00000 |       0.00000 |       2.52304 |      -1.22461 |     267.37723 |      -1.17917 |      -0.70748 |     -36.83923 |     -73.38923 |    1005.49231 |    1002.51917 |       0.00000 |     999.07391 |     -36.50000 |     -73.00000 |      49.91414 |     163.65535 |      -0.20000 |       0.20000 | 
     80.20259 |      80.34362 |      81.51946 |      81.51212 |      92.29549 |      93.81093 |      93.81093 |      29.92000 |      14.88600 |       0.00000 |       0.00000 |       0.00000 |       0.00000 |       0.00000 |       2.48467 |      -1.18359 |     266.89084 |      -0.76898 |      -0.68314 |     -36.83925 |     -73.38970 |    1003.16028 |    1000.17651 |       0.00000 |     996.39636 |     -36.50000 |     -73.00000 |      51.24800 |     166.21298 |      -0.20000 |       0.20000 | 
     80.23582 |      80.32442 |      81.49801 |      81.49336 |      92.33374 |      93.78623 |      93.78622 |      29.92000 |      14.88600 |       0.00000 |       0.00000 |       0.00000 |       0.00000 |       0.00000 |       2.46617 |      -1.22551 |     266.34790 |      -0.61109 |      -0.67573 |     -36.83927 |     -73.39017 |    1001.49512 |     998.50024 |       0.00000 |     994.17255 |     -36.50000 |     -73.00000 |      52.41577 |     168.46910 |      -0.20000 |       0.20000 | 
     80.23716 |      80.34801 |      81.52007 |      81.51237 |      92.33527 |      93.81162 |      93.81163 |      29.92000 |      14.88600 |       0.00000 |       0.00000 |       0.00000 |       0.00000 |       0.00000 |       2.26215 |      -1.26102 |     265.75146 |      -0.78740 |      -0.69150 |     -36.83930 |     -73.39063 |     999.92438 |     996.91754 |       0.00000 |     992.42352 |     -36.50000 |     -73.00000 |      51.31665 |     168.40022 |      -0.20000 |       0.20000 | 
     80.26892 |      80.40535 |      81.57579 |      81.56698 |      92.37183 |      93.87575 |      93.87575 |      29.92000 |      14.88600 |       0.00000 |       0.00000 |       0.00000 |       0.00000 |       0.00000 |       2.40224 |      -1.24260 |     265.11191 |      -0.84186 |      -0.70114 |     -36.83933 |     -73.39111 |     997.88818 |     994.86896 |       0.00000 |     990.66577 |     -36.50000 |     -73.00000 |      51.30043 |     167.20981 |      -0.20000 |       0.20000 | 
     80.30474 |      80.38493 |      81.55280 |      81.54619 |      92.41305 |      93.84929 |      93.84929 |      29.92000 |      14.88600 |       0.00000 |       0.00000 |       0.00000 |       0.00000 |       0.00000 |       2.46307 |      -1.21119 |     264.46057 |      -0.72937 |      -0.69839 |     -36.83936 |     -73.39157 |     995.98663 |     992.95447 |       0.00000 |     988.74658 |     -36.50000 |     -73.00000 |      43.94781 |     152.78535 |      -0.20000 |       0.20000 | 
     80.25236 |      80.19395 |      81.35711 |      81.35236 |      92.35277 |      93.62409 |      93.62409 |      29.92000 |      14.88600 |       0.00000 |       0.00000 |       0.00000 |       0.00000 |       0.00000 |       2.47153 |      -1.12771 |     263.79401 |      -0.61873 |      -0.68593 |     -36.83940 |     -73.39204 |     994.37024 |     991.32428 |       0.00000 |     986.88739 |     -36.50000 |     -73.00000 |      42.54639 |     144.22052 |      -0.20000 |       0.20000 | 
     80.08092 |      79.93447 |      81.09218 |      81.08791 |      92.15548 |      93.31922 |      93.31923 |      29.92000 |      14.88600 |       0.00000 |       0.00000 |       0.00000 |       0.00000 |       0.00000 |       2.46853 |      -1.07855 |     263.13684 |      -0.58815 |      -0.66213 |     -36.83944 |     -73.39251 |     992.94843 |     989.88831 |       0.00000 |     985.27472 |     -36.50000 |     -73.00000 |      42.50357 |     139.79317 |      -0.20000 |       0.20000 | 
     79.84349 |      79.68687 |      80.83925 |      80.83427 |      91.88225 |      93.02815 |      93.02815 |      29.92000 |      14.88600 |       0.00000 |       0.00000 |       0.00000 |       0.00000 |       0.00000 |       2.52203 |      -1.09235 |     262.46735 |      -0.63606 |      -0.64727 |     -36.83949 |     -73.39297 |     991.47906 |     988.40417 |       0.00000 |     983.79993 |     -36.50000 |     -73.00000 |      43.06958 |     141.34634 |      -0.20000 |       0.20000 | 
     79.59202 |      79.42871 |      80.57565 |      80.57198 |      91.59286 |      92.72480 |      92.72479 |      29.92000 |      14.88600 |       0.00000 |       0.00000 |       0.00000 |       0.00000 |       0.00000 |       2.60613 |      -1.12836 |     261.77505 |      -0.54577 |      -0.64218 |     -36.83954 |     -73.39344 |     990.03699 |     986.94690 |       0.00000 |     982.31885 |     -36.50000 |     -73.00000 |      43.05109 |     141.73012 |      -0.20000 |       0.20000 | 
     79.33021 |      79.16601 |      80.30764 |      80.30333 |      91.29157 |      92.41638 |      92.41639 |      29.92000 |      14.88600 |       0.00000 |       0.00000 |       0.00000 |       0.00000 |       0.00000 |       2.44124 |      -1.24614 |     261.14386 |      -0.59414 |      -0.66498 |     -36.83960 |     -73.39390 |     988.75079 |     985.64502 |       0.00000 |     980.92590 |     -36.50000 |     -73.00000 |      41.80819 |     140.86403 |      -0.20000 |       0.20000 | 
     79.10284 |      79.05048 |      80.18810 |      80.17334 |      91.02992 |      92.27882 |      92.27882 |      29.92000 |      14.88600 |       0.00000 |       0.00000 |       0.00000 |       0.00000 |       0.00000 |       2.40764 |      -1.33558 |     260.65253 |      -1.09911 |      -0.72028 |     -36.83966 |     -73.39435 |     986.75671 |     983.63452 |       0.00000 |     979.48444 |     -36.50000 |     -73.00000 |      42.36309 |     140.81935 |      -0.20000 |       0.20000 | 
     78.98111 |      79.01795 |      80.15169 |      80.13277 |      90.88984 |      92.23692 |      92.23692 |      29.92000 |      14.88600 |       0.00000 |       0.00000 |       0.00000 |       0.00000 |       0.00000 |       2.73107 |      -1.29643 |     260.28705 |      -1.24479 |      -0.73311 |     -36.83972 |     -73.39481 |     983.85834 |     980.71930 |       0.00000 |     977.37506 |     -36.50000 |     -73.00000 |      42.35813 |     140.61821 |      -0.20000 |       0.20000 | 
     78.89593 |      78.89284 |      80.02169 |      80.01122 |      90.79182 |      92.08732 |      92.08733 |      29.92000 |      14.88600 |       0.00000 |       0.00000 |       0.00000 |       0.00000 |       0.00000 |       2.92092 |      -1.46308 |     260.15033 |      -0.92688 |      -0.75369 |     -36.83978 |     -73.39526 |     981.24609 |     978.08942 |       0.00000 |     974.71387 |     -36.50000 |     -73.00000 |      42.42842 |     141.02522 |      -0.20000 |       0.20000 | 
     78.72763 |      78.58689 |      79.70956 |      79.70786 |      90.59814 |      91.72813 |      91.72813 |      29.92000 |      14.88600 |       0.00000 |       0.00000 |       0.00000 |       0.00000 |       0.00000 |       2.98086 |      -1.57421 |     260.24982 |      -0.37429 |      -0.79274 |     -36.83984 |     -73.39571 |     979.71686 |     976.54156 |       0.00000 |     972.30688 |     -36.50000 |     -73.00000 |      42.34112 |     141.77377 |      -0.20000 |       0.20000 | 
     78.41174 |      78.11581 |      79.23142 |      79.23119 |      90.23462 |      91.17789 |      91.17789 |      29.92000 |      14.88600 |       0.00000 |       0.00000 |       0.00000 |       0.00000 |       0.00000 |       3.01451 |      -1.57476 |     260.60706 |       0.13947 |      -0.81610 |     -36.83990 |     -73.39617 |     979.44147 |     976.24683 |       0.00000 |     970.86279 |     -36.50000 |     -73.00000 |      42.96015 |     143.48180 |      -0.20000 |       0.20000 | 
     77.99994 |      77.78942 |      78.90037 |      78.89429 |      89.76073 |      90.79692 |      90.79693 |      29.92000 |      14.88600 |       0.00000 |       0.00000 |       0.00000 |       0.00000 |       0.00000 |       1.68226 |      -1.36692 |     261.03912 |      -0.71201 |      -0.81917 |     -36.83996 |     -73.39662 |     979.43066 |     976.21576 |       0.00000 |     970.50702 |     -36.50000 |     -73.00000 |      42.87299 |     143.74492 |      -0.20000 |       0.20000 | 
     77.81243 |      77.89594 |      79.00459 |      78.98126 |      89.54495 |      90.91685 |      90.91685 |      29.92000 |      14.88600 |       0.00000 |       0.00000 |       0.00000 |       0.00000 |       0.00000 |       3.28124 |      -1.21582 |     261.43997 |      -1.39197 |      -0.74927 |     -36.84002 |     -73.39707 |     976.16455 |     972.92816 |       0.00000 |     969.54718 |     -36.50000 |     -73.00000 |      42.96204 |     144.13777 |      -0.20000 |       0.20000 | 
     77.70741 |      77.63139 |      78.73388 |      78.73229 |      89.42410 |      90.60533 |      90.60534 |      29.92000 |      14.88600 |       0.00000 |       0.00000 |       0.00000 |       0.00000 |       0.00000 |       3.42104 |      -1.40356 |     261.91544 |      -0.36474 |      -0.70743 |     -36.84007 |     -73.39752 |     974.10522 |     970.84637 |       0.00000 |     967.06934 |     -36.50000 |     -73.00000 |      42.95895 |     145.25285 |      -0.20000 |       0.20000 | 
     77.39283 |      77.01105 |      78.10521 |      78.09844 |      89.06208 |      89.88187 |      89.88187 |      29.92000 |      14.88600 |       0.00000 |       0.00000 |       0.00000 |       0.00000 |       0.00000 |       3.56895 |      -1.45227 |     262.38519 |       0.75381 |      -0.71026 |     -36.84012 |     -73.39797 |     974.52924 |     971.24719 |       0.00000 |     965.46808 |     -36.50000 |     -73.00000 |      43.49635 |     147.55481 |      -0.20000 |       0.20000 | 
     76.78902 |      76.22289 |      77.30881 |      77.29762 |      88.36723 |      88.96539 |      88.96540 |      29.92000 |      14.88600 |       0.00000 |       0.00000 |       0.00000 |       0.00000 |       0.00000 |       2.08065 |      -1.39290 |     262.81912 |       0.97471 |      -0.70570 |     -36.84016 |     -73.39841 |     977.11713 |     973.81104 |       0.00000 |     965.98151 |     -36.50000 |     -73.00000 |      43.46919 |     149.86369 |      -0.20000 |       0.20000 | 
     76.23078 |      75.98352 |      77.06622 |      77.06364 |      87.72482 |      88.68622 |      88.68622 |      29.92000 |      14.88600 |       0.00000 |       0.00000 |       0.00000 |       0.00000 |       0.00000 |       2.83895 |      -1.47054 |     263.16736 |      -0.46749 |      -0.73934 |     -36.84021 |     -73.39886 |     977.26782 |     973.93677 |       0.00000 |     967.59741 |     -36.50000 |     -73.00000 |      43.37001 |     149.97955 |      -0.20000 |       0.20000 | 
     75.91351 |      75.85246 |      76.93154 |      76.92553 |      87.35970 |      88.53123 |      88.53124 |      29.92000 |      14.88600 |       0.00000 |       0.00000 |       0.00000 |       0.00000 |       0.00000 |       3.14745 |      -1.44725 |     263.54755 |      -0.71652 |      -0.73897 |     -36.84025 |     -73.39930 |     975.73535 |     972.37848 |       0.00000 |     967.65631 |     -36.50000 |     -73.00000 |      43.42517 |     149.77580 |      -0.20000 |       0.20000 | 
     75.76196 |      75.85572 |      76.93232 |      76.91424 |      87.18530 |      88.53214 |      88.53214 |      29.92000 |      14.88600 |       0.00000 |       0.00000 |       0.00000 |       0.00000 |       0.00000 |       3.27649 |      -1.29065 |     263.82449 |      -1.24225 |      -0.71054 |     -36.84029 |     -73.39974 |     973.50787 |     970.12427 |       0.00000 |     966.39740 |     -36.50000 |     -73.00000 |      43.99731 |     150.19464 |      -0.20000 |       0.20000 | 
     75.69213 |      75.74141 |      76.81384 |      76.80787 |      87.10495 |      88.39580 |      88.39579 |      29.92000 |      14.88600 |       0.00000 |       0.00000 |       0.00000 |       0.00000 |       0.00000 |       3.43579 |      -1.29611 |     264.03665 |      -0.71440 |      -0.66264 |     -36.84033 |     -73.40018 |     971.27582 |     967.89160 |       0.00000 |     964.26575 |     -36.50000 |     -73.00000 |      43.39414 |     151.70386 |      -0.20000 |       0.20000 | 
     75.55241 |      75.47034 |      76.53760 |      76.53655 |      86.94416 |      88.07790 |      88.07791 |      29.92000 |      14.88600 |       0.00000 |       0.00000 |       0.00000 |       0.00000 |       0.00000 |       3.64433 |      -1.39232 |     264.13535 |      -0.29999 |      -0.65810 |     -36.84036 |     -73.40063 |     970.09320 |     966.74042 |       0.00000 |     962.32397 |     -36.50000 |     -73.00000 |      42.81111 |     148.87436 |      -0.20000 |       0.20000 | 
     75.21838 |      74.86437 |      75.92355 |      75.91691 |      86.55978 |      87.37126 |      87.37126 |      29.92000 |      14.88600 |       0.00000 |       0.00000 |       0.00000 |       0.00000 |       0.00000 |       3.97340 |      -1.41291 |     264.20529 |       0.75747 |      -0.66030 |     -36.84040 |     -73.40106 |     970.53223 |     967.21021 |       0.00000 |     961.27063 |     -36.50000 |     -73.00000 |      42.75469 |     149.97107 |      -0.20000 |       0.20000 | 
     74.59016 |      73.92740 |      74.97643 |      74.94170 |      85.83683 |      86.28134 |      86.28134 |      29.92000 |      14.88600 |       0.00000 |       0.00000 |       0.00000 |       0.00000 |       0.00000 |       4.04053 |      -1.38743 |     264.26245 |       1.74406 |      -0.65264 |     -36.84044 |     -73.40150 |     973.34070 |     970.04810 |       0.00000 |     961.93219 |     -36.50000 |     -73.00000 |      42.67983 |     151.90797 |      -0.20000 |       0.20000 | 
     73.68629 |      72.83365 |      73.87203 |      73.82204 |      84.79667 |      85.01042 |      85.01041 |      29.92000 |      14.88600 |       0.00000 |       0.00000 |       0.00000 |       0.00000 |       0.00000 |       3.61337 |      -1.37980 |     264.25778 |       2.10786 |      -0.64214 |     -36.84047 |     -73.40192 |     977.80225 |     974.53772 |       0.00000 |     964.65961 |     -36.50000 |     -73.00000 |      42.58259 |     153.56619 |      -0.20000 |       0.20000 | 
     72.69144 |      71.91065 |      72.94023 |      72.91141 |      83.65182 |      83.93812 |      83.93814 |      29.92000 |      14.88600 |       0.00000 |       0.00000 |       0.00000 |       0.00000 |       0.00000 |       3.69207 |      -1.44897 |     264.14832 |       1.61113 |      -0.65107 |     -36.84050 |     -73.40234 |     981.83832 |     978.60101 |       0.00000 |     968.67566 |     -36.50000 |     -73.00000 |      42.41360 |     154.55841 |      -0.20000 |       0.20000 | 
     71.78458 |      71.19162 |      72.21387 |      72.20383 |      82.60822 |      83.10224 |      83.10224 |      29.92000 |      14.88600 |       0.00000 |       0.00000 |       0.00000 |       0.00000 |       0.00000 |       3.77224 |      -1.45058 |     263.92596 |       0.95556 |      -0.66326 |     -36.84054 |     -73.40276 |     984.61945 |     981.40845 |       0.00000 |     972.45990 |     -36.50000 |     -73.00000 |      42.94823 |     155.41656 |      -0.20000 |       0.20000 | 
     71.07560 |      70.71786 |      71.73463 |      71.73409 |      81.79234 |      82.55074 |      82.55075 |      29.92000 |      14.88600 |       0.00000 |       0.00000 |       0.00000 |       0.00000 |       0.00000 |       3.85609 |      -1.42340 |     263.59875 |       0.22558 |      -0.66234 |     -36.84057 |     -73.40318 |     985.87311 |     982.68744 |       0.00000 |     975.11957 |     -36.50000 |     -73.00000 |      37.96268 |     151.32703 |      -0.20000 |       0.20000 | 
     70.57437 |      70.37353 |      71.38493 |      71.38068 |      81.21554 |      82.14832 |      82.14832 |      29.92000 |      14.88600 |       0.00000 |       0.00000 |       0.00000 |       0.00000 |       0.00000 |       3.85463 |      -1.34288 |     263.16605 |      -0.62508 |      -0.65879 |     -36.84061 |     -73.40359 |     985.48145 |     982.32031 |       0.00000 |     976.32928 |     -36.50000 |     -73.00000 |      34.29097 |     132.18806 |      -0.20000 |       0.20000 | 
     70.25001 |      70.26014 |      71.26749 |      71.23883 |      80.84227 |      82.01317 |      82.01317 |      29.92000 |      14.88600 |       0.00000 |       0.00000 |       0.00000 |       0.00000 |       0.00000 |       3.72933 |      -1.20243 |     262.65326 |      -1.62494 |      -0.63336 |     -36.84065 |     -73.40399 |     983.16797 |     980.03046 |       0.00000 |     975.87946 |     -36.50000 |     -73.00000 |      31.01615 |     122.39201 |      -0.20000 |       0.20000 | 
     70.16264 |      70.44596 |      71.45097 |      71.36900 |      80.74173 |      82.22430 |      82.22430 |      29.92000 |      14.88600 |       0.00000 |       0.00000 |       0.00000 |       0.00000 |       0.00000 |       4.09939 |      -1.16754 |     262.07074 |      -2.74472 |      -0.60845 |     -36.84069 |     -73.40440 |     978.41309 |     975.29877 |       0.00000 |     973.43549 |     -36.50000 |     -73.00000 |      30.85383 |     114.79912 |      -0.20000 |       0.20000 | 
     70.28263 |      70.71985 |      71.72222 |      71.61809 |      80.87981 |      82.53646 |      82.53646 |      29.92000 |      14.88600 |       0.00000 |       0.00000 |       0.00000 |       0.00000 |       0.00000 |       4.16719 |      -1.15957 |     261.43265 |      -3.08783 |      -0.58962 |     -36.84074 |     -73.40481 |     972.24969 |     969.15808 |       0.00000 |     968.84583 |     -36.50000 |     -73.00000 |      30.83080 |     112.83676 |      -0.20000 |       0.20000 | 
     70.53570 |      71.05739 |      72.05727 |      71.94041 |      81.17104 |      82.92204 |      82.92204 |      29.92000 |      14.88600 |       0.00000 |       0.00000 |       0.00000 |       0.00000 |       0.00000 |       4.31006 |      -1.12631 |     260.76013 |      -3.26366 |      -0.57450 |     -36.84079 |     -73.40522 |     965.42169 |     962.35242 |       0.00000 |     962.84735 |     -36.50000 |     -73.00000 |      30.84974 |     112.01850 |      -0.20000 |       0.20000 | 
     70.82963 |      71.32150 |      72.31791 |      72.21652 |      81.50928 |      83.22197 |      83.22198 |      29.92000 |      14.88600 |       0.00000 |       0.00000 |       0.00000 |       0.00000 |       0.00000 |       4.44981 |      -1.10036 |     260.06601 |      -3.03449 |      -0.55635 |     -36.84085 |     -73.40562 |     958.68939 |     955.64197 |       0.00000 |     956.22314 |     -36.50000 |     -73.00000 |      30.93632 |     111.78599 |      -0.20000 |       0.20000 | 
     71.03519 |      71.34163 |      72.33223 |      72.27782 |      81.74583 |      83.23845 |      83.23845 |      29.92000 |      14.88600 |       0.00000 |       0.00000 |       0.00000 |       0.00000 |       0.00000 |       4.78611 |      -1.13010 |     259.34442 |      -2.22256 |      -0.53899 |     -36.84091 |     -73.40604 |     952.98944 |     949.96344 |       0.00000 |     949.70264 |     -36.50000 |     -73.00000 |      30.89759 |     112.43636 |      -0.20000 |       0.20000 | 
     70.99377 |      70.98698 |      71.96891 |      71.95551 |      81.69818 |      82.82034 |      82.82034 |      29.92000 |      14.88600 |       0.00000 |       0.00000 |       0.00000 |       0.00000 |       0.00000 |       4.71028 |      -1.25751 |     258.64764 |      -1.10546 |      -0.54696 |     -36.84097 |     -73.40645 |     949.46619 |     946.46112 |       0.00000 |     944.29950 |     -36.50000 |     -73.00000 |      31.39540 |     114.03213 |      -0.20000 |       0.20000 | 
     70.70500 |      70.54740 |      71.52113 |      71.51180 |      81.36587 |      82.30505 |      82.30505 |      29.92000 |      14.88600 |       0.00000 |       0.00000 |       0.00000 |       0.00000 |       0.00000 |       4.28542 |      -1.23827 |     257.99298 |      -0.92616 |      -0.56986 |     -36.84104 |     -73.40685 |     947.45782 |     944.47302 |       0.00000 |     940.76715 |     -36.50000 |     -73.00000 |      31.45579 |     115.65843 |      -0.20000 |       0.20000 | 
     70.36586 |      70.31211 |      71.27992 |      71.25160 |      80.97559 |      82.02747 |      82.02746 |      29.92000 |      14.88600 |       0.00000 |       0.00000 |       0.00000 |       0.00000 |       0.00000 |       3.89539 |      -1.16992 |     257.36700 |      -1.61490 |      -0.57461 |     -36.84111 |     -73.40726 |     944.92322 |     941.95831 |       0.00000 |     938.32141 |     -36.50000 |     -73.00000 |      31.44183 |     115.63437 |      -0.20000 |       0.20000 | 
     70.17136 |      70.28445 |      71.24753 |      71.20319 |      80.75176 |      81.99020 |      81.99020 |      29.92000 |      14.88600 |       0.00000 |       0.00000 |       0.00000 |       0.00000 |       0.00000 |       4.66633 |      -1.22360 |     256.74933 |      -2.02148 |      -0.57289 |     -36.84119 |     -73.40765 |     940.79504 |     937.84912 |       0.00000 |     935.41345 |     -36.50000 |     -73.00000 |      31.37441 |     115.46014 |      -0.20000 |       0.20000 | 
     70.01907 |      70.07940 |      71.03570 |      71.00876 |      80.57652 |      81.74643 |      81.74642 |      29.92000 |      14.88600 |       0.00000 |       0.00000 |       0.00000 |       0.00000 |       0.00000 |       4.74296 |      -1.34832 |     256.14453 |      -1.57782 |      -0.58407 |     -36.84126 |     -73.40806 |     937.01050 |     934.08319 |       0.00000 |     931.61169 |     -36.50000 |     -73.00000 |      29.36691 |     114.14867 |      -0.20000 |       0.20000 | 
     69.71482 |      69.68136 |      70.62919 |      70.61284 |      80.22639 |      81.27862 |      81.27863 |      29.92000 |      14.88600 |       0.00000 |       0.00000 |       0.00000 |       0.00000 |       0.00000 |       4.76761 |      -1.37663 |     255.59930 |      -1.23315 |      -0.60835 |     -36.84134 |     -73.40845 |     934.09814 |     931.18872 |       0.00000 |     928.03082 |     -36.50000 |     -73.00000 |      25.27303 |     100.77690 |      -0.20000 |       0.20000 | 
     69.18482 |      69.10661 |      70.04424 |      70.03447 |      79.61647 |      80.60548 |      80.60548 |      29.92000 |      14.88600 |       0.00000 |       0.00000 |       0.00000 |       0.00000 |       0.00000 |       4.95326 |      -1.38997 |     255.18930 |      -0.95722 |      -0.62277 |     -36.84142 |     -73.40884 |     931.80280 |     928.91095 |       0.00000 |     925.09991 |     -36.50000 |     -73.00000 |      25.53391 |      96.45024 |      -0.20000 |       0.20000 | 
     68.44637 |      68.43742 |      69.36423 |      69.35857 |      78.76669 |      79.82294 |      79.82293 |      29.92000 |      14.88600 |       0.00000 |       0.00000 |       0.00000 |       0.00000 |       0.00000 |       5.05704 |      -1.47443 |     254.97531 |      -0.73131 |      -0.63884 |     -36.84151 |     -73.40923 |     930.09741 |     927.22205 |       0.00000 |     922.80817 |     -36.50000 |     -73.00000 |      25.01649 |      97.25410 |      -0.20000 |       0.20000 | 
     67.57587 |      67.71178 |      68.62741 |      68.62349 |      77.76492 |      78.97502 |      78.97502 |      29.92000 |      14.88600 |       0.00000 |       0.00000 |       0.00000 |       0.00000 |       0.00000 |       5.16445 |      -1.57585 |     254.95660 |      -0.61267 |      -0.66185 |     -36.84159 |     -73.40962 |     928.75629 |     925.89661 |       0.00000 |     921.05634 |     -36.50000 |     -73.00000 |      24.92825 |      96.66296 |      -0.20000 |       0.20000 | 
     66.63692 |      66.97171 |      67.87602 |      67.87053 |      76.68440 |      78.11033 |      78.11033 |      29.92000 |      14.88600 |       0.00000 |       0.00000 |       0.00000 |       0.00000 |       0.00000 |       5.22870 |      -1.66268 |     255.14601 |      -0.72837 |      -0.69030 |     -36.84167 |     -73.41000 |     927.44775 |     924.60303 |       0.00000 |     919.64160 |     -36.50000 |     -73.00000 |      20.20445 |      86.03183 |      -0.20000 |       0.20000 | 
     65.66431 |      66.22691 |      67.11940 |      67.10725 |      75.56515 |      77.23963 |      77.23964 |      29.92000 |      14.88600 |       0.00000 |       0.00000 |       0.00000 |       0.00000 |       0.00000 |       5.31097 |      -1.66759 |     255.56259 |      -1.09111 |      -0.71381 |     -36.84175 |     -73.41038 |     925.67688 |     922.84619 |       0.00000 |     918.21735 |     -36.50000 |     -73.00000 |      19.47937 |      77.30177 |      -0.20000 |       0.20000 | 
     64.73766 |      65.65760 |      66.53978 |      66.51279 |      74.49876 |      76.57262 |      76.57262 |      29.92000 |      14.88600 |       0.00000 |       0.00000 |       0.00000 |       0.00000 |       0.00000 |       5.61604 |      -1.54658 |     256.19553 |      -1.63201 |      -0.70906 |     -36.84182 |     -73.41075 |     922.98621 |     920.16864 |       0.00000 |     916.33722 |     -36.50000 |     -73.00000 |      22.66841 |      85.72355 |      -0.20000 |       0.20000 | 
     63.93953 |      65.15223 |      66.02444 |      65.99687 |      73.58029 |      75.97958 |      75.97958 |      29.92000 |      14.88600 |       0.00000 |       0.00000 |       0.00000 |       0.00000 |       0.00000 |       5.93327 |      -1.28786 |     256.93591 |      -1.65579 |      -0.64190 |     -36.84190 |     -73.41113 |     919.71515 |     916.90997 |       0.00000 |     913.64331 |     -36.50000 |     -73.00000 |      23.13060 |      90.31835 |      -0.20000 |       0.20000 | 
     63.22465 |      64.62251 |      65.48462 |      65.46168 |      72.75763 |      75.35835 |      75.35836 |      29.92000 |      14.88600 |       0.00000 |       0.00000 |       0.00000 |       0.00000 |       0.00000 |       6.23460 |      -1.53142 |     257.79382 |      -1.51697 |      -0.60226 |     -36.84196 |     -73.41149 |     916.60229 |     913.80841 |       0.00000 |     910.56122 |     -36.50000 |     -73.00000 |      23.62844 |      92.70331 |      -0.20000 |       0.20000 | 
     62.49747 |      64.10129 |      64.95370 |      64.92574 |      71.92080 |      74.74739 |      74.74738 |      29.92000 |      14.88600 |       0.00000 |       0.00000 |       0.00000 |       0.00000 |       0.00000 |       5.73687 |      -1.75121 |     258.67499 |      -1.68110 |      -0.63380 |     -36.84203 |     -73.41186 |     913.74878 |     910.96552 |       0.00000 |     907.52698 |     -36.50000 |     -73.00000 |      23.64324 |      94.68436 |      -0.20000 |       0.20000 | 
     61.87293 |      63.70781 |      64.55152 |      64.51955 |      71.20210 |      74.28457 |      74.28458 |      29.92000 |      14.88600 |       0.00000 |       0.00000 |       0.00000 |       0.00000 |       0.00000 |       6.81815 |      -1.66547 |     259.56580 |      -1.80356 |      -0.64640 |     -36.84208 |     -73.41223 |     910.09283 |     907.31921 |       0.00000 |     904.40002 |     -36.50000 |     -73.00000 |      24.54786 |      97.63703 |      -0.20000 |       0.20000 | 
     61.18760 |      63.11917 |      63.95243 |      63.93282 |      70.41344 |      73.59514 |      73.59514 |      29.92000 |      14.88600 |       0.00000 |       0.00000 |       0.00000 |       0.00000 |       0.00000 |       6.21858 |      -1.50185 |     260.52383 |      -1.41890 |      -0.62150 |     -36.84213 |     -73.41259 |     907.28235 |     904.51758 |       0.00000 |     901.08722 |     -36.50000 |     -73.00000 |      25.02368 |     100.43583 |      -0.20000 |       0.20000 | 
     60.60076 |      62.81337 |      63.63940 |      63.59631 |      69.73811 |      73.23492 |      73.23492 |      29.92000 |      14.88600 |       0.00000 |       0.00000 |       0.00000 |       0.00000 |       0.00000 |       6.53301 |      -1.14946 |     261.21912 |      -2.10877 |      -0.53948 |     -36.84218 |     -73.41296 |     903.87830 |     901.12152 |       0.00000 |     898.06158 |     -36.50000 |     -73.00000 |      25.51084 |     103.03857 |      -0.20000 |       0.20000 | 
     60.09156 |      62.44962 |      63.26729 |      63.23396 |      69.15214 |      72.80670 |      72.80671 |      29.92000 |      14.88600 |       0.00000 |       0.00000 |       0.00000 |       0.00000 |       0.00000 |       7.03259 |      -1.59224 |     261.95270 |      -1.86031 |      -0.52115 |     -36.84222 |     -73.41332 |     900.06049 |     897.31091 |       0.00000 |     894.57965 |     -36.50000 |     -73.00000 |      25.96215 |     106.42003 |      -0.20000 |       0.20000 | 
     59.53007 |      61.97570 |      62.78427 |      62.76062 |      68.50598 |      72.25085 |      72.25084 |      29.92000 |      14.88600 |       0.00000 |       0.00000 |       0.00000 |       0.00000 |       0.00000 |       7.06423 |      -1.91600 |     262.61465 |      -1.57219 |      -0.58680 |     -36.84226 |     -73.41368 |     896.92053 |     894.17749 |       0.00000 |     891.03632 |     -36.50000 |     -73.00000 |      26.48395 |     108.90274 |      -0.20000 |       0.20000 | 
     58.92118 |      61.50460 |      62.30441 |      62.28074 |      67.80528 |      71.69864 |      71.69864 |      29.92000 |      14.88600 |       0.00000 |       0.00000 |       0.00000 |       0.00000 |       0.00000 |       7.01242 |      -1.46021 |     263.07916 |      -1.57931 |      -0.59231 |     -36.84230 |     -73.41404 |     894.07867 |     891.34137 |       0.00000 |     887.86963 |     -36.50000 |     -73.00000 |      26.49141 |     110.59450 |      -0.20000 |       0.20000 | 
     58.30359 |      61.00277 |      61.79344 |      61.77435 |      67.09457 |      71.11062 |      71.11062 |      29.92000 |      14.88600 |       0.00000 |       0.00000 |       0.00000 |       0.00000 |       0.00000 |       7.55705 |      -1.38239 |     263.50201 |      -1.42396 |      -0.53848 |     -36.84233 |     -73.41440 |     891.21167 |     888.47955 |       0.00000 |     884.91339 |     -36.50000 |     -73.00000 |      26.88493 |     112.76163 |      -0.20000 |       0.20000 | 
     57.53957 |      60.30038 |      61.07999 |      61.07236 |      66.21535 |      70.28960 |      70.28960 |      29.92000 |      14.88600 |       0.00000 |       0.00000 |       0.00000 |       0.00000 |       0.00000 |       8.07650 |      -1.73612 |     263.91107 |      -0.90567 |      -0.54768 |     -36.84236 |     -73.41475 |     889.03094 |     886.30328 |       0.00000 |     882.17505 |     -36.50000 |     -73.00000 |      26.91516 |     115.14729 |      -0.20000 |       0.20000 | 
     56.52538 |      59.33623 |      60.10254 |      60.10225 |      65.04824 |      69.16477 |      69.16477 |      29.92000 |      14.88600 |       0.00000 |       0.00000 |       0.00000 |       0.00000 |       0.00000 |       8.37315 |      -1.94454 |     264.24738 |      -0.17736 |      -0.59514 |     -36.84239 |     -73.41509 |     888.09558 |     885.37170 |       0.00000 |     880.16736 |     -36.50000 |     -73.00000 |      27.32808 |     118.22898 |      -0.20000 |       0.20000 | 
     55.26556 |      58.35316 |      59.10674 |      59.10640 |      63.59847 |      68.01882 |      68.01881 |      29.92000 |      14.88600 |       0.00000 |       0.00000 |       0.00000 |       0.00000 |       0.00000 |       7.52259 |      -1.94630 |     264.51724 |      -0.19141 |      -0.63062 |     -36.84242 |     -73.41544 |     888.05487 |     885.33429 |       0.00000 |     879.21460 |     -36.50000 |     -73.00000 |      32.75551 |     136.00858 |      -0.20000 |       0.20000 | 
     54.29343 |      57.96719 |      58.71442 |      58.69090 |      62.47977 |      67.56736 |      67.56736 |      29.92000 |      14.88600 |       0.00000 |       0.00000 |       0.00000 |       0.00000 |       0.00000 |       7.51861 |      -2.01674 |     264.68375 |      -1.62184 |      -0.66144 |     -36.84244 |     -73.41578 |     886.48566 |     883.76752 |       0.00000 |     878.68286 |     -36.50000 |     -73.00000 |      32.24567 |     133.52797 |      -0.20000 |       0.20000 | 
     53.79891 |      58.03086 |      58.77554 |      58.70234 |      61.91068 |      67.63769 |      67.63769 |      29.92000 |      14.88600 |       0.00000 |       0.00000 |       0.00000 |       0.00000 |       0.00000 |       7.56112 |      -2.06327 |     264.76166 |      -2.85989 |      -0.68746 |     -36.84247 |     -73.41611 |     882.58777 |     879.87195 |       0.00000 |     876.80988 |     -36.50000 |     -73.00000 |      33.05047 |     141.45215 |      -0.20000 |       0.20000 | 
     53.83356 |      58.40462 |      59.14899 |      59.03385 |      61.95056 |      68.06744 |      68.06744 |      29.92000 |      14.88600 |       0.00000 |       0.00000 |       0.00000 |       0.00000 |       0.00000 |       8.48104 |      -2.03045 |     264.73563 |      -3.57562 |      -0.70110 |     -36.84249 |     -73.41646 |     876.71924 |     874.00482 |       0.00000 |     872.89496 |     -36.50000 |     -73.00000 |      33.09723 |     142.46394 |      -0.20000 |       0.20000 | 
     54.00817 |      58.49049 |      59.23098 |      59.15876 |      62.15149 |      68.16180 |      68.16180 |      29.92000 |      14.88600 |       0.00000 |       0.00000 |       0.00000 |       0.00000 |       0.00000 |       9.06418 |      -1.90629 |     264.62964 |      -2.82957 |      -0.68258 |     -36.84252 |     -73.41679 |     871.03235 |     868.31903 |       0.00000 |     867.44781 |     -36.50000 |     -73.00000 |      33.19840 |     143.33385 |      -0.20000 |       0.20000 | 
     53.89710 |      58.06224 |      58.79406 |      58.77769 |      62.02367 |      67.65900 |      67.65900 |      29.92000 |      14.88600 |       0.00000 |       0.00000 |       0.00000 |       0.00000 |       0.00000 |       9.29141 |      -1.80845 |     264.42609 |      -1.35223 |      -0.64913 |     -36.84254 |     -73.41714 |     867.29315 |     864.58051 |       0.00000 |     862.18817 |     -36.50000 |     -73.00000 |      33.20849 |     145.38228 |      -0.20000 |       0.20000 | 
     53.44845 |      57.51410 |      58.23737 |      58.22720 |      61.50738 |      67.01838 |      67.01838 |      29.92000 |      14.88600 |       0.00000 |       0.00000 |       0.00000 |       0.00000 |       0.00000 |       8.84284 |      -1.72408 |     264.04431 |      -1.07136 |      -0.61847 |     -36.84257 |     -73.41747 |     865.38202 |     862.66968 |       0.00000 |     858.63641 |     -36.50000 |     -73.00000 |      33.18224 |     146.30481 |      -0.20000 |       0.20000 | 
     52.71516 |      56.74271 |      57.45517 |      57.45428 |      60.66353 |      66.11823 |      66.11824 |      29.92000 |      14.88600 |       0.00000 |       0.00000 |       0.00000 |       0.00000 |       0.00000 |       9.88578 |      -1.77178 |     263.46271 |      -0.31927 |      -0.59664 |     -36.84260 |     -73.41781 |     864.05927 |     861.34705 |       0.00000 |     856.40314 |     -36.50000 |     -73.00000 |      34.58306 |     150.35609 |      -0.20000 |       0.20000 | 
     51.58171 |      55.72114 |      56.42093 |      56.41896 |      59.35917 |      64.92805 |      64.92805 |      29.92000 |      14.88600 |       0.00000 |       0.00000 |       0.00000 |       0.00000 |       0.00000 |      10.08463 |      -1.81073 |     262.65363 |       0.47876 |      -0.58335 |     -36.84263 |     -73.41813 |     864.25317 |     861.54065 |       0.00000 |     855.25928 |     -36.50000 |     -73.00000 |      47.78864 |     180.95818 |      -0.20000 |       0.20000 | 
     50.35690 |      54.96290 |      55.65415 |      55.64828 |      57.94969 |      64.04565 |      64.04566 |      29.92000 |      14.88600 |       0.00000 |       0.00000 |       0.00000 |       0.00000 |       0.00000 |       9.67157 |      -2.00425 |     261.51740 |       0.83276 |      -0.57122 |     -36.84267 |     -73.41845 |     865.44958 |     862.73663 |       0.00000 |     855.38843 |     -36.50000 |     -73.00000 |      51.49715 |     226.01952 |      -0.20000 |       0.20000 | 
     49.49712 |      54.56028 |      55.24726 |      55.24674 |      56.96027 |      63.57741 |      63.57741 |      29.92000 |      14.88600 |       0.00000 |       0.00000 |       0.00000 |       0.00000 |       0.00000 |       9.35786 |      -2.34915 |     259.95465 |       0.24645 |      -0.61999 |     -36.84271 |     -73.41876 |     866.42114 |     863.70764 |       0.00000 |     856.33441 |     -36.50000 |     -73.00000 |      50.65437 |     229.76363 |      -0.20000 |       0.20000 | 
     48.89896 |      54.15411 |      54.83590 |      54.83566 |      56.27192 |      63.10403 |      63.10402 |      29.92000 |      14.88600 |       0.00000 |       0.00000 |       0.00000 |       0.00000 |       0.00000 |      10.48710 |      -2.24877 |     257.84296 |      -0.16892 |      -0.68312 |     -36.84276 |     -73.41908 |     866.32477 |     863.61072 |       0.00000 |     857.04108 |     -36.50000 |     -73.00000 |      44.70109 |     200.42538 |      -0.20000 |       0.20000 | 
     48.16801 |      53.58270 |      54.25710 |      54.25676 |      55.43076 |      62.43796 |      62.43796 |      29.92000 |      14.88600 |       0.00000 |       0.00000 |       0.00000 |       0.00000 |       0.00000 |      10.56472 |      -1.61932 |     255.24612 |      -0.20276 |      -0.63791 |     -36.84282 |     -73.41939 |     866.08270 |     863.36804 |       0.00000 |     857.10266 |     -36.50000 |     -73.00000 |      45.80125 |     205.92531 |      -0.20000 |       0.20000 | 
     47.50632 |      53.21036 |      53.87949 |      53.87436 |      54.66930 |      62.00341 |      62.00341 |      29.92000 |      14.88600 |       0.00000 |       0.00000 |       0.00000 |       0.00000 |       0.00000 |      10.49013 |      -1.41640 |     252.25282 |      -0.79042 |      -0.54326 |     -36.84288 |     -73.41969 |     865.35315 |     862.63812 |       0.00000 |     856.83911 |     -36.50000 |     -73.00000 |      45.79540 |     207.33290 |      -0.20000 |       0.20000 | 
     47.02872 |      53.02918 |      53.69464 |      53.67867 |      54.11969 |      61.79069 |      61.79069 |      29.92000 |      14.88600 |       0.00000 |       0.00000 |       0.00000 |       0.00000 |       0.00000 |      10.84475 |      -1.76063 |     248.83983 |      -1.39727 |      -0.53405 |     -36.84297 |     -73.41998 |     863.58716 |     860.87207 |       0.00000 |     855.97418 |     -36.50000 |     -73.00000 |      45.77422 |     207.82909 |      -0.20000 |       0.20000 | 
     46.75507 |      53.05281 |      53.71638 |      53.67928 |      53.80477 |      61.81571 |      61.81571 |      29.92000 |      14.88600 |       0.00000 |       0.00000 |       0.00000 |       0.00000 |       0.00000 |      10.66819 |      -2.66017 |     245.18100 |      -2.12955 |      -0.64709 |     -36.84306 |     -73.42027 |     860.82477 |     858.10986 |       0.00000 |     854.19727 |     -36.50000 |     -73.00000 |      45.76975 |     207.35077 |      -0.20000 |       0.20000 | 
     46.77304 |      53.32718 |      53.99102 |      53.92299 |      53.82545 |      62.13176 |      62.13176 |      29.92000 |      14.88600 |       0.00000 |       0.00000 |       0.00000 |       0.00000 |       0.00000 |      10.62230 |      -3.32451 |     241.48410 |      -2.87663 |      -0.83923 |     -36.84317 |     -73.42054 |     856.84698 |     854.13263 |       0.00000 |     851.38422 |     -36.50000 |     -73.00000 |      45.71970 |     206.51575 |      -0.20000 |       0.20000 | 
     47.06343 |      53.74573 |      54.41078 |      54.32226 |      54.15963 |      62.61481 |      62.61481 |      29.92000 |      14.88600 |       0.00000 |       0.00000 |       0.00000 |       0.00000 |       0.00000 |      11.02652 |      -3.34131 |     237.88287 |      -3.26865 |      -1.00645 |     -36.84330 |     -73.42081 |     851.85852 |     849.14502 |       0.00000 |     847.43219 |     -36.50000 |     -73.00000 |      47.41113 |     206.91904 |      -0.20000 |       0.20000 | 
     47.47172 |      54.07505 |      54.74011 |      54.66782 |      54.62948 |      62.99380 |      62.99380 |      29.92000 |      14.88600 |       0.00000 |       0.00000 |       0.00000 |       0.00000 |       0.00000 |      11.10194 |      -2.22935 |     234.15314 |      -2.94481 |      -0.97739 |     -36.84344 |     -73.42107 |     846.81946 |     844.10712 |       0.00000 |     842.62146 |     -36.50000 |     -73.00000 |      47.66396 |     210.63695 |      -0.20000 |       0.20000 | 
     47.91308 |      54.32167 |      54.98618 |      54.93039 |      55.13739 |      63.27696 |      63.27696 |      29.92000 |      14.88600 |       0.00000 |       0.00000 |       0.00000 |       0.00000 |       0.00000 |      10.50576 |      -2.33486 |     230.59979 |      -2.58121 |      -0.85275 |     -36.84360 |     -73.42132 |     842.38953 |     839.67883 |       0.00000 |     837.74957 |     -36.50000 |     -73.00000 |      47.77060 |     211.57930 |      -0.20000 |       0.20000 | 
     48.31747 |      54.58388 |      55.24821 |      55.19666 |      55.60276 |      63.57851 |      63.57851 |      29.92000 |      14.88600 |       0.00000 |       0.00000 |       0.00000 |       0.00000 |       0.00000 |      10.69300 |      -4.15689 |     227.70317 |      -2.47554 |      -1.02565 |     -36.84377 |     -73.42156 |     838.22504 |     835.51617 |       0.00000 |     833.31305 |     -36.50000 |     -73.00000 |      47.82449 |     211.91013 |      -0.20000 |       0.20000 | 
     48.50748 |      54.67318 |      55.33562 |      55.29994 |      55.82142 |      63.67910 |      63.67910 |      29.92000 |      14.88600 |       0.00000 |       0.00000 |       0.00000 |       0.00000 |       0.00000 |      10.32575 |      -4.93628 |     225.11809 |      -2.05754 |      -1.31504 |     -36.84394 |     -73.42179 |     834.56409 |     831.85730 |       0.00000 |     829.17639 |     -36.50000 |     -73.00000 |      47.27258 |     210.51669 |      -0.20000 |       0.20000 | 
     48.69753 |      54.83360 |      55.49519 |      55.45629 |      56.04012 |      63.86272 |      63.86272 |      29.92000 |      14.88600 |       0.00000 |       0.00000 |       0.00000 |       0.00000 |       0.00000 |       9.80801 |      -4.57366 |     223.33067 |      -2.14532 |      -1.51005 |     -36.84412 |     -73.42201 |     831.14990 |     828.44519 |       0.00000 |     825.48950 |     -36.50000 |     -73.00000 |      47.19768 |     209.28839 |      -0.20000 |       0.20000 | 
     49.07911 |      55.22292 |      55.88594 |      55.82227 |      56.47923 |      64.31240 |      64.31240 |      29.92000 |      14.88600 |       0.00000 |       0.00000 |       0.00000 |       0.00000 |       0.00000 |       9.88450 |      -4.94466 |     222.54414 |      -2.73521 |      -1.57774 |     -36.84431 |     -73.42223 |     827.17981 |     824.47711 |       0.00000 |     821.92719 |     -36.50000 |     -73.00000 |      47.82764 |     208.63922 |      -0.20000 |       0.20000 | 
     49.30193 |      55.30085 |      55.96169 |      55.93164 |      56.73565 |      64.39957 |      64.39957 |      29.92000 |      14.88600 |       0.00000 |       0.00000 |       0.00000 |       0.00000 |       0.00000 |       9.67081 |      -5.53714 |     222.96573 |      -1.87761 |      -1.72408 |     -36.84450 |     -73.42245 |     823.39899 |     820.69788 |       0.00000 |     817.98834 |     -36.50000 |     -73.00000 |      49.01574 |     211.54121 |      -0.20000 |       0.20000 | 
     49.60467 |      55.57756 |      56.23880 |      56.19976 |      57.08403 |      64.71847 |      64.71847 |      29.92000 |      14.88600 |       0.00000 |       0.00000 |       0.00000 |       0.00000 |       0.00000 |      10.28534 |      -4.71505 |     223.95016 |      -2.13521 |      -1.75082 |     -36.84469 |     -73.42268 |     819.88483 |     817.18469 |       0.00000 |     814.32715 |     -36.50000 |     -73.00000 |      49.16453 |     213.71474 |      -0.20000 |       0.20000 | 
     49.86629 |      55.61140 |      56.27072 |      56.24928 |      57.38511 |      64.75519 |      64.75519 |      29.92000 |      14.88600 |       0.00000 |       0.00000 |       0.00000 |       0.00000 |       0.00000 |       9.02517 |      -2.64576 |     225.27615 |      -1.58137 |      -1.47709 |     -36.84488 |     -73.42290 |     817.07770 |     814.37793 |       0.00000 |     810.88623 |     -36.50000 |     -73.00000 |      48.67251 |     212.08412 |      -0.20000 |       0.20000 | 
     50.29996 |      55.89824 |      56.55835 |      56.52669 |      57.88417 |      65.08619 |      65.08618 |      29.92000 |      14.88600 |       0.00000 |       0.00000 |       0.00000 |       0.00000 |       0.00000 |      10.08144 |      -2.19758 |     226.51082 |      -1.91705 |      -1.08639 |     -36.84506 |     -73.42313 |     813.92682 |     811.22668 |       0.00000 |     807.89386 |     -36.50000 |     -73.00000 |      46.03150 |     211.62630 |      -0.20000 |       0.20000 | 
     50.27370 |      55.52638 |      56.18041 |      56.17882 |      57.85394 |      64.65126 |      64.65125 |      29.92000 |      14.88600 |       0.00000 |       0.00000 |       0.00000 |       0.00000 |       0.00000 |      10.97617 |      -3.70188 |     228.02945 |      -0.42995 |      -1.03582 |     -36.84523 |     -73.42338 |     811.89478 |     809.19360 |       0.00000 |     804.93707 |     -36.50000 |     -73.00000 |      55.69552 |     219.06480 |      -0.20000 |       0.20000 | 
     49.63208 |      54.73209 |      55.37716 |      55.36928 |      57.11557 |      63.72690 |      63.72690 |      29.92000 |      14.88600 |       0.00000 |       0.00000 |       0.00000 |       0.00000 |       0.00000 |      11.14947 |      -4.61421 |     229.50650 |       0.96652 |      -1.19142 |     -36.84541 |     -73.42361 |     812.38922 |     809.68640 |       0.00000 |     803.29132 |     -36.50000 |     -73.00000 |      38.67394 |     200.37712 |      -0.20000 |       0.20000 | 
     48.46527 |      53.44371 |      54.07531 |      54.06134 |      55.77284 |      62.22876 |      62.22876 |      29.92000 |      14.88600 |       0.00000 |       0.00000 |       0.00000 |       0.00000 |       0.00000 |       9.71828 |      -5.15062 |     231.24306 |       1.30277 |      -1.36697 |     -36.84557 |     -73.42386 |     814.54822 |     811.84296 |       0.00000 |     803.72559 |     -36.50000 |     -73.00000 |      37.88577 |     181.54807 |      -0.20000 |       0.20000 | 
     47.38327 |      53.02760 |      53.65436 |      53.63712 |      54.52769 |      61.74434 |      61.74434 |      29.92000 |      14.88600 |       0.00000 |       0.00000 |       0.00000 |       0.00000 |       0.00000 |       8.83839 |      -5.96193 |     233.52875 |      -1.45267 |      -1.67515 |     -36.84572 |     -73.42410 |     814.62531 |     811.91699 |       0.00000 |     805.16339 |     -36.50000 |     -73.00000 |      38.09899 |     176.96202 |      -0.20000 |       0.20000 | 
     46.88111 |      53.23384 |      53.85981 |      53.77923 |      53.94982 |      61.98076 |      61.98076 |      29.92000 |      14.88600 |       0.00000 |       0.00000 |       0.00000 |       0.00000 |       0.00000 |      11.21574 |      -4.56799 |     236.35855 |      -3.13446 |      -1.70458 |     -36.84586 |     -73.42436 |     810.54773 |     807.83527 |       0.00000 |     804.51233 |     -36.50000 |     -73.00000 |      38.02863 |     176.21796 |      -0.20000 |       0.20000 | 
     46.73199 |      53.29519 |      53.91793 |      53.83688 |      53.77822 |      62.04765 |      62.04765 |      29.92000 |      14.88600 |       0.00000 |       0.00000 |       0.00000 |       0.00000 |       0.00000 |      11.34082 |      -3.54148 |     239.99374 |      -3.14187 |      -1.46849 |     -36.84599 |     -73.42462 |     805.56769 |     802.85010 |       0.00000 |     800.99365 |     -36.50000 |     -73.00000 |      38.53869 |     176.59659 |      -0.20000 |       0.20000 | 
     46.85055 |      53.48870 |      54.10954 |      54.00798 |      53.91465 |      62.26815 |      62.26815 |      29.92000 |      14.88600 |       0.00000 |       0.00000 |       0.00000 |       0.00000 |       0.00000 |      10.86262 |      -3.82878 |     243.98143 |      -3.51104 |      -1.31154 |     -36.84611 |     -73.42490 |     800.34222 |     797.61841 |       0.00000 |     796.31586 |     -36.50000 |     -73.00000 |      39.10850 |     177.07314 |      -0.20000 |       0.20000 | 
     47.19621 |      53.90741 |      54.52826 |      54.39466 |      54.31243 |      62.75000 |      62.75000 |      29.92000 |      14.88600 |       0.00000 |       0.00000 |       0.00000 |       0.00000 |       0.00000 |      10.34203 |      -3.34718 |     247.79462 |      -4.01156 |      -1.22823 |     -36.84621 |     -73.42519 |     794.29932 |     791.56793 |       0.00000 |     790.98572 |     -36.50000 |     -73.00000 |      39.22809 |     177.29750 |      -0.20000 |       0.20000 | 
     47.94383 |      54.64907 |      55.27267 |      55.08849 |      55.17278 |      63.60666 |      63.60666 |      29.92000 |      14.88600 |       0.00000 |       0.00000 |       0.00000 |       0.00000 |       0.00000 |      10.13847 |      -2.05014 |     250.89342 |      -4.67870 |      -0.95865 |     -36.84630 |     -73.42548 |     787.16895 |     784.42889 |       0.00000 |     784.86688 |     -36.50000 |     -73.00000 |      39.32718 |     175.85561 |      -0.20000 |       0.20000 | 
     48.95417 |      55.51701 |      56.14399 |      55.92952 |      56.33545 |      64.60936 |      64.60935 |      29.92000 |      14.88600 |       0.00000 |       0.00000 |       0.00000 |       0.00000 |       0.00000 |       9.33357 |      -1.80592 |     253.62367 |      -5.00968 |      -0.73981 |     -36.84638 |     -73.42579 |     779.26941 |     776.51965 |       0.00000 |     777.77679 |     -36.50000 |     -73.00000 |      39.43282 |     173.72952 |      -0.20000 |       0.20000 | 
     50.09797 |      56.32825 |      56.95742 |      56.78139 |      57.65171 |      65.54543 |      65.54543 |      29.92000 |      14.88600 |       0.00000 |       0.00000 |       0.00000 |       0.00000 |       0.00000 |      10.51015 |      -1.84730 |     255.64478 |      -4.50581 |      -0.62200 |     -36.84645 |     -73.42610 |     770.93774 |     768.17743 |       0.00000 |     769.90662 |     -36.50000 |     -73.00000 |      39.53014 |     173.58858 |      -0.20000 |       0.20000 | 
     50.98120 |      56.77482 |      57.40339 |      57.28603 |      58.66812 |      66.05864 |      66.05864 |      29.92000 |      14.88600 |       0.00000 |       0.00000 |       0.00000 |       0.00000 |       0.00000 |       9.10015 |      -1.72071 |     256.92236 |      -3.66442 |      -0.52883 |     -36.84651 |     -73.42642 |     764.29822 |     761.52643 |       0.00000 |     762.10138 |     -36.50000 |     -73.00000 |      39.55149 |     172.61818 |      -0.20000 |       0.20000 | 
     51.74318 |      57.14265 |      57.77019 |      57.67393 |      59.54499 |      66.48075 |      66.48075 |      29.92000 |      14.88600 |       0.00000 |       0.00000 |       0.00000 |       0.00000 |       0.00000 |       9.22960 |      -2.60546 |     257.87448 |      -3.30809 |      -0.60978 |     -36.84657 |     -73.42675 |     758.30310 |     755.51929 |       0.00000 |     755.32104 |     -36.50000 |     -73.00000 |      35.77955 |     159.88972 |      -0.20000 |       0.20000 | 
     52.17196 |      57.25360 |      57.87798 |      57.81148 |      60.03842 |      66.60479 |      66.60479 |      29.92000 |      14.88600 |       0.00000 |       0.00000 |       0.00000 |       0.00000 |       0.00000 |       9.12927 |      -2.40203 |     258.43143 |      -2.74683 |      -0.70821 |     -36.84662 |     -73.42708 |     753.13519 |     750.33868 |       0.00000 |     749.32233 |     -36.50000 |     -73.00000 |      35.74473 |     158.93619 |      -0.20000 |       0.20000 | 
     52.37870 |      57.23465 |      57.85511 |      57.80564 |      60.27633 |      66.57847 |      66.57848 |      29.92000 |      14.88600 |       0.00000 |       0.00000 |       0.00000 |       0.00000 |       0.00000 |       8.97768 |      -1.67044 |     258.68503 |      -2.36950 |      -0.66292 |     -36.84668 |     -73.42741 |     748.77216 |     745.96240 |       0.00000 |     744.15240 |     -36.50000 |     -73.00000 |      35.15210 |     155.84277 |      -0.20000 |       0.20000 | 
     52.41867 |      57.13735 |      57.75350 |      57.71346 |      60.32233 |      66.46154 |      66.46154 |      29.92000 |      14.88600 |       0.00000 |       0.00000 |       0.00000 |       0.00000 |       0.00000 |       8.96301 |      -1.29186 |     258.62878 |      -2.13366 |      -0.54728 |     -36.84673 |     -73.42773 |     744.93689 |     742.11346 |       0.00000 |     739.74976 |     -36.50000 |     -73.00000 |      35.63124 |     156.37511 |      -0.20000 |       0.20000 | 
     52.32252 |      56.98611 |      57.59768 |      57.56329 |      60.21168 |      66.28223 |      66.28223 |      29.92000 |      14.88600 |       0.00000 |       0.00000 |       0.00000 |       0.00000 |       0.00000 |       9.05387 |      -1.28526 |     258.11237 |      -1.97992 |      -0.46753 |     -36.84678 |     -73.42806 |     741.43555 |     738.59814 |       0.00000 |     735.86334 |     -36.50000 |     -73.00000 |      35.12650 |     156.21490 |      -0.20000 |       0.20000 | 
     52.14931 |      56.87787 |      57.48548 |      57.44466 |      60.01236 |      66.15311 |      66.15311 |      29.92000 |      14.88600 |       0.00000 |       0.00000 |       0.00000 |       0.00000 |       0.00000 |       8.19964 |      -1.43715 |     257.10297 |      -2.15923 |      -0.44546 |     -36.84684 |     -73.42839 |     738.13458 |     735.28278 |       0.00000 |     732.34601 |     -36.50000 |     -73.00000 |      47.01807 |     172.93445 |      -0.20000 |       0.20000 | 
     52.28144 |      57.24312 |      57.85071 |      57.75608 |      60.16441 |      66.57341 |      66.57340 |      29.92000 |      14.88600 |       0.00000 |       0.00000 |       0.00000 |       0.00000 |       0.00000 |       7.92266 |      -1.64524 |     255.67719 |      -3.27754 |      -0.48299 |     -36.84690 |     -73.42871 |     733.50641 |     730.64001 |       0.00000 |     728.73462 |     -36.50000 |     -73.00000 |      28.64264 |     143.37477 |      -0.20000 |       0.20000 | 
     52.73902 |      57.81384 |      58.42172 |      58.22895 |      60.69098 |      67.23052 |      67.23052 |      29.92000 |      14.88600 |       0.00000 |       0.00000 |       0.00000 |       0.00000 |       0.00000 |       7.48641 |      -2.17435 |     254.14319 |      -4.65584 |      -0.58866 |     -36.84697 |     -73.42903 |     726.78278 |     723.90137 |       0.00000 |     723.89996 |     -36.50000 |     -73.00000 |      28.73220 |     128.35466 |      -0.20000 |       0.20000 | 
     53.55673 |      58.80499 |      59.41521 |      59.09097 |      61.63198 |      68.37380 |      68.37380 |      29.92000 |      14.88600 |       0.00000 |       0.00000 |       0.00000 |       0.00000 |       0.00000 |       7.50163 |      -2.90032 |     252.90070 |      -5.98848 |      -0.79799 |     -36.84705 |     -73.42936 |     717.49670 |     714.59991 |       0.00000 |     717.02881 |     -36.50000 |     -73.00000 |      28.21654 |     123.36378 |      -0.20000 |       0.20000 | 
     54.74987 |      59.90397 |      60.51566 |      60.11578 |      63.00503 |      69.64017 |      69.64017 |      29.92000 |      14.88600 |       0.00000 |       0.00000 |       0.00000 |       0.00000 |       0.00000 |       7.32886 |      -2.73013 |     251.93835 |      -6.59036 |      -0.95100 |     -36.84713 |     -73.42969 |     706.29932 |     703.38641 |       0.00000 |     707.76715 |     -36.50000 |     -73.00000 |      20.11433 |      95.50141 |      -0.20000 |       0.20000 | 
     56.16226 |      61.02522 |      61.63725 |      61.17524 |      64.63037 |      70.93088 |      70.93089 |      29.92000 |      14.88600 |       0.00000 |       0.00000 |       0.00000 |       0.00000 |       0.00000 |       7.06742 |      -2.18449 |     251.53323 |      -7.01961 |      -0.96939 |     -36.84722 |     -73.43002 |     694.01465 |     691.08496 |       0.00000 |     696.77960 |     -36.50000 |     -73.00000 |      20.33253 |      86.32658 |      -0.20000 |       0.20000 | 
     57.66721 |      62.18431 |      62.79603 |      62.31324 |      66.36224 |      72.26438 |      72.26438 |      29.92000 |      14.88600 |       0.00000 |       0.00000 |       0.00000 |       0.00000 |       0.00000 |       6.87409 |      -1.62036 |     251.53571 |      -7.10934 |      -0.86231 |     -36.84731 |     -73.43036 |     681.05188 |     678.10455 |       0.00000 |     684.63629 |     -36.50000 |     -73.00000 |      20.74645 |      82.18172 |      -0.20000 |       0.20000 | 
     59.29574 |      63.63475 |      64.24797 |      63.57542 |      68.23632 |      73.93525 |      73.93526 |      29.92000 |      14.88600 |       0.00000 |       0.00000 |       0.00000 |       0.00000 |       0.00000 |       3.09468 |      -1.52632 |     251.78842 |      -8.29766 |      -0.77731 |     -36.84740 |     -73.43070 |     667.48419 |     664.51837 |       0.00000 |     671.76605 |     -36.50000 |     -73.00000 |      24.61584 |      89.73094 |      -0.20000 |       0.20000 | 
     62.02512 |      67.20879 |      67.83429 |      65.57716 |      71.37723 |      78.06231 |      78.06232 |      29.92000 |      14.88600 |       0.00000 |       0.00000 |       0.00000 |       0.00000 |       0.00000 |       1.43605 |      -1.43087 |     251.88257 |     -14.82187 |      -0.84737 |     -36.84750 |     -73.43106 |     645.25281 |     642.26715 |       0.00000 |     656.72913 |     -36.50000 |     -73.00000 |      27.43166 |      91.25936 |      -0.20000 |       0.20000 | 
     66.80180 |      72.52502 |      73.16190 |      69.02086 |      76.87415 |      84.19321 |      84.19321 |      29.92000 |      14.88600 |       0.00000 |       0.00000 |       0.00000 |       0.00000 |       0.00000 |       2.15169 |      -1.17312 |     251.98216 |     -19.36957 |      -0.83406 |     -36.84759 |     -73.43143 |     609.90930 |     606.90210 |       0.00000 |     633.08832 |     -36.50000 |     -73.00000 |      29.10298 |      90.72897 |      -0.20000 |       0.20000 | 
     72.32645 |      77.19850 |      77.82974 |      74.90331 |      83.23179 |      89.56487 |      89.56487 |      29.92000 |      14.88600 |       0.00000 |       0.00000 |       0.00000 |       0.00000 |       0.00000 |       7.26013 |      -0.94420 |     252.32336 |     -15.76178 |      -0.68672 |     -36.84769 |     -73.43182 |     569.20599 |     566.17480 |       0.00000 |     598.67712 |     -36.50000 |     -73.00000 |      30.23545 |      94.66279 |      -0.20000 |       0.20000 | 
     76.00407 |      78.64784 |      79.26054 |      78.67957 |      87.46392 |      91.21140 |      91.21140 |      29.92000 |      14.88600 |       0.00000 |       0.00000 |       0.00000 |       0.00000 |       0.00000 |       6.94482 |      -0.99870 |     252.93942 |      -6.94148 |      -0.55962 |     -36.84780 |     -73.43224 |     543.14374 |     540.08636 |       0.00000 |     562.34351 |     -36.50000 |     -73.00000 |      31.02378 |     100.32008 |      -0.20000 |       0.20000 | 
     77.68105 |      78.53128 |      79.13219 |      79.04182 |      89.39375 |      91.06370 |      91.06369 |      29.92000 |      14.88600 |       0.00000 |       0.00000 |       0.00000 |       0.00000 |       0.00000 |       3.70021 |      -1.09039 |     253.44312 |      -2.73824 |      -0.53870 |     -36.84790 |     -73.43269 |     533.80310 |     530.71875 |       0.00000 |     538.17023 |     -36.50000 |     -73.00000 |      31.09711 |     101.83260 |      -0.20000 |       0.20000 | 
     78.02788 |      77.77589 |      78.36771 |      78.36735 |      89.79288 |      90.18396 |      90.18396 |      29.92000 |      14.88600 |       0.00000 |       0.00000 |       0.00000 |       0.00000 |       0.00000 |       2.53224 |      -1.02705 |     253.94830 |       0.17553 |      -0.52455 |     -36.84801 |     -73.43312 |     530.94147 |     527.82941 |       0.00000 |     526.67682 |     -36.50000 |     -73.00000 |      33.72372 |     109.09243 |      -0.20000 |       0.20000 | 
     77.80924 |      78.06683 |      78.65645 |      78.45793 |      89.54128 |      90.51623 |      90.51624 |      29.92000 |      14.88600 |       0.00000 |       0.00000 |       0.00000 |       0.00000 |       0.00000 |       0.33298 |      -1.17382 |     254.19577 |      -4.07163 |      -0.65659 |     -36.84811 |     -73.43356 |     527.11255 |     524.00336 |       0.00000 |     522.36615 |     -36.50000 |     -73.00000 |      33.82264 |     111.56758 |      -0.20000 |       0.20000 | 
     78.37536 |      79.97585 |      80.56202 |      79.62586 |      90.19276 |      92.70911 |      92.70911 |      29.92000 |      14.88600 |       0.00000 |       0.00000 |       0.00000 |       0.00000 |       0.00000 |       0.22823 |      -1.15511 |     254.39749 |      -8.74313 |      -0.78232 |     -36.84821 |     -73.43400 |     512.00439 |     508.92487 |       0.00000 |     515.75897 |     -36.50000 |     -73.00000 |      33.94387 |     107.26149 |      -0.20000 |       0.20000 | 
     80.28466 |      83.27486 |      83.85290 |      81.71770 |      92.38994 |      96.49619 |      96.49619 |      29.92000 |      14.88600 |       0.00000 |       0.00000 |       0.00000 |       0.00000 |       0.00000 |      -0.02908 |      -0.98653 |     254.60822 |     -12.95754 |      -0.82621 |     -36.84830 |     -73.43444 |     485.74783 |     482.69733 |       0.00000 |     500.13281 |     -36.50000 |     -73.00000 |      34.14167 |     100.93714 |      -0.20000 |       0.20000 | 
     83.54460 |      87.75214 |      88.31284 |      84.62328 |      96.14141 |     101.62860 |     101.62860 |      29.92000 |      14.88600 |       0.00000 |       0.00000 |       0.00000 |       0.00000 |       0.00000 |      -0.31330 |      -0.80560 |     254.83540 |     -16.62022 |      -0.81804 |     -36.84841 |     -73.43491 |     448.37732 |     445.35556 |       0.00000 |     473.70898 |     -36.50000 |     -73.00000 |      34.37684 |      93.54885 |      -0.20000 |       0.20000 | 
     87.92879 |      93.12801 |      93.65737 |      88.26154 |     101.18665 |     107.77898 |     107.77896 |      29.92000 |      14.88600 |       0.00000 |       0.00000 |       0.00000 |       0.00000 |       0.00000 |      -0.58207 |      -0.62718 |     255.08620 |     -19.54351 |      -0.77356 |     -36.84851 |     -73.43539 |     400.50415 |     397.51089 |       0.00000 |     436.46747 |     -36.50000 |     -73.00000 |      34.57721 |      85.89146 |      -0.20000 |       0.20000 | 
     93.24216 |      99.11388 |      99.59324 |      92.61917 |     107.30116 |     114.60986 |     114.60986 |      29.92000 |      14.88600 |       0.00000 |       0.00000 |       0.00000 |       0.00000 |       0.00000 |      -0.10956 |      -0.42959 |     255.37613 |     -21.56917 |      -0.69327 |     -36.84862 |     -73.43590 |     342.85382 |     339.88882 |       0.00000 |     388.75595 |     -36.50000 |     -73.00000 |      34.72541 |      78.12395 |      -0.20000 |       0.20000 | 
     98.93909 |     104.18329 |     104.59601 |      99.66567 |     113.85708 |     120.36694 |     120.36694 |      29.92000 |      14.88600 |       0.00000 |       0.00000 |       0.00000 |       0.00000 |       0.00000 |       1.85310 |      -0.22688 |     255.93961 |     -17.66197 |      -0.51978 |     -36.84873 |     -73.43643 |     283.54456 |     280.60867 |       0.00000 |     332.30582 |     -36.50000 |     -73.00000 |      34.62012 |      75.60201 |      -0.20000 |       0.20000 | 
    103.59570 |     106.88757 |     107.24135 |     105.37853 |     119.21580 |     123.41114 |     123.41114 |      29.92000 |      14.88600 |       0.00000 |       0.00000 |       0.00000 |       0.00000 |       0.00000 |       2.32536 |      -0.20955 |     256.62372 |     -10.69478 |      -0.38397 |     -36.84884 |     -73.43701 |     239.36362 |     236.45810 |       0.00000 |     276.99152 |     -36.50000 |     -73.00000 |      34.46416 |      77.81322 |      -0.20000 |       0.20000 | 
    106.14565 |     106.92050 |     107.24078 |     107.11213 |     122.15023 |     123.41048 |     123.41048 |      29.92000 |      14.88600 |       0.00000 |       0.00000 |       0.00000 |       0.00000 |       0.00000 |       2.44460 |      -0.20077 |     257.34784 |      -2.80669 |      -0.30370 |     -36.84895 |     -73.43761 |     218.04211 |     215.16760 |       0.00000 |     235.26358 |     -36.50000 |     -73.00000 |      34.33212 |      83.34058 |      -0.20000 |       0.20000 | 
    106.30579 |     105.06674 |     105.38267 |     105.28848 |     122.33453 |     121.27221 |     121.27221 |      29.92000 |      14.88600 |       0.00000 |       0.00000 |       0.00000 |       0.00000 |       0.00000 |       1.34995 |       0.00142 |     257.87723 |       2.42254 |      -0.23435 |     -36.84906 |     -73.43821 |     218.83827 |     215.99397 |       0.00000 |     214.66632 |     -36.50000 |     -73.00000 |      34.42549 |      88.48878 |      -0.20000 |       0.20000 | 
    104.66003 |     101.98860 |     102.31693 |     101.69435 |     120.44062 |     117.74422 |     117.74422 |      29.92000 |      14.88600 |       0.00000 |       0.00000 |       0.00000 |       0.00000 |       0.00000 |      -0.13680 |      -0.05039 |     257.76385 |       6.32380 |      -0.09019 |     -36.84916 |     -73.43880 |     233.26707 |     230.45152 |       0.00000 |     213.58253 |     -36.50000 |     -73.00000 |      37.79584 |      96.19087 |      -0.20000 |       0.20000 | 
    101.90379 |      98.57984 |      98.92488 |      98.10474 |     117.26878 |     113.84073 |     113.84074 |      29.92000 |      14.88600 |       0.00000 |       0.00000 |       0.00000 |       0.00000 |       0.00000 |       1.38189 |      -0.53958 |     257.52820 |       7.38296 |      -0.26370 |     -36.84925 |     -73.43936 |     252.34180 |     249.55254 |       0.00000 |     225.82445 |     -36.50000 |     -73.00000 |      26.60006 |      66.94833 |      -0.20000 |       0.20000 | 
     98.43633 |      94.68394 |      95.05007 |      93.56843 |     113.27850 |     109.38168 |     109.38167 |      29.92000 |      14.88600 |       0.00000 |       0.00000 |       0.00000 |       0.00000 |       0.00000 |       1.49546 |   