  _Vind,_kias ;   _Vind,_keas ;   Vtrue,_ktas ;   Vtrue,_ktgs ;   _Vind,__mph ;   Vtrue,mphas ;   Vtrue,mphgs ;   SLprs,_inHG ;   SLtmp,_degC ;   _wind,speed ;   _wind,__dir ;   __trb,_locl ;   _prec,_locl ;   _hail,_locl ;   alpha,__deg ;   _beta,__deg ;   hpath,__deg ;   vpath,__deg ;   _slip,__deg ;   __lat,__deg ;   __lon,__deg ;   __alt,ftmsl ;   __alt,ftagl ;   ___on,runwy ;   __alt,__ind ;   __lat,orign ;   __lon,orign ;   power,_1,hp ;   thrst,_1,lb ;   vert1,tvect ;   latr1,tvect ;
51.01662;55.33871;56.15454;56.09705;58.70888;64.6215;64.6215;29.92;14.886;0;0;0;0;0;9.52016;-1.48797;203.12909;-2.59292;-0.50945;-36.72083;-73.19137;1010.3537;1007.4892;0;1003.77087;-36.5;-73;18.04877;83.33968;-0.2;0.2;
50.06556;55.18002;55.98949;55.89618;57.61442;64.43156;64.43156;29.92;14.886;0;0;0;0;0;9.86722;-1.38781;202.57487;-3.30838;-0.4883;-36.72106;-73.19149;1005.45752;1002.58417;0;1000.72925;-36.5;-73;56.4861;166.88953;-0.2;0.2;
49.98308;56.3124;57.13382;57.05123;57.5195;65.74844;65.74844;29.92;14.886;0;0;0;0;0;10.09466;-1.98541;201.70995;-3.08129;-0.43954;-36.72131;-73.19161;999.91022;997.02753;0;996.03961;-36.5;-73;132.14441;401.01727;-0.2;0.2;
51.39467;58.468;59.31787;59.31527;59.14393;68.2618;68.2618;29.92;14.886;0;0;0;0;0;10.36339;-3.8567;199.90553;-0.53677;-0.57446;-36.72156;-73.19173;996.47662;993.58386;0;991.03113;-36.5;-73;142.82338;511.26776;-0.2;0.2;
53.37273;59.46431;60.33091;60.21553;61.42025;69.42757;69.42757;29.92;14.886;0;0;0;0;0;10.52282;-4.74193;196.73483;3.54412;-0.9108;-36.72182;-73.19184;999.0177;996.11438;0;988.53607;-36.5;-73;144.09567;511.72647;-0.2;0.2;
54.35218;58.98456;59.85305;59.28205;62.54738;68.87766;68.87766;29.92;14.886;0;0;0;0;0;10.51051;-4.01059;192.54881;7.92058;-1.06846;-36.72208;-73.19193;1009.13275;1006.21875;0;991.61688;-36.5;-73;144.19778;516.13702;-0.2;0.2;
53.81446;57.28466;58.1427;56.92267;61.92858;66.90943;66.90943;29.92;14.886;0;0;0;0;0;10.69242;-3.35552;187.45917;11.75812;-1.02722;-36.72235;-73.19199;1026.21838;1023.29395;0;1001.74762;-36.5;-73;143.99829;523.30304;-0.2;0.2;
51.714;54.64545;55.48202;53.70496;59.51142;63.84757;63.84757;29.92;14.886;0;0;0;0;0;11.21158;-2.8616;180.93867;14.54049;-0.93285;-36.72261;-73.19202;1048.35962;1045.42554;0;1018.58698;-36.5;-73;143.64491;534.07373;-0.2;0.2;
48.31986;51.43786;52.24385;50.19951;55.6055;60.12115;60.12116;29.92;14.886;0;0;0;0;0;11.98696;-6.29533;173.55011;16.08138;-1.06918;-36.72284;-73.192;1072.47754;1069.53467;0;1039.95044;-36.5;-73;143.10503;551.26697;-0.2;0.2;
43.72034;48.17373;48.94561;47.15112;50.31247;56.3256;56.3256;29.92;14.886;0;0;0;0;0;12.48636;-14.04597;168.51633;15.56279;-2.47144;-36.72307;-73.19196;1096.1217;1093.17114;0;1063.54614;-36.5;-73;142.69702;562.20959;-0.2;0.2;
38.57042;45.46178;46.20393;44.98019;44.38605;53.17053;53.17053;29.92;14.886;0;0;0;0;0;13.54209;-16.17814;166.21089;13.21614;-3.90605;-36.72327;-73.19189;1116.29517;1113.3374;0;1086.4281;-36.5;-73;148.42857;598.55927;-0.2;0.2;
34.65567;43.96736;44.69503;44.15116;39.88104;51.43412;51.43412;29.92;14.886;0;0;0;0;0;13.84467;-17.57004;168.07082;8.94745;-4.83423;-36.72347;-73.19183;1131.33923;1128.37439;0;1106.05286;-36.5;-73;142.49841;588.37061;-0.2;0.2;
32.33039;44.27303;45.01057;44.98683;37.20515;51.79725;51.79725;29.92;14.886;0;0;0;0;0;15.63528;-17.84919;174.2352;1.86143;-5.66725;-36.72368;-73.1918;1138.58923;1135.61621;0;1120.51648;-36.5;-73;142.21391;584.23151;-0.2;0.2;
32.94328;46.91374;47.69342;47.46053;37.91045;54.88461;54.88461;29.92;14.886;0;0;0;0;0;19.62465;-12.24449;183.29245;-5.66448;-5.35499;-36.72389;-73.19179;1135.93066;1132.94812;0;1127.15308;-36.5;-73;142.41895;569.26526;-0.2;0.2;
34.78876;51.21889;52.05839;49.80973;40.03419;59.90773;59.90773;29.92;14.886;0;0;0;0;0;10.32901;-24.29887;197.88106;-16.90167;-5.71553;-36.72411;-73.19184;1120.62183;1117.62769;0;1123.98499;-36.5;-73;142.19148;558.28308;-0.2;0.2;
41.66634;61.82227;62.79659;51.54598;47.94877;72.26502;72.26502;29.92;14.886;0;0;0;0;0;3.29561;-12.74065;209.82628;-34.83098;-6.5755;-36.72433;-73.19196;1078.45435;1075.44702;0;1105.68958;-36.5;-73;143.42365;492.48013;-0.2;0.2;
57.1632;75.33878;76.43018;37.80173;65.78224;87.95428;87.95428;29.92;14.886;0;0;0;0;0;18.0102;-5.5601;235.25937;-60.35717;-4.55265;-36.72449;-73.19213;993.04272;990.02258;0;1059.88416;-36.5;-73;145.65439;457.95425;-0.2;0.2;
71.8801;90.18853;91.31184;1.8229;82.71814;105.07979;105.07979;29.92;14.886;0;0;0;0;0;15.0576;-14.84103;352.44586;-88.85609;-5.18852;-36.72454;-73.19224;857.11188;854.08582;0;971.12292;-36.5;-73;148.40787;409.21573;-0.2;0.2;
83.98874;102.06719;103.10107;49.9847;96.65252;118.6466;118.64661;29.92;14.886;0;0;0;0;0;14.74265;-15.57459;102.75339;-60.9998;-5.52681;-36.72453;-73.1921;700.62323;697.59869;0;840.90198;-36.5;-73;151.59042;379.98737;-0.2;0.2;
94.75459;109.69453;110.58707;85.66428;109.04163;127.26134;127.26133;29.92;14.886;0;0;0;0;0;5.0195;-7.38786;134.94644;-39.22831;-5.33689;-36.7247;-73.19176;566.38599;563.3587;0;694.11005;-36.5;-73;156.06528;319.05936;-0.2;0.2;
104.56005;111.89942;112.65438;104.6577;120.32556;129.64035;129.64035;29.92;14.886;0;0;0;0;0;11.76997;-12.00936;164.98091;-21.7181;-3.6907;-36.72508;-73.19148;472.53955;469.49677;0;565.55334;-36.5;-73;157.62816;358.49429;-0.2;0.2;
106.12627;108.25169;108.90156;107.81572;122.12793;125.32168;125.32167;29.92;14.886;0;0;0;0;0;13.91629;4.83427;200.72133;-8.09773;-2.70621;-36.72556;-73.19151;422.20187;419.13126;0;473.47104;-36.5;-73;160.82225;378.54916;-0.2;0.2;
103.75199;101.54816;102.15489;101.11988;119.39566;117.55775;117.55776;29.92;14.886;0;0;0;0;0;11.20506;5.60582;230.94516;8.16298;-0.61427;-36.72595;-73.19187;420.33163;417.23163;0;424.72626;-36.5;-73;161.14793;402.20566;-0.2;0.2;
99.40957;95.35953;95.99178;90.88319;114.39849;110.46537;110.46536;29.92;14.886;0;0;0;0;0;1.99974;-3.14441;243.56322;18.77655;0.00415;-36.72617;-73.19234;464.78015;461.65683;0;423.83838;-36.5;-73;159.04439;413.88095;-0.2;0.2;
94.89558;90.18881;90.86027;84.47194;109.20389;104.56013;104.56013;29.92;14.886;0;0;0;0;0;1.1143;-2.28033;245.54257;21.61337;-0.94658;-36.72635;-73.1928;519.90784;516.76385;0;460.49985;-36.5;-73;157.65497;431.76398;-0.2;0.2;
90.13426;85.33898;86.04384;80.04672;103.72466;99.01748;99.01748;29.92;14.886;0;0;0;0;0;0.95241;-2.29713;246.02475;21.51811;-0.72127;-36.7265;-73.19323;574.85858;571.69464;0;511.66632;-36.5;-73;155.9791;445.16974;-0.2;0.2;
85.35758;80.91707;81.64612;76.57676;98.22775;93.95667;93.95667;29.92;14.886;0;0;0;0;0;1.08706;-3.94151;245.61287;20.29641;-1.39364;-36.72665;-73.19364;625.36865;622.18481;0;564.92218;-36.5;-73;154.4953;458.25339;-0.2;0.2;
80.9604;77.22643;77.97314;74.07151;93.16757;89.72989;89.72989;29.92;14.886;0;0;0;0;0;1.21251;-3.1106;244.72934;18.20187;-1.66263;-36.7268;-73.19404;669.75812;666.5542;0;614.74487;-36.5;-73;153.30276;467.54489;-0.2;0.2;
77.3479;74.53448;75.2961;72.7123;89.01038;86.64922;86.64922;29.92;14.886;0;0;0;0;0;1.20134;-3.25504;243.54373;15.05327;-1.64921;-36.72694;-73.19441;706.86096;703.63641;0;658.86066;-36.5;-73;152.4272;474.30948;-0.2;0.2;
74.67209;72.94029;73.71686;72.14902;85.93111;84.83185;84.83186;29.92;14.886;0;0;0;0;0;2.27693;-4.2681;241.98125;11.83801;-1.87534;-36.7271;-73.19479;735.73242;732.48621;0;695.74231;-36.5;-73;151.77235;478.04736;-0.2;0.2;
72.954;72.42365;73.21808;72.55202;83.95397;84.25786;84.25786;29.92;14.886;0;0;0;0;0;1.13929;-4.72574;240.79565;7.73415;-2.42368;-36.72726;-73.19515;757.46381;754.19495;0;724.9162;-36.5;-73;151.03827;476.78928;-0.2;0.2;
72.10815;71.63696;72.44131;71.24568;82.98058;83.36398;83.36399;29.92;14.886;0;0;0;0;0;4.34958;-3.61761;239.7063;10.4242;-2.1346;-36.72742;-73.19551;774.91089;771.61835;0;746.50867;-36.5;-73;150.78261;480.0769;-0.2;0.2;
71.46428;71.54183;72.36513;71.9083;82.23962;83.27631;83.27631;29.92;14.886;0;0;0;0;0;1.26585;-4.01313;238.83014;6.44135;-2.11076;-36.72759;-73.19587;793.71179;790.39514;0;766.11157;-36.5;-73;151.00455;478.04892;-0.2;0.2;
71.51272;72.37355;73.2179;72.94033;82.29537;84.25766;84.25764;29.92;14.886;0;0;0;0;0;4.83559;-5.19557;238.30267;4.99049;-2.28024;-36.72776;-73.19622;804.36206;801.01978;0;782.74792;-36.5;-73;150.61298;475.81561;-0.2;0.2;
71.76959;72.38161;73.24014;72.67711;82.59097;84.28325;84.28325;29.92;14.886;0;0;0;0;0;5.12392;-4.85001;238.35095;7.10895;-2.24166;-36.72794;-73.19658;817.45087;814.08209;0;795.29083;-36.5;-73;150.95834;476.33261;-0.2;0.2;
71.41558;70.62923;71.48835;69.64196;82.18359;82.26733;82.26732;29.92;14.886;0;0;0;0;0;8.13579;-4.08034;239.23721;13.05031;-1.93929;-36.72811;-73.19693;837.78571;834.39044;0;809.54712;-36.5;-73;150.52884;487.47211;-0.2;0.2;
69.39417;67.35751;68.20895;65.19547;79.85739;78.49346;78.49345;29.92;14.886;0;0;0;0;0;4.59071;-4.51289;240.24493;17.09473;-1.72897;-36.72827;-73.19727;869.7724;866.35199;0;831.50867;-36.5;-73;149.35396;496.3382;-0.2;0.2;
66.02088;64.75883;65.60851;63.29113;75.97548;75.50092;75.50092;29.92;14.886;0;0;0;0;0;2.41898;-5.24928;240.58154;15.27364;-1.94251;-36.72841;-73.19759;901.91431;898.46942;0;861.37756;-36.5;-73;148.66457;503.77643;-0.2;0.2;
63.20004;63.92785;64.7891;63.9496;72.72931;74.55797;74.55798;29.92;14.886;0;0;0;0;0;1.76038;-5.3681;240.43951;9.23357;-2.33746;-36.72856;-73.19791;925.42169;921.95209;0;891.27448;-36.5;-73;148.70883;503.39163;-0.2;0.2;
62.30469;65.09762;65.98571;65.89063;71.69896;75.93501;75.93499;29.92;14.886;0;0;0;0;0;4.23924;-5.3362;240.08252;3.07587;-2.58789;-36.72871;-73.19823;936.78674;933.29114;0;913.41223;-36.5;-73;148.34572;496.80112;-0.2;0.2;
62.96642;65.83353;66.73933;66.44415;72.46046;76.80225;76.80225;29.92;14.886;0;0;0;0;0;5.99003;-4.22896;239.76195;5.39066;-2.18324;-36.72886;-73.19856;944.56769;941.04456;0;926.00006;-36.5;-73;148.825;494.93201;-0.2;0.2;
63.88134;66.40424;67.32883;67.01218;73.51333;77.48064;77.48064;29.92;14.886;0;0;0;0;0;4.948;-4.12759;239.08524;5.55907;-1.86733;-36.72902;-73.19889;955.56934;952.01788;0;935.90393;-36.5;-73;148.86234;492.17865;-0.2;0.2;
64.89702;67.54974;68.49995;68.41018;74.68216;78.82835;78.82835;29.92;14.886;0;0;0;0;0;2.03296;-4.5338;238.00639;2.93387;-1.95402;-36.72918;-73.19923;965.13287;961.55194;0;946.44556;-36.5;-73;148.49916;485.27252;-0.2;0.2;
66.63494;69.47883;70.45913;70.42249;76.68212;81.08292;81.08292;29.92;14.886;0;0;0;0;0;6.57171;-4.94143;237.00739;1.84785;-2.07672;-36.72935;-73.19956;967.95703;964.34497;0;954.36969;-36.5;-73;148.76994;480.79797;-0.2;0.2;
67.90228;69.13919;70.12479;69.39527;78.14055;80.69817;80.69819;29.92;14.886;0;0;0;0;0;8.74845;-4.11939;236.11397;8.27183;-1.85853;-36.72953;-73.1999;977.7077;974.06323;0;959.65906;-36.5;-73;148.70444;486.71606;-0.2;0.2;
67.07217;66.58144;67.55412;65.31495;77.18528;77.73989;77.73988;29.92;14.886;0;0;0;0;0;7.67467;-3.88065;235.25531;14.79318;-1.57403;-36.72971;-73.20022;1001.40942;997.76141;0;971.62695;-36.5;-73;148.57756;496.78519;-0.2;0.2;
64.10677;62.78992;63.73766;60.11654;73.77275;73.34799;73.34798;29.92;14.886;0;0;0;0;0;7.83243;-5.02056;234.13406;19.40611;-1.51909;-36.72987;-73.20052;1033.96118;1030.31921;0;994.62183;-36.5;-73;147.72049;512.29407;-0.2;0.2;
59.30409;58.2015;59.11199;54.73554;68.24593;68.02486;68.02486;29.92;14.886;0;0;0;0;0;8.17985;-7.02108;233.17332;22.18592;-1.81368;-36.73003;-73.20078;1070.81604;1067.17871;0;1026.12048;-36.5;-73;146.74667;530.54993;-0.2;0.2;
53.16274;53.18787;54.04982;49.58376;61.17859;62.19942;62.19942;29.92;14.886;0;0;0;0;0;8.99376;-8.27481;232.78909;23.45522;-2.23526;-36.73018;-73.20102;1108.3667;1104.73279;0;1062.38232;-36.5;-73;145.37653;549.83771;-0.2;0.2;
46.78505;48.43645;49.24619;45.42384;53.83927;56.67151;56.67151;29.92;14.886;0;0;0;0;0;9.19015;-7.68064;233.04817;22.72305;-2.47057;-36.7303;-73.20124;1142.55237;1138.92139;0;1098.50977;-36.5;-73;145.18515;565.94562;-0.2;0.2;
41.01923;44.79718;45.56526;43.12092;47.20408;52.43556;52.43556;29.92;14.886;0;0;0;0;0;8.70367;-5.86953;233.10188;18.8522;-2.23561;-36.73043;-73.20144;1171.06555;1167.43689;0;1132.04797;-36.5;-73;144.76404;576.51398;-0.2;0.2;
36.8633;43.30935;44.06484;43.2226;42.42152;50.70891;50.70892;29.92;14.886;0;0;0;0;0;7.96738;-5.76458;232.73068;11.22028;-1.98204;-36.73055;-73.20164;1190.91199;1187.28516;0;1159.97717;-36.5;-73;144.5343;577.19983;-0.2;0.2;
35.16235;44.34981;45.12951;45.05675;40.46412;51.93412;51.93412;29.92;14.886;0;0;0;0;0;10.24583;-6.48938;231.76018;3.25411;-2.00015;-36.73067;-73.20184;1199.9989;1196.37354;0;1179.21448;-36.5;-73;144.04655;570.62781;-0.2;0.2;
35.88808;46.73812;47.56066;47.55351;41.29926;54.73183;54.73183;29.92;14.886;0;0;0;0;0;10.99219;-6.40599;230.34752;-0.99318;-2.03359;-36.73081;-73.20205;1201.20825;1197.58325;0;1188.70483;-36.5;-73;144.54356;558.5155;-0.2;0.2;
38.7992;50.28421;51.16619;51.00426;44.64933;58.881;58.881;29.92;14.886;0;0;0;0;0;9.44284;-5.73684;228.73363;-4.55954;-2.02251;-36.73096;-73.20226;1197.28455;1193.65906;0;1190.6427;-36.5;-73;144.82446;544.06592;-0.2;0.2;
42.86993;53.57867;54.51284;54.41883;49.33384;62.73226;62.73226;29.92;14.886;0;0;0;0;0;12.0314;-6.01076;227.24889;-3.36547;-1.94973;-36.73112;-73.20249;1190.323;1186.6958;0;1187.04065;-36.5;-73;144.7103;530.34851;-0.2;0.2;
46.74064;56.0456;57.01971;57.00801;53.78817;65.61712;65.61712;29.92;14.886;0;0;0;0;0;9.9599;-5.93802;225.82924;-1.16071;-1.9264;-36.7313;-73.20272;1186.69031;1183.05994;0;1181.63196;-36.5;-73;144.96959;523.30737;-0.2;0.2;
50.33722;58.49529;59.51088;59.49943;57.92704;68.4839;68.4839;29.92;14.886;0;0;0;0;0;6.18392;-7.02073;225.02197;-1.12406;-2.15978;-36.73149;-73.20296;1185.4447;1181.81006;0;1178.22046;-36.5;-73;145.29118;512.04547;-0.2;0.2;
54.02569;61.47217;62.53634;62.50173;62.17166;71.96554;71.96554;29.92;14.886;0;0;0;0;0;7.17243;-6.44059;224.69574;-1.90653;-2.39917;-36.73169;-73.20321;1182.06921;1178.42932;0;1175.94556;-36.5;-73;146.19577;502.29776;-0.2;0.2;
57.72189;63.90343;65.00763;65.00662;66.42517;74.80945;74.80945;29.92;14.886;0;0;0;0;0;6.6628;-4.797;224.75708;-0.31975;-2.16365;-36.7319;-73.20347;1179.92419;1176.27808;0;1173.01819;-36.5;-73;146.58524;492.67578;-0.2;0.2;
60.98712;65.77252;66.90996;66.89069;70.18272;76.9986;76.9986;29.92;14.886;0;0;0;0;0;5.98811;-4.69768;224.96877;1.37482;-1.92242;-36.73211;-73.20374;1180.88171;1177.22888;0;1171.41418;-36.5;-73;145.9045;484.73639;-0.2;0.2;
63.78588;67.84601;69.0215;69.02102;73.40348;79.42853;79.42853;29.92;14.886;0;0;0;0;0;4.89563;-4.81842;224.88513;0.21446;-1.9958;-36.73233;-73.20402;1183.03528;1179.37512;0;1172.30005;-36.5;-73;146.22083;476.35861;-0.2;0.2;
66.34358;69.40447;70.60981;70.56135;76.34683;81.25632;81.25632;29.92;14.886;0;0;0;0;0;4.43559;-4.21787;224.85695;2.12283;-1.85934;-36.73256;-73.2043;1185.77148;1182.10291;0;1173.94312;-36.5;-73;146.49629;471.14355;-0.2;0.2;
68.55585;70.6688;71.90177;71.77621;78.89266;82.74309;82.74309;29.92;14.886;0;0;0;0;0;4.58003;-3.61488;224.56329;3.38659;-1.67241;-36.7328;-73.20459;1191.12219;1187.44421;0;1177.12732;-36.5;-73;146.72075;467.47726;-0.2;0.2;
70.2911;71.93622;73.19872;73.10876;80.88956;84.23559;84.23557;29.92;14.886;0;0;0;0;0;3.87869;-3.86469;223.95363;2.84084;-1.64085;-36.73304;-73.20488;1197.98572;1194.29712;0;1182.54358;-36.5;-73;146.89621;462.52161;-0.2;0.2;
71.48171;72.78876;74.07442;73.8529;82.25969;85.24333;85.24334;29.92;14.886;0;0;0;0;0;4.20127;-3.89173;223.11983;4.43236;-1.62378;-36.73328;-73.20518;1205.47205;1201.77173;0;1188.90649;-36.5;-73;147.0193;460.48584;-0.2;0.2;
72.4292;73.67885;74.99055;74.83551;83.35004;86.29758;86.29758;29.92;14.886;0;0;0;0;0;2.69411;-3.78641;222.2495;3.68479;-1.69681;-36.73354;-73.20546;1214.78821;1211.11438;0;1196.84534;-36.5;-73;147.12079;456.32809;-0.2;0.2;
73.49847;75.04533;76.38882;76.32828;84.58054;87.90669;87.90669;29.92;14.886;0;0;0;0;0;2.55549;-3.85852;221.49516;2.2813;-1.80839;-36.7338;-73.20576;1221.40747;1217.76733;0;1205.22253;-36.5;-73;147.31541;450.82547;-0.2;0.2;
74.87101;76.75121;78.12965;78.11384;86.16002;89.91;89.91;29.92;14.886;0;0;0;0;0;2.47966;-3.88136;220.95554;1.15251;-1.90381;-36.73407;-73.20605;1225.2146;1221.60779;0;1211.59607;-36.5;-73;147.62624;444.66962;-0.2;0.2;
76.55153;78.68916;80.10439;80.10326;88.09393;92.1825;92.1825;29.92;14.886;0;0;0;0;0;2.24764;-3.82029;220.80632;0.30651;-1.99171;-36.73434;-73.20634;1226.88928;1223.31628;0;1215.50659;-36.5;-73;148.021;437.63779;-0.2;0.2;
78.49345;80.77373;82.22649;82.22602;90.32865;94.62457;94.62456;29.92;14.886;0;0;0;0;0;2.23926;-3.47515;220.97137;-0.19251;-1.96871;-36.73463;-73.20666;1226.92517;1223.38586;0;1217.28809;-36.5;-73;148.4832;430.37354;-0.2;0.2;
80.50991;82.63851;84.12501;84.12136;92.64915;96.80933;96.80933;29.92;14.886;0;0;0;0;0;2.57424;-3.28598;221.42444;0.53371;-1.85803;-36.73492;-73.20697;1227.08191;1223.57593;0;1217.62781;-36.5;-73;148.9467;425.06137;-0.2;0.2;
82.29991;84.0164;85.53142;85.48506;94.70905;98.4278;98.42781;29.92;14.886;0;0;0;0;0;2.563;-3.30602;222.08467;1.8865;-1.77892;-36.73521;-73.2073;1230.0426;1226.5697;0;1218.44922;-36.5;-73;149.2766;421.3829;-0.2;0.2;
83.65091;84.82926;86.36774;86.20436;96.26375;99.39022;99.39022;29.92;14.886;0;0;0;0;0;2.36284;-3.24863;222.94907;3.52477;-1.73761;-36.7355;-73.20763;1236.9386;1233.49841;0;1221.78894;-36.5;-73;149.45692;419.43994;-0.2;0.2;
84.50581;85.22063;86.77979;86.48883;97.24756;99.8644;99.8644;29.92;14.886;0;0;0;0;0;2.00504;-3.10199;223.84521;4.6932;-1.68397;-36.73579;-73.20798;1247.53442;1244.12573;0;1228.75391;-36.5;-73;149.49338;418.40747;-0.2;0.2;
84.97421;85.41706;86.99616;86.63844;97.78658;100.1134;100.11338;29.92;14.886;0;0;0;0;0;1.8785;-3.16544;224.67056;5.19755;-1.68576;-36.73608;-73.20833;1260.2356;1256.85779;0;1239.05676;-36.5;-73;149.45097;417.81415;-0.2;0.2;
85.19693;85.46646;87.06434;86.64799;98.04288;100.19186;100.19187;29.92;14.886;0;0;0;0;0;1.81487;-3.15621;225.46231;5.60558;-1.69994;-36.73636;-73.20868;1274.10535;1270.75708;0;1251.4563;-36.5;-73;149.37135;417.67807;-0.2;0.2;
85.1471;85.1262;86.73787;86.0835;97.98554;99.81616;99.81616;29.92;14.886;0;0;0;0;0;2.67306;-5.33898;226.11092;7.04232;-1.93043;-36.73664;-73.20904;1289.79736;1286.47742;0;1265.32715;-36.5;-73;149.57835;420.83264;-0.2;0.2;
84.65997;84.15264;85.77177;84.71645;97.42496;98.70439;98.7044;29.92;14.886;0;0;0;0;0;2.54878;-2.65958;226.65096;8.99713;-1.94228;-36.73691;-73.20939;1310.19031;1306.89758;0;1281.68787;-36.5;-73;148.81488;422.4881;-0.2;0.2;
83.83795;82.74378;84.36624;82.9285;96.479;97.08694;97.08694;29.92;14.886;0;0;0;0;0;2.61567;-2.87842;227.57674;10.59286;-1.53319;-36.73718;-73.20975;1334.70386;1331.43677;0;1302.14783;-36.5;-73;148.312;427.39188;-0.2;0.2;
82.42564;80.90533;82.52534;80.74256;94.85373;94.96848;94.96848;29.92;14.886;0;0;0;0;0;2.70651;-3.78569;228.19246;11.93104;-1.65593;-36.73743;-73.2101;1362.36902;1359.12598;0;1326.5144;-36.5;-73;147.66306;433.72311;-0.2;0.2;
80.59748;78.8165;80.42995;78.42028;92.74992;92.55714;92.55713;29.92;14.886;0;0;0;0;0;2.71435;-3.32676;228.72462;12.83507;-1.67576;-36.73768;-73.21044;1392.12329;1388.90295;0;1353.98669;-36.5;-73;146.94411;439.49454;-0.2;0.2;
78.57679;76.67555;78.28011;76.22038;90.42456;90.08315;90.08315;29.92;14.886;0;0;0;0;0;2.80184;-3.52695;229.2473;13.17267;-1.61944;-36.73791;-73.21078;1422.38977;1419.19043;0;1383.30688;-36.5;-73;146.24783;446.19452;-0.2;0.2;
76.48129;74.63874;76.23372;74.29441;88.01309;87.7282;87.72821;29.92;14.886;0;0;0;0;0;2.84534;-3.84501;229.57977;12.95128;-1.69726;-36.73814;-73.21111;1451.75073;1448.5708;0;1413.00085;-36.5;-73;146.01361;451.92084;-0.2;0.2;
74.45567;72.89738;74.48566;72.88435;85.68205;85.71657;85.71657;29.92;14.886;0;0;0;0;0;2.52156;-3.85443;229.75299;11.90199;-1.75679;-36.73836;-73.21143;1479.48425;1476.32275;0;1442.40442;-36.5;-73;144.95448;456.13019;-0.2;0.2;
72.82763;71.89632;73.48811;72.49041;83.80854;84.56862;84.56862;29.92;14.886;0;0;0;0;0;2.03962;-3.95872;229.72075;9.45199;-1.84664;-36.73857;-73.21175;1502.78857;1499.64429;0;1469.43982;-36.5;-73;144.62643;457.96609;-0.2;0.2;
71.92719;72.00384;73.6161;73.25197;82.77233;84.7159;84.7159;29.92;14.886;0;0;0;0;0;1.70753;-4.00454;229.46103;5.70108;-2.00036;-36.73879;-73.21207;1519.3783;1516.25061;0;1492.21313;-36.5;-73;144.48633;455.01596;-0.2;0.2;
71.89812;72.39561;74.02873;73.59881;82.73888;85.19075;85.19075;29.92;14.886;0;0;0;0;0;6.08892;-3.73733;229.14467;6.17798;-1.86039;-36.73901;-73.21239;1530.41882;1527.30713;0;1508.56299;-36.5;-73;144.46654;455.76181;-0.2;0.2;
71.61201;71.17628;72.80148;71.57687;82.40964;83.77846;83.77845;29.92;14.886;0;0;0;0;0;5.92749;-3.85721;228.81757;10.52386;-1.63108;-36.73923;-73.21271;1548.60437;1545.50793;0;1522.36902;-36.5;-73;144.19675;461.15204;-0.2;0.2;
70.43486;69.1371;70.74241;68.91668;81.05499;81.40891;81.40891;29.92;14.886;0;0;0;0;0;4.78868;-4.13443;228.23254;13.04528;-1.58286;-36.73945;-73.21301;1574.04395;1570.96179;0;1541.36157;-36.5;-73;143.75099;468.0661;-0.2;0.2;
68.26582;67.06538;68.65009;66.76183;78.55891;79.00111;79.00111;29.92;14.886;0;0;0;0;0;4.79408;-4.22958;227.37881;13.46936;-1.60953;-36.73966;-73.2133;1601.07117;1598.00208;0;1565.59192;-36.5;-73;143.28636;475.12622;-0.2;0.2;
65.60454;64.92483;66.4856;64.56239;75.49635;76.51027;76.51028;29.92;14.886;0;0;0;0;0;5.32375;-4.33546;226.21103;13.8147;-1.6021;-36.73987;-73.21358;1628.08276;1625.02576;0;1592.1698;-36.5;-73;142.80264;482.39096;-0.2;0.2;
62.8512;62.88824;64.42503;62.66479;72.32787;74.139;74.13899;29.92;14.886;0;0;0;0;0;5.18732;-4.52459;224.68059;13.4242;-1.61786;-36.74007;-73.21384;1654.2887;1651.24316;0;1618.89087;-36.5;-73;142.36427;488.81644;-0.2;0.2;
60.31329;61.33034;62.85094;61.51173;69.4073;72.32758;72.32759;29.92;14.886;0;0;0;0;0;5.02814;-4.66898;222.74583;11.84901;-1.66832;-36.74028;-73.21409;1677.89587;1674.86108;0;1644.6283;-36.5;-73;142.01434;493.15958;-0.2;0.2;
58.40125;60.56203;62.08138;61.28009;67.20696;71.44199;71.44199;29.92;14.886;0;0;0;0;0;4.54031;-4.58723;220.39452;9.21552;-1.72395;-36.74049;-73.21432;1697.30835;1694.28369;0;1667.8717;-36.5;-73;141.78889;493.92657;-0.2;0.2;
57.63597;61.18269;62.72937;62.5526;66.32629;72.18767;72.18767;29.92;14.886;0;0;0;0;0;2.95778;-5.2893;218.16771;4.30237;-1.94787;-36.74072;-73.21455;1709.98608;1706.97107;0;1686.65759;-36.5;-73;141.7141;489.2471;-0.2;0.2;
58.49295;63.35005;64.95462;64.95442;67.31249;74.74844;74.74844;29.92;14.886;0;0;0;0;0;4.1806;-5.97681;216.54466;-0.13654;-2.42631;-36.74095;-73.21477;1713.20752;1710.20215;0;1698.51843;-36.5;-73;141.94405;479.73373;-0.2;0.2;
61.10204;66.50881;68.18982;68.07432;70.31497;78.47145;78.47145;29.92;14.886;0;0;0;0;0;3.96669;-5.36392;215.47617;-3.33534;-2.58531;-36.7412;-73.215;1709.65735;1706.66138;0;1702.25928;-36.5;-73;142.37746;465.94763;-0.2;0.2;
65.04494;70.02734;71.78883;71.59707;74.85238;82.61311;82.61311;29.92;14.886;0;0;0;0;0;3.90403;-4.01877;215.00772;-4.18875;-2.33478;-36.74146;-73.21523;1701.69397;1698.70715;0;1699.15442;-36.5;-73;142.98611;452.88303;-0.2;0.2;
69.58869;73.51936;75.35836;75.16106;80.08124;86.72086;86.72086;29.92;14.886;0;0;0;0;0;3.76845;-3.51912;214.66319;-4.14709;-1.98463;-36.74174;-73.21547;1692.41125;1689.43335;0;1691.95667;-36.5;-73;143.63472;441.19495;-0.2;0.2;
73.11047;76.68275;78.59086;78.4493;84.13403;90.44075;90.44077;29.92;14.886;0;0;0;0;0;3.38825;-3.57653;214.21577;-3.43971;-1.82709;-36.74203;-73.21572;1683.78345;1680.81409;0;1683.27979;-36.5;-73;144.25137;431.12534;-0.2;0.2;
76.28522;79.43543;81.40382;81.34016;87.78748;93.67786;93.67784;29.92;14.886;0;0;0;0;0;3.23634;-3.22644;213.67728;-2.2659;-1.72922;-36.74234;-73.21598;1676.95154;1673.99036;0;1674.96021;-36.5;-73;144.83224;422.81757;-0.2;0.2;
79.0126;81.55851;83.57537;83.57296;90.92607;96.17682;96.17681;29.92;14.886;0;0;0;0;0;3.12435;-3.02136;213.13451;-0.43479;-1.59102;-36.74266;-73.21624;1673.5918;1670.63818;0;1668.52136;-36.5;-73;145.29814;416.94473;-0.2;0.2;
81.14473;82.96601;85.01957;84.98321;93.37969;97.83878;97.83878;29.92;14.886;0;0;0;0;0;3.01209;-2.96275;212.51999;1.67613;-1.51834;-36.74298;-73.21651;1675.10437;1672.15759;0;1665.53979;-36.5;-73;145.61371;413.64597;-0.2;0.2;
82.54905;83.62127;85.69988;85.50343;94.99575;98.62167;98.62167;29.92;14.886;0;0;0;0;0;2.85135;-2.86437;211.85342;3.88028;-1.45921;-36.74332;-73.21677;1682.10193;1679.16138;0;1667.26697;-36.5;-73;145.73296;412.35736;-0.2;0.2;
83.24487;83.63251;85.72699;85.28296;95.79649;98.65286;98.65286;29.92;14.886;0;0;0;0;0;2.69616;-2.87031;211.11787;5.83411;-1.42795;-36.74366;-73.21703;1694.42383;1691.4884;0;1674.31592;-36.5;-73;145.69432;413.11163;-0.2;0.2;
83.31099;83.18082;85.28492;84.61818;95.87257;98.14414;98.14415;29.92;14.886;0;0;0;0;0;2.31651;-2.91032;210.29613;7.16913;-1.43683;-36.744;-73.21728;1711.03955;1708.10852;0;1686.50464;-36.5;-73;145.88722;415.03818;-0.2;0.2;
82.94028;82.52069;84.63161;83.84003;95.44598;97.39232;97.39231;29.92;14.886;0;0;0;0;0;2.20327;-2.95044;209.37914;7.84249;-1.47043;-36.74434;-73.21752;1729.85022;1726.92273;0;1702.62195;-36.5;-73;145.2984;417.10709;-0.2;0.2;
82.34184;81.8459;83.96375;83.18755;94.7573;96.62376;96.62376;29.92;14.886;0;0;0;0;0;1.83076;-2.9708;208.37119;7.79671;-1.51751;-36.74467;-73.21775;1749.33301;1746.40784;0;1720.97681;-36.5;-73;145.27971;418.63098;-0.2;0.2;
81.74569;81.42649;83.556;82.94323;94.07127;96.15453;96.15452;29.92;14.886;0;0;0;0;0;1.71891;-2.99018;207.26427;6.94323;-1.58131;-36.74501;-73.21797;1767.56055;1764.63708;0;1740.05579;-36.5;-73;144.82491;418.98981;-0.2;0.2;
81.35629;81.32395;83.47037;83.01922;93.62315;96.05599;96.05599;29.92;14.886;0;0;0;0;0;1.72914;-2.9625;206.03705;5.9597;-1.61875;-36.74535;-73.21819;1783.41846;1780.49561;0;1757.93884;-36.5;-73;144.69653;418.44968;-0.2;0.2;
81.25803;81.53461;83.70334;83.38903;93.51008;96.32409;96.32409;29.92;14.886;0;0;0;0;0;1.72938;-2.92776;204.67999;4.96684;-1.63342;-36.7457;-73.2184;1796.92603;1794.00293;0;1773.79614;-36.5;-73;144.65283;417.04608;-0.2;0.2;
81.46535;82.03689;84.23283;84.02587;93.74866;96.93341;96.93342;29.92;14.886;0;0;0;0;0;1.7059;-2.88418;203.20613;4.01729;-1.63767;-36.74606;-73.2186;1808.03186;1805.10754;0;1787.23438;-36.5;-73;144.68214;414.74228;-0.2;0.2;
81.96267;82.79872;85.02631;84.89751;94.32096;97.84654;97.84654;29.92;14.886;0;0;0;0;0;1.66043;-2.82058;201.61435;3.15417;-1.63227;-36.74642;-73.21878;1816.96094;1814.03455;0;1798.36841;-36.5;-73;144.774;411.5921;-0.2;0.2;
82.71712;83.77598;86.03876;85.96279;95.18917;99.01164;99.01164;29.92;14.886;0;0;0;0;0;1.6031;-2.74998;199.91478;2.40782;-1.61973;-36.74679;-73.21896;1823.93628;1821.00696;0;1807.32556;-36.5;-73;144.92798;407.91248;-0.2;0.2;
83.69008;84.92781;87.22861;87.18623;96.30882;100.38091;100.38091;29.92;14.886;0;0;0;0;0;1.50198;-2.67856;198.10606;1.78623;-1.6043;-36.74717;-73.21912;1829.27612;1826.3429;0;1814.38513;-36.5;-73;145.32478;403.8985;-0.2;0.2;
84.82507;86.21246;88.55302;88.53244;97.61495;101.90501;101.905;29.92;14.886;0;0;0;0;0;1.46466;-3.22247;196.55327;1.23529;-1.72207;-36.74755;-73.21927;1833.0553;1830.11719;0;1819.71851;-36.5;-73;145.37144;399.67752;-0.2;0.2;
86.06364;87.54298;89.92352;89.90977;99.04028;103.48215;103.48215;29.92;14.886;0;0;0;0;0;1.40988;-3.02662;195.39299;1.00234;-1.85066;-36.74795;-73.21941;1835.94543;1833.0011;0;1823.63831;-36.5;-73;145.64217;395.30548;-0.2;0.2;
87.38913;88.83498;91.25441;91.23765;100.56562;105.0137;105.01371;29.92;14.886;0;0;0;0;0;1.35898;-2.92551;194.79602;1.09825;-1.85095;-36.74836;-73.21954;1838.71655;1835.76514;0;1826.71851;-36.5;-73;145.92676;391.38855;-0.2;0.2;
88.64329;89.94943;92.40398;92.3688;102.00888;106.33661;106.33661;29.92;14.886;0;0;0;0;0;1.40008;-2.88321;194.62917;1.58105;-1.84696;-36.74876;-73.21968;1842.20313;1839.2572;0;1829.65649;-36.5;-73;146.18564;388.00845;-0.2;0.2;
89.74658;90.78196;93.26666;93.17973;103.27853;107.32936;107.32935;29.92;14.886;0;0;0;0;0;1.5323;-2.55468;194.56244;2.47393;-1.71415;-36.74918;-73.21981;1847.58606;1844.64502;0;1833.41956;-36.5;-73;146.37022;385.7066;-0.2;0.2;
90.56012;91.21434;93.72258;93.53246;104.21473;107.85402;107.85401;29.92;14.886;0;0;0;0;0;1.50656;-2.69613;194.48854;3.65001;-1.63303;-36.7496;-73.21995;1856.00781;1853.07043;0;1839.1228;-36.5;-73;146.82991;385.20892;-0.2;0.2;
90.98737;91.2492;93.77467;93.43864;104.70641;107.91396;107.91395;29.92;14.886;0;0;0;0;0;1.49667;-2.67462;194.36581;4.85178;-1.61394;-36.75001;-73.22009;1867.69763;1864.76282;0;1847.6333;-36.5;-73;146.40912;385.25656;-0.2;0.2;
91.03169;90.90469;93.4415;92.92115;104.7574;107.53056;107.53057;29.92;14.886;0;0;0;0;0;1.50905;-2.63636;194.23177;6.04948;-1.57674;-36.75043;-73.22021;1882.75879;1879.82556;0;1859.41541;-36.5;-73;146.25993;386.64047;-0.2;0.2;
90.69839;90.21319;92.75568;92.02878;104.37384;106.74133;106.74133;29.92;14.886;0;0;0;0;0;1.52302;-2.69806;194.06464;7.17772;-1.56372;-36.75085;-73.22034;1900.88721;1897.95422;0;1874.42542;-36.5;-73;146.01762;389.15701;-0.2;0.2;
90.03854;89.30762;91.85242;91.00745;103.61451;105.70189;105.70188;29.92;14.886;0;0;0;0;0;1.18944;-2.73088;193.84818;7.77758;-1.58534;-36.75126;-73.22047;1921.29871;1918.36499;0;1892.34839;-36.5;-73;145.69275;391.72449;-0.2;0.2;
89.19005;88.43671;90.98502;90.17126;102.63808;104.70369;104.70368;29.92;14.886;0;0;0;0;0;1.17634;-2.76082;193.57208;7.66867;-1.62768;-36.75166;-73.2206;1942.21838;1939.28271;0;1912.52881;-36.5;-73;145.35953;393.81912;-0.2;0.2;
88.35123;87.67118;90.22431;89.46744;101.67279;103.82829;103.82828;29.92;14.886;0;0;0;0;0;1.21557;-2.78462;193.24577;7.42661;-1.65469;-36.75207;-73.22072;1962.25452;1959.3158;0;1932.93005;-36.5;-73;145.06915;395.742;-0.2;0.2;
87.58434;87.02363;89.58353;88.90068;100.79027;103.0909;103.0909;29.92;14.886;0;0;0;0;0;1.25194;-2.81043;192.85724;7.07888;-1.67293;-36.75247;-73.22083;1981.57031;1978.6272;0;1953.073;-36.5;-73;144.80055;397.07953;-0.2;0.2;
86.94785;86.5312;89.10027;88.50069;100.05781;102.53477;102.53479;29.92;14.886;0;0;0;0;0;1.28185;-2.82233;192.411;6.65083;-1.68538;-36.75287;-73.22095;1999.52368;1996.57532;0;1972.09705;-36.5;-73;144.58293;398.05481;-0.2;0.2;
86.4549;86.1992;88.78039;88.26713;99.49053;102.16665;102.16665;29.92;14.886;0;0;0;0;0;1.30933;-2.80905;191.90018;6.16391;-1.6902;-36.75327;-73.22105;2016.25793;2013.3031;0;1990.06555;-36.5;-73;144.56725;398.43338;-0.2;0.2;
86.125;86.03584;88.63225;88.20155;99.11089;101.99617;101.99619;29.92;14.886;0;0;0;0;0;1.32839;-2.78703;191.33029;5.65081;-1.68513;-36.75367;-73.22115;2031.58496;2028.6228;0;2006.7157;-36.5;-73;144.27454;398.38861;-0.2;0.2;
85.95944;86.0396;88.65453;88.30125;98.92036;102.02182;102.02182;29.92;14.886;0;0;0;0;0;1.33049;-2.73852;190.69107;5.11676;-1.68278;-36.75407;-73.22125;2045.62158;2042.65063;0;2022.11316;-36.5;-73;144.19098;397.83725;-0.2;0.2;
85.96589;86.20849;88.8452;88.56073;98.92778;102.24123;102.24124;29.92;14.886;0;0;0;0;0;1.31405;-2.6321;190.0067;4.58628;-1.65086;-36.75447;-73.22134;2058.26001;2055.27905;0;2036.11597;-36.5;-73;144.31702;396.79379;-0.2;0.2;
86.13583;86.53082;89.19239;88.96602;99.12334;102.64077;102.64077;29.92;14.886;0;0;0;0;0;1.30373;-2.65187;189.26169;4.083;-1.63054;-36.75487;-73.22143;2069.60962;2066.61768;0;2048.80078;-36.5;-73;144.14786;395.22366;-0.2;0.2;
86.45688;87.00184;89.69136;89.5198;99.49281;103.21498;103.21498;29.92;14.886;0;0;0;0;0;1.16574;-2.61327;188.45644;3.5444;-1.62949;-36.75528;-73.22151;2079.74585;2076.74146;0;2060.21948;-36.5;-73;144.18906;393.27182;-0.2;0.2;
86.93734;87.65962;90.38079;90.26648;100.04571;104.00835;104.00835;29.92;14.886;0;0;0;0;0;1.18061;-2.60804;187.63849;2.88186;-1.63708;-36.75569;-73.22158;2088.18091;2085.16309;0;2070.18091;-36.5;-73;144.27254;390.76938;-0.2;0.2;
87.58044;88.44031;91.19531;91.11273;100.78578;104.9457;104.9457;29.92;14.886;0;0;0;0;0;1.07947;-2.67147;186.9191;2.43857;-1.67152;-36.7561;-73.22165;2095.28516;2092.2522;0;2078.66528;-36.5;-73;144.40604;387.93607;-0.2;0.2;
88.35559;89.32516;92.1159;92.05611;101.6778;106.00508;106.00508;29.92;14.886;0;0;0;0;0;1.10895;-2.68061;186.34842;2.0643;-1.70187;-36.75652;-73.22171;2101.2605;2098.21118;0;2085.81592;-36.5;-73;144.56326;385.00735;-0.2;0.2;
89.21955;90.24045;93.06719;93.0167;102.67203;107.09982;107.0998;29.92;14.886;0;0;0;0;0;1.0239;-2.66845;186.05568;1.88722;-1.7378;-36.75695;-73.22176;2106.63208;2103.56494;0;2091.92334;-36.5;-73;144.75568;381.95853;-0.2;0.2;
90.14007;91.17425;94.03725;93.99235;103.73134;108.21615;108.21615;29.92;14.886;0;0;0;0;0;0.98041;-2.44226;185.80878;1.77079;-1.67825;-36.75738;-73.22182;2111.6499;2108.56372;0;2097.3855;-36.5;-73;144.94896;378.82681;-0.2;0.2;
91.06942;92.07671;94.97498;94.92931;104.80082;109.29525;109.29524;29.92;14.886;0;0;0;0;0;0.93079;-2.52681;185.54826;1.77659;-1.64396;-36.75781;-73.22188;2116.56372;2113.45703;0;2102.45898;-36.5;-73;145.31108;376.13437;-0.2;0.2;
91.95444;92.91169;95.84344;95.79212;105.81929;110.29467;110.29468;29.92;14.886;0;0;0;0;0;0.88476;-2.49692;185.24878;1.87529;-1.65181;-36.75825;-73.22192;2121.63159;2118.50317;0;2107.39478;-36.5;-73;145.32326;373.55151;-0.2;0.2;
92.7981;93.67186;96.6356;96.57275;106.79015;111.20627;111.20628;29.92;14.886;0;0;0;0;0;0.85156;-2.42476;184.94014;2.06673;-1.63091;-36.75869;-73.22198;2127.20923;2124.05688;0;2112.58594;-36.5;-73;145.48087;371.11179;-0.2;0.2;
93.54956;94.31644;97.30959;97.22875;107.65491;111.98187;111.98187;29.92;14.886;0;0;0;0;0;0.81768;-2.42926;184.61641;2.33552;-1.62199;-36.75914;-73.22202;2133.44824;2130.27124;0;2118.18555;-36.5;-73;145.78218;369.18649;-0.2;0.2;
94.19652;94.83643;97.85654;97.74938;108.39942;112.61131;112.61131;29.92;14.886;0;0;0;0;0;0.80132;-2.39674;184.27199;2.68168;-1.61653;-36.75959;-73.22207;2140.64795;2137.44434;0;2124.52515;-36.5;-73;145.711;367.59732;-0.2;0.2;
94.71375;95.21001;98.25412;98.11164;108.99464;113.06882;113.06882;29.92;14.886;0;0;0;0;0;0.77862;-2.38005;183.91592;3.08602;-1.60698;-36.76004;-73.22211;2148.94751;2145.71631;0;2131.75049;-36.5;-73;145.7699;366.53665;-0.2;0.2;
95.08478;95.28888;98.34946;98.16563;109.42161;113.17855;113.17853;29.92;14.886;0;0;0;0;0;0.76137;-2.28657;183.53818;3.5035;-1.62183;-36.76049;-73.22215;2158.49707;2155.23657;0;2140.1084;-36.5;-73;80.62173;282.20737;-0.2;0.2;
94.98762;94.26309;97.30582;97.10309;109.3098;111.97754;111.97754;29.92;14.886;0;0;0;0;0;0.74329;-1.03514;183.28528;3.6991;-1.43182;-36.76094;-73.22218;2168.93311;2165.64233;0;2149.59082;-36.5;-73;56.05177;179.75789;-0.2;0.2;
94.11199;92.85116;95.86304;95.68235;108.30215;110.31722;110.31722;29.92;14.886;0;0;0;0;0;0.77833;-1.00827;183.23283;3.51842;-1.07174;-36.76138;-73.22221;2179.27612;2175.95386;0;2159.84351;-36.5;-73;56.34601;163.97636;-0.2;0.2;
92.83113;91.5222;94.50414;94.36429;106.82816;108.75343;108.75342;29.92;14.886;0;0;0;0;0;0.85857;-1.27737;183.12651;3.11735;-1.02155;-36.76182;-73.22224;2188.64185;2185.28735;0;2169.98267;-36.5;-73;54.32113;160.94485;-0.2;0.2;
91.53185;90.30289;93.25602;93.16585;105.33298;107.31712;107.31712;29.92;14.886;0;0;0;0;0;0.90671;-0.99627;183.05769;2.51991;-0.94107;-36.76226;-73.22227;2196.51489;2193.12744;0;2179.21167;-36.5;-73;48.40565;145.1906;-0.2;0.2;
90.33216;89.27786;92.20548;92.16464;103.9524;106.10818;106.10818;29.92;14.886;0;0;0;0;0;0.95223;-1.00447;183.05013;1.7054;-0.84233;-36.76269;-73.2223;2202.35645;2198.93506;0;2186.94604;-36.5;-73;48.29011;143.05199;-0.2;0.2;
89.334;88.53612;91.44401;91.43574;102.80373;105.23189;105.23189;29.92;14.886;0;0;0;0;0;1.01482;-1.08652;183.04938;0.77052;-0.82349;-36.76311;-73.22233;2205.72437;2202.26831;0;2192.6394;-36.5;-73;44.54419;135.95956;-0.2;0.2;
88.58908;88.06761;90.96115;90.96046;101.9465;104.67623;104.67623;29.92;14.886;0;0;0;0;0;1.03864;-0.99009;183.07831;-0.22421;-0.79834;-36.76353;-73.22235;2206.47803;2202.98633;0;2195.9397;-36.5;-73;45.66394;133.38237;-0.2;0.2;
88.13435;87.94311;90.82988;90.80779;101.42319;104.52516;104.52516;29.92;14.886;0;0;0;0;0;1.04186;-0.9684;183.14757;-1.2639;-0.75825;-36.76395;-73.22238;2204.50244;2200.97437;0;2196.64771;-36.5;-73;45.67567;134.86633;-0.2;0.2;
88.00787;88.15075;91.03786;90.9679;101.27765;104.7645;104.7645;29.92;14.886;0;0;0;0;0;1.1659;-1.00862;183.23816;-2.24641;-0.74535;-36.76437;-73.22241;2199.71729;2196.15112;0;2194.63965;-36.5;-73;46.28293;134.04491;-0.2;0.2;
88.18067;88.55058;91.44153;91.33356;101.47651;105.22903;105.22903;29.92;14.886;0;0;0;0;0;1.28621;-0.97814;183.36133;-2.7845;-0.72891;-36.76479;-73.22244;2192.91333;2189.30835;0;2190.00513;-36.5;-73;45.72204;133.06343;-0.2;0.2;
88.54925;89.03017;91.926;91.80009;101.90066;105.78655;105.78655;29.92;14.886;0;0;0;0;0;1.31672;-0.95201;183.52731;-2.99919;-0.70425;-36.76521;-73.22247;2185.02759;2181.40063;0;2183.38184;-36.5;-73;45.76674;132.60527;-0.2;0.2;
89.00809;89.53819;92.43916;92.30205;102.42868;106.3771;106.3771;29.92;14.886;0;0;0;0;0;1.29072;-0.9472;183.72548;-3.12115;-0.68772;-36.76564;-73.2225;2176.74414;2173.10498;0;2175.74341;-36.5;-73;45.8084;131.6927;-0.2;0.2;
89.51159;90.05932;92.96526;92.8235;103.0081;106.98252;106.98251;29.92;14.886;0;0;0;0;0;1.26624;-0.93123;183.95862;-3.16452;-0.6773;-36.76606;-73.22254;2168.12598;2164.47363;0;2167.47949;-36.5;-73;46.4529;131.04506;-0.2;0.2;
90.02559;90.56389;93.47414;93.33424;103.5996;107.56812;107.56812;29.92;14.886;0;0;0;0;0;1.23386;-0.90961;184.22668;-3.13506;-0.66693;-36.76649;-73.22258;2159.50659;2155.83984;0;2158.97485;-36.5;-73;46.50011;130.53854;-0.2;0.2;
90.53017;91.04043;93.95401;93.82019;104.18026;108.12035;108.12037;29.92;14.886;0;0;0;0;0;1.20751;-0.89476;184.53522;-3.05859;-0.656;-36.76692;-73.22262;2150.92212;2147.23926;0;2150.33179;-36.5;-73;45.93941;129.89398;-0.2;0.2;
91.00112;91.46614;94.38175;94.25932;104.72222;108.61259;108.61257;29.92;14.886;0;0;0;0;0;1.1855;-0.89239;184.87869;-2.91855;-0.65043;-36.76735;-73.22266;2142.65015;2138.94995;0;2141.83521;-36.5;-73;46.58789;129.93767;-0.2;0.2;
91.42834;91.8298;94.74586;94.63868;105.21387;109.03159;109.03159;29.92;14.886;0;0;0;0;0;1.17301;-0.87821;185.26427;-2.72554;-0.64502;-36.76779;-73.22272;2134.73193;2131.01318;0;2133.54346;-36.5;-73;46.01641;129.5871;-0.2;0.2;
91.78767;92.11234;95.02707;94.93727;105.62737;109.35521;109.35521;29.92;14.886;0;0;0;0;0;1.15532;-0.87275;185.68922;-2.49103;-0.6393;-36.76823;-73.22276;2127.43237;2123.69385;0;2125.70435;-36.5;-73;46.04614;129.41072;-0.2;0.2;
92.06865;92.30172;95.21303;95.13747;105.95071;109.5692;109.56921;29.92;14.886;0;0;0;0;0;1.66652;-0.87041;186.15453;-2.28279;-0.63784;-36.76867;-73.22282;2120.76733;2117.00757;0;2118.38696;-36.5;-73;46.05082;129.23927;-0.2;0.2;
92.1214;91.96958;94.86582;94.85642;106.01141;109.16964;109.16965;29.92;14.886;0;0;0;0;0;0.98716;-0.86248;186.71896;-0.80669;-0.6111;-36.7691;-73.22289;2117.51636;2113.73438;0;2112.33154;-36.5;-73;45.94267;130.2901;-0.2;0.2;
91.95256;91.80222;94.68925;94.66543;105.81712;108.96645;108.96644;29.92;14.886;0;0;0;0;0;0.7729;-0.90165;187.1931;-1.28517;-0.63559;-36.76954;-73.22295;2114.71338;2110.90796;0;2108.64233;-36.5;-73;46.51023;130.42741;-0.2;0.2;
91.83651;91.85666;94.73901;94.68443;105.68357;109.02371;109.02373;29.92;14.886;0;0;0;0;0;0.83665;-0.88616;187.65326;-1.94526;-0.6543;-36.76997;-73.22302;2110.16211;2106.33179;0;2105.25708;-36.5;-73;45.8121;129.53073;-0.2;0.2;
91.88335;92.05549;94.93555;94.85624;105.73747;109.24989;109.2499;29.92;14.886;0;0;0;0;0;0.93615;-0.85199;188.12672;-2.34238;-0.651;-36.77041;-73.2231;2104.10303;2100.24683;0;2100.62085;-36.5;-73;45.90817;129.06284;-0.2;0.2;
92.05836;92.30815;95.18656;95.09747;105.93888;109.53875;109.53875;29.92;14.886;0;0;0;0;0;1.00651;-0.84567;188.60645;-2.47913;-0.63928;-36.77084;-73.22318;2097.33984;2093.4563;0;2094.73926;-36.5;-73;45.93428;129.04359;-0.2;0.2;
92.294;92.55935;95.43578;95.34729;106.21004;109.82554;109.82553;29.92;14.886;0;0;0;0;0;1.0199;-0.8434;189.08621;-2.46744;-0.63211;-36.77127;-73.22326;2090.40601;2086.51782;0;2088.12891;-36.5;-73;45.87538;128.4447;-0.2;0.2;
92.53633;92.78739;95.6612;95.57652;106.48891;110.08495;110.08495;29.92;14.886;0;0;0;0;0;0.9978;-0.82801;189.56413;-2.41106;-0.62505;-36.77171;-73.22335;2083.5603;2079.69043;0;2081.27002;-36.5;-73;46.59555;128.50101;-0.2;0.2;
92.76487;92.9964;95.86716;95.78551;106.75191;110.32197;110.32197;29.92;14.886;0;0;0;0;0;0.96508;-0.8224;190.03755;-2.36489;-0.61924;-36.77214;-73.22344;2076.85864;2073.00635;0;2074.46143;-36.5;-73;45.92433;128.13051;-0.2;0.2;
92.97559;93.19292;96.06035;95.98034;106.9944;110.54428;110.54428;29.92;14.886;0;0;0;0;0;0.9387;-0.81785;190.50536;-2.33865;-0.61685;-36.77257;-73.22354;2070.2522;2066.41626;0;2067.75757;-36.5;-73;45.95075;128.43724;-0.2;0.2;
93.17715;93.38235;96.24612;96.16695;107.22636;110.75807;110.75808;29.92;14.886;0;0;0;0;0;0.91421;-0.81077;190.97598;-2.32425;-0.61491;-36.77301;-73.22365;2063.60889;2059.78833;0;2061.06738;-36.5;-73;46.05226;127.8288;-0.2;0.2;
93.36694;93.56422;96.42416;96.34522;107.44476;110.96294;110.96294;29.92;14.886;0;0;0;0;0;0.89217;-0.80426;191.44194;-2.31848;-0.6132;-36.77345;-73.22375;2057.02417;2053.21777;0;2054.45703;-36.5;-73;46.07483;127.74135;-0.2;0.2;
93.54912;93.74007;96.59599;96.51753;107.6544;111.16068;111.16068;29.92;14.886;0;0;0;0;0;0.87864;-0.79826;191.90622;-2.30943;-0.61139;-36.77388;-73.22386;2050.45776;2046.66443;0;2047.88416;-36.5;-73;46.09584;127.49821;-0.2;0.2;
93.72743;93.91197;96.76365;96.68523;107.8596;111.35362;111.35362;29.92;14.886;0;0;0;0;0;0.85692;-0.79219;192.37389;-2.30689;-0.60987;-36.77432;-73.22398;2043.84204;2040.06067;0;2041.25647;-36.5;-73;46.03444;127.28267;-0.2;0.2;
93.89883;94.07958;96.92692;96.84831;108.05685;111.54151;111.54151;29.92;14.886;0;0;0;0;0;0.83572;-0.78596;192.83743;-2.30765;-0.60828;-36.77476;-73.22411;2037.26953;2033.49902;0;2034.68762;-36.5;-73;46.05576;127.17679;-0.2;0.2;
94.06628;94.24177;97.08459;97.00627;108.24954;111.72296;111.72298;29.92;14.886;0;0;0;0;0;0.82047;-0.7809;193.29961;-2.3018;-0.60662;-36.77519;-73.22423;2030.71912;2026.95813;0;2028.14026;-36.5;-73;46.07722;127.1587;-0.2;0.2;
94.23119;94.40376;97.24196;97.16336;108.43932;111.90405;111.90405;29.92;14.886;0;0;0;0;0;0.80612;-0.78371;193.76566;-2.30376;-0.60452;-36.77563;-73.22437;2024.10461;2020.35217;0;2021.53186;-36.5;-73;46.09883;127.15157;-0.2;0.2;
94.39371;94.56381;97.39726;97.31831;108.62635;112.08278;112.08278;29.92;14.886;0;0;0;0;0;0.78768;-0.79275;194.22845;-2.30711;-0.60838;-36.77607;-73.22449;2017.46912;2013.72424;0;2014.91345;-36.5;-73;46.20238;127.00509;-0.2;0.2;
94.55768;94.73792;97.567;97.48815;108.81503;112.27811;112.27811;29.92;14.886;0;0;0;0;0;0.77749;-0.77722;194.69235;-2.30367;-0.60458;-36.77651;-73.22464;2010.83081;2007.09644;0;2008.29443;-36.5;-73;46.1384;126.50783;-0.2;0.2;
94.72747;94.9074;97.73202;97.65381;109.01043;112.468;112.468;29.92;14.886;0;0;0;0;0;0.7566;-0.77028;195.15637;-2.29229;-0.59787;-36.77694;-73.22478;2004.24194;2000.53638;0;2001.69385;-36.5;-73;46.24345;126.59999;-0.2;0.2;
94.8972;95.07338;97.8934;97.81489;109.20575;112.65372;112.65372;29.92;14.886;0;0;0;0;0;0.74005;-0.76902;195.61772;-2.295;-0.59525;-36.77737;-73.22493;1997.6637;1993.98608;0;1995.11487;-36.5;-73;46.17871;126.11122;-0.2;0.2;
95.06382;95.23602;98.05131;97.97294;109.39749;112.83543;112.83543;29.92;14.886;0;0;0;0;0;0.72587;-0.76038;196.07956;-2.29101;-0.59248;-36.77781;-73.22509;1991.0719;1987.42102;0;1988.52869;-36.5;-73;46.19928;126.04451;-0.2;0.2;
95.2269;95.39668;98.20715;98.12867;109.58516;113.01477;113.01478;29.92;14.886;0;0;0;0;0;0.70976;-0.75605;196.54189;-2.29085;-0.58977;-36.77824;-73.22524;1984.46851;1980.84351;0;1981.92786;-36.5;-73;46.305;126.32624;-0.2;0.2;
95.38863;95.55409;98.35954;98.2814;109.77129;113.19013;113.19015;29.92;14.886;0;0;0;0;0;0.69511;-0.75405;197.00594;-2.284;-0.58844;-36.77868;-73.22541;1977.82935;1974.22961;0;1975.2937;-36.5;-73;46.32384;125.95946;-0.2;0.2;
95.54631;95.70613;98.50635;98.4283;109.95274;113.35909;113.35909;29.92;14.886;0;0;0;0;0;0.67911;-0.74744;197.47067;-2.28095;-0.58718;-36.77911;-73.22558;1971.17798;1967.60242;0;1968.64233;-36.5;-73;46.34257;125.62657;-0.2;0.2;
95.69805;95.85332;98.64815;98.57005;110.12736;113.52226;113.52229;29.92;14.886;0;0;0;0;0;0.66494;-0.74163;197.93358;-2.28032;-0.58538;-36.77955;-73.22575;1964.54956;1960.99707;0;1962.01697;-36.5;-73;46.36196;125.47173;-0.2;0.2;
95.84729;95.99895;98.78822;98.71005;110.2991;113.68345;113.68345;29.92;14.886;0;0;0;0;0;0.64967;-0.73688;198.3983;-2.27933;-0.58358;-36.77998;-73.22593;1957.88171;1954.35132;0;1955.34778;-36.5;-73;46.2993;125.69321;-0.2;0.2;
95.99274;96.14097;98.92458;98.84674;110.46647;113.84039;113.84039;29.92;14.886;0;0;0;0;0;0.63789;-0.73299;198.86073;-2.27314;-0.582;-36.78042;-73.22611;1951.23645;1947.72693;0;1948.70593;-36.5;-73;46.94551;125.44064;-0.2;0.2;
96.1355;96.28076;99.05862;98.98071;110.63076;113.99462;113.99461;29.92;14.886;0;0;0;0;0;0.62456;-0.7301;199.32318;-2.27233;-0.58102;-36.78085;-73.2263;1944.58264;1941.09314;0;1942.05298;-36.5;-73;46.42116;125.29728;-0.2;0.2;
96.27516;96.41686;99.18882;99.11069;110.79148;114.14445;114.14447;29.92;14.886;0;0;0;0;0;0.61422;-0.7255;199.78477;-2.27443;-0.58028;-36.78128;-73.22649;1937.92456;1934.45398;0;1935.4021;-36.5;-73;46.43996;125.11693;-0.2;0.2;
96.41041;96.54869;99.31463;99.2366;110.94712;114.28924;114.28924;29.92;14.886;0;0;0;0;0;0.59898;-0.72072;200.24484;-2.27142;-0.57885;-36.78171;-73.22668;1931.28955;1927.83704;0;1928.77026;-36.5;-73;46.37487;125.05923;-0.2;0.2;
96.54336;96.67775;99.43759;99.35968;111.10011;114.43074;114.43075;29.92;14.886;0;0;0;0;0;0.58498;-0.71739;200.70374;-2.26831;-0.57757;-36.78214;-73.22688;1924.66113;1921.22534;0;1922.14734;-36.5;-73;46.47736;124.83668;-0.2;0.2;
96.67181;96.80188;99.55547;99.47763;111.24793;114.56639;114.56639;29.92;14.886;0;0;0;0;0;0.57492;-0.71278;201.16138;-2.26582;-0.57655;-36.78257;-73.22709;1918.04089;1914.62085;0;1915.52502;-36.5;-73;46.49615;124.81673;-0.2;0.2;
96.79814;96.92477;99.67199;99.59426;111.39332;114.70049;114.70048;29.92;14.886;0;0;0;0;0;0.56675;-0.7086;201.62148;-2.26291;-0.57501;-36.783;-73.2273;1911.38086;1907.97546;0;1908.86877;-36.5;-73;46.4298;124.57599;-0.2;0.2;
96.91908;97.04136;99.78207;99.70438;111.53249;114.82716;114.82716;29.92;14.886;0;0;0;0;0;0.55209;-0.70568;202.07881;-2.26116;-0.57418;-36.78342;-73.22752;1904.76257;1901.37085;0;1902.24695;-36.5;-73;46.5326;124.5202;-0.2;0.2;
97.03801;97.15861;99.89274;99.81482;111.66935;114.95452;114.95452;29.92;14.886;0;0;0;0;0;0.54217;-0.70077;202.53787;-2.26321;-0.57276;-36.78385;-73.22773;1898.10034;1894.72107;0;1895.59705;-36.5;-73;46.55114;124.47006;-0.2;0.2;
97.15427;97.27219;99.99966;99.92171;111.80315;115.07756;115.07756;29.92;14.886;0;0;0;0;0;0.53083;-0.69874;202.9948;-2.26231;-0.57172;-36.78428;-73.22796;1891.45776;1888.08997;0;1888.95667;-36.5;-73;46.56933;124.38734;-0.2;0.2;
97.26972;97.38641;100.10713;100.02923;111.936;115.20123;115.20123;29.92;14.886;0;0;0;0;0;0.52136;-0.69549;203.45424;-2.2605;-0.57078;-36.7847;-73.22818;1884.76245;1881.40515;0;1882.26917;-36.5;-73;46.5032;124.3842;-0.2;0.2;
97.38278;97.49756;100.21149;100.13371;112.06611;115.32133;115.32133;29.92;14.886;0;0;0;0;0;0.51176;-0.69368;203.9101;-2.25763;-0.57008;-36.78513;-73.22842;1878.11499;1874.76697;0;1875.62048;-36.5;-73;46.60666;124.50156;-0.2;0.2;
97.49326;97.60255;100.30952;100.23209;112.19324;115.43414;115.43414;29.92;14.886;0;0;0;0;0;0.50249;-0.69096;204.36539;-2.25129;-0.5697;-36.78555;-73.22865;1871.48267;1868.14282;0;1868.98047;-36.5;-73;46.62385;124.21224;-0.2;0.2;
97.5996;97.70596;100.40589;100.32838;112.31562;115.54504;115.54504;29.92;14.886;0;0;0;0;0;0.48866;-0.68672;204.82193;-2.25137;-0.56882;-36.78597;-73.22889;1864.83423;1861.50134;0;1862.33008;-36.5;-73;46.55655;124.06074;-0.2;0.2;
97.70326;97.80762;100.50042;100.42237;112.43491;115.65382;115.65382;29.92;14.886;0;0;0;0;0;0.47894;-0.6832;205.27774;-2.25821;-0.56805;-36.78639;-73.22913;1858.1698;1854.84314;0;1855.68005;-36.5;-73;46.57418;123.9577;-0.2;0.2;
97.80585;97.90807;100.59361;100.51588;112.55296;115.76107;115.76106;29.92;14.886;0;0;0;0;0;0.47371;-0.67993;205.73665;-2.25257;-0.56654;-36.78681;-73.22939;1851.4563;1848.13452;0;1848.97473;-36.5;-73;46.59286;124.23111;-0.2;0.2;
97.90582;98.00553;100.68379;100.60625;112.66801;115.86485;115.86483;29.92;14.886;0;0;0;0;0;0.46415;-0.67883;206.19334;-2.24851;-0.5658;-36.78723;-73.22964;1844.77942;1841.46155;0;1842.29102;-36.5;-73;46.6954;124.03861;-0.2;0.2;
98.00261;98.09864;100.76952;100.69204;112.7794;115.96349;115.96352;29.92;14.886;0;0;0;0;0;0.45533;-0.67534;206.64697;-2.24718;-0.56544;-36.78764;-73.2299;1838.13806;1834.82275;0;1835.6499;-36.5;-73;46.62708;123.73424;-0.2;0.2;
98.09675;98.19064;100.85405;100.77641;112.88773;116.06078;116.06078;29.92;14.886;0;0;0;0;0;0.44659;-0.67088;207.10187;-2.24853;-0.56422;-36.78806;-73.23016;1831.47156;1828.15771;0;1828.98975;-36.5;-73;46.73078;124.07004;-0.2;0.2;
98.18927;98.28305;100.93896;100.86112;112.99419;116.15849;116.15851;29.92;14.886;0;0;0;0;0;0.44151;-0.67079;207.55638;-2.25053;-0.56331;-36.78847;-73.23043;1824.79089;1821.47766;0;1822.31372;-36.5;-73;46.74811;123.89976;-0.2;0.2;
98.28171;98.37228;101.02058;100.94311;113.10057;116.25242;116.2524;29.92;14.886;0;0;0;0;0;0.43291;-0.66925;208.01218;-2.244;-0.56315;-36.78888;-73.2307;1818.09241;1814.77869;0;1815.61633;-36.5;-73;46.67961;123.57324;-0.2;0.2;
98.37058;98.45973;101.10036;101.02303;113.20285;116.34422;116.34422;29.92;14.886;0;0;0;0;0;0.42173;-0.6655;208.46838;-2.24099;-0.56234;-36.7893;-73.23098;1811.39197;1808.07642;0;1808.90845;-36.5;-73;46.69738;123.68362;-0.2;0.2;
98.45894;98.54353;101.17632;101.09918;113.30453;116.43164;116.43164;29.92;14.886;0;0;0;0;0;0.4162;-0.66453;208.92551;-2.23752;-0.56196;-36.78971;-73.23126;1804.67712;1801.35852;0;1802.20105;-36.5;-73;46.80002;123.48578;-0.2;0.2;
98.54221;98.62488;101.24986;101.17238;113.40036;116.51625;116.51625;29.92;14.886;0;0;0;0;0;0.40837;-0.65874;209.37883;-2.2416;-0.56083;-36.79012;-73.23154;1798.01294;1794.69031;0;1795.53503;-36.5;-73;46.73154;123.36251;-0.2;0.2;
98.62418;98.7049;101.32197;101.24454;113.49469;116.59925;116.59924;29.92;14.886;0;0;0;0;0;0.40475;-0.65936;209.83348;-2.24012;-0.56008;-36.79052;-73.23183;1791.32373;1787.99585;0;1788.85461;-36.5;-73;46.74884;123.34496;-0.2;0.2;
98.70351;98.78364;101.39278;101.31509;113.58597;116.68074;116.68073;29.92;14.886;0;0;0;0;0;0.39221;-0.65636;210.28575;-2.24314;-0.55979;-36.79092;-73.23212;1784.65723;1781.32324;0;1782.18945;-36.5;-73;47.40773;123.46592;-0.2;0.2;
98.78206;98.8611;101.46228;101.38483;113.67637;116.76071;116.76071;29.92;14.886;0;0;0;0;0;0.39064;-0.65464;210.73734;-2.23897;-0.55886;-36.79132;-73.23241;1777.99194;1774.65039;0;1775.52832;-36.5;-73;46.86908;123.3821;-0.2;0.2;
98.86035;98.93652;101.52959;101.45236;113.76646;116.83817;116.83818;29.92;14.886;0;0;0;0;0;0.38258;-0.65315;211.19234;-2.23502;-0.55845;-36.79173;-73.23272;1771.28003;1767.92993;0;1768.8092;-36.5;-73;46.80053;123.3535;-0.2;0.2;
98.93574;99.01001;101.59496;101.51755;113.85322;116.91339;116.91339;29.92;14.886;0;0;0;0;0;0.37333;-0.65123;211.64522;-2.23677;-0.55811;-36.79213;-73.23302;1764.59277;1761.23291;0;1762.12354;-36.5;-73;46.90345;123.26431;-0.2;0.2;
99.01043;99.08401;101.66076;101.58298;113.93917;116.98911;116.98911;29.92;14.886;0;0;0;0;0;0.37012;-0.6492;212.09984;-2.2414;-0.55774;-36.79253;-73.23334;1757.85352;1754.48315;0;1755.4021;-36.5;-73;46.83469;123.2018;-0.2;0.2;
99.08348;99.1579;101.72648;101.64787;114.02324;117.06474;117.06474;29.92;14.886;0;0;0;0;0;0.29883;-0.64654;212.55109;-2.25275;-0.55713;-36.79293;-73.23365;1751.15491;1747.78198;0;1748.70667;-36.5;-73;46.85172;123.11858;-0.2;0.2;
99.18168;99.37576;101.93892;101.81325;114.13624;117.30922;117.30922;29.92;14.886;0;0;0;0;0;-0.09134;-0.6518;212.96893;-2.84534;-0.56773;-36.79332;-73.23396;1743.81104;1740.43433;0;1741.96924;-36.5;-73;46.87112;122.81599;-0.2;0.2;
99.4549;99.98706;102.54995;102.26701;114.45066;118.01237;118.01238;29.92;14.886;0;0;0;0;0;-0.38785;-0.64063;213.34436;-4.25719;-0.59595;-36.79371;-73.23429;1733.22815;1729.84644;0;1734.01416;-36.5;-73;46.98565;121.212;-0.2;0.2;
100.09526;101.07639;103.64379;103.131;115.18758;119.27115;119.27115;29.92;14.886;0;0;0;0;0;-0.13404;-0.60165;213.70795;-5.70182;-0.60824;-36.79411;-73.23461;1717.94055;1714.55286;0;1723.01843;-36.5;-73;46.93824;118.7635;-0.2;0.2;
101.12915;102.29802;104.86848;104.32825;116.37735;120.6805;120.68049;29.92;14.886;0;0;0;0;0;0.2982;-0.55504;214.13974;-5.81819;-0.5735;-36.79451;-73.23495;1699.89661;1696.50159;0;1707.90393;-36.5;-73;47.72208;117.26283;-0.2;0.2;
102.25023;103.23224;105.8;105.41486;117.66747;121.75248;121.75249;29.92;14.886;0;0;0;0;0;0.42791;-0.53323;214.62294;-4.89039;-0.53216;-36.79491;-73.23529;1683.14001;1679.73633;0;1690.74182;-36.5;-73;47.0089;116.91916;-0.2;0.2;
103.15192;103.84103;106.40235;106.14466;118.70511;122.44564;122.44564;29.92;14.886;0;0;0;0;0;0.24166;-0.51978;215.10516;-3.98837;-0.50537;-36.79531;-73.23564;1669.39551;1665.9823;0;1674.61902;-36.5;-73;47.03297;116.6898;-0.2;0.2;
103.78108;104.25401;106.80718;106.60551;119.42914;122.91151;122.91151;29.92;14.886;0;0;0;0;0;0.04881;-0.50814;215.5667;-3.52144;-0.49429;-36.79571;-73.23599;1657.76514;1654.34119;0;1660.84521;-36.5;-73;47.05329;116.64571;-0.2;0.2;
104.22945;104.59945;107.14397;106.95581;119.94511;123.2991;123.2991;29.92;14.886;0;0;0;0;0;-0.07153;-0.50139;216.01344;-3.39621;-0.49298;-36.79611;-73.23635;1646.93457;1643.49878;0;1648.89795;-36.5;-73;47.07197;116.63551;-0.2;0.2;
104.59674;104.9409;107.47659;107.28387;120.36778;123.68186;123.68186;29.92;14.886;0;0;0;0;0;-0.12611;-0.49375;216.45274;-3.43169;-0.49413;-36.79651;-73.23672;1636.14368;1632.69482;0;1637.82495;-36.5;-73;47.09241;116.06112;-0.2;0.2;
104.94276;105.29344;107.82018;107.61901;120.76598;124.07726;124.07725;29.92;14.886;0;0;0;0;0;-0.15237;-0.48489;216.88585;-3.50048;-0.49382;-36.7969;-73.23708;1625.23779;1621.77466;0;1627.02808;-36.5;-73;47.11075;115.82894;-0.2;0.2;
105.29852;105.65762;108.17509;107.96764;121.17537;124.48567;124.48567;29.92;14.886;0;0;0;0;0;-0.16961;-0.47708;217.3219;-3.54897;-0.49203;-36.7973;-73.23746;1614.01855;1610.53979;0;1616.01111;-36.5;-73;47.1304;115.28979;-0.2;0.2;
105.66138;106.02235;108.53018;108.31908;121.59296;124.89431;124.89431;29.92;14.886;0;0;0;0;0;-0.18661;-0.46759;217.75818;-3.57429;-0.48915;-36.7977;-73.23785;1602.64404;1599.14856;0;1604.80518;-36.5;-73;47.14762;115.15858;-0.2;0.2;
106.02512;106.38122;108.87902;108.66698;122.01153;125.29575;125.29576;29.92;14.886;0;0;0;0;0;-0.20322;-0.45985;218.1945;-3.57645;-0.48553;-36.79809;-73.23823;1591.17859;1587.66492;0;1593.44116;-36.5;-73;47.16667;114.64185;-0.2;0.2;
106.38255;106.72855;109.21586;109.00412;122.42286;125.68337;125.68337;29.92;14.886;0;0;0;0;0;-0.22765;-0.45161;218.63124;-3.56839;-0.48206;-36.79849;-73.23862;1579.66064;1576.12769;0;1581.95422;-36.5;-73;47.1851;114.24249;-0.2;0.2;
106.72882;107.06397;109.54044;109.32899;122.82133;126.0569;126.0569;29.92;14.886;0;0;0;0;0;-0.249;-0.44371;219.06535;-3.56067;-0.47843;-36.79888;-73.23901;1568.17688;1564.62329;0;1570.48657;-36.5;-73;47.20194;114.04482;-0.2;0.2;
107.06561;107.38941;109.85463;109.64372;123.2089;126.41846;126.41846;29.92;14.886;0;0;0;0;0;-0.2709;-0.43711;219.50078;-3.55097;-0.47517;-36.79927;-73.23942;1556.63452;1553.05896;0;1558.95093;-36.5;-73;47.21981;113.68954;-0.2;0.2;
107.39079;107.70313;110.15671;109.94615;123.58312;126.76608;126.76608;29.92;14.886;0;0;0;0;0;-0.29421;-0.42945;219.93469;-3.54308;-0.47208;-36.79967;-73.23982;1545.09619;1541.49719;0;1547.41626;-36.5;-73;47.23779;113.32471;-0.2;0.2;
107.70392;108.00513;110.44674;110.23666;123.94346;127.09985;127.09985;29.92;14.886;0;0;0;0;0;-0.3156;-0.42316;220.36749;-3.53457;-0.46907;-36.80006;-73.24023;1533.57544;1529.96875;0;1535.90112;-36.5;-73;47.25411;113.18939;-0.2;0.2;
108.00597;108.29779;110.72717;110.51732;124.29106;127.42255;127.42256;29.92;14.886;0;0;0;0;0;-0.33509;-0.41711;220.79895;-3.52809;-0.46625;-36.80045;-73.24065;1522.06641;1518.51611;0;1524.39746;-36.5;-73;47.95898;112.86357;-0.2;0.2;
108.30007;108.58354;111.00034;110.79028;124.6295;127.73692;127.73691;29.92;14.886;0;0;0;0;0;-0.35848;-0.4115;221.23055;-3.52538;-0.46373;-36.80083;-73.24107;1510.50525;1507.01013;0;1512.84888;-36.5;-73;47.37911;112.79406;-0.2;0.2;
108.58585;108.8604;111.26427;111.05463;124.95837;128.04065;128.04065;29.92;14.886;0;0;0;0;0;-0.3705;-0.40619;221.66199;-3.51776;-0.46137;-36.80122;-73.2415;1498.91589;1495.47412;0;1501.27515;-36.5;-73;47.30602;112.35046;-0.2;0.2;
108.8619;109.12614;111.51679;111.30743;125.27604;128.33124;128.33124;29.92;14.886;0;0;0;0;0;-0.39089;-0.39979;222.093;-3.51134;-0.45884;-36.80161;-73.24193;1487.3374;1483.94751;0;1489.69983;-36.5;-73;47.32313;112.14191;-0.2;0.2;
109.12606;109.38268;111.75998;111.55063;125.58003;128.61108;128.61108;29.92;14.886;0;0;0;0;0;-0.40536;-0.39563;222.51944;-3.50736;-0.45657;-36.80198;-73.24236;1475.84973;1472.50928;0;1478.22363;-36.5;-73;47.34042;111.89335;-0.2;0.2;
109.3829;109.6309;111.99446;111.78576;125.8756;128.88094;128.88094;29.92;14.886;0;0;0;0;0;-0.42442;-0.38986;222.9481;-3.49844;-0.45437;-36.80236;-73.2428;1464.29895;1461.00659;0;1466.66663;-36.5;-73;47.35448;112.04079;-0.2;0.2;
109.63181;109.87178;112.22141;112.01319;126.16204;129.14211;129.14209;29.92;14.886;0;0;0;0;0;-0.43802;-0.38608;223.37529;-3.49077;-0.45214;-36.80274;-73.24324;1452.76624;1449.52014;0;1455.13953;-36.5;-73;47.37461;111.51858;-0.2;0.2;
109.87137;110.10311;112.43855;112.23009;126.43771;129.39198;129.392;29.92;14.886;0;0;0;0;0;-0.45511;-0.38099;223.80106;-3.48953;-0.4505;-36.80312;-73.24368;1441.23755;1438.03601;0;1443.61792;-36.5;-73;47.48434;111.41341;-0.2;0.2;
110.1032;110.32792;112.64897;112.44035;126.7045;129.63412;129.63412;29.92;14.886;0;0;0;0;0;-0.46635;-0.37618;224.22534;-3.48755;-0.44817;-36.80349;-73.24413;1429.71655;1426.55762;0;1432.11121;-36.5;-73;47.41039;111.07992;-0.2;0.2;
110.32853;110.54671;112.85305;112.64452;126.96381;129.86897;129.86899;29.92;14.886;0;0;0;0;0;-0.48196;-0.37244;224.65154;-3.48368;-0.44635;-36.80386;-73.24459;1418.12085;1415.00293;0;1420.52454;-36.5;-73;47.42735;110.99155;-0.2;0.2;
110.54746;110.75945;113.05087;112.8429;127.21575;130.09662;130.09662;29.92;14.886;0;0;0;0;0;-0.49089;-0.3683;225.0779;-3.47593;-0.44433;-36.80423;-73.24505;1406.50366;1403.42517;0;1408.90967;-36.5;-73;47.53749;110.93091;-0.2;0.2;
110.75794;110.96271;113.23908;113.03143;127.45797;130.31322;130.31322;29.92;14.886;0;0;0;0;0;-0.50728;-0.36509;225.50005;-3.4703;-0.44284;-36.8046;-73.24551;1394.99194;1391.95056;0;1397.39832;-36.5;-73;47.55378;110.94855;-0.2;0.2;
110.96242;111.16118;113.42226;113.21488;127.69328;130.52402;130.52403;29.92;14.886;0;0;0;0;0;-0.51839;-0.36206;225.92375;-3.46544;-0.4414;-36.80496;-73.24598;1383.41748;1380.41174;0;1385.82397;-36.5;-73;48.18123;110.83241;-0.2;0.2;
111.16263;111.35547;113.60097;113.39342;127.92368;130.72966;130.72966;29.92;14.886;0;0;0;0;0;-0.53414;-0.3586;226.35072;-3.46392;-0.44016;-36.80532;-73.24645;1371.73706;1368.76538;0;1374.14673;-36.5;-73;47.49799;110.5265;-0.2;0.2;
111.35451;111.54099;113.77084;113.5636;128.14449;130.92516;130.92516;29.92;14.886;0;0;0;0;0;-0.54092;-0.35504;226.77283;-3.45881;-0.43882;-36.80569;-73.24693;1360.16418;1357.22424;0;1362.58899;-36.5;-73;47.51866;110.20531;-0.2;0.2;
111.53977;111.71941;113.93338;113.72609;128.35768;131.1122;131.1122;29.92;14.886;0;0;0;0;0;-0.55469;-0.35092;227.19514;-3.45676;-0.43722;-36.80604;-73.24741;1348.58167;1345.67175;0;1351.01086;-36.5;-73;47.53687;110.15411;-0.2;0.2;
111.71889;111.89301;114.09093;113.88364;128.56381;131.29352;131.29352;29.92;14.886;0;0;0;0;0;-0.56364;-0.34773;227.61742;-3.45448;-0.43559;-36.8064;-73.24789;1336.98547;1334.10352;0;1339.42627;-36.5;-73;47.55686;109.95054;-0.2;0.2;
111.89103;112.05994;114.24171;114.035;128.7619;131.46701;131.46701;29.92;14.886;0;0;0;0;0;-0.57314;-0.34441;228.03836;-3.44718;-0.43386;-36.80675;-73.24837;1325.41418;1322.55847;0;1327.85278;-36.5;-73;47.57609;109.84596;-0.2;0.2;
112.05849;112.2226;114.38799;114.18121;128.95462;131.63536;131.63535;29.92;14.886;0;0;0;0;0;-0.58277;-0.3424;228.46017;-3.44561;-0.43265;-36.8071;-73.24887;1313.80249;1310.97095;0;1316.24182;-36.5;-73;47.59574;109.71885;-0.2;0.2;
112.22126;112.37969;114.52837;114.32158;129.14192;131.79689;131.79689;29.92;14.886;0;0;0;0;0;-0.59212;-0.33889;228.88245;-3.44354;-0.43146;-36.80745;-73.24937;1302.16003;1299.35107;0;1304.60754;-36.5;-73;47.61634;109.57991;-0.2;0.2;
112.37852;112.5323;114.66414;114.45727;129.32289;131.95314;131.95313;29.92;14.886;0;0;0;0;0;-0.60255;-0.33645;229.30403;-3.44214;-0.43003;-36.8078;-73.24986;1290.53308;1287.74463;0;1292.98718;-36.5;-73;47.63534;109.58241;-0.2;0.2;
112.53017;112.68049;114.79543;114.58884;129.49742;132.10423;132.10422;29.92;14.886;0;0;0;0;0;-0.61009;-0.33428;229.72397;-3.43774;-0.42897;-36.80814;-73.25037;1278.93872;1276.16882;0;1281.39209;-36.5;-73;47.65458;109.56968;-0.2;0.2;
112.67763;112.8226;114.92051;114.71393;129.6671;132.24817;132.24815;29.92;14.886;0;0;0;0;0;-0.62057;-0.33186;230.14273;-3.43582;-0.42793;-36.80848;-73.25087;1267.35889;1264.60547;0;1269.81885;-36.5;-73;47.67588;109.42932;-0.2;0.2;
112.82168;112.963;115.04359;114.83701;129.83287;132.38982;132.3898;29.92;14.886;0;0;0;0;0;-0.62644;-0.32981;230.56535;-3.43408;-0.42707;-36.80882;-73.25138;1255.6604;1252.92175;0;1258.12891;-36.5;-73;47.69655;109.36379;-0.2;0.2;
112.9608;113.09764;115.16091;114.95469;129.99297;132.52481;132.52481;29.92;14.886;0;0;0;0;0;-0.63565;-0.32732;230.98534;-3.4294;-0.42597;-36.80916;-73.2519;1244.02954;1241.30371;0;1246.50049;-36.5;-73;47.71613;109.40141;-0.2;0.2;
113.09518;113.22865;115.27446;115.06818;130.14761;132.65549;132.65547;29.92;14.886;0;0;0;0;0;-0.64291;-0.32598;231.40562;-3.42809;-0.42525;-36.80949;-73.25242;1232.38074;1229.66565;0;1234.8512;-36.5;-73;47.83455;109.17773;-0.2;0.2;
113.22488;113.35381;115.38211;115.17595;130.29688;132.77937;132.77939;29.92;14.886;0;0;0;0;0;-0.65162;-0.32312;231.82349;-3.42574;-0.42439;-36.80982;-73.25294;1220.79529;1218.08911;0;1223.26648;-36.5;-73;47.76135;109.06801;-0.2;0.2;
113.35109;113.47692;115.48759;115.28138;130.44211;132.90074;132.90074;29.92;14.886;0;0;0;0;0;-0.65643;-0.32124;232.24207;-3.42448;-0.42319;-36.81015;-73.25346;1209.16663;1206.46729;0;1211.64648;-36.5;-73;47.78178;109.09618;-0.2;0.2;
113.47348;113.59595;115.58888;115.38313;130.58295;133.01732;133.01732;29.92;14.886;0;0;0;0;0;-0.66456;-0.31989;232.66017;-3.41906;-0.42249;-36.81047;-73.25398;1197.54211;1194.84766;0;1200.02197;-36.5;-73;47.80404;108.99977;-0.2;0.2;
113.59177;113.71093;115.68604;115.4802;130.71909;133.12912;133.12912;29.92;14.886;0;0;0;0;0;-0.67183;-0.31789;233.07764;-3.41837;-0.42176;-36.81079;-73.25452;1185.92053;1183.22888;0;1188.40186;-36.5;-73;47.82566;108.97959;-0.2;0.2;
113.70689;113.82183;115.77894;115.57336;130.85156;133.23602;133.23602;29.92;14.886;0;0;0;0;0;-0.6778;-0.31615;233.49571;-3.41492;-0.42101;-36.81111;-73.25505;1174.27002;1171.57935;0;1176.75012;-36.5;-73;47.8483;108.91958;-0.2;0.2;
113.81886;113.93067;115.86958;115.66422;130.98041;133.34033;133.34032;29.92;14.886;0;0;0;0;0;-0.68257;-0.31426;233.91629;-3.41155;-0.42005;-36.81143;-73.25559;1162.53625;1159.84448;0;1165.01758;-36.5;-73;47.96341;109.13889;-0.2;0.2;
113.92618;114.03384;115.95465;115.74996;131.10391;133.43823;133.43826;29.92;14.886;0;0;0;0;0;-0.69077;-0.31361;234.33266;-3.40509;-0.41959;-36.81174;-73.25613;1150.92444;1148.22974;0;1153.39453;-36.5;-73;47.89334;108.86159;-0.2;0.2;
114.02964;114.13387;116.03641;115.83176;131.22298;133.53232;133.53232;29.92;14.886;0;0;0;0;0;-0.69931;-0.31151;234.75119;-3.4034;-0.41925;-36.81205;-73.25668;1139.26404;1136.56409;0;1141.72949;-36.5;-73;47.91563;108.89241;-0.2;0.2;
114.12991;114.23361;116.11794;115.91228;131.33835;133.62614;133.62614;29.92;14.886;0;0;0;0;0;-0.70377;-0.31024;235.1667;-3.41059;-0.41858;-36.81236;-73.25723;1127.6521;1124.94519;0;1130.13452;-36.5;-73;47.93768;108.91849;-0.2;0.2;
114.22899;114.33113;116.19707;115.99136;131.45238;133.71721;133.71719;29.92;14.886;0;0;0;0;0;-0.70939;-0.30909;235.584;-3.40975;-0.41813;-36.81267;-73.25777;1115.97888;1113.26282;0;1118.47388;-36.5;-73;48.05757;108.85239;-0.2;0.2;
114.32627;114.42618;116.27367;116.06793;131.56433;133.80536;133.80536;29.92;14.886;0;0;0;0;0;-0.71356;-0.3073;236.00073;-3.409;-0.41741;-36.81297;-73.25833;1104.30493;1101.57788;0;1106.81128;-36.5;-73;47.98595;108.73222;-0.2;0.2;
114.41994;114.51394;116.34299;116.14072;131.67212;133.88513;133.88513;29.92;14.886;0;0;0;0;0;-0.68342;-0.3056;236.41624;-3.37914;-0.41611;-36.81326;-73.25888;1092.71301;1089.9729;0;1095.19958;-36.5;-73;48.10424;108.82995;-0.2;0.2;
114.50198;114.55527;116.36559;116.18577;131.76654;133.91113;133.91113;29.92;14.886;0;0;0;0;0;-0.62155;-0.30446;236.84322;-3.18563;-0.41173;-36.81356;-73.25945;1081.38989;1078.63464;0;1083.58472;-36.5;-73;48.03025;109.15392;-0.2;0.2;
114.53982;114.63576;116.42961;116.28636;131.81007;133.9848;133.9848;29.92;14.886;0;0;0;0;0;-0.58973;-0.3166;237.27705;-2.84239;-0.40301;-36.81385;-73.26001;1071.04065;1068.26831;0;1072.42847;-36.5;-73;90.05609;174.79523;-0.2;0.2;
114.7356;115.1712;116.95796;116.85527;132.03539;134.59283;134.59283;29.92;14.886;0;0;0;0;0;-0.62023;-0.59979;237.68678;-2.4012;-0.43528;-36.81414;-73.26057;1062.05591;1059.26465;0;1062.21973;-36.5;-73;140.50621;225.76271;-0.2;0.2;
115.31661;116.32216;118.11373;118.0465;132.70399;135.92287;135.92285;29.92;14.886;0;0;0;0;0;-0.68857;-0.99789;238.01453;-1.9332;-0.58738;-36.81443;-73.26115;1054.54553;1051.73303;0;1053.26355;-36.5;-73;160.14648;315.60764;-0.2;0.2;
116.31444;117.4138;119.21174;119.17091;133.85226;137.18643;137.18643;29.92;14.886;0;0;0;0;0;-0.79118;-1.32448;238.24155;-1.49955;-0.86822;-36.81472;-73.26173;1048.58362;1045.74768;0;1045.77258;-36.5;-73;161.7804;313.26749;-0.2;0.2;
117.34476;118.3429;120.14661;120.11932;135.03793;138.26225;138.26227;29.92;14.886;0;0;0;0;0;-0.8851;-1.31402;238.44391;-1.22139;-1.07918;-36.81501;-73.26232;1043.79675;1040.93494;0;1039.72522;-36.5;-73;162.80348;310.07196;-0.2;0.2;
118.26823;119.15424;120.96318;120.9431;136.10065;139.20195;139.20195;29.92;14.886;0;0;0;0;0;-0.95103;-1.34863;238.64424;-1.04408;-1.22498;-36.8153;-73.26292;1039.78784;1036.89807;0;1034.85364;-36.5;-73;164.10193;307.53162;-0.2;0.2;
119.08051;119.87932;121.693;121.67714;137.03542;140.04181;140.04181;29.92;14.886;0;0;0;0;0;-0.99836;-1.31522;238.84723;-0.92491;-1.32027;-36.81559;-73.26351;1036.28662;1033.36694;0;1030.79041;-36.5;-73;164.57901;305.36752;-0.2;0.2;
119.81921;120.55876;122.37703;122.36411;137.8855;140.82898;140.82898;29.92;14.886;0;0;0;0;0;-1.03338;0.74201;239.01917;-0.83279;-1.48516;-36.81588;-73.26411;1033.12463;1030.17249;0;1027.22351;-36.5;-73;165.73413;303.58362;-0.2;0.2;
120.38578;121.13174;122.95357;122.94432;138.53749;141.49245;141.49245;29.92;14.886;0;0;0;0;0;-0.98538;-0.51561;240.20834;-0.70273;0.61952;-36.81617;-73.26472;1030.30615;1027.31934;0;1024.05994;-36.5;-73;167.70741;301.84781;-0.2;0.2;
120.85133;121.48997;123.31312;123.30614;139.07324;141.9062;141.9062;29.92;14.886;0;0;0;0;0;-1.09178;-4.72793;239.94356;-0.60899;-1.5064;-36.81645;-73.26534;1028.06055;1025.03625;0;1021.30103;-36.5;-73;168.35066;306.56326;-0.2;0.2;
121.03182;121.84396;123.66811;123.65871;139.28094;142.31473;142.31473;29.92;14.886;0;0;0;0;0;-1.09518;-1.22994;239.34721;-0.70705;-3.05643;-36.81674;-73.26595;1025.69702;1022.63367;0;1018.92932;-36.5;-73;167.9351;300.67651;-0.2;0.2;
121.73124;122.42405;124.25271;124.24757;140.08582;142.98747;142.98747;29.92;14.886;0;0;0;0;0;-1.08367;-1.41954;239.9657;-0.52104;-1.38429;-36.81703;-73.26657;1023.40631;1020.30139;0;1016.53278;-36.5;-73;168.78056;299.37915;-0.2;0.2;
122.27984;122.807;124.63821;124.63435;140.71713;143.43111;143.43111;29.92;14.886;0;0;0;0;0;-1.15112;-1.28129;239.92017;-0.45158;-1.9809;-36.81732;-73.2672;1021.67902;1018.60406;0;1014.37524;-36.5;-73;168.37486;297.45441;-0.2;0.2;
122.7524;123.22246;125.05696;125.05388;141.26094;143.91299;143.91299;29.92;14.886;0;0;0;0;0;-1.15313;-1.1782;240.2538;-0.40249;-1.477;-36.81761;-73.26782;1020.09576;1017.05969;0;1012.58392;-36.5;-73;168.37747;295.68832;-0.2;0.2;
123.14669;123.54547;125.38226;125.37985;141.71469;144.28732;144.28732;29.92;14.886;0;0;0;0;0;-1.18356;-1.26027;240.42368;-0.35514;-1.62082;-36.81789;-73.26845;1018.7204;1015.72131;0;1010.9989;-36.5;-73;168.38089;294.26611;-0.2;0.2;
123.49134;123.84901;125.68798;125.6861;142.1113;144.63914;144.63914;29.92;14.886;0;0;0;0;0;-1.19763;-1.13905;240.69958;-0.31428;-1.46703;-36.81818;-73.26908;1017.47205;1014.50812;0;1009.5993;-36.5;-73;168.38271;292.88568;-0.2;0.2;
123.79333;124.11784;125.95872;125.95712;142.45883;144.95071;144.95073;29.92;14.886;0;0;0;0;0;-1.20788;-1.20047;240.93474;-0.29066;-1.4951;-36.81847;-73.26972;1016.34265;1013.41199;0;1008.35211;-36.5;-73;168.38425;291.69913;-0.2;0.2;
124.06345;124.36216;126.20477;126.20348;142.76968;145.23387;145.23387;29.92;14.886;0;0;0;0;0;-1.21928;-1.13782;241.19598;-0.25956;-1.44539;-36.81874;-73.27036;1015.3175;1012.41785;0;1007.21814;-36.5;-73;168.38503;290.61514;-0.2;0.2;
124.30984;124.58241;126.42654;126.42548;143.05321;145.48907;145.48906;29.92;14.886;0;0;0;0;0;-1.22834;-1.15962;241.4462;-0.23347;-1.445;-36.81903;-73.271;1014.39197;1011.52148;0;1006.18927;-36.5;-73;168.38553;289.63809;-0.2;0.2;
124.48383;124.53925;126.38123;126.38035;143.25343;145.43692;145.43692;29.92;14.886;0;0;0;0;0;-1.2286;-1.06316;241.70642;-0.21303;-1.42431;-36.81931;-73.27164;1013.56238;1010.71918;0;1005.26294;-36.5;-73;165.25392;270.33752;-0.2;0.2;
124.54993;124.7394;126.58295;126.5823;143.32951;145.66907;145.66907;29.92;14.886;0;0;0;0;0;-1.23387;-1.05506;241.98788;-0.18416;-1.34493;-36.81958;-73.27229;1012.81696;1009.9986;0;1004.435;-36.5;-73;168.4005;289.30841;-0.2;0.2;
124.69935;124.91369;126.75861;126.75808;143.50145;145.87122;145.8712;29.92;14.886;0;0;0;0;0;-1.24786;-1.13287;242.23311;-0.16451;-1.37233;-36.81985;-73.27293;1012.17267;1009.3772;0;1003.6944;-36.5;-73;168.39432;288.36282;-0.2;0.2;
124.85974;124.94282;126.78751;126.78606;143.68604;145.90446;145.90443;29.92;14.886;0;0;0;0;0;-1.47012;-1.10601;242.49826;0.27168;-1.34989;-36.82013;-73.27357;1011.81769;1009.04309;0;1003.04932;-36.5;-73;168.31236;288.59818;-0.2;0.2;
124.55793;123.19836;125.02935;124.76172;143.33871;143.88121;143.88121;29.92;14.886;0;0;0;0;0;-2.39419;-1.13668;242.92804;3.74952;-1.22699;-36.82039;-73.27422;1018.39233;1015.63684;0;1003.83429;-36.5;-73;168.20325;300.01141;-0.2;0.2;
122.73871;120.43843;122.26305;121.62452;141.24519;140.69781;140.69781;29.92;14.886;0;0;0;0;0;-2.50789;-1.237;243.3046;5.85826;-1.21953;-36.82065;-73.27486;1037.69421;1034.95544;0;1012.30756;-36.5;-73;168.06882;312.28119;-0.2;0.2;
120.60293;119.40126;121.23897;121.11037;138.78737;139.51932;139.51932;29.92;14.886;0;0;0;0;0;-2.30191;-1.3982;243.36554;2.63925;-1.7358;-36.8209;-73.27548;1053.84424;1051.12024;0;1028.89929;-36.5;-73;163.96881;309.54688;-0.2;0.2;
119.62933;119.71739;121.56519;121.55449;137.66698;139.89473;139.89473;29.92;14.886;0;0;0;0;0;-1.87094;-1.34725;243.40752;-0.75998;-2.01794;-36.82115;-73.27611;1056.745;1054.03333;0;1041.99524;-36.5;-73;164.07838;305.83124;-0.2;0.2;
119.85062;120.7993;122.65194;122.51897;137.92163;141.14534;141.14534;29.92;14.886;0;0;0;0;0;-1.46056;-1.33221;243.5255;-2.66804;-1.9738;-36.8214;-73.27673;1050.16797;1047.46655;0;1045.04224;-36.5;-73;165.72046;301.65741;-0.2;0.2;
120.82531;122.15517;124.00848;123.81124;139.04329;142.70642;142.70644;29.92;14.886;0;0;0;0;0;-1.11968;-1.24984;243.70798;-3.23205;-1.82407;-36.82166;-73.27737;1039.12939;1036.43604;0;1039.55688;-36.5;-73;168.25159;298.91254;-0.2;0.2;
122.07312;123.15022;124.99911;124.9191;140.47925;143.84642;143.84642;29.92;14.886;0;0;0;0;0;-1.18994;-1.20597;243.98825;-2.05004;-1.60778;-36.82191;-73.27801;1028.51355;1025.82642;0;1029.68469;-36.5;-73;168.21701;295.60904;-0.2;0.2;
122.71191;122.30256;124.13718;124.0825;141.21434;142.85452;142.85452;29.92;14.886;0;0;0;0;0;-1.93624;-1.18299;244.4173;1.70051;-1.37629;-36.82215;-73.27865;1027.67847;1024.99609;0;1021.16437;-36.5;-73;168.21968;302.22086;-0.2;0.2;
121.87804;120.17928;122.00369;121.58843;140.25475;140.39934;140.39934;29.92;14.886;0;0;0;0;0;-2.4139;-1.26886;244.82462;4.72863;-1.27673;-36.8224;-73.27929;1039.76062;1037.0813;0;1021.59351;-36.5;-73;168.22179;313.52545;-0.2;0.2;
119.9076;117.61664;119.43681;118.75724;137.98721;137.44543;137.44545;29.92;14.886;0;0;0;0;0;-2.81504;-1.363;245.15488;6.11498;-1.30431;-36.82263;-73.27992;1059.51221;1056.83411;0;1032.90784;-36.5;-73;162.80867;319.07294;-0.2;0.2;
117.49861;115.5257;117.34904;116.89776;135.215;135.04288;135.04286;29.92;14.886;0;0;0;0;0;-2.82283;-1.47281;245.3515;5.0264;-1.51998;-36.82286;-73.28053;1080.08655;1077.40784;0;1051.12183;-36.5;-73;160.83347;323.76166;-0.2;0.2;
115.78055;115.38333;117.22072;117.21867;133.23788;134.8952;134.89522;29.92;14.886;0;0;0;0;0;-2.44757;-1.56724;245.33194;0.33946;-2.19405;-36.82309;-73.28115;1089.51367;1086.83252;0;1069.06372;-36.5;-73;160.48201;320.73737;-0.2;0.2;
115.61536;116.62452;118.47209;118.28651;133.04779;136.33525;136.33527;29.92;14.886;0;0;0;0;0;-1.93946;-1.49204;245.36304;-3.20746;-2.33305;-36.82331;-73.28177;1084.00342;1081.31738;0;1076.87463;-36.5;-73;161.20462;314.25006;-0.2;0.2;
116.73756;118.59005;120.44202;119.96206;134.33919;138.6022;138.6022;29.92;14.886;0;0;0;0;0;-1.53464;-1.43126;245.47459;-5.11672;-2.18362;-36.82354;-73.28239;1068.9032;1066.21008;0;1072.12024;-36.5;-73;162.67834;306.53021;-0.2;0.2;
118.58257;120.741;122.5914;122.0082;136.46239;141.07567;141.07567;29.92;14.886;0;0;0;0;0;-1.20463;-1.31802;245.65396;-5.59092;-1.95975;-36.82377;-73.28303;1049.41455;1046.7124;0;1058.26819;-36.5;-73;165.24751;299.71365;-0.2;0.2;
120.63866;122.66496;124.50967;124.06217;138.82849;143.28317;143.28319;29.92;14.886;0;0;0;0;0;-0.94446;-1.23127;245.90308;-4.85922;-1.71576;-36.82401;-73.28367;1030.1864;1027.47302;0;1040.01172;-36.5;-73;168.31645;296.06406;-0.2;0.2;
122.49482;124.02063;125.85795;125.66698;140.96452;144.83475;144.83473;29.92;14.886;0;0;0;0;0;-0.77196;-1.18232;246.2027;-3.15655;-1.51899;-36.82424;-73.28433;1015.18414;1012.45752;0;1021.76892;-36.5;-73;168.39624;290.81461;-0.2;0.2;
123.80672;124.67668;126.50864;126.47569;142.47423;145.58356;145.58356;29.92;14.886;0;0;0;0;0;-0.93359;-1.14318;246.51895;-1.30786;-1.38246;-36.82447;-73.285;1007.06897;1004.32721;0;1007.62329;-36.5;-73;168.43628;288.76395;-0.2;0.2;
124.5008;124.85356;126.68359;126.68327;143.27296;145.78488;145.78488;29.92;14.886;0;0;0;0;0;-1.18363;-1.1343;246.80708;-0.12894;-1.33156;-36.8247;-73.28566;1004.63904;1001.88007;0;999.43988;-36.5;-73;168.44832;288.64252;-0.2;0.2;
124.7356;124.81008;126.64056;126.63818;143.54317;145.73537;145.73535;29.92;14.886;0;0;0;0;0;-1.35914;-1.13005;247.06332;0.35134;-1.33489;-36.82493;-73.28633;1005.23169;1002.45349;0;996.44794;-36.5;-73;168.85529;289.17688;-0.2;0.2;
124.73512;124.71838;126.55032;126.54704;143.54262;145.63152;145.63153;29.92;14.886;0;0;0;0;0;-1.44234;-1.16815;247.29539;0.41345;-1.37225;-36.82516;-73.287;1006.73926;1003.93994;0;996.47583;-36.5;-73;168.43781;289.64648;-0.2;0.2;
124.66487;124.65643;126.48996;126.48821;143.46178;145.56206;145.56206;29.92;14.886;0;0;0;0;0;-1.46358;-1.15362;247.51837;0.30221;-1.40545;-36.82538;-73.28768;1008.09283;1005.27014;0;997.64136;-36.5;-73;168.42981;289.89575;-0.2;0.2;
124.61059;124.64384;126.47878;126.4783;143.39931;145.54918;145.54918;29.92;14.886;0;0;0;0;0;-1.461;-1.16391;247.74152;0.15573;-1.42809;-36.8256;-73.28836;1008.94214;1006.09399;0;998.85736;-36.5;-73;168.42427;289.85199;-0.2;0.2;
124.59688;124.67109;126.50709;126.50703;143.38353;145.58177;145.58176;29.92;14.886;0;0;0;0;0;-1.44533;-1.15759;247.96619;0.04546;-1.43903;-36.82582;-73.28903;1009.30078;1006.42499;0;999.67206;-36.5;-73;168.42101;289.6442;-0.2;0.2;
124.60266;124.55681;126.3912;126.39119;143.39018;145.44841;145.44841;29.92;14.886;0;0;0;0;0;-1.44036;-1.13;248.19537;-0.02844;-1.44537;-36.82604;-73.28971;1009.34448;1006.43921;0;1000.06134;-36.5;-73;119.98813;240.39635;-0.2;0.2;
124.46935;124.43376;126.26595;126.26583;143.23677;145.30426;145.30428;29.92;14.886;0;0;0;0;0;-1.42143;-0.98009;248.46263;-0.08271;-1.37074;-36.82626;-73.29039;1009.12939;1006.19238;0;1000.11987;-36.5;-73;168.45944;288.95645;-0.2;0.2;
124.43042;124.53735;126.37051;126.37041;143.19197;145.42461;145.42462;29.92;14.886;0;0;0;0;0;-1.41346;-1.15882;248.71597;-0.07595;-1.35573;-36.82647;-73.29106;1008.83014;1005.85986;0;999.94458;-36.5;-73;168.43333;290.6792;-0.2;0.2;
124.48979;124.62444;126.45833;126.45822;143.2603;145.52565;145.52565;29.92;14.886;0;0;0;0;0;-1.41088;-1.13035;248.95026;-0.07503;-1.38717;-36.82668;-73.29175;1008.53174;1005.52545;0;999.67273;-36.5;-73;168.42963;289.95554;-0.2;0.2;
124.56789;124.69552;126.53003;126.52999;143.35017;145.60817;145.60817;29.92;14.886;0;0;0;0;0;-1.40979;-1.16238;249.18478;-0.04305;-1.39742;-36.82689;-73.29242;1008.30078;1005.25696;0;999.39191;-36.5;-73;168.42815;289.53986;-0.2;0.2;
124.6377;124.75291;126.58804;126.58804;143.4305;145.67491;145.67493;29.92;14.886;0;0;0;0;0;-1.42277;-1.15073;249.41586;-0.02438;-1.41313;-36.8271;-73.29311;1008.18018;1005.09613;0;999.17511;-36.5;-73;168.42723;289.21841;-0.2;0.2;
124.69565;124.80387;126.63962;126.63959;143.49719;145.73427;145.73425;29.92;14.886;0;0;0;0;0;-1.42816;-1.15613;249.6452;-0.02293;-1.42026;-36.8273;-73.29379;1008.10321;1004.97711;0;999.04187;-36.5;-73;168.42584;289.01947;-0.2;0.2;
124.74747;124.85172;126.68802;126.688;143.55684;145.78998;145.78998;29.92;14.886;0;0;0;0;0;-1.43544;-1.1514;249.87256;-0.02403;-1.42676;-36.8275;-73.29448;1008.02222;1004.85223;0;998.95581;-36.5;-73;168.42499;288.79132;-0.2;0.2;
124.79634;124.90016;126.73695;126.73692;143.61307;145.84628;145.84628;29.92;14.886;0;0;0;0;0;-1.42791;-1.15125;250.10114;-0.03173;-1.42959;-36.8277;-73.29517;1007.90283;1004.68677;0;998.86389;-36.5;-73;168.4256;288.38132;-0.2;0.2;
124.84441;124.94437;126.7816;126.7816;143.66838;145.89766;145.89769;29.92;14.886;0;0;0;0;0;-1.42849;-1.14867;250.33298;-0.0247;-1.43065;-36.8279;-73.29585;1007.78998;1004.52527;0;998.75232;-36.5;-73;168.42381;288.35553;-0.2;0.2;
124.88783;124.98328;126.82092;126.82092;143.71835;145.94292;145.94293;29.92;14.886;0;0;0;0;0;-1.42501;-1.14765;250.56499;-0.01613;-1.43055;-36.8281;-73.29655;1007.70203;1004.38666;0;998.64215;-36.5;-73;168.42361;288.1207;-0.2;0.2;
124.92648;125.01601;126.85405;126.85405;143.76283;145.98103;145.98103;29.92;14.886;0;0;0;0;0;-1.43611;-1.14604;250.79626;-0.01079;-1.43067;-36.82829;-73.29724;1007.6579;1004.29004;0;998.56293;-36.5;-73;168.42253;288.03311;-0.2;0.2;
124.95964;125.04396;126.88235;126.88235;143.80099;146.01361;146.01361;29.92;14.886;0;0;0;0;0;-1.43958;-1.1443;251.02914;-0.00105;-1.4301;-36.82848;-73.29793;1007.63727;1004.21478;0;998.51508;-36.5;-73;168.42207;287.87598;-0.2;0.2;
124.98837;125.07198;126.91076;126.91077;143.83405;146.0463;146.04631;29.92;14.886;0;0;0;0;0;-1.44718;-1.14336;251.26175;-0.01192;-1.43086;-36.82867;-73.29863;1007.61487;1004.13544;0;998.48846;-36.5;-73;168.42096;287.79385;-0.2;0.2;
125.01666;125.10165;126.94071;126.9407;143.86661;146.08078;146.08078;29.92;14.886;0;0;0;0;0;-1.4354;-1.14229;251.49414;-0.01585;-1.43065;-36.82886;-73.29932;1007.53998;1004.00177;0;998.44794;-36.5;-73;168.42073;287.62976;-0.2;0.2;
125.04504;125.12501;126.96436;126.96436;143.89928;146.10797;146.10797;29.92;14.886;0;0;0;0;0;-1.43984;-1.14104;251.72772;-0.00311;-1.42908;-36.82905;-73.30002;1007.50671;1003.91187;0;998.39392;-36.5;-73;168.42017;287.52258;-0.2;0.2;
125.06886;125.14872;126.98837;126.98835;143.92668;146.1356;146.1356;29.92;14.886;0;0;0;0;0;-1.48943;-1.14043;251.95877;-0.02911;-1.43101;-36.82923;-73.30071;1007.48474;1003.92157;0;998.3595;-36.5;-73;168.41957;287.45178;-0.2;0.2;
125.09865;125.2015;127.0413;127.041;143.96095;146.19652;146.1965;29.92;14.886;0;0;0;0;0;-1.4538;-1.13827;252.18633;-0.12092;-1.43638;-36.82941;-73.30141;1007.14484;1003.61151;0;998.26556;-36.5;-73;168.4212;287.061;-0.2;0.2;
125.14862;125.2699;127.1096;127.10892;144.01846;146.27513;146.27512;29.92;14.886;0;0;0;0;0;-1.44932;-1.13578;252.41592;-0.18566;-1.43703;-36.82959;-73.30211;1006.56262;1003.05725;0;997.93585;-36.5;-73;168.42258;286.81122;-0.2;0.2;
125.21561;125.36428;127.20377;127.20148;144.09557;146.3835;146.3835;29.92;14.886;0;0;0;0;0;-1.55364;-1.1328;252.64041;-0.34441;-1.44252;-36.82977;-73.3028;1005.69952;1002.22009;0;997.36121;-36.5;-73;168.42648;286.35977;-0.2;0.2;
125.3223;125.51896;127.35752;127.35389;144.21832;146.56042;146.56042;29.92;14.886;0;0;0;0;0;-1.33526;-1.12373;252.86728;-0.43298;-1.44334;-36.82994;-73.3035;1003.98633;1000.53101;0;996.33832;-36.5;-73;168.4335;285.4906;-0.2;0.2;
125.44364;125.5153;127.35284;127.35193;144.35797;146.55504;146.55502;29.92;14.886;0;0;0;0;0;-1.2326;-1.08489;253.14076;0.21363;-1.37966;-36.83011;-73.30421;1003.47797;1000.0448;0;994.98505;-36.5;-73;168.4355;285.76498;-0.2;0.2;
125.42152;125.28658;127.1247;127.1092;144.3325;146.2925;146.2925;29.92;14.886;0;0;0;0;0;-1.25081;-1.1097;253.41498;0.89451;-1.34742;-36.83028;-73.30491;1005.57794;1002.16492;0;994.88849;-36.5;-73;168.42682;287.11005;-0.2;0.2;
125.19829;124.88072;126.72114;126.68056;144.07562;145.82808;145.82808;29.92;14.886;0;0;0;0;0;-1.28173;-1.11034;253.68741;1.44992;-1.3331;-36.83044;-73.30562;1010.02069;1006.6261;0;997.0293;-36.5;-73;168.40652;289.1795;-0.2;0.2;
124.80741;124.3633;126.20749;126.14208;143.62581;145.23698;145.23698;29.92;14.886;0;0;0;0;0;-1.30587;-1.13488;253.95099;1.84473;-1.3379;-36.83061;-73.30631;1016.1709;1012.79272;0;1001.33215;-36.5;-73;168.37592;291.68478;-0.2;0.2;
124.29801;123.77758;125.62675;125.54162;143.0396;144.56868;144.56868;29.92;14.886;0;0;0;0;0;-1.32215;-1.15253;254.21089;2.10943;-1.35105;-36.83077;-73.30701;1023.57489;1020.21124;0;1007.40332;-36.5;-73;168.33701;294.27777;-0.2;0.2;
123.72613;123.17447;125.02946;124.93253;142.38148;143.88135;143.88135;29.92;14.886;0;0;0;0;0;-1.34888;-1.18013;254.46326;2.25619;-1.37083;-36.83092;-73.30772;1031.65796;1028.30676;0;1014.64551;-36.5;-73;168.29083;297.00372;-0.2;0.2;
123.13618;122.67045;124.53212;124.47017;141.70259;143.30901;143.30901;29.92;14.886;0;0;0;0;0;-1.66094;-1.24587;254.67911;1.80722;-1.44296;-36.83108;-73.30841;1039.44385;1036.10327;0;1022.56763;-36.5;-73;168.24348;299.27808;-0.2;0.2;
122.68116;122.60294;124.4707;124.47025;141.17896;143.23834;143.23836;29.92;14.886;0;0;0;0;0;-1.91418;-1.24876;254.82327;0.158;-1.60194;-36.83123;-73.3091;1043.32507;1039.99316;0;1029.64783;-36.5;-73;168.21825;298.8378;-0.2;0.2;
122.6525;123.11673;124.98735;124.94004;141.14598;143.83289;143.8329;29.92;14.886;0;0;0;0;0;-1.85321;-1.23626;254.95889;-1.57685;-1.6972;-36.83138;-73.3098;1040.61646;1037.29089;0;1032.71033;-36.5;-73;168.22995;295.74228;-0.2;0.2;
123.14812;124.08876;125.95825;125.78477;141.71632;144.95016;144.95018;29.92;14.886;0;0;0;0;0;-1.79079;-1.21272;255.10339;-3.00743;-1.72833;-36.83153;-73.3105;1032.02429;1028.70288;0;1029.95947;-36.5;-73;168.2738;290.59744;-0.2;0.2;
124.09384;125.39288;127.25687;126.92686;142.80464;146.4446;146.4446;29.92;14.886;0;0;0;0;0;-1.75158;-1.16363;255.26184;-4.12717;-1.71078;-36.83168;-73.31121;1018.57037;1015.25122;0;1021.53943;-36.5;-73;168.33612;284.379;-0.2;0.2;
125.36472;126.87146;128.72528;128.28906;144.26715;148.13441;148.1344;29.92;14.886;0;0;0;0;0;-1.52955;-1.10625;255.44496;-4.71822;-1.64701;-36.83183;-73.31193;1001.56891;998.24994;0;1008.36554;-36.5;-73;168.40683;277.31491;-0.2;0.2;
126.78382;128.20357;130.0439;129.69478;145.90022;149.65184;149.65184;29.92;14.886;0;0;0;0;0;-1.24799;-1.02525;255.68756;-4.19927;-1.51512;-36.83198;-73.31264;984.30182;980.98083;0;992.10614;-36.5;-73;168.47044;271.30219;-0.2;0.2;
128.06259;129.09006;130.91692;130.76869;147.3718;150.65649;150.65649;29.92;14.886;0;0;0;0;0;-1.09932;-0.9747;255.99489;-2.72666;-1.35273;-36.83213;-73.31338;970.77026;967.44537;0;975.745;-36.5;-73;168.51814;267.90265;-0.2;0.2;
128.91301;129.37605;131.19283;131.17267;148.35045;150.97401;150.97401;29.92;14.886;0;0;0;0;0;-1.09128;-0.95685;256.31854;-1.00418;-1.24485;-36.83227;-73.31411;963.49121;960.16058;0;962.97284;-36.5;-73;168.55313;267.31735;-0.2;0.2;
129.20808;129.17288;130.98453;130.98328;148.69002;150.7343;150.73431;29.92;14.886;0;0;0;0;0;-1.3522;-0.95978;256.62497;0.25202;-1.19692;-36.83241;-73.31484;962.32251;958.98438;0;955.90778;-36.5;-73;168.57028;269.228;-0.2;0.2;
129.05801;128.75778;130.56772;130.55643;148.51732;150.25465;150.25465;29.92;14.886;0;0;0;0;0;-1.52056;-1.0031;256.89389;0.75322;-1.2172;-36.83255;-73.31558;964.45575;961.10809;0;954.19629;-36.5;-73;168.57959;271.49393;-0.2;0.2;
128.67685;128.28737;130.09648;130.08466;148.07867;149.71236;149.71236;29.92;14.886;0;0;0;0;0;-1.55085;-1.008;257.1333;0.77229;-1.27426;-36.83269;-73.31631;967.46674;964.10736;0;955.71759;-36.5;-73;168.5842;273.71054;-0.2;0.2;
128.23109;127.81573;129.62447;129.60608;147.56572;149.16917;149.16917;29.92;14.886;0;0;0;0;0;-1.47588;-1.02649;257.38437;0.96478;-1.29726;-36.83282;-73.31705;970.73859;967.36566;0;958.43079;-36.5;-73;168.58217;276.04102;-0.2;0.2;
127.75449;127.30656;129.11589;129.09052;147.01724;148.58391;148.58391;29.92;14.886;0;0;0;0;0;-1.501;-1.04552;257.63672;1.13591;-1.31791;-36.83295;-73.31779;974.82507;971.43658;0;961.81531;-36.5;-73;168.98091;278.5325;-0.2;0.2;
127.23956;126.80512;128.61584;128.5909;146.42467;148.00848;148.00847;29.92;14.886;0;0;0;0;0;-1.53418;-1.06547;257.88516;1.12819;-1.34659;-36.83308;-73.31853;979.32056;975.914;0;965.92938;-36.5;-73;168.56511;280.78882;-0.2;0.2;
126.75269;126.37433;128.18677;128.16743;145.8644;147.51469;147.51469;29.92;14.886;0;0;0;0;0;-1.53799;-1.08427;258.12512;0.99479;-1.37553;-36.83321;-73.31928;983.45959;980.03296;0;970.2522;-36.5;-73;168.55254;282.6799;-0.2;0.2;
126.34071;126.03416;127.84817;127.83445;145.39029;147.12505;147.12503;29.92;14.886;0;0;0;0;0;-1.52587;-1.09801;258.35538;0.83884;-1.39707;-36.83332;-73.32;986.89014;983.44336;0;974.16803;-36.5;-73;168.54071;284.12915;-0.2;0.2;
125.99562;125.76054;127.576;127.56659;144.99318;146.81184;146.81184;29.92;14.886;0;0;0;0;0;-1.50582;-1.10996;258.58777;0.69611;-1.41164;-36.83344;-73.32072;989.7749;986.32983;0;977.61011;-36.5;-73;168.52959;285.28915;-0.2;0.2;
125.72012;125.54809;127.36492;127.35862;144.67613;146.56894;146.56895;29.92;14.886;0;0;0;0;0;-1.49056;-1.1197;258.81992;0.57089;-1.42166;-36.83356;-73.32145;992.14667;988.70087;0;980.50403;-36.5;-73;168.5195;286.18518;-0.2;0.2;
125.50585;125.38567;127.20373;127.19955;144.42957;146.38345;146.38345;29.92;14.886;0;0;0;0;0;-1.47513;-1.12739;259.05066;0.46477;-1.42803;-36.83367;-73.32217;994.06641;990.61719;0;982.87451;-36.5;-73;168.51102;286.84592;-0.2;0.2;
125.33932;125.25787;127.07711;127.07407;144.23793;146.23773;146.23773;29.92;14.886;0;0;0;0;0;-1.46756;-1.1331;259.28494;0.3967;-1.43072;-36.83378;-73.32289;995.68402;992.22913;0;984.83972;-36.5;-73;168.50331;287.3754;-0.2;0.2;
125.20977;125.15581;126.97613;126.97377;144.08884;146.12152;146.12152;29.92;14.886;0;0;0;0;0;-1.45013;-1.13752;259.51868;0.34885;-1.43194;-36.83389;-73.32362;997.06421;993.60101;0;986.47247;-36.5;-73;168.07373;287.6178;-0.2;0.2;
125.10575;125.07258;126.89401;126.89207;143.96913;146.02702;146.02702;29.92;14.886;0;0;0;0;0;-1.45063;-1.14109;259.75262;0.31699;-1.43224;-36.834;-73.32434;998.3031;994.82922;0;987.87744;-36.5;-73;168.48973;288.16965;-0.2;0.2;
125.02162;125.00694;126.82944;126.82796;143.87231;145.95273;145.95271;29.92;14.886;0;0;0;0;0;-1.44412;-1.14484;259.98438;0.27618;-1.43393;-36.8341;-73.32506;999.39722;995.91022;0;989.1156;-36.5;-73;168.48393;288.397;-0.2;0.2;
124.95593;124.95625;126.77979;126.77866;143.79672;145.89558;145.89558;29.92;14.886;0;0;0;0;0;-1.44276;-1.14683;260.2157;0.24153;-1.43509;-36.8342;-73.32578;1000.35864;996.85608;0;990.21259;-36.5;-73;168.47929;288.48746;-0.2;0.2;
124.90437;124.91859;126.74317;126.74227;143.7374;145.85345;145.85345;29.92;14.886;0;0;0;0;0;-1.44014;-1.14842;260.44879;0.21618;-1.43562;-36.8343;-73.3265;1001.20844;997.68781;0;991.1817;-36.5;-73;168.474;288.65631;-0.2;0.2;
124.86568;124.891;126.71657;126.71592;143.69287;145.82283;145.82285;29.92;14.886;0;0;0;0;0;-1.4379;-1.14999;260.6817;0.18664;-1.43645;-36.8344;-73.32723;1001.96033;998.41913;0;992.04028;-36.5;-73;168.04445;288.78824;-0.2;0.2;
124.83575;124.82534;126.65115;126.65063;143.65843;145.74754;145.74754;29.92;14.886;0;0;0;0;0;-1.43269;-1.14544;260.9136;0.16371;-1.43797;-36.83449;-73.32795;1002.60626;999.04218;0;992.78381;-36.5;-73;142.82611;266.72012;-0.2;0.2;
124.71889;124.51189;126.33415;126.33384;143.52394;145.38275;145.38275;29.92;14.886;0;0;0;0;0;-1.42544;-1.03316;261.16257;0.12853;-1.41412;-36.83458;-73.32867;1003.15863;999.56921;0;993.43488;-36.5;-73;127.70866;240.25197;-0.2;0.2;
124.44614;124.13152;125.94897;125.94884;143.21007;144.93948;144.93948;29.92;14.886;0;0;0;0;0;-1.41326;-0.93209;261.44934;0.07861;-1.32384;-36.83467;-73.32938;1003.55475;999.93781;0;993.9754;-36.5;-73;109.28809;222.92227;-0.2;0.2;
124.04953;123.57899;125.38873;125.38869;142.75365;144.29478;144.29478;29.92;14.886;0;0;0;0;0;-1.38195;-0.82765;261.7627;0.04439;-1.23348;-36.83475;-73.3301;1003.77441;1000.1275;0;994.35919;-36.5;-73;101.18111;204.50465;-0.2;0.2;
123.52284;122.95831;124.75912;124.75912;142.14755;143.57024;143.57024;29.92;14.886;0;0;0;0;0;-1.34594;-0.74387;262.1059;0.0116;-1.12129;-36.83484;-73.33082;1003.8714;1000.19208;0;994.59332;-36.5;-73;93.3883;194.60439;-0.2;0.2;
122.91572;122.29053;124.08162;124.08163;141.44888;142.79059;142.7906;29.92;14.886;0;0;0;0;0;-1.31379;-0.68794;262.45984;0.0038;-1.03357;-36.83491;-73.33153;1003.89386;1000.17999;0;994.69568;-36.5;-73;90.51842;188.40791;-0.2;0.2;
122.26261;121.63345;123.41492;123.41492;140.69731;142.02336;142.02336;29.92;14.886;0;0;0;0;0;-1.27896;-0.64702;262.82864;0.00055;-0.94497;-36.83498;-73.33224;1003.89276;1000.14185;0;994.73566;-36.5;-73;90.44624;191.08594;-0.2;0.2;
121.60972;120.95406;122.72557;122.72557;139.94597;141.23007;141.23007;29.92;14.886;0;0;0;0;0;-1.24902;-0.65635;263.19101;-0.00061;-0.89779;-36.83505;-73.33294;1003.88934;1000.09937;0;994.73999;-36.5;-73;81.70149;177.59938;-0.2;0.2;
120.91425;120.19054;121.95083;121.95081;139.14565;140.33852;140.3385;29.92;14.886;0;0;0;0;0;-1.21377;-0.592;263.56009;-0.01095;-0.84798;-36.83512;-73.33364;1003.87048;1000.08319;0;994.73999;-36.5;-73;75.73376;167.70351;-0.2;0.2;
120.15885;119.39785;121.14642;121.14641;138.27634;139.41281;139.41281;29.92;14.886;0;0;0;0;0;-1.17165;-0.56188;263.93741;-0.02236;-0.79412;-36.83518;-73.33434;1003.80371;1000.06775;0;994.71191;-36.5;-73;74.82579;164.867;-0.2;0.2;
119.39017;118.66331;120.40101;120.401;137.39175;138.55501;138.55501;29.92;14.886;0;0;0;0;0;-1.10092;-0.5452;264.32166;0.00428;-0.74096;-36.83524;-73.33504;1003.73792;1000.0509;0;994.64893;-36.5;-73;75.94117;168.55054;-0.2;0.2;
118.65446;117.94418;119.67166;119.67145;136.54512;137.7157;137.71568;29.92;14.886;0;0;0;0;0;-1.0572;-0.52964;264.67584;0.10597;-0.69649;-36.83529;-73.33572;1003.92096;1000.28021;0;994.63568;-36.5;-73;75.09589;170.14516;-0.2;0.2;
117.9331;117.21984;118.93778;118.93697;135.715;136.87115;136.87115;29.92;14.886;0;0;0;0;0;-1.06627;-0.56324;264.93246;0.21226;-0.66026;-36.83534;-73.33641;1004.5293;1000.93219;0;994.87018;-36.5;-73;75.85715;172.2298;-0.2;0.2;
117.21062;116.50971;118.21834;118.21799;134.88358;136.04324;136.04323;29.92;14.886;0;0;0;0;0;-1.05989;-0.59714;265.15991;0.13635;-0.68454;-36.83539;-73.33709;1005.16028;1001.60425;0;995.41559;-36.5;-73;75.80869;173.66629;-0.2;0.2;
116.51756;115.88784;117.58783;117.58783;134.08601;135.31767;135.31767;29.92;14.886;0;0;0;0;0;-1.03453;-0.56192;265.36417;0.02244;-0.6714;-36.83543;-73.33777;1005.43524;1001.91833;0;995.94525;-36.5;-73;72.37518;173.8531;-0.2;0.2;
115.87358;115.23914;116.92926;116.92885;133.34494;134.5598;134.5598;29.92;14.886;0;0;0;0;0;-1.0302;-0.55686;265.48709;-0.15349;-0.66071;-36.83548;-73.33845;1005.23438;1001.75415;0;996.18237;-36.5;-73;66.79267;157.84972;-0.2;0.2;
115.23007;114.62736;116.30691;116.30415;132.6044;133.8436;133.84361;29.92;14.886;0;0;0;0;0;-1.00795;-0.4923;265.53397;-0.39488;-0.63301;-36.83552;-73.33912;1004.29657;1000.85114;0;995.9162;-36.5;-73;66.77965;157.13161;-0.2;0.2;
114.63638;114.12321;115.79226;115.78415;131.9212;133.25136;133.25136;29.92;14.886;0;0;0;0;0;-0.9911;-0.49293;265.4989;-0.6781;-0.60647;-36.83556;-73.33979;1002.46307;999.05029;0;994.93286;-36.5;-73;67.08922;157.46104;-0.2;0.2;
114.14011;113.72876;115.3873;115.37084;131.3501;132.78534;132.78532;29.92;14.886;0;0;0;0;0;-0.95657;-0.48236;265.37708;-0.96703;-0.59057;-36.8356;-73.34045;999.66193;996.27966;0;993.07837;-36.5;-73;66.00006;157.19856;-0.2;0.2;
113.73981;113.41669;115.06453;115.04077;130.88945;132.41389;132.41389;29.92;14.886;0;0;0;0;0;-0.89611;-0.48332;265.17957;-1.16434;-0.57699;-36.83565;-73.34111;996.02747;992.67407;0;990.2934;-36.5;-73;67.08454;157.62807;-0.2;0.2;
113.41888;113.15107;114.78807;114.76013;130.52011;132.09575;132.09576;29.92;14.886;0;0;0;0;0;-0.87042;-0.51125;264.93726;-1.26442;-0.57775;-36.83569;-73.34178;991.88055;988.5545;0;986.70435;-36.5;-73;66.76684;157.1853;-0.2;0.2;
113.15046;112.928;114.55422;114.52016;130.21123;131.82664;131.82664;29.92;14.886;0;0;0;0;0;-0.87391;-0.51742;264.71295;-1.39708;-0.59131;-36.83574;-73.34244;987.3902;984.0896;0;982.62415;-36.5;-73;66.33025;157.09007;-0.2;0.2;
112.93073;112.76094;114.37645;114.33522;129.95837;131.62207;131.62207;29.92;14.886;0;0;0;0;0;-0.86336;-0.52058;264.51855;-1.5385;-0.59541;-36.83579;-73.34309;982.45758;979.18054;0;978.14178;-36.5;-73;66.03638;157.02412;-0.2;0.2;
112.75761;112.60304;114.20712;114.15689;129.75914;131.4272;131.4272;29.92;14.886;0;0;0;0;0;-0.86355;-0.52433;264.34949;-1.6992;-0.60379;-36.83584;-73.34375;977.01825;973.76337;0;973.1897;-36.5;-73;57.82523;143.93634;-0.2;0.2;
112.58099;112.40214;113.99313;113.9313;129.55589;131.18095;131.18097;29.92;14.886;0;0;0;0;0;-0.85485;-0.4699;264.21478;-1.88735;-0.59873;-36.83589;-73.34441;970.96075;967.72644;0;967.69537;-36.5;-73;57.89551;137.69543;-0.2;0.2;
112.39861;112.24551;113.82317;113.75248;129.34601;130.98537;130.98537;29.92;14.886;0;0;0;0;0;-0.77703;-0.4502;264.12067;-2.01935;-0.57563;-36.83595;-73.34506;964.341;961.12531;0;961.6438;-36.5;-73;57.92518;137.39386;-0.2;0.2;
112.24048;112.09704;113.66131;113.59159;129.16405;130.7991;130.7991;29.92;14.886;0;0;0;0;0;-0.72714;-0.45075;264.05817;-2.00685;-0.5597;-36.836;-73.34571;957.62018;954.42133;0;955.14783;-36.5;-73;57.95061;137.51175;-0.2;0.2;
112.07874;111.87778;113.42854;113.38017;128.97792;130.53123;130.53123;29.92;14.886;0;0;0;0;0;-0.62302;-0.44885;264.03009;-1.67315;-0.53999;-36.83606;-73.34637;951.38593;948.20239;0;948.5119;-36.5;-73;57.97378;138.1058;-0.2;0.2;
111.84521;111.51508;113.05276;113.03042;128.70918;130.0988;130.09882;29.92;14.886;0;0;0;0;0;-0.494;-0.46049;264.03607;-1.1393;-0.52607;-36.83611;-73.34702;946.56531;943.39514;0;942.49652;-36.5;-73;57.99553;138.97815;-0.2;0.2;
111.46867;110.95155;112.47701;112.47298;128.27586;129.43623;129.43623;29.92;14.886;0;0;0;0;0;-0.4723;-0.47498;264.07611;-0.48497;-0.51752;-36.83616;-73.34766;943.88165;940.72327;0;937.89929;-36.5;-73;56.55136;139.5666;-0.2;0.2;
110.88926;110.09328;111.60594;111.60576;127.60909;128.43382;128.43384;29.92;14.886;0;0;0;0;0;-0.45058;-0.47238;264.14996;0.10674;-0.51848;-36.83622;-73.3483;943.28217;940.13367;0;935.25287;-36.5;-73;49.63105;118.73302;-0.2;0.2;
110.06616;109.16277;110.66452;110.65871;126.66188;127.35046;127.35046;29.92;14.886;0;0;0;0;0;-0.41942;-0.44304;264.2677;0.58701;-0.49904;-36.83627;-73.34895;944.43146;941.2912;0;934.591;-36.5;-73;59.49358;145.16844;-0.2;0.2;
109.16576;108.24668;109.73965;109.73014;125.62571;126.28614;126.28613;29.92;14.886;0;0;0;0;0;-0.5648;-0.56971;264.40103;0.75411;-0.5172;-36.83632;-73.34957;946.7937;943.65979;0;935.63971;-36.5;-73;59.4885;148.12384;-0.2;0.2;
108.26213;107.39735;108.88215;108.87598;124.58584;125.29934;125.29934;29.92;14.886;0;0;0;0;0;-0.52916;-0.58756;264.54456;0.6095;-0.55637;-36.83637;-73.3502;948.99585;945.86639;0;937.68469;-36.5;-73;59.48272;149.26277;-0.2;0.2;
107.41304;106.60224;108.07883;108.07396;123.60873;124.3749;124.37491;29.92;14.886;0;0;0;0;0;-0.36067;-0.61725;264.72302;0.54413;-0.57348;-36.83641;-73.35082;950.73773;947.61115;0;939.75513;-36.5;-73;58.75733;149.15076;-0.2;0.2;
106.60067;105.7935;107.26192;107.25508;122.67387;123.43482;123.43483;29.92;14.886;0;0;0;0;0;-0.32794;-0.64853;264.9332;0.64765;-0.59033;-36.83646;-73.35145;952.65381;949.52832;0;941.60785;-36.5;-73;58.74822;149.72258;-0.2;0.2;
105.79583;104.98617;106.44676;106.43832;121.74767;122.49676;122.49676;29.92;14.886;0;0;0;0;0;-0.27488;-0.66785;265.17169;0.72146;-0.60256;-36.8365;-73.35206;954.80524;951.67914;0;943.55426;-36.5;-73;58.73558;150.89862;-0.2;0.2;
104.9889;104.18494;105.638;105.62899;120.81907;121.56604;121.56604;29.92;14.886;0;0;0;0;0;-0.23974;-0.69958;265.43829;0.74847;-0.61644;-36.83654;-73.35267;957.11627;953.98779;0;945.7052;-36.5;-73;58.71992;152.19336;-0.2;0.2;
104.18533;103.39196;104.83749;104.82938;119.89434;120.64484;120.64484;29.92;14.886;0;0;0;0;0;-0.19949;-0.73013;265.7283;0.71305;-0.63711;-36.83658;-73.35328;959.39172;956.25909;0;947.97516;-36.5;-73;58.70215;153.60146;-0.2;0.2;
103.40031;102.64795;104.08625;104.08009;118.99095;119.78033;119.78033;29.92;14.886;0;0;0;0;0;-0.16742;-0.74773;266.03644;0.62402;-0.65203;-36.83661;-73.35388;961.46576;958.32745;0;950.21277;-36.5;-73;59.38258;154.71481;-0.2;0.2;
102.66566;101.97705;103.40855;103.40503;118.14553;119.00044;119.00044;29.92;14.886;0;0;0;0;0;-0.14605;-0.77644;266.35065;0.47313;-0.66493;-36.83665;-73.35448;963.15222;960.00641;0;952.23254;-36.5;-73;58.66441;155.84637;-0.2;0.2;
101.99704;101.38636;102.81124;102.81013;117.3761;118.31307;118.31309;29.92;14.886;0;0;0;0;0;-0.10261;-0.80179;266.67078;0.26827;-0.68014;-36.83667;-73.35506;964.26904;961.1142;0;953.86951;-36.5;-73;58.6423;155.78339;-0.2;0.2;
101.40156;100.87045;102.28883;102.28878;116.69083;117.7119;117.71189;29.92;14.886;0;0;0;0;0;-0.06459;-0.81255;267.00195;0.05827;-0.69076;-36.8367;-73.35566;964.76282;961.59729;0;954.96698;-36.5;-73;58.62351;156.01352;-0.2;0.2;
100.88895;100.4453;101.85748;101.85703;116.10094;117.21549;117.21548;29.92;14.886;0;0;0;0;0;-0.04127;-0.79969;267.31473;-0.16687;-0.68907;-36.83672;-73.35625;964.6012;961.42346;0;955.4505;-36.5;-73;59.40242;157.13997;-0.2;0.2;
100.46364;100.10917;101.5153;101.51305;115.6115;116.82172;116.82173;29.92;14.886;0;0;0;0;0;0.07016;-0.80162;267.57358;-0.38129;-0.6803;-36.83675;-73.35683;963.72815;960.53638;0;955.27496;-36.5;-73;59.29794;157.95126;-0.2;0.2;
100.11065;99.78547;101.18542;101.1836;115.20528;116.4421;116.4421;29.92;14.886;0;0;0;0;0;0.12217;-0.82258;267.78845;-0.34241;-0.67579;-36.83677;-73.35742;962.63159;959.42432;0;954.48163;-36.5;-73;58.60011;158.20078;-0.2;0.2;
99.77948;99.45696;100.85084;100.8493;114.82418;116.05708;116.05708;29.92;14.886;0;0;0;0;0;0.14276;-0.8218;267.95688;-0.31574;-0.67457;-36.83678;-73.358;961.65015;958.42596;0;953.48724;-36.5;-73;58.68514;158.22191;-0.2;0.2;
99.45066;99.13237;100.5203;100.5187;114.44578;115.6767;115.6767;29.92;14.886;0;0;0;0;0;0.15018;-0.82346;268.08029;-0.32251;-0.67211;-36.8368;-73.35858;960.71002;957.46747;0;952.51422;-36.5;-73;58.57587;158.27687;-0.2;0.2;
99.12886;98.82182;100.20394;100.20224;114.07546;115.31264;115.31265;29.92;14.886;0;0;0;0;0;0.19272;-0.84266;268.16498;-0.33393;-0.67436;-36.83681;-73.35916;959.71704;956.45483;0;951.54974;-36.5;-73;59.24957;158.72769;-0.2;0.2;
98.81747;98.5189;99.89533;99.89365;113.71712;114.9575;114.9575;29.92;14.886;0;0;0;0;0;0.21595;-0.85158;268.22858;-0.33216;-0.68053;-36.83683;-73.35974;958.73737;955.45404;0;950.57135;-36.5;-73;58.55668;159.06281;-0.2;0.2;
98.51323;98.21336;99.58416;99.58305;113.367;114.59941;114.59941;29.92;14.886;0;0;0;0;0;0.31122;-0.83491;268.26501;-0.27085;-0.67631;-36.83684;-73.36031;957.80707;954.50153;0;949.59503;-36.5;-73;58.64381;159.60141;-0.2;0.2;
98.19526;97.84179;99.20673;99.20672;113.00109;114.16507;114.16507;29.92;14.886;0;0;0;0;0;0.50603;-0.8359;268.25354;0.02124;-0.66132;-36.83685;-73.36089;957.34753;954.01837;0;948.74261;-36.5;-73;58.62997;160.23032;-0.2;0.2;
97.79215;97.26083;98.61914;98.61199;112.5372;113.48888;113.48888;29.92;14.886;0;0;0;0;0;0.59374;-0.85384;268.18878;0.68989;-0.65277;-36.83687;-73.36145;958.362;955.00818;0;948.49402;-36.5;-73;58.51036;161.58607;-0.2;0.2;
97.20573;96.49539;97.84714;97.82377;111.86237;112.60048;112.60047;29.92;14.886;0;0;0;0;0;0.57133;-0.83309;268.0434;1.25213;-0.6442;-36.83688;-73.36201;961.22406;957.84448;0;949.6535;-36.5;-73;58.47083;163.04219;-0.2;0.2;
96.46822;95.67763;97.02358;96.99577;111.01365;111.65276;111.65273;29.92;14.886;0;0;0;0;0;0.30397;-0.82687;267.76343;1.37172;-0.62844;-36.8369;-73.36258;965.18402;961.77771;0;952.41388;-36.5;-73;58.4202;164.22224;-0.2;0.2;
95.70235;95.02663;96.36797;96.35641;110.13229;110.89828;110.89828;29.92;14.886;0;0;0;0;0;0.41226;-0.89831;267.36069;0.88764;-0.65004;-36.83692;-73.36314;968.35852;964.92468;0;955.97028;-36.5;-73;58.37344;164.77425;-0.2;0.2;
95.04118;94.44602;95.78233;95.77403;109.37144;110.22433;110.22433;29.92;14.886;0;0;0;0;0;0.60288;-0.88534;266.8606;0.75375;-0.66746;-36.83694;-73.36369;970.59198;967.12958;0;958.98114;-36.5;-73;58.43034;165.60922;-0.2;0.2;
94.44016;93.88355;95.21485;95.20742;108.67979;109.5713;109.5713;29.92;14.886;0;0;0;0;0;0.61196;-0.86542;266.22949;0.7157;-0.65007;-36.83697;-73.36424;972.69141;969.19983;0;961.38434;-36.5;-73;58.29673;166.31677;-0.2;0.2;
93.88624;93.40332;94.73016;94.72739;108.04236;109.01352;109.01353;29.92;14.886;0;0;0;0;0;0.55939;-1.06208;265.59381;0.43844;-0.70316;-36.837;-73.36479;974.36719;970.84576;0;963.46765;-36.5;-73;58.35424;166.81366;-0.2;0.2;
93.41957;93.05688;94.37978;94.37971;107.50533;108.61031;108.61031;29.92;14.886;0;0;0;0;0;0.58909;-1.05892;265.04584;0.06947;-0.76443;-36.83703;-73.36533;975.06628;971.51459;0;965.00372;-36.5;-73;58.23524;167.08051;-0.2;0.2;
93.07034;92.83237;94.15166;94.15059;107.10344;108.3478;108.34781;29.92;14.886;0;0;0;0;0;0.62821;-1.03434;264.6001;-0.2744;-0.77627;-36.83707;-73.36588;974.7663;971.18341;0;965.66815;-36.5;-73;58.2189;167.09741;-0.2;0.2;
92.84064;92.71823;94.0342;94.02902;106.8391;108.21263;108.21262;29.92;14.886;0;0;0;0;0;0.61882;-1.02306;264.18951;-0.60067;-0.77541;-36.83712;-73.36642;973.54871;969.93353;0;965.38031;-36.5;-73;58.30657;167.13303;-0.2;0.2;
92.73995;92.80387;94.11746;94.09151;106.72324;108.30844;108.30843;29.92;14.886;0;0;0;0;0;0.46581;-1.03281;263.79199;-1.3454;-0.78551;-36.83716;-73.36696;970.96399;967.35736;0;964.10596;-36.5;-73;58.31271;166.49127;-0.2;0.2;
92.81463;92.97475;94.28528;94.25965;106.80917;108.50156;108.50157;29.92;14.886;0;0;0;0;0;0.85212;-1.00251;263.38803;-1.33622;-0.77178;-36.83721;-73.3675;967.02075;963.45349;0;961.40997;-36.5;-73;58.24076;166.25688;-0.2;0.2;
92.9304;92.98761;94.29393;94.2863;106.9424;108.51153;108.51153;29.92;14.886;0;0;0;0;0;1.2096;-0.98428;262.98904;-0.72914;-0.73949;-36.83726;-73.36804;963.87842;960.34973;0;957.9126;-36.5;-73;58.349;166.76694;-0.2;0.2;
92.88029;92.64483;93.94562;93.94379;106.88474;108.11069;108.11069;29.92;14.886;0;0;0;0;0;1.23175;-1.0084;262.59344;0.35744;-0.71319;-36.83732;-73.36858;963.37598;959.88464;0;955.26019;-36.5;-73;58.33686;167.92535;-0.2;0.2;
92.54018;92.06802;93.36364;93.35409;106.49334;107.44096;107.44096;29.92;14.886;0;0;0;0;0;0.62695;-1.04421;262.21414;0.81941;-0.71715;-36.83738;-73.36912;965.49023;962.0354;0;954.9126;-36.5;-73;58.20512;168.97502;-0.2;0.2;
92.04179;91.51571;92.80663;92.79279;105.9198;106.79996;106.79996;29.92;14.886;0;0;0;0;0;1.07446;-1.04523;261.83939;0.98973;-0.72927;-36.83743;-73.36965;967.7254;964.30603;0;956.4613;-36.5;-73;58.16356;169.90698;-0.2;0.2;
91.46615;90.85498;92.14085;92.11702;105.25737;106.03381;106.03381;29.92;14.886;0;0;0;0;0;1.09922;-1.0992;261.50497;1.30313;-0.73398;-36.8375;-73.37018;970.87573;967.49042;0;958.79456;-36.5;-73;58.20645;171.13947;-0.2;0.2;
90.80928;90.12325;91.40401;91.36932;104.50146;105.18586;105.18586;29.92;14.886;0;0;0;0;0;1.18237;-1.14176;261.2323;1.57877;-0.75326;-36.83756;-73.3707;974.75586;971.40314;0;961.91632;-36.5;-73;58.05558;172.38289;-0.2;0.2;
90.07993;89.34171;90.61745;90.57288;103.66213;104.28072;104.28072;29.92;14.886;0;0;0;0;0;1.1782;-1.11552;261.00137;1.79734;-0.75195;-36.83762;-73.37122;979.29907;975.97778;0;965.77124;-36.5;-73;60.74997;177.75894;-0.2;0.2;
89.32905;88.64545;89.91737;89.88019;102.79803;103.47507;103.47507;29.92;14.886;0;0;0;0;0;1.08566;-1.17493;260.77704;1.64794;-0.75596;-36.83769;-73.37173;983.91125;980.62012;0;970.20892;-36.5;-73;60.65538;182.03017;-0.2;0.2;
88.66859;88.20202;89.47197;89.4655;102.038;102.96251;102.96251;29.92;14.886;0;0;0;0;0;0.70782;-1.24607;260.54333;0.68897;-0.8;-36.83776;-73.37224;987.24469;983.98254;0;974.56348;-36.5;-73;60.03369;181.23145;-0.2;0.2;
88.2477;88.0392;89.30778;89.30771;101.55365;102.77356;102.77356;29.92;14.886;0;0;0;0;0;1.23402;-1.19339;260.30103;0.07197;-0.81385;-36.83783;-73.37275;987.97498;984.7406;0;977.47772;-36.5;-73;59.90129;180.18967;-0.2;0.2;
88.01627;87.869;89.13535;89.13511;101.28732;102.57513;102.57513;29.92;14.886;0;0;0;0;0;1.4014;-1.21601;260.09476;0.13286;-0.795;-36.83789;-73.37325;988.16162;984.95404;0;978.56927;-36.5;-73;59.21537;179.18602;-0.2;0.2;
87.81422;87.63297;88.89669;88.89529;101.0548;102.30049;102.30048;29.92;14.886;0;0;0;0;0;1.42453;-1.27923;259.94693;0.31945;-0.80267;-36.83797;-73.37376;988.7525;985.57068;0;979.04163;-36.5;-73;60.4832;179.71503;-0.2;0.2;
87.57904;87.32651;88.58714;88.58428;100.78416;101.94427;101.94427;29.92;14.886;0;0;0;0;0;1.43481;-1.26757;259.8671;0.46037;-0.81057;-36.83804;-73.37426;989.7749;986.61768;0;979.69446;-36.5;-73;51.37388;164.62462;-0.2;0.2;
87.24368;86.89594;88.15204;88.14846;100.39824;101.44356;101.44357;29.92;14.886;0;0;0;0;0;1.45108;-1.19183;259.8692;0.51616;-0.79698;-36.83811;-73.37476;991.0705;987.93701;0;980.70758;-36.5;-73;57.74205;171.85716;-0.2;0.2;
86.86106;86.54537;87.79814;87.79456;99.95792;101.0363;101.0363;29.92;14.886;0;0;0;0;0;1.48586;-1.26635;259.92804;0.51756;-0.78449;-36.83818;-73.37527;992.41479;989.30377;0;981.95343;-36.5;-73;57.12547;174.6476;-0.2;0.2;
86.50712;86.23925;87.4892;87.48705;99.55061;100.68077;100.68076;29.92;14.886;0;0;0;0;0;1.34792;-1.31096;260.01398;0.40025;-0.80131;-36.83825;-73.37576;993.67224;990.58246;0;983.26001;-36.5;-73;57.77042;176.86687;-0.2;0.2;
86.22565;86.08405;87.3323;87.33224;99.22672;100.50021;100.50023;29.92;14.886;0;0;0;0;0;1.38155;-1.27692;260.11273;-0.06651;-0.80868;-36.83832;-73.37626;994.1004;991.03064;0;984.36975;-36.5;-73;57.11501;176.51193;-0.2;0.2;
86.06236;86.02366;87.27037;87.26908;99.0388;100.42896;100.42896;29.92;14.886;0;0;0;0;0;1.43486;-1.30833;260.24921;-0.31298;-0.8082;-36.83839;-73.37676;993.58911;990.53821;0;984.71478;-36.5;-73;57.65303;176.47467;-0.2;0.2;
85.99529;86.04594;87.29151;87.28722;98.96162;100.45329;100.45329;29.92;14.886;0;0;0;0;0;1.4553;-1.32542;260.41687;-0.56877;-0.81772;-36.83846;-73.37726;992.44263;989.40961;0;984.26654;-36.5;-73;57.74927;176.51404;-0.2;0.2;
86.00163;86.07483;87.3189;87.31542;98.96892;100.4848;100.4848;29.92;14.886;0;0;0;0;0;1.69735;-1.31221;260.6344;-0.51155;-0.81415;-36.83852;-73.37775;990.94714;987.9306;0;983.16986;-36.5;-73;57.65876;176.15459;-0.2;0.2;
85.98348;85.94492;87.18617;87.18616;98.94803;100.33206;100.33206;29.92;14.886;0;0;0;0;0;1.79002;-1.32376;260.91541;-0.03682;-0.80642;-36.83859;-73.37825;990.21039;987.20941;0;981.90155;-36.5;-73;57.74896;176.91309;-0.2;0.2;
85.84375;85.65321;86.89093;86.88809;98.78722;99.9923;99.9923;29.92;14.886;0;0;0;0;0;1.83686;-1.3458;261.2406;0.46361;-0.80569;-36.83865;-73.37875;990.74573;987.75909;0;981.34045;-36.5;-73;56.98856;176.73299;-0.2;0.2;
85.54501;85.16724;86.4002;86.38889;98.44344;99.42758;99.42758;29.92;14.886;0;0;0;0;0;1.86435;-1.3464;261.61526;0.92725;-0.80691;-36.83871;-73.37924;992.53741;989.5639;0;981.91119;-36.5;-73;51.10965;165.40013;-0.2;0.2;
85.0465;84.47376;85.70026;85.67884;97.86977;98.6221;98.62209;29.92;14.886;0;0;0;0;0;1.90802;-1.30895;262.05011;1.28087;-0.79982;-36.83877;-73.37973;995.37421;992.4126;0;983.67499;-36.5;-73;54.68742;164.34225;-0.2;0.2;
84.39888;83.76099;84.98152;84.95186;97.1245;97.79499;97.79501;29.92;14.886;0;0;0;0;0;1.95731;-1.3634;262.53625;1.51403;-0.79127;-36.83882;-73.38022;998.89044;995.93939;0;986.41376;-36.5;-73;53.56816;169.95445;-0.2;0.2;
83.68513;83.01427;84.22878;84.19444;96.30313;96.92876;96.92875;29.92;14.886;0;0;0;0;0;2.01195;-1.43632;263.06134;1.63616;-0.80602;-36.83887;-73.3807;1002.82654;999.88483;0;989.86084;-36.5;-73;52.86905;170.23206;-0.2;0.2;
82.93671;82.24922;83.45756;83.42294;95.44186;96.04124;96.04126;29.92;14.886;0;0;0;0;0;2.07697;-1.43924;263.63647;1.65063;-0.81669;-36.83891;-73.38118;1006.90857;1003.97485;0;993.74023;-36.5;-73;52.66496;169.15833;-0.2;0.2;
82.19194;81.58199;82.78529;82.75527;94.5848;95.26761;95.2676;29.92;14.886;0;0;0;0;0;2.07958;-1.47685;264.25696;1.54282;-0.81726;-36.83895;-73.38166;1010.8407;1007.91364;0;997.74323;-36.5;-73;57.24221;182.3956;-0.2;0.2;
81.54504;81.1059;82.30611;82.29305;93.84036;94.71618;94.71616;29.92;14.886;0;0;0;0;0;1.80132;-1.56333;264.86768;1.01991;-0.84129;-36.83899;-73.38213;1014.0813;1011.15961;0;1001.58069;-36.5;-73;56.59617;183.32182;-0.2;0.2;
81.11552;81.00085;82.20077;82.20029;93.34607;94.59496;94.59496;29.92;14.886;0;0;0;0;0;1.63666;-1.58133;265.43652;-0.19633;-0.88399;-36.83902;-73.38261;1015.13043;1012.21289;0;1004.50909;-36.5;-73;56.49069;182.82777;-0.2;0.2;
81.0395;81.33382;82.53606;82.50688;93.25859;94.9808;94.9808;29.92;14.886;0;0;0;0;0;1.96545;-1.48036;265.97452;-1.52334;-0.89674;-36.83905;-73.38308;1012.97003;1010.05554;0;1005.26117;-36.5;-73;56.51243;181.44395;-0.2;0.2;
81.20226;81.31142;82.51051;82.5097;93.4459;94.9514;94.9514;29.92;14.886;0;0;0;0;0;3.23028;-1.25985;266.57797;0.25313;-0.78416;-36.83908;-73.38356;1010.64941;1007.73651;0;1003.40582;-36.5;-73;56.61818;182.84666;-0.2;0.2;
81.07497;80.79973;81.99385;81.97325;93.29942;94.35684;94.35684;29.92;14.886;0;0;0;0;0;2.19987;-1.53076;267.09821;1.28442;-0.7573;-36.8391;-73.38403;1012.7937;1009.88141;0;1002.41962;-36.5;-73;56.58134;184.0135;-0.2;0.2;
80.75497;80.65469;81.84857;81.84796;92.93117;94.18966;94.18966;29.92;14.886;0;0;0;0;0;1.55161;-1.60271;267.42453;-0.22152;-0.85497;-36.83912;-73.38451;1014.37335;1011.46069;0;1003.86182;-36.5;-73;56.55081;183.403;-0.2;0.2;
80.67063;80.87353;82.0686;82.05706;92.83411;94.44286;94.44286;29.92;14.886;0;0;0;0;0;2.22123;-1.45484;267.77267;-0.96107;-0.85931;-36.83913;-73.38498;1012.66455;1009.75018;0;1004.52228;-36.5;-73;56.56218;182.58167;-0.2;0.2;
80.80214;81.0801;82.27542;82.26536;92.98544;94.68087;94.68087;29.92;14.886;0;0;0;0;0;2.36453;-1.42723;268.16077;-0.89604;-0.82362;-36.83915;-73.38545;1010.3493;1007.43213;0;1003.2215;-36.5;-73;56.59074;182.41016;-0.2;0.2;
80.96247;81.15734;82.35172;82.3493;93.16995;94.76868;94.76868;29.92;14.886;0;0;0;0;0;2.54911;-1.37874;268.47961;-0.439;-0.78696;-36.83916;-73.38593;1008.62958;1005.7085;0;1001.24072;-36.5;-73;56.51948;182.54185;-0.2;0.2;
81.00954;81.04147;82.23375;82.23345;93.22411;94.63291;94.6329;29.92;14.886;0;0;0;0;0;2.51002;-1.34477;268.70404;0.15143;-0.75286;-36.83916;-73.3864;1008.30396;1005.37811;0;999.77563;-36.5;-73;60.43804;188.30095;-0.2;0.2;
80.91103;80.79803;81.98785;81.9832;93.11076;94.34993;94.34994;29.92;14.886;0;0;0;0;0;2.51065;-1.32325;268.77216;0.6101;-0.72567;-36.83917;-73.38687;1009.23486;1006.3031;0;999.47546;-36.5;-73;53.49255;182.19504;-0.2;0.2;
80.64653;80.333;81.51828;81.50815;92.80637;93.80956;93.80956;29.92;14.886;0;0;0;0;0;2.2488;-1.2764;268.68127;0.90332;-0.70931;-36.83918;-73.38734;1011.17242;1008.23401;0;1000.36481;-36.5;-73;51.97723;171.28915;-0.2;0.2;
80.27081;80.03521;81.21768;81.21768;92.37399;93.46365;93.46365;29.92;14.886;0;0;0;0;0;1.73363;-1.28124;268.47321;-0.00968;-0.72086;-36.83919;-73.38782;1012.49176;1009.5459;0;1002.02277;-36.5;-73;48.70726;163.60724;-0.2;0.2;
80.05098;80.09192;81.27335;81.26006;92.12103;93.52771;93.52771;29.92;14.886;0;0;0;0;0;2.35997;-1.25012;268.15811;-1.03625;-0.73123;-36.8392;-73.38829;1010.92206;1007.9679;0;1002.7373;-36.5;-73;49.32228;161.41457;-0.2;0.2;
80.02928;80.18428;81.36404;81.34814;92.09605;93.63207;93.63207;29.92;14.886;0;0;0;0;0;2.2914;-1.24064;267.79291;-1.13281;-0.71494;-36.83921;-73.38876;1008.38531;1005.42206;0;1001.435;-36.5;-73;49.87224;162.70796;-0.2;0.2;
80.11229;80.32215;81.50048;81.48322;92.19158;93.78909;93.78909;29.92;14.886;0;0;0;0;0;2.52304;-1.22461;267.37723;-1.17917;-0.70748;-36.83923;-73.38923;1005.49231;1002.51917;0;999.07391;-36.5;-73;49.91414;163.65535;-0.2;0.2;
80.20259;80.34362;81.51946;81.51212;92.29549;93.81093;93.81093;29.92;14.886;0;0;0;0;0;2.48467;-1.18359;266.89084;-0.76898;-0.68314;-36.83925;-73.3897;1003.16028;1000.17651;0;996.39636;-36.5;-73;51.248;166.21298;-0.2;0.2;
80.23582;80.32442;81.49801;81.49336;92.33374;93.78623;93.78622;29.92;14.886;0;0;0;0;0;2.46617;-1.22551;266.3479;-0.61109;-0.67573;-36.83927;-73.39017;1001.49512;998.50024;0;994.17255;-36.5;-73;52.41577;168.4691;-0.2;0.2;
80.23716;80.34801;81.52007;81.51237;92.33527;93.81162;93.81163;29.92;14.886;0;0;0;0;0;2.26215;-1.26102;265.75146;-0.7874;-0.6915;-36.8393;-73.39063;999.92438;996.91754;0;992.42352;-36.5;-73;51.31665;168.40022;-0.2;0.2;
80.26892;80.40535;81.57579;81.56698;92.37183;93.87575;93.87575;29.92;14.886;0;0;0;0;0;2.40224;-1.2426;265.11191;-0.84186;-0.70114;-36.83933;-73.39111;997.88818;994.86896;0;990.66577;-36.5;-73;51.30043;167.20981;-0.2;0.2;
80.30474;80.38493;81.5528;81.54619;92.41305;93.84929;93.84929;29.92;14.886;0;0;0;0;0;2.46307;-1.21119;264.46057;-0.72937;-0.69839;-36.83936;-73.39157;995.98663;992.95447;0;988.74658;-36.5;-73;43.94781;152.78535;-0.2;0.2;
80.25236;80.19395;81.35711;81.35236;92.35277;93.62409;93.62409;29.92;14.886;0;0;0;0;0;2.47153;-1.12771;263.79401;-0.61873;-0.68593;-36.8394;-73.39204;994.37024;991.32428;0;986.88739;-36.5;-73;42.54639;144.22052;-0.2;0.2;
80.08092;79.93447;81.09218;81.08791;92.15548;93.31922;93.31923;29.92;14.886;0;0;0;0;0;2.46853;-1.07855;263.13684;-0.58815;-0.66213;-36.83944;-73.39251;992.94843;989.88831;0;985.27472;-36.5;-73;42.50357;139.79317;-0.2;0.2;
79.84349;79.68687;80.83925;80.83427;91.88225;93.02815;93.02815;29.92;14.886;0;0;0;0;0;2.52203;-1.09235;262.46735;-0.63606;-0.64727;-36.83949;-73.39297;991.47906;988.40417;0;983.79993;-36.5;-73;43.06958;141.34634;-0.2;0.2;
79.59202;79.42871;80.57565;80.57198;91.59286;92.7248;92.72479;29.92;14.886;0;0;0;0;0;2.60613;-1.12836;261.77505;-0.54577;-0.64218;-36.83954;-73.39344;990.03699;986.9469;0;982.31885;-36.5;-73;43.05109;141.73012;-0.2;0.2;
79.33021;79.16601;80.30764;80.30333;91.29157;92.41638;92.41639;29.92;14.886;0;0;0;0;0;2.44124;-1.24614;261.14386;-0.59414;-0.66498;-36.8396;-73.3939;988.75079;985.64502;0;980.9259;-36.5;-73;41.80819;140.86403;-0.2;0.2;
79.10284;79.05048;80.1881;80.17334;91.02992;92.27882;92.27882;29.92;14.886;0;0;0;0;0;2.40764;-1.33558;260.65253;-1.09911;-0.72028;-36.83966;-73.39435;986.75671;983.63452;0;979.48444;-36.5;-73;42.36309;140.81935;-0.2;0.2;
78.98111;79.01795;80.15169;80.13277;90.88984;92.23692;92.23692;29.92;14.886;0;0;0;0;0;2.73107;-1.29643;260.28705;-1.24479;-0.73311;-36.83972;-73.39481;983.85834;980.7193;0;977.37506;-36.5;-73;42.35813;140.61821;-0.2;0.2;
78.89593;78.89284;80.02169;80.01122;90.79182;92.08732;92.08733;29.92;14.886;0;0;0;0;0;2.92092;-1.46308;260.15033;-0.92688;-0.75369;-36.83978;-73.39526;981.24609;978.08942;0;974.71387;-36.5;-73;42.42842;141.02522;-0.2;0.2;
78.72763;78.58689;79.70956;79.70786;90.59814;91.72813;91.72813;29.92;14.886;0;0;0;0;0;2.98086;-1.57421;260.24982;-0.37429;-0.79274;-36.83984;-73.39571;979.71686;976.54156;0;972.30688;-36.5;-73;42.34112;141.77377;-0.2;0.2;
78.41174;78.11581;79.23142;79.23119;90.23462;91.17789;91.17789;29.92;14.886;0;0;0;0;0;3.01451;-1.57476;260.60706;0.13947;-0.8161;-36.8399;-73.39617;979.44147;976.24683;0;970.86279;-36.5;-73;42.96015;143.4818;-0.2;0.2;
77.99994;77.78942;78.90037;78.89429;89.76073;90.79692;90.79693;29.92;14.886;0;0;0;0;0;1.68226;-1.36692;261.03912;-0.71201;-0.81917;-36.83996;-73.39662;979.43066;976.21576;0;970.50702;-36.5;-73;42.87299;143.74492;-0.2;0.2;
77.81243;77.89594;79.00459;78.98126;89.54495;90.91685;90.91685;29.92;14.886;0;0;0;0;0;3.28124;-1.21582;261.43997;-1.39197;-0.74927;-36.84002;-73.39707;976.16455;972.92816;0;969.54718;-36.5;-73;42.96204;144.13777;-0.2;0.2;
77.70741;77.63139;78.73388;78.73229;89.4241;90.60533;90.60534;29.92;14.886;0;0;0;0;0;3.42104;-1.40356;261.91544;-0.36474;-0.70743;-36.84007;-73.39752;974.10522;970.84637;0;967.06934;-36.5;-73;42.95895;145.25285;-0.2;0.2;
77.39283;77.01105;78.10521;78.09844;89.06208;89.88187;89.88187;29.92;14.886;0;0;0;0;0;3.56895;-1.45227;262.38519;0.75381;-0.71026;-36.84012;-73.39797;974.52924;971.24719;0;965.46808;-36.5;-73;43.49635;147.55481;-0.2;0.2;
76.78902;76.22289;77.30881;77.29762;88.36723;88.96539;88.9654;29.92;14.886;0;0;0;0;0;2.08065;-1.3929;262.81912;0.97471;-0.7057;-36.84016;-73.39841;977.11713;973.81104;0;965.98151;-36.5;-73;43.46919;149.86369;-0.2;0.2;
76.23078;75.98352;77.06622;77.06364;87.72482;88.68622;88.68622;29.92;14.886;0;0;0;0;0;2.83895;-1.47054;263.16736;-0.46749;-0.73934;-36.84021;-73.39886;977.26782;973.93677;0;967.59741;-36.5;-73;43.37001;149.97955;-0.2;0.2;
75.91351;75.85246;76.93154;76.92553;87.3597;88.53123;88.53124;29.92;14.886;0;0;0;0;0;3.14745;-1.44725;263.54755;-0.71652;-0.73897;-36.84025;-73.3993;975.73535;972.37848;0;967.65631;-36.5;-73;43.42517;149.7758;-0.2;0.2;
75.76196;75.85572;76.93232;76.91424;87.1853;88.53214;88.53214;29.92;14.886;0;0;0;0;0;3.27649;-1.29065;263.82449;-1.24225;-0.71054;-36.84029;-73.39974;973.50787;970.12427;0;966.3974;-36.5;-73;43.99731;150.19464;-0.2;0.2;
75.69213;75.74141;76.81384;76.80787;87.10495;88.3958;88.39579;29.92;14.886;0;0;0;0;0;3.43579;-1.29611;264.03665;-0.7144;-0.66264;-36.84033;-73.40018;971.27582;967.8916;0;964.26575;-36.5;-73;43.39414;151.70386;-0.2;0.2;
75.55241;75.47034;76.5376;76.53655;86.94416;88.0779;88.07791;29.92;14.886;0;0;0;0;0;3.64433;-1.39232;264.13535;-0.29999;-0.6581;-36.84036;-73.40063;970.0932;966.74042;0;962.32397;-36.5;-73;42.81111;148.87436;-0.2;0.2;
75.21838;74.86437;75.92355;75.91691;86.55978;87.37126;87.37126;29.92;14.886;0;0;0;0;0;3.9734;-1.41291;264.20529;0.75747;-0.6603;-36.8404;-73.40106;970.53223;967.21021;0;961.27063;-36.5;-73;42.75469;149.97107;-0.2;0.2;
74.59016;73.9274;74.97643;74.9417;85.83683;86.28134;86.28134;29.92;14.886;0;0;0;0;0;4.04053;-1.38743;264.26245;1.74406;-0.65264;-36.84044;-73.4015;973.3407;970.0481;0;961.93219;-36.5;-73;42.67983;151.90797;-0.2;0.2;
73.68629;72.83365;73.87203;73.82204;84.79667;85.01042;85.01041;29.92;14.886;0;0;0;0;0;3.61337;-1.3798;264.25778;2.10786;-0.64214;-36.84047;-73.40192;977.80225;974.53772;0;964.65961;-36.5;-73;42.58259;153.56619;-0.2;0.2;
72.69144;71.91065;72.94023;72.91141;83.65182;83.93812;83.93814;29.92;14.886;0;0;0;0;0;3.69207;-1.44897;264.14832;1.61113;-0.65107;-36.8405;-73.40234;981.83832;978.60101;0;968.67566;-36.5;-73;42.4136;154.55841;-0.2;0.2;
71.78458;71.19162;72.21387;72.20383;82.60822;83.10224;83.10224;29.92;14.886;0;0;0;0;0;3.77224;-1.45058;263.92596;0.95556;-0.66326;-36.84054;-73.40276;984.61945;981.40845;0;972.4599;-36.5;-73;42.94823;155.41656;-0.2;0.2;
71.0756;70.71786;71.73463;71.73409;81.79234;82.55074;82.55075;29.92;14.886;0;0;0;0;0;3.85609;-1.4234;263.59875;0.22558;-0.66234;-36.84057;-73.40318;985.87311;982.68744;0;975.11957;-36.5;-73;37.96268;151.32703;-0.2;0.2;
70.57437;70.37353;71.38493;71.38068;81.21554;82.14832;82.14832;29.92;14.886;0;0;0;0;0;3.85463;-1.34288;263.16605;-0.62508;-0.65879;-36.84061;-73.40359;985.48145;982.32031;0;976.32928;-36.5;-73;34.29097;132.18806;-0.2;0.2;
70.25001;70.26014;71.26749;71.23883;80.84227;82.01317;82.01317;29.92;14.886;0;0;0;0;0;3.72933;-1.20243;262.65326;-1.62494;-0.63336;-36.84065;-73.40399;983.16797;980.03046;0;975.87946;-36.5;-73;31.01615;122.39201;-0.2;0.2;
70.16264;70.44596;71.45097;71.369;80.74173;82.2243;82.2243;29.92;14.886;0;0;0;0;0;4.09939;-1.16754;262.07074;-2.74472;-0.60845;-36.84069;-73.4044;978.41309;975.29877;0;973.43549;-36.5;-73;30.85383;114.79912;-0.2;0.2;
70.28263;70.71985;71.72222;71.61809;80.87981;82.53646;82.53646;29.92;14.886;0;0;0;0;0;4.16719;-1.15957;261.43265;-3.08783;-0.58962;-36.84074;-73.40481;972.24969;969.15808;0;968.84583;-36.5;-73;30.8308;112.83676;-0.2;0.2;
70.5357;71.05739;72.05727;71.94041;81.17104;82.92204;82.92204;29.92;14.886;0;0;0;0;0;4.31006;-1.12631;260.76013;-3.26366;-0.5745;-36.84079;-73.40522;965.42169;962.35242;0;962.84735;-36.5;-73;30.84974;112.0185;-0.2;0.2;
70.82963;71.3215;72.31791;72.21652;81.50928;83.22197;83.22198;29.92;14.886;0;0;0;0;0;4.44981;-1.10036;260.06601;-3.03449;-0.55635;-36.84085;-73.40562;958.68939;955.64197;0;956.22314;-36.5;-73;30.93632;111.78599;-0.2;0.2;
71.03519;71.34163;72.33223;72.27782;81.74583;83.23845;83.23845;29.92;14.886;0;0;0;0;0;4.78611;-1.1301;259.34442;-2.22256;-0.53899;-36.84091;-73.40604;952.98944;949.96344;0;949.70264;-36.5;-73;30.89759;112.43636;-0.2;0.2;
70.99377;70.98698;71.96891;71.95551;81.69818;82.82034;82.82034;29.92;14.886;0;0;0;0;0;4.71028;-1.25751;258.64764;-1.10546;-0.54696;-36.84097;-73.40645;949.46619;946.46112;0;944.2995;-36.5;-73;31.3954;114.03213;-0.2;0.2;
70.705;70.5474;71.52113;71.5118;81.36587;82.30505;82.30505;29.92;14.886;0;0;0;0;0;4.28542;-1.23827;257.99298;-0.92616;-0.56986;-36.84104;-73.40685;947.45782;944.47302;0;940.76715;-36.5;-73;31.45579;115.65843;-0.2;0.2;
70.36586;70.31211;71.27992;71.2516;80.97559;82.02747;82.02746;29.92;14.886;0;0;0;0;0;3.89539;-1.16992;257.367;-1.6149;-0.57461;-36.84111;-73.40726;944.92322;941.95831;0;938.32141;-36.5;-73;31.44183;115.63437;-0.2;0.2;
70.17136;70.28445;71.24753;71.20319;80.75176;81.9902;81.9902;29.92;14.886;0;0;0;0;0;4.66633;-1.2236;256.74933;-2.02148;-0.57289;-36.84119;-73.40765;940.79504;937.84912;0;935.41345;-36.5;-73;31.37441;115.46014;-0.2;0.2;
70.01907;70.0794;71.0357;71.00876;80.57652;81.74643;81.74642;29.92;14.886;0;0;0;0;0;4.74296;-1.34832;256.14453;-1.57782;-0.58407;-36.84126;-73.40806;937.0105;934.08319;0;931.61169;-36.5;-73;29.36691;114.14867;-0.2;0.2;
69.71482;69.68136;70.62919;70.61284;80.22639;81.27862;81.27863;29.92;14.886;0;0;0;0;0;4.76761;-1.37663;255.5993;-1.23315;-0.60835;-36.84134;-73.40845;934.09814;931.18872;0;928.03082;-36.5;-73;25.27303;100.7769;-0.2;0.2;
69.18482;69.10661;70.04424;70.03447;79.61647;80.60548;80.60548;29.92;14.886;0;0;0;0;0;4.95326;-1.38997;255.1893;-0.95722;-0.62277;-36.84142;-73.40884;931.8028;928.91095;0;925.09991;-36.5;-73;25.53391;96.45024;-0.2;0.2;
68.44637;68.43742;69.36423;69.35857;78.76669;79.82294;79.82293;29.92;14.886;0;0;0;0;0;5.05704;-1.47443;254.97531;-0.73131;-0.63884;-36.84151;-73.40923;930.09741;927.22205;0;922.80817;-36.5;-73;25.01649;97.2541;-0.2;0.2;
67.57587;67.71178;68.62741;68.62349;77.76492;78.97502;78.97502;29.92;14.886;0;0;0;0;0;5.16445;-1.57585;254.9566;-0.61267;-0.66185;-36.84159;-73.40962;928.75629;925.89661;0;921.05634;-36.5;-73;24.92825;96.66296;-0.2;0.2;
66.63692;66.97171;67.87602;67.87053;76.6844;78.11033;78.11033;29.92;14.886;0;0;0;0;0;5.2287;-1.66268;255.14601;-0.72837;-0.6903;-36.84167;-73.41;927.44775;924.60303;0;919.6416;-36.5;-73;20.20445;86.03183;-0.2;0.2;
65.66431;66.22691;67.1194;67.10725;75.56515;77.23963;77.23964;29.92;14.886;0;0;0;0;0;5.31097;-1.66759;255.56259;-1.09111;-0.71381;-36.84175;-73.41038;925.67688;922.84619;0;918.21735;-36.5;-73;19.47937;77.30177;-0.2;0.2;
64.73766;65.6576;66.53978;66.51279;74.49876;76.57262;76.57262;29.92;14.886;0;0;0;0;0;5.61604;-1.54658;256.19553;-1.63201;-0.70906;-36.84182;-73.41075;922.98621;920.16864;0;916.33722;-36.5;-73;22.66841;85.72355;-0.2;0.2;
63.93953;65.15223;66.02444;65.99687;73.58029;75.97958;75.97958;29.92;14.886;0;0;0;0;0;5.93327;-1.28786;256.93591;-1.65579;-0.6419;-36.8419;-73.41113;919.71515;916.90997;0;913.64331;-36.5;-73;23.1306;90.31835;-0.2;0.2;
63.22465;64.62251;65.48462;65.46168;72.75763;75.35835;75.35836;29.92;14.886;0;0;0;0;0;6.2346;-1.53142;257.79382;-1.51697;-0.60226;-36.84196;-73.41149;916.60229;913.80841;0;910.56122;-36.5;-73;23.62844;92.70331;-0.2;0.2;
62.49747;64.10129;64.9537;64.92574;71.9208;74.74739;74.74738;29.92;14.886;0;0;0;0;0;5.73687;-1.75121;258.67499;-1.6811;-0.6338;-36.84203;-73.41186;913.74878;910.96552;0;907.52698;-36.5;-73;23.64324;94.68436;-0.2;0.2;
61.87293;63.70781;64.55152;64.51955;71.2021;74.28457;74.28458;29.92;14.886;0;0;0;0;0;6.81815;-1.66547;259.5658;-1.80356;-0.6464;-36.84208;-73.41223;910.09283;907.31921;0;904.40002;-36.5;-73;24.54786;97.63703;-0.2;0.2;
61.1876;63.11917;63.95243;63.93282;70.41344;73.59514;73.59514;29.92;14.886;0;0;0;0;0;6.21858;-1.50185;260.52383;-1.4189;-0.6215;-36.84213;-73.41259;907.28235;904.51758;0;901.08722;-36.5;-73;25.02368;100.43583;-0.2;0.2;
60.60076;62.81337;63.6394;63.59631;69.73811;73.23492;73.23492;29.92;14.886;0;0;0;0;0;6.53301;-1.14946;261.21912;-2.10877;-0.53948;-36.84218;-73.41296;903.8783;901.12152;0;898.06158;-36.5;-73;25.51084;103.03857;-0.2;0.2;
60.09156;62.44962;63.26729;63.23396;69.15214;72.8067;72.80671;29.92;14.886;0;0;0;0;0;7.03259;-1.59224;261.9527;-1.86031;-0.52115;-36.84222;-73.41332;900.06049;897.31091;0;894.57965;-36.5;-73;25.96215;106.42003;-0.2;0.2;
59.53007;61.9757;62.78427;62.76062;68.50598;72.25085;72.25084;29.92;14.886;0;0;0;0;0;7.06423;-1.916;262.61465;-1.57219;-0.5868;-36.84226;-73.41368;896.92053;894.17749;0;891.03632;-36.5;-73;26.48395;108.90274;-0.2;0.2;
58.92118;61.5046;62.30441;62.28074;67.80528;71.69864;71.69864;29.92;14.886;0;0;0;0;0;7.01242;-1.46021;263.07916;-1.57931;-0.59231;-36.8423;-73.41404;894.07867;891.34137;0;887.86963;-36.5;-73;26.49141;110.5945;-0.2;0.2;
58.30359;61.00277;61.79344;61.77435;67.09457;71.11062;71.11062;29.92;14.886;0;0;0;0;0;7.55705;-1.38239;263.50201;-1.42396;-0.53848;-36.84233;-73.4144;891.21167;888.47955;0;884.91339;-36.5;-73;26.88493;112.76163;-0.2;0.2;
57.53957;60.30038;61.07999;61.07236;66.21535;70.2896;70.2896;29.92;14.886;0;0;0;0;0;8.0765;-1.73612;263.91107;-0.90567;-0.54768;-36.84236;-73.41475;889.03094;886.30328;0;882.17505;-36.5;-73;26.91516;115.14729;-0.2;0.2;
56.52538;59.33623;60.10254;60.10225;65.04824;69.16477;69.16477;29.92;14.886;0;0;0;0;0;8.37315;-1.94454;264.24738;-0.17736;-0.59514;-36.84239;-73.41509;888.09558;885.3717;0;880.16736;-36.5;-73;27.32808;118.22898;-0.2;0.2;
55.26556;58.35316;59.10674;59.1064;63.59847;68.01882;68.01881;29.92;14.886;0;0;0;0;0;7.52259;-1.9463;264.51724;-0.19141;-0.63062;-36.84242;-73.41544;888.05487;885.33429;0;879.2146;-36.5;-73;32.75551;136.00858;-0.2;0.2;
54.29343;57.96719;58.71442;58.6909;62.47977;67.56736;67.56736;29.92;14.886;0;0;0;0;0;7.51861;-2.01674;264.68375;-1.62184;-0.66144;-36.84244;-73.41578;886.48566;883.76752;0;878.68286;-36.5;-73;32.24567;133.52797;-0.2;0.2;
53.79891;58.03086;58.77554;58.70234;61.91068;67.63769;67.63769;29.92;14.886;0;0;0;0;0;7.56112;-2.06327;264.76166;-2.85989;-0.68746;-36.84247;-73.41611;882.58777;879.87195;0;876.80988;-36.5;-73;33.05047;141.45215;-0.2;0.2;
53.83356;58.40462;59.14899;59.03385;61.95056;68.06744;68.06744;29.92;14.886;0;0;0;0;0;8.48104;-2.03045;264.73563;-3.57562;-0.7011;-36.84249;-73.41646;876.71924;874.00482;0;872.89496;-36.5;-73;33.09723;142.46394;-0.2;0.2;
54.00817;58.49049;59.23098;59.15876;62.15149;68.1618;68.1618;29.92;14.886;0;0;0;0;0;9.06418;-1.90629;264.62964;-2.82957;-0.68258;-36.84252;-73.41679;871.03235;868.31903;0;867.44781;-36.5;-73;33.1984;143.33385;-0.2;0.2;
53.8971;58.06224;58.79406;58.77769;62.02367;67.659;67.659;29.92;14.886;0;0;0;0;0;9.29141;-1.80845;264.42609;-1.35223;-0.64913;-36.84254;-73.41714;867.29315;864.58051;0;862.18817;-36.5;-73;33.20849;145.38228;-0.2;0.2;
53.44845;57.5141;58.23737;58.2272;61.50738;67.01838;67.01838;29.92;14.886;0;0;0;0;0;8.84284;-1.72408;264.04431;-1.07136;-0.61847;-36.84257;-73.41747;865.38202;862.66968;0;858.63641;-36.5;-73;33.18224;146.30481;-0.2;0.2;
52.71516;56.74271;57.45517;57.45428;60.66353;66.11823;66.11824;29.92;14.886;0;0;0;0;0;9.88578;-1.77178;263.46271;-0.31927;-0.59664;-36.8426;-73.41781;864.05927;861.34705;0;856.40314;-36.5;-73;34.58306;150.35609;-0.2;0.2;
51.58171;55.72114;56.42093;56.41896;59.35917;64.92805;64.92805;29.92;14.886;0;0;0;0;0;10.08463;-1.81073;262.65363;0.47876;-0.58335;-36.84263;-73.41813;864.25317;861.54065;0;855.25928;-36.5;-73;47.78864;180.95818;-0.2;0.2;
50.3569;54.9629;55.65415;55.64828;57.94969;64.04565;64.04566;29.92;14.886;0;0;0;0;0;9.67157;-2.00425;261.5174;0.83276;-0.57122;-36.84267;-73.41845;865.44958;862.73663;0;855.38843;-36.5;-73;51.49715;226.01952;-0.2;0.2;
49.49712;54.56028;55.24726;55.24674;56.96027;63.57741;63.57741;29.92;14.886;0;0;0;0;0;9.35786;-2.34915;259.95465;0.24645;-0.61999;-36.84271;-73.41876;866.42114;863.70764;0;856.33441;-36.5;-73;50.65437;229.76363;-0.2;0.2;
48.89896;54.15411;54.8359;54.83566;56.27192;63.10403;63.10402;29.92;14.886;0;0;0;0;0;10.4871;-2.24877;257.84296;-0.16892;-0.68312;-36.84276;-73.41908;866.32477;863.61072;0;857.04108;-36.5;-73;44.70109;200.42538;-0.2;0.2;
48.16801;53.5827;54.2571;54.25676;55.43076;62.43796;62.43796;29.92;14.886;0;0;0;0;0;10.56472;-1.61932;255.24612;-0.20276;-0.63791;-36.84282;-73.41939;866.0827;863.36804;0;857.10266;-36.5;-73;45.80125;205.92531;-0.2;0.2;
47.50632;53.21036;53.87949;53.87436;54.6693;62.00341;62.00341;29.92;14.886;0;0;0;0;0;10.49013;-1.4164;252.25282;-0.79042;-0.54326;-36.84288;-73.41969;865.35315;862.63812;0;856.83911;-36.5;-73;45.7954;207.3329;-0.2;0.2;
47.02872;53.02918;53.69464;53.67867;54.11969;61.79069;61.79069;29.92;14.886;0;0;0;0;0;10.84475;-1.76063;248.83983;-1.39727;-0.53405;-36.84297;-73.41998;863.58716;860.87207;0;855.97418;-36.5;-73;45.77422;207.82909;-0.2;0.2;
46.75507;53.05281;53.71638;53.67928;53.80477;61.81571;61.81571;29.92;14.886;0;0;0;0;0;10.66819;-2.66017;245.181;-2.12955;-0.64709;-36.84306;-73.42027;860.82477;858.10986;0;854.19727;-36.5;-73;45.76975;207.35077;-0.2;0.2;
46.77304;53.32718;53.99102;53.92299;53.82545;62.13176;62.13176;29.92;14.886;0;0;0;0;0;10.6223;-3.32451;241.4841;-2.87663;-0.83923;-36.84317;-73.42054;856.84698;854.13263;0;851.38422;-36.5;-73;45.7197;206.51575;-0.2;0.2;
47.06343;53.74573;54.41078;54.32226;54.15963;62.61481;62.61481;29.92;14.886;0;0;0;0;0;11.02652;-3.34131;237.88287;-3.26865;-1.00645;-36.8433;-73.42081;851.85852;849.14502;0;847.43219;-36.5;-73;47.41113;206.91904;-0.2;0.2;
47.47172;54.07505;54.74011;54.66782;54.62948;62.9938;62.9938;29.92;14.886;0;0;0;0;0;11.10194;-2.22935;234.15314;-2.94481;-0.97739;-36.84344;-73.42107;846.81946;844.10712;0;842.62146;-36.5;-73;47.66396;210.63695;-0.2;0.2;
47.91308;54.32167;54.98618;54.93039;55.13739;63.27696;63.27696;29.92;14.886;0;0;0;0;0;10.50576;-2.33486;230.59979;-2.58121;-0.85275;-36.8436;-73.42132;842.38953;839.67883;0;837.74957;-36.5;-73;47.7706;211.5793;-0.2;0.2;
48.31747;54.58388;55.24821;55.19666;55.60276;63.57851;63.57851;29.92;14.886;0;0;0;0;0;10.693;-4.15689;227.70317;-2.47554;-1.02565;-36.84377;-73.42156;838.22504;835.51617;0;833.31305;-36.5;-73;47.82449;211.91013;-0.2;0.2;
48.50748;54.67318;55.33562;55.29994;55.82142;63.6791;63.6791;29.92;14.886;0;0;0;0;0;10.32575;-4.93628;225.11809;-2.05754;-1.31504;-36.84394;-73.42179;834.56409;831.8573;0;829.17639;-36.5;-73;47.27258;210.51669;-0.2;0.2;
48.69753;54.8336;55.49519;55.45629;56.04012;63.86272;63.86272;29.92;14.886;0;0;0;0;0;9.80801;-4.57366;223.33067;-2.14532;-1.51005;-36.84412;-73.42201;831.1499;828.44519;0;825.4895;-36.5;-73;47.19768;209.28839;-0.2;0.2;
49.07911;55.22292;55.88594;55.82227;56.47923;64.3124;64.3124;29.92;14.886;0;0;0;0;0;9.8845;-4.94466;222.54414;-2.73521;-1.57774;-36.84431;-73.42223;827.17981;824.47711;0;821.92719;-36.5;-73;47.82764;208.63922;-0.2;0.2;
49.30193;55.30085;55.96169;55.93164;56.73565;64.39957;64.39957;29.92;14.886;0;0;0;0;0;9.67081;-5.53714;222.96573;-1.87761;-1.72408;-36.8445;-73.42245;823.39899;820.69788;0;817.98834;-36.5;-73;49.01574;211.54121;-0.2;0.2;
49.60467;55.57756;56.2388;56.19976;57.08403;64.71847;64.71847;29.92;14.886;0;0;0;0;0;10.28534;-4.71505;223.95016;-2.13521;-1.75082;-36.84469;-73.42268;819.88483;817.18469;0;814.32715;-36.5;-73;49.16453;213.71474;-0.2;0.2;
49.86629;55.6114;56.27072;56.24928;57.38511;64.75519;64.75519;29.92;14.886;0;0;0;0;0;9.02517;-2.64576;225.27615;-1.58137;-1.47709;-36.84488;-73.4229;817.0777;814.37793;0;810.88623;-36.5;-73;48.67251;212.08412;-0.2;0.2;
50.29996;55.89824;56.55835;56.52669;57.88417;65.08619;65.08618;29.92;14.886;0;0;0;0;0;10.08144;-2.19758;226.51082;-1.91705;-1.08639;-36.84506;-73.42313;813.92682;811.22668;0;807.89386;-36.5;-73;46.0315;211.6263;-0.2;0.2;
50.2737;55.52638;56.18041;56.17882;57.85394;64.65126;64.65125;29.92;14.886;0;0;0;0;0;10.97617;-3.70188;228.02945;-0.42995;-1.03582;-36.84523;-73.42338;811.89478;809.1936;0;804.93707;-36.5;-73;55.69552;219.0648;-0.2;0.2;
49.63208;54.73209;55.37716;55.36928;57.11557;63.7269;63.7269;29.92;14.886;0;0;0;0;0;11.14947;-4.61421;229.5065;0.96652;-1.19142;-36.84541;-73.42361;812.38922;809.6864;0;803.29132;-36.5;-73;38.67394;200.37712;-0.2;0.2;
48.46527;53.44371;54.07531;54.06134;55.77284;62.22876;62.22876;29.92;14.886;0;0;0;0;0;9.71828;-5.15062;231.24306;1.30277;-1.36697;-36.84557;-73.42386;814.54822;811.84296;0;803.72559;-36.5;-73;37.88577;181.54807;-0.2;0.2;
47.38327;53.0276;53.65436;53.63712;54.52769;61.74434;61.74434;29.92;14.886;0;0;0;0;0;8.83839;-5.96193;233.52875;-1.45267;-1.67515;-36.84572;-73.4241;814.62531;811.91699;0;805.16339;-36.5;-73;38.09899;176.96202;-0.2;0.2;
46.88111;53.23384;53.85981;53.77923;53.94982;61.98076;61.98076;29.92;14.886;0;0;0;0;0;11.21574;-4.56799;236.35855;-3.13446;-1.70458;-36.84586;-73.42436;810.54773;807.83527;0;804.51233;-36.5;-73;38.02863;176.21796;-0.2;0.2;
46.73199;53.29519;53.91793;53.83688;53.77822;62.04765;62.04765;29.92;14.886;0;0;0;0;0;11.34082;-3.54148;239.99374;-3.14187;-1.46849;-36.84599;-73.42462;805.56769;802.8501;0;800.99365;-36.5;-73;38.53869;176.59659;-0.2;0.2;
46.85055;53.4887;54.10954;54.00798;53.91465;62.26815;62.26815;29.92;14.886;0;0;0;0;0;10.86262;-3.82878;243.98143;-3.51104;-1.31154;-36.84611;-73.4249;800.34222;797.61841;0;796.31586;-36.5;-73;39.1085;177.07314;-0.2;0.2;
47.19621;53.90741;54.52826;54.39466;54.31243;62.75;62.75;29.92;14.886;0;0;0;0;0;10.34203;-3.34718;247.79462;-4.01156;-1.22823;-36.84621;-73.42519;794.29932;791.56793;0;790.98572;-36.5;-73;39.22809;177.2975;-0.2;0.2;
47.94383;54.64907;55.27267;55.08849;55.17278;63.60666;63.60666;29.92;14.886;0;0;0;0;0;10.13847;-2.05014;250.89342;-4.6787;-0.95865;-36.8463;-73.42548;787.16895;784.42889;0;784.86688;-36.5;-73;39.32718;175.85561;-0.2;0.2;
48.95417;55.51701;56.14399;55.92952;56.33545;64.60936;64.60935;29.92;14.886;0;0;0;0;0;9.33357;-1.80592;253.62367;-5.00968;-0.73981;-36.84638;-73.42579;779.26941;776.51965;0;777.77679;-36.5;-73;39.43282;173.72952;-0.2;0.2;
50.09797;56.32825;56.95742;56.78139;57.65171;65.54543;65.54543;29.92;14.886;0;0;0;0;0;10.51015;-1.8473;255.64478;-4.50581;-0.622;-36.84645;-73.4261;770.93774;768.17743;0;769.90662;-36.5;-73;39.53014;173.58858;-0.2;0.2;
50.9812;56.77482;57.40339;57.28603;58.66812;66.05864;66.05864;29.92;14.886;0;0;0;0;0;9.10015;-1.72071;256.92236;-3.66442;-0.52883;-36.84651;-73.42642;764.29822;761.52643;0;762.10138;-36.5;-73;39.55149;172.61818;-0.2;0.2;
51.74318;57.14265;57.77019;57.67393;59.54499;66.48075;66.48075;29.92;14.886;0;0;0;0;0;9.2296;-2.60546;257.87448;-3.30809;-0.60978;-36.84657;-73.42675;758.3031;755.51929;0;755.32104;-36.5;-73;35.77955;159.88972;-0.2;0.2;
52.17196;57.2536;57.87798;57.81148;60.03842;66.60479;66.60479;29.92;14.886;0;0;0;0;0;9.12927;-2.40203;258.43143;-2.74683;-0.70821;-36.84662;-73.42708;753.13519;750.33868;0;749.32233;-36.5;-73;35.74473;158.93619;-0.2;0.2;
52.3787;57.23465;57.85511;57.80564;60.27633;66.57847;66.57848;29.92;14.886;0;0;0;0;0;8.97768;-1.67044;258.68503;-2.3695;-0.66292;-36.84668;-73.42741;748.77216;745.9624;0;744.1524;-36.5;-73;35.1521;155.84277;-0.2;0.2;
52.41867;57.13735;57.7535;57.71346;60.32233;66.46154;66.46154;29.92;14.886;0;0;0;0;0;8.96301;-1.29186;258.62878;-2.13366;-0.54728;-36.84673;-73.42773;744.93689;742.11346;0;739.74976;-36.5;-73;35.63124;156.37511;-0.2;0.2;
52.32252;56.98611;57.59768;57.56329;60.21168;66.28223;66.28223;29.92;14.886;0;0;0;0;0;9.05387;-1.28526;258.11237;-1.97992;-0.46753;-36.84678;-73.42806;741.43555;738.59814;0;735.86334;-36.5;-73;35.1265;156.2149;-0.2;0.2;
52.14931;56.87787;57.48548;57.44466;60.01236;66.15311;66.15311;29.92;14.886;0;0;0;0;0;8.19964;-1.43715;257.10297;-2.15923;-0.44546;-36.84684;-73.42839;738.13458;735.28278;0;732.34601;-36.5;-73;47.01807;172.93445;-0.2;0.2;
52.28144;57.24312;57.85071;57.75608;60.16441;66.57341;66.5734;29.92;14.886;0;0;0;0;0;7.92266;-1.64524;255.67719;-3.27754;-0.48299;-36.8469;-73.42871;733.50641;730.64001;0;728.73462;-36.5;-73;28.64264;143.37477;-0.2;0.2;
52.73902;57.81384;58.42172;58.22895;60.69098;67.23052;67.23052;29.92;14.886;0;0;0;0;0;7.48641;-2.17435;254.14319;-4.65584;-0.58866;-36.84697;-73.42903;726.78278;723.90137;0;723.89996;-36.5;-73;28.7322;128.35466;-0.2;0.2;
53.55673;58.80499;59.41521;59.09097;61.63198;68.3738;68.3738;29.92;14.886;0;0;0;0;0;7.50163;-2.90032;252.9007;-5.98848;-0.79799;-36.84705;-73.42936;717.4967;714.59991;0;717.02881;-36.5;-73;28.21654;123.36378;-0.2;0.2;
54.74987;59.90397;60.51566;60.11578;63.00503;69.64017;69.64017;29.92;14.886;0;0;0;0;0;7.32886;-2.73013;251.93835;-6.59036;-0.951;-36.84713;-73.42969;706.29932;703.38641;0;707.76715;-36.5;-73;20.11433;95.50141;-0.2;0.2;
56.16226;61.02522;61.63725;61.17524;64.63037;70.93088;70.93089;29.92;14.886;0;0;0;0;0;7.06742;-2.18449;251.53323;-7.01961;-0.96939;-36.84722;-73.43002;694.01465;691.08496;0;696.7796;-36.5;-73;20.33253;86.32658;-0.2;0.2;
57.66721;62.18431;62.79603;62.31324;66.36224;72.26438;72.26438;29.92;14.886;0;0;0;0;0;6.87409;-1.62036;251.53571;-7.10934;-0.86231;-36.84731;-73.43036;681.05188;678.10455;0;684.63629;-36.5;-73;20.74645;82.18172;-0.2;0.2;
59.29574;63.63475;64.24797;63.57542;68.23632;73.93525;73.93526;29.92;14.886;0;0;0;0;0;3.09468;-1.52632;251.78842;-8.29766;-0.77731;-36.8474;-73.4307;667.48419;664.51837;0;671.76605;-36.5;-73;24.61584;89.73094;-0.2;0.2;
62.02512;67.20879;67.83429;65.57716;71.37723;78.06231;78.06232;29.92;14.886;0;0;0;0;0;1.43605;-1.43087;251.88257;-14.82187;-0.84737;-36.8475;-73.43106;645.25281;642.26715;0;656.72913;-36.5;-73;27.43166;91.25936;-0.2;0.2;
66.8018;72.52502;73.1619;69.02086;76.87415;84.19321;84.19321;29.92;14.886;0;0;0;0;0;2.15169;-1.17312;251.98216;-19.36957;-0.83406;-36.84759;-73.43143;609.9093;606.9021;0;633.08832;-36.5;-73;29.10298;90.72897;-0.2;0.2;
72.32645;77.1985;77.82974;74.90331;83.23179;89.56487;89.56487;29.92;14.886;0;0;0;0;0;7.26013;-0.9442;252.32336;-15.76178;-0.68672;-36.84769;-73.43182;569.20599;566.1748;0;598.67712;-36.5;-73;30.23545;94.66279;-0.2;0.2;
76.00407;78.64784;79.26054;78.67957;87.46392;91.2114;91.2114;29.92;14.886;0;0;0;0;0;6.94482;-0.9987;252.93942;-6.94148;-0.55962;-36.8478;-73.43224;543.14374;540.08636;0;562.34351;-36.5;-73;31.02378;100.32008;-0.2;0.2;
77.68105;78.53128;79.13219;79.04182;89.39375;91.0637;91.06369;29.92;14.886;0;0;0;0;0;3.70021;-1.09039;253.44312;-2.73824;-0.5387;-36.8479;-73.43269;533.8031;530.71875;0;538.17023;-36.5;-73;31.09711;101.8326;-0.2;0.2;
78.02788;77.77589;78.36771;78.36735;89.79288;90.18396;90.18396;29.92;14.886;0;0;0;0;0;2.53224;-1.02705;253.9483;0.17553;-0.52455;-36.84801;-73.43312;530.94147;527.82941;0;526.67682;-36.5;-73;33.72372;109.09243;-0.2;0.2;
77.80924;78.06683;78.65645;78.45793;89.54128;90.51623;90.51624;29.92;14.886;0;0;0;0;0;0.33298;-1.17382;254.19577;-4.07163;-0.65659;-36.84811;-73.43356;527.11255;524.00336;0;522.36615;-36.5;-73;33.82264;111.56758;-0.2;0.2;
78.37536;79.97585;80.56202;79.62586;90.19276;92.70911;92.70911;29.92;14.886;0;0;0;0;0;0.22823;-1.15511;254.39749;-8.74313;-0.78232;-36.84821;-73.434;512.00439;508.92487;0;515.75897;-36.5;-73;33.94387;107.26149;-0.2;0.2;
80.28466;83.27486;83.8529;81.7177;92.38994;96.49619;96.49619;29.92;14.886;0;0;0;0;0;-0.02908;-0.98653;254.60822;-12.95754;-0.82621;-36.8483;-73.43444;485.74783;482.69733;0;500.13281;-36.5;-73;34.14167;100.93714;-0.2;0.2;
83.5446;87.75214;88.31284;84.62328;96.14141;101.6286;101.6286;29.92;14.886;0;0;0;0;0;-0.3133;-0.8056;254.8354;-16.62022;-0.81804;-36.84841;-73.43491;448.37732;445.35556;0;473.70898;-36.5;-73;34.37684;93.54885;-0.2;0.2;
87.92879;93.12801;93.65737;88.26154;101.18665;107.77898;107.77896;29.92;14.886;0;0;0;0;0;-0.58207;-0.62718;255.0862;-19.54351;-0.77356;-36.84851;-73.43539;400.50415;397.51089;0;436.46747;-36.5;-73;34.57721;85.89146;-0.2;0.2;
93.24216;99.11388;99.59324;92.61917;107.30116;114.60986;114.60986;29.92;14.886;0;0;0;0;0;-0.10956;-0.42959;255.37613;-21.56917;-0.69327;-36.84862;-73.4359;342.85382;339.88882;0;388.75595;-36.5;-73;34.72541;78.12395;-0.2;0.2;
98.93909;104.18329;104.59601;99.66567;113.85708;120.36694;120.36694;29.92;14.886;0;0;0;0;0;1.8531;-0.22688;255.93961;-17.66197;-0.51978;-36.84873;-73.43643;283.54456;280.60867;0;332.30582;-36.5;-73;34.62012;75.60201;-0.2;0.2;
103.5957;106.88757;107.24135;105.37853;119.2158;123.41114;123.41114;29.92;14.886;0;0;0;0;0;2.32536;-0.20955;256.62372;-10.69478;-0.38397;-36.84884;-73.43701;239.36362;236.4581;0;276.99152;-36.5;-73;34.46416;77.81322;-0.2;0.2;
106.14565;106.9205;107.24078;107.11213;122.15023;123.41048;123.41048;29.92;14.886;0;0;0;0;0;2.4446;-0.20077;257.34784;-2.80669;-0.3037;-36.84895;-73.43761;218.04211;215.1676;0;235.26358;-36.5;-73;34.33212;83.34058;-0.2;0.2;
106.30579;105.06674;105.38267;105.28848;122.33453;121.27221;121.27221;29.92;14.886;0;0;0;0;0;1.34995;0.00142;257.87723;2.42254;-0.23435;-36.84906;-73.43821;218.83827;215.99397;0;214.66632;-36.5;-73;34.42549;88.48878;-0.2;0.2;
104.66003;101.9886;102.31693;101.69435;120.44062;117.74422;117.74422;29.92;14.886;0;0;0;0;0;-0.1368;-0.05039;257.76385;6.3238;-0.09019;-36.84916;-73.4388;233.26707;230.45152;0;213.58253;-36.5;-73;37.79584;96.19087;-0.2;0.2;
101.90379;98.57984;98.92488;98.10474;117.26878;113.84073;113.84074;29.92;14.886;0;0;0;0;0;1.38189;-0.53958;257.5282;7.38296;-0.2637;-36.84925;-73.43936;252.3418;249.55254;0;225.82445;-36.5;-73;26.60006;66.94833;-0.2;0.2;
98.43633;94.68394;95.05007;93.56843;113.2785;109.38168;109.38167;29.92;14.886;0;0;0;0;0;1.49546;   ;;;;;;;;;;;;;;;;
;;;;;;;;;;;;;;;;;;;;;;;;;;;;;;;
;;;;;;;;;;;;;;;;;;;;;;;;;;;;;;;
;;;;;;;;;;;;;;;;;;;;;;;;;;;;;;;
;;;;;;;;;;;;;;;;;;;;;;;;;;;;;;;
;;;;;;;;;;;;;;;;;;;;;;;;;;;;;;;
;;;;;;;;;;;;;;;;;;;;;;;;;;;;;;;
;;;;;;;;;;;;;;;;;;;;;;;;;;;;;;;
;;;;;;;;;;;;;;;;;;;;;;;;;;;;;;;
;;;;;;;;;;;;;;;;;;;;;;;;;;;;;;;
;;;;;;;;;;;;;;;;;;;;;;;;;;;;;;;
;;;;;;;;;;;;;;;;;;;;;;;;;;;;;;;
;;;;;;;;;;;;;;;;;;;;;;;;;;;;;;;
;;;;;;;;;;;;;;;;;;;;;;;;;;;;;;;
;;;;;;;;;;;;;;;;;;;;;;;;;;;;;;;
;;;;;;;;;;;;;;;;;;;;;;;;;;;;;;;
;;;;;;;;;;;;;;;;;;;;;;;;;;;;;;;
;;;;;;;;;;;;;;;;;;;;;;;;;;;;;;;
;;;;;;;;;;;;;;;;;;;;;;;;;;;;;;;
;;;;;;;;;;;;;;;;;;;;;;;;;;;;;;;
;;;;;;;;;;;;;;;;;;;;;;;;;;;;;;;
;;;;;;;;;;;;;;;;;;;;;;;;;;;;;;;
;;;;;;;;;;;;;;;;;;;;;;;;;;;;;;;
;;;;;;;;;;;;;;;;;;;;;;;;;;;;;;;
;;;;;;;;;;;;;;;;;;;;;;;;;;;;;;;
;;;;;;;;;;;;;;;;;;;;;;;;;;;;;;;
;;;;;;;;;;;;;;;;;;;;;;;;;;;;;;;
;;;;;;;;;;;;;;;;;;;;;;;;;;;;;;;
;;;;;;;;;;;;;;;;;;;;;;;;;;;;;;;
;;;;;;;;;;;;;;;;;;;;;;;;;;;;;;;
;;;;;;;;;;;;;;;;;;;;;;;;;;;;;;;
;;;;;;;;;;;;;;;;;;;;;;;;;;;;;;;
;;;;;;;;;;;;;;;;;;;;;;;;;;;;;;;
;;;;;;;;;;;;;;;;;;;;;;;;;;;;;;;
;;;;;;;;;;;;;;;;;;;;;;;;;;;;;;;
;;;;;;;;;;;;;;;;;;;;;;;;;;;;;;;
;;;;;;;;;;;;;;;;;;;;;;;;;;;;;;;
;;;;;;;;;;;;;;;;;;;;;;;;;;;;;;;
;;;;;;;;;;;;;;;;;;;;;;;;;;;;;;;
;;;;;;;;;;;;;;;;;;;;;;;;;;;;;;;
;;;;;;;;;;;;;;;;;;;;;;;;;;;;;;;
;;;;;;;;;;;;;;;;;;;;;;;;;;;;;;;
;;;;;;;;;;;;;;;;;;;;;;;;;;;;;;;
;;;;;;;;;;;;;;;;;;;;;;;;;;;;;;;
;;;;;;;;;;;;;;;;;;;;;;;;;;;;;;;
;;;;;;;;;;;;;;;;;;;;;;;;;;;;;;;
;;;;;;;;;;;;;;;;;;;;;;;;;;;;;;;
;;;;;;;;;;;;;;;;;;;;;;;;;;;;;;;
;;;;;;;;;;;;;;;;;;;;;;;;;;;;;;;
;;;;;;;;;;;;;;;;;;;;;;;;;;;;;;;
;;;;;;;;;;;;;;;;;;;;;;;;;;;;;;;
;;;;;;;;;;;;;;;;;;;;;;;;;;;;;;;
;;;;;;;;;;;;;;;;;;;;;;;;;;;;;;;
;;;;;;;;;;;;;;;;;;;;;;;;;;;;;;;
;;;;;;;;;;;;;;;;;;;;;;;;;;;;;;;
;;;;;;;;;;;;;;;;;;;;;;;;;;;;;;;
;;;;;;;;;;;;;;;;;;;;;;;;;;;;;;;
;;;;;;;;;;;;;;;;;;;;;;;;;;;;;;;
;;;;;;;;;;;;;;;;;;;;;;;;;;;;;;;
;;;;;;;;;;;;;;;;;;;;;;;;;;;;;;; 
;;;;;;;;;;;;;;;;;;;;;;;;;;;;;;;
;;;;;;;;;;;;;;;;;;;;;;;;;;;;;;; 
;;;;;;;;;;;;;;;;;;;;;;;;;;;;;;; 
;;;;;;;;;;;;;;;;;;;;;;;;;;;;;;; 
;;;;;;;;;;;;;;;;;;;;;;;;;;;;;;; 
;;;;;;;;;;;;;;;;;;;;;;;;;;;;;;; 
;;;;;;;;;;;;;;;;;;;;;;;;;;;;;;; 
;;;;;;;;;;;;;;;;;;;;;;;;;;;;;;; 
;;;;;;;;;;;;;;;;;;;;;;;;;;;;;;; 
;;;;;;;;;;;;;;;;;;;;;;;;;;;;;;; 
;;;;;;;;;;;;;;;;;;;;;;;;;;;;;;; 
;;;;;;;;;;;;;;;;;;;;;;;;;;;;;;; 
;;;;;;;;;;;;;;;;;;;;;;;;;;;;;;; 
;;;;;;;;;;;;;;;;;;;;;;;;;;;;;;; 
;;;;;;;;;;;;;;;;;;;;;;;;;;;;;;; 
;;;;;;;;;;;;;;;;;;;;;;;;;;;;;;; 
;;;;;;;;;;;;;;;;;;;;;;;;;;;;;;; 
;;;;;;;;;;;;;;;;;;;;;;;;;;;;;;; 
;;;;;;;;;;;;;;;;;;;;;;;;;;;;;;; 
;;;;;;;;;;;;;;;;;;;;;;;;;;;;;;; 
;;;;;;;;;;;;;;;;;;;;;;;;;;;;;;; 
;;;;;;;;;;;;;;;;;;;;;;;;;;;;;;; 
;;;;;;;;;;;;;;;;;;;;;;;;;;;;;;; 
;;;;;;;;;;;;;;;;;;;;;;;;;;;;;;; 
;;;;;;;;;;;;;;;;;;;;;;;;;;;;;;; 
;;;;;;;;;;;;;;;;;;;;;;;;;;;;;;; 
;;;;;;;;;;;;;;;;;;;;;;;;;;;;;;; 
;;;;;;;;;;;;;;;;;;;;;;;;;;;;;;; 
;;;;;;;;;;;;;;;;;;;;;;;;;;;;;;; 
;;;;;;;;;;;;;;;;;;;;;;;;;;;;;;; 
;;;;;;;;;;;;;;;;;;;;;;;;;;;;;;; 
;;;;;;;;;;;;;;;;;;;;;;;;;;;;;;; 
;;;;;;;;;;;;;;;;;;;;;;;;;;;;;;; 
;;;;;;;;;;;;;;;;;;;;;;;;;;;;;;; 
;;;;;;;;;;;;;;;;;;;;;;;;;;;;;;; 
;;;;;;;;;;;;;;;;;;;;;;;;;;;;;;; 
;;;;;;;;;;;;;;;;;;;;;;;;;;;;;;; 
;;;;;;;;;;;;;;;;;;;;;;;;;;;;;;; 
;;;;;;;;;;;;;;;;;;;;;;;;;;;;;;; 
;;;;;;;;;;;;;;;;;;;;;;;;;;;;;;; 
;;;;;;;;;;;;;;;;;;;;;;;;;;;;;;; 
;;;;;;;;;;;;;;;;;;;;;;;;;;;;;;; 
;;;;;;;;;;;;;;;;;;;;;;;;;;;;;;; 
;;;;;;;;;;;;;;;;;;;;;;;;;;;;;;; 
;;;;;;;;;;;;;;;;;;;;;;;;;;;;;;; 
;;;;;;;;;;;;;;;;;;;;;;;;;;;;;;; 
;;;;;;;;;;;;;;;;;;;;;;;;;;;;;;; 
;;;;;;;;;;;;;;;;;;;;;;;;;;;;;;; 
;;;;;;;;;;;;;;;;;;;;;;;;;;;;;;; 
;;;;;;;;;;;;;;;;;;;;;;;;;;;;;;; 
;;;;;;;;;;;;;;;;;;;;;;;;;;;;;;; 
;;;;;;;;;;;;;;;;;;;;;;;;;;;;;;; 
;;;;;;;;;;;;;;;;;;;;;;;;;;;;;;; 
;;;;;;;;;;;;;;;;;;;;;;;;;;;;;;; 
;;;;;;;;;;;;;;;;;;;;;;;;;;;;;;; 
;;;;;;;;;;;;;;;;;;;;;;;;;;;;;;; 
;;;;;;;;;;;;;;;;;;;;;;;;;;;;;;; 
;;;;;;;;;;;;;;;;;;;;;;;;;;;;;;; 
;;;;;;;;;;;;;;;;;;;;;;;;;;;;;;; 
;;;;;;;;;;;;;;;;;;;;;;;;;;;;;;; 
;;;;;;;;;;;;;;;;;;;;;;;;;;;;;;; 
;;;;;;;;;;;;;;;;;;;;;;;;;;;;;;; 
;;;;;;;;;;;;;;;;;;;;;;;;;;;;;;; 
;;;;;;;;;;;;;;;;;;;;;;;;;;;;;;; 
;;;;;;;;;;;;;;;;;;;;;;;;;;;;;;; 
;;;;;;;;;;;;;;;;;;;;;;;;;;;;;;; 
;;;;;;;;;;;;;;;;;;;;;;;;;;;;;;; 
;;;;;;;;;;;;;;;;;;;;;;;;;;;;;;; 
;;;;;;;;;;;;;;;;;;;;;;;;;;;;;;; 
;;;;;;;;;;;;;;;;;;;;;;;;;;;;;;; 
;;;;;;;;;;;;;;;;;;;;;;;;;;;;;;; 
;;;;;;;;;;;;;;;;;;;;;;;;;;;;;;; 
;;;;;;;;;;;;;;;;;;;;;;;;;;;;;;; 
;;;;;;;;;;;;;;;;;;;;;;;;;;;;;;; 
;;;;;;;;;;;;;;;;;;;;;;;;;;;;;;; 
;;;;;;;;;;;;;;;;;;;;;;;;;;;;;;; 
;;;;;;;;;;;;;;;;;;;;;;;;;;;;;;; 
;;;;;;;;;;;;;;;;;;;;;;;;;;;;;;; 
;;;;;;;;;;;;;;;;;;;;;;;;;;;;;;; 
;;;;;;;;;;;;;;;;;;;;;;;;;;;;;;; 
;;;;;;;;;;;;;;;;;;;;;;;;;;;;;;; 
;;;;;;;;;;;;;;;;;;;;;;;;;;;;;;; 
;;;;;;;;;;;;;;;;;;;;;;;;;;;;;;; 
;;;;;;;;;;;;;;;;;;;;;;;;;;;;;;; 
;;;;;;;;;;;;;;;;;;;;;;;;;;;;;;; 
;;;;;;;;;;;;;;;;;;;;;;;;;;;;;;; 
;;;;;;;;;;;;;;;;;;;;;;;;;;;;;;; 
;;;;;;;;;;;;;;;;;;;;;;;;;;;;;;; 
;;;;;;;;;;;;;;;;;;;;;;;;;;;;;;; 
;;;;;;;;;;;;;;;;;;;;;;;;;;;;;;; 
;;;;;;;;;;;;;;;;;;;;;;;;;;;;;;; 
;;;;;;;;;;;;;;;;;;;;;;;;;;;;;;; 
;;;;;;;;;;;;;;;;;;;;;;;;;;;;;;; 
;;;;;;;;;;;;;;;;;;;;;;;;;;;;;;; 
;;;;;;;;;;;;;;;;;;;;;;;;;;;;;;; 
;;;;;;;;;;;;;;;;;;;;;;;;;;;;;;; 
;;;;;;;;;;;;;;;;;;;;;;;;;;;;;;; 
;;;;;;;;;;;;;;;;;;;;;;;;;;;;;;; 
;;;;;;;;;;;;;;;;;;;;;;;;;;;;;;; 
;;;;;;;;;;;;;;;;;;;;;;;;;;;;;;; 
;;;;;;;;;;;;;;;;;;;;;;;;;;;;;;; 
;;;;;;;;;;;;;;;;;;;;;;;;;;;;;;; 
;;;;;;;;;;;;;;;;;;;;;;;;;;;;;;; 
;;;;;;;;;;;;;;;;;;;;;;;;;;;;;;; 
;;;;;;;;;;;;;;;;;;;;;;;;;;;;;;; 
;;;;;;;;;;;;;;;;;;;;;;;;;;;;;;; 
;;;;;;;;;;;;;;;;;;;;;;;;;;;;;;; 
;;;;;;;;;;;;;;;;;;;;;;;;;;;;;;; 
;;;;;;;;;;;;;;;;;;;;;;;;;;;;;;; 
;;;;;;;;;;;;;;;;;;;;;;;;;;;;;;; 
;;;;;;;;;;;;;;;;;;;;;;;;;;;;;;; 
;;;;;;;;;;;;;;;;;;;;;;;;;;;;;;; 
;;;;;;;;;;;;;;;;;;;;;;;;;;;;;;; 
;;;;;;;;;;;;;;;;;;;;;;;;;;;;;;; 
;;;;;;;;;;;;;;;;;;;;;;;;;;;;;;; 
;;;;;;;;;;;;;;;;;;;;;;;;;;;;;;; 
;;;;;;;;;;;;;;;;;;;;;;;;;;;;;;; 
;;;;;;;;;;;;;;;;;;;;;;;;;;;;;;; 
;;;;;;;;;;;;;;;;;;;;;;;;;;;;;;; 
;;;;;;;;;;;;;;;;;;;;;;;;;;;;;;; 
;;;;;;;;;;;;;;;;;;;;;;;;;;;;;;; 
;;;;;;;;;;;;;;;;;;;;;;;;;;;;;;; 
;;;;;;;;;;;;;;;;;;;;;;;;;;;;;;; 
;;;;;;;;;;;;;;;;;;;;;;;;;;;;;;; 
;;;;;;;;;;;;;;;;;;;;;;;;;;;;;;; 
;;;;;;;;;;;;;;;;;;;;;;;;;;;;;;; 
;;;;;;;;;;;;;;;;;;;;;;;;;;;;;;; 
;;;;;;;;;;;;;;;;;;;;;;;;;;;;;;; 
;;;;;;;;;;;;;;;;;;;;;;;;;;;;;;; 
;;;;;;;;;;;;;;;;;;;;;;;;;;;;;;; 
;;;;;;;;;;;;;;;;;;;;;;;;;;;;;;; 
;;;;;;;;;;;;;;;;;;;;;;;;;;;;;;; 
;;;;;;;;;;;;;;;;;;;;;;;;;;;;;;; 
;;;;;;;;;;;;;;;;;;;;;;;;;;;;;;; 
;;;;;;;;;;;;;;;;;;;;;;;;;;;;;;; 
;;;;;;;;;;;;;;;;;;;;;;;;;;;;;;; 
;;;;;;;;;;;;;;;;;;;;;;;;;;;;;;; 
;;;;;;;;;;;;;;;;;;;;;;;;;;;;;;; 
;;;;;;;;;;;;;;;;;;;;;;;;;;;;;;; 
;;;;;;;;;;;;;;;;;;;;;;;;;;;;;;; 
;;;;;;;;;;;;;;;;;;;;;;;;;;;;;;; 
;;;;;;;;;;;;;;;;;;;;;;;;;;;;;;; 
;;;;;;;;;;;;;;;;;;;;;;;;;;;;;;; 
;;;;;;;;;;;;;;;;;;;;;;;;;;;;;;; 
;;;;;;;;;;;;;;;;;;;;;;;;;;;;;;; 
;;;;;;;;;;;;;;;;;;;;;;;;;;;;;;; 
;;;;;;;;;;;;;;;;;;;;;;;;;;;;;;; 
;;;;;;;;;;;;;;;;;;;;;;;;;;;;;;; 
;;;;;;;;;;;;;;;;;;;;;;;;;;;;;;; 
;;;;;;;;;;;;;;;;;;;;;;;;;;;;;;; 
;;;;;;;;;;;;;;;;;;;;;;;;;;;;;;; 
;;;;;;;;;;;;;;;;;;;;;;;;;;;;;;; 
;;;;;;;;;;;;;;;;;;;;;;;;;;;;;;; 
;;;;;;;;;;;;;;;;;;;;;;;;;;;;;;; 
;;;;;;;;;;;;;;;;;;;;;;;;;;;;;;; 
;;;;;;;;;;;;;;;;;;;;;;;;;;;;;;; 
;;;;;;;;;;;;;;;;;;;;;;;;;;;;;;; 
;;;;;;;;;;;;;;;;;;;;;;;;;;;;;;; 
;;;;;;;;;;;;;;;;;;;;;;;;;;;;;;; 
;;;;;;;;;;;;;;;;;;;;;;;;;;;;;;; 
;;;;;;;;;;;;;;;;;;;;;;;;;;;;;;; 
;;;;;;;;;;;;;;;;;;;;;;;;;;;;;;; 
;;;;;;;;;;;;;;;;;;;;;;;;;;;;;;; 
;;;;;;;;;;;;;;;;;;;;;;;;;;;;;;; 
;;;;;;;;;;;;;;;;;;;;;;;;;;;;;;; 
;;;;;;;;;;;;;;;;;;;;;;;;;;;;;;; 
;;;;;;;;;;;;;;;;;;;;;;;;;;;;;;; 
;;;;;;;;;;;;;;;;;;;;;;;;;;;;;;; 
;;;;;;;;;;;;;;;;;;;;;;;;;;;;;;; 
;;;;;;;;;;;;;;;;;;;;;;;;;;;;;;; 
;;;;;;;;;;;;;;;;;;;;;;;;;;;;;;; 
;;;;;;;;;;;;;;;;;;;;;;;;;;;;;;; 
;;;;;;;;;;;;;;;;;;;;;;;;;;;;;;; 
;;;;;;;;;;;;;;;;;;;;;;;;;;;;;;; 
;;;;;;;;;;;;;;;;;;;;;;;;;;;;;;; 
;;;;;;;;;;;;;;;;;;;;;;;;;;;;;;; 
;;;;;;;;;;;;;;;;;;;;;;;;;;;;;;; 
;;;;;;;;;;;;;;;;;;;;;;;;;;;;;;; 
;;;;;;;;;;;;;;;;;;;;;;;;;;;;;;; 
;;;;;;;;;;;;;;;;;;;;;;;;;;;;;;; 
;;;;;;;;;;;;;;;;;;;;;;;;;;;;;;; 
;;;;;;;;;;;;;;;;;;;;;;;;;;;;;;; 
;;;;;;;;;;;;;;;;;;;;;;;;;;;;;;; 
;;;;;;;;;;;;;;;;;;;;;;;;;;;;;;; 
;;;;;;;;;;;;;;;;;;;;;;;;;;;;;;; 
;;;;;;;;;;;;;;;;;;;;;;;;;;;;;;; 
;;;;;;;;;;;;;;;;;;;;;;;;;;;;;;; 
;;;;;;;;;;;;;;;;;;;;;;;;;;;;;;; 
;;;;;;;;;;;;;;;;;;;;;;;;;;;;;;; 
;;;;;;;;;;;;;;;;;;;;;;;;;;;;;;; 
;;;;;;;;;;;;;;;;;;;;;;;;;;;;;;; 
;;;;;;;;;;;;;;;;;;;;;;;;;;;;;;; 
;;;;;;;;;;;;;;;;;;;;;;;;;;;;;;; 
;;;;;;;;;;;;;;;;;;;;;;;;;;;;;;; 
;;;;;;;;;;;;;;;;;;;;;;;;;;;;;;; 
;;;;;;;;;;;;;;;;;;;;;;;;;;;;;;; 
;;;;;;;;;;;;;;;;;;;;;;;;;;;;;;; 
;;;;;;;;;;;;;;;;;;;;;;;;;;;;;;; 
;;;;;;;;;;;;;;;;;;;;;;;;;;;;;;; 
;;;;;;;;;;;;;;;;;;;;;;;;;;;;;;; 
;;;;;;;;;;;;;;;;;;;;;;;;;;;;;;; 
;;;;;;;;;;;;;;;;;;;;;;;;;;;;;;; 
;;;;;;;;;;;;;;;;;;;;;;;;;;;;;;; 
;;;;;;;;;;;;;;;;;;;;;;;;;;;;;;; 
;;;;;;;;;;;;;;;;;;;;;;;;;;;;;;; 
;;;;;;;;;;;;;;;;;;;;;;;;;;;;;;; 
;;;;;;;;;;;;;;;;;;;;;;;;;;;;;;; 
;;;;;;;;;;;;;;;;;;;;;;;;;;;;;;; 
;;;;;;;;;;;;;;;;;;;;;;;;;;;;;;; 
;;;;;;;;;;;;;;;;;;;;;;;;;;;;;;; 
;;;;;;;;;;;;;;;;;;;;;;;;;;;;;;; 
;;;;;;;;;;;;;;;;;;;;;;;;;;;;;;; 
;;;;;;;;;;;;;;;;;;;;;;;;;;;;;;; 
;;;;;;;;;;;;;;;;;;;;;;;;;;;;;;; 
;;;;;;;;;;;;;;;;;;;;;;;;;;;;;;; 
;;;;;;;;;;;;;;;;;;;;;;;;;;;;;;; 
;;;;;;;;;;;;;;;;;;;;;;;;;;;;;;; 
;;;;;;;;;;;;;;;;;;;;;;;;;;;;;;; 
;;;;;;;;;;;;;;;;;;;;;;;;;;;;;;; 
;;;;;;;;;;;;;;;;;;;;;;;;;;;;;;; 
;;;;;;;;;;;;;;;;;;;;;;;;;;;;;;; 
;;;;;;;;;;;;;;;;;;;;;;;;;;;;;;; 
;;;;;;;;;;;;;;;;;;;;;;;;;;;;;;; 
;;;;;;;;;;;;;;;;;;;;;;;;;;;;;;; 
;;;;;;;;;;;;;;;;;;;;;;;;;;;;;;; 
;;;;;;;;;;;;;;;;;;;;;;;;;;;;;;; 
;;;;;;;;;;;;;;;;;;;;;;;;;;;;;;; 
;;;;;;;;;;;;;;;;;;;;;;;;;;;;;;; 
;;;;;;;;;;;;;;;;;;;;;;;;;;;;;;; 
;;;;;;;;;;;;;;;;;;;;;;;;;;;;;;; 
;;;;;;;;;;;;;;;;;;;;;;;;;;;;;;; 
;;;;;;;;;;;;;;;;;;;;;;;;;;;;;;; 
;;;;;;;;;;;;;;;;;;;;;;;;;;;;;;; 
;;;;;;;;;;;;;;;;;;;;;;;;;;;;;;; 
;;;;;;;;;;;;;;;;;;;;;;;;;;;;;;; 
;;;;;;;;;;;;;;;;;;;;;;;;;;;;;;; 
;;;;;;;;;;;;;;;;;;;;;;;;;;;;;;; 
;;;;;;;;;;;;;;;;;;;;;;;;;;;;;;; 
;;;;;;;;;;;;;;;;;;;;;;;;;;;;;;; 
;;;;;;;;;;;;;;;;;;;;;;;;;;;;;;; 
;;;;;;;;;;;;;;;;;;;;;;;;;;;;;;; 
;;;;;;;;;;;;;;;;;;;;;;;;;;;;;;; 
;;;;;;;;;;;;;;;;;;;;;;;;;;;;;;; 
;;;;;;;;;;;;;;;;;;;;;;;;;;;;;;; 
;;;;;;;;;;;;;;;;;;;;;;;;;;;;;;; 
;;;;;;;;;;;;;;;;;;;;;;;;;;;;;;; 
;;;;;;;;;;;;;;;;;;;;;;;;;;;;;;; 
;;;;;;;;;;;;;;;;;;;;;;;;;;;;;;; 
;;;;;;;;;;;;;;;;;;;;;;;;;;;;;;; 
;;;;;;;;;;;;;;;;;;;;;;;;;;;;;;; 
;;;;;;;;;;;;;;;;;;;;;;;;;;;;;;; 
;;;;;;;;;;;;;;;;;;;;;;;;;;;;;;; 
;;;;;;;;;;;;;;;;;;;;;;;;;;;;;;; 
;;;;;;;;;;;;;;;;;;;;;;;;;;;;;;; 
;;;;;;;;;;;;;;;;;;;;;;;;;;;;;;; 
;;;;;;;;;;;;;;;;;;;;;;;;;;;;;;; 
;;;;;;;;;;;;;;;;;;;;;;;;;;;;;;; 
;;;;;;;;;;;;;;;;;;;;;;;;;;;;;;; 
;;;;;;;;;;;;;;;;;;;;;;;;;;;;;;; 
;;;;;;;;;;;;;;;;;;;;;;;;;;;;;;; 
;;;;;;;;;;;;;;;;;;;;;;;;;;;;;;; 
;;;;;;;;;;;;;;;;;;;;;;;;;;;;;;; 
;;;;;;;;;;;;;;;;;;;;;;;;;;;;;;; 
;;;;;;;;;;;;;;;;;;;;;;;;;;;;;;; 
;;;;;;;;;;;;;;;;;;;;;;;;;;;;;;; 
;;;;;;;;;;;;;;;;;;;;;;;;;;;;;;; 
;;;;;;;;;;;;;;;;;;;;;;;;;;;;;;; 
;;;;;;;;;;;;;;;;;;;;;;;;;;;;;;; 
;;;;;;;;;;;;;;;;;;;;;;;;;;;;;;; 
;;;;;;;;;;;;;;;;;;;;;;;;;;;;;;; 
;;;;;;;;;;;;;;;;;;;;;;;;;;;;;;; 
;;;;;;;;;;;;;;;;;;;;;;;;;;;;;;; 
;;;;;;;;;;;;;;;;;;;;;;;;;;;;;;; 
;;;;;;;;;;;;;;;;;;;;;;;;;;;;;;; 
;;;;;;;;;;;;;;;;;;;;;;;;;;;;;;; 
;;;;;;;;;;;;;;;;;;;;;;;;;;;;;;; 
;;;;;;;;;;;;;;;;;;;;;;;;;;;;;;; 
;;;;;;;;;;;;;;;;;;;;;;;;;;;;;;; 
;;;;;;;;;;;;;;;;;;;;;;;;;;;;;;; 
;;;;;;;;;;;;;;;;;;;;;;;;;;;;;;; 
;;;;;;;;;;;;;;;;;;;;;;;;;;;;;;; 
;;;;;;;;;;;;;;;;;;;;;;;;;;;;;;; 
;;;;;;;;;;;;;;;;;;;;;;;;;;;;;;; 
;;;;;;;;;;;;;;;;;;;;;;;;;;;;;;; 
;;;;;;;;;;;;;;;;;;;;;;;;;;;;;;; 
;;;;;;;;;;;;;;;;;;;;;;;;;;;;;;; 
;;;;;;;;;;;;;;;;;;;;;;;;;;;;;;; 
;;;;;;;;;;;;;;;;;;;;;;;;;;;;;;; 
;;;;;;;;;;;;;;;;;;;;;;;;;;;;;;; 
;;;;;;;;;;;;;;;;;;;;;;;;;;;;;;; 
;;;;;;;;;;;;;;;;;;;;;;;;;;;;;;; 
;;;;;;;;;;;;;;;;;;;;;;;;;;;;;;; 
;;;;;;;;;;;;;;;;;;;;;;;;;;;;;;; 
;;;;;;;;;;;;;;;;;;;;;;;;;;;;;;; 
;;;;;;;;;;;;;;;;;;;;;;;;;;;;;;; 
;;;;;;;;;;;;;;;;;;;;;;;;;;;;;;; 
;;;;;;;;;;;;;;;;;;;;;;;;;;;;;;; 
;;;;;;;;;;;;;;;;;;;;;;;;;;;;;;; 
;;;;;;;;;;;;;;;;;;;;;;;;;;;;;;; 
;;;;;;;;;;;;;;;;;;;;;;;;;;;;;;; 
;;;;;;;;;;;;;;;;;;;;;;;;;;;;;;; 
;;;;;;;;;;;;;;;;;;;;;;;;;;;;;;; 
;;;;;;;;;;;;;;;;;;;;;;;;;;;;;;; 
;;;;;;;;;;;;;;;;;;;;;;;;;;;;;;; 
;;;;;;;;;;;;;;;;;;;;;;;;;;;;;;; 
;;;;;;;;;;;;;;;;;;;;;;;;;;;;;;; 
;;;;;;;;;;;;;;;;;;;;;;;;;;;;;;; 
;;;;;;;;;;;;;;;;;;;;;;;;;;;;;;; 
;;;;;;;;;;;;;;;;;;;;;;;;;;;;;;; 
;;;;;;;;;;;;;;;;;;;;;;;;;;;;;;; 
;;;;;;;;;;;;;;;;;;;;;;;;;;;;;;; 
;;;;;;;;;;;;;;;;;;;;;;;;;;;;;;; 
;;;;;;;;;;;;;;;;;;;;;;;;;;;;;;; 
;;;;;;;;;;;;;;;;;;;;;;;;;;;;;;; 
;;;;;;;;;;;;;;;;;;;;;;;;;;;;;;; 
;;;;;;;;;;;;;;;;;;;;;;;;;;;;;;; 
;;;;;;;;;;;;;;;;;;;;;;;;;;;;;;; 
;;;;;;;;;;;;;;;;;;;;;;;;;;;;;;; 
;;;;;;;;;;;;;;;;;;;;;;;;;;;;;;; 
;;;;;;;;;;;;;;;;;;;;;;;;;;;;;;; 
;;;;;;;;;;;;;;;;;;;;;;;;;;;;;;; 
;;;;;;;;;;;;;;;;;;;;;;;;;;;;;;; 
;;;;;;;;;;;;;;;;;;;;;;;;;;;;;;; 
;;;;;;;;;;;;;;;;;;;;;;;;;;;;;;; 
;;;;;;;;;;;;;;;;;;;;;;;;;;;;;;; 
;;;;;;;;;;;;;;;;;;;;;;;;;;;;;;; 
;;;;;;;;;;;;;;;;;;;;;;;;;;;;;;; 
;;;;;;;;;;;;;;;;;;;;;;;;;;;;;;; 
;;;;;;;;;;;;;;;;;;;;;;;;;;;;;;; 
;;;;;;;;;;;;;;;;;;;;;;;;;;;;;;; 
;;;;;;;;;;;;;;;;;;;;;;;;;;;;;;; 
;;;;;;;;;;;;;;;;;;;;;;;;;;;;;;; 
;;;;;;;;;;;;;;;;;;;;;;;;;;;;;;; 
;;;;;;;;;;;;;;;;;;;;;;;;;;;;;;; 
;;;;;;;;;;;;;;;;;;;;;;;;;;;;;;; 
;;;;;;;;;;;;;;;;;;;;;;;;;;;;;;; 
;;;;;;;;;;;;;;;;;;;;;;;;;;;;;;; 
;;;;;;;;;;;;;;;;;;;;;;;;;;;;;;; 
;;;;;;;;;;;;;;;;;;;;;;;;;;;;;;; 
;;;;;;;;;;;;;;;;;;;;;;;;;;;;;;; 
;;;;;;;;;;;;;;;;;;;;;;;;;;;;;;; 
;;;;;;;;;;;;;;;;;;;;;;;;;;;;;;; 
;;;;;;;;;;;;;;;;;;;;;;;;;;;;;;; 
;;;;;;;;;;;;;;;;;;;;;;;;;;;;;;; 
;;;;;;;;;;;;;;;;;;;;;;;;;;;;;;; 
;;;;;;;;;;;;;;;;;;;;;;;;;;;;;;; 
;;;;;;;;;;;;;;;;;;;;;;;;;;;;;;; 
;;;;;;;;;;;;;;;;;;;;;;;;;;;;;;; 
;;;;;;;;;;;;;;;;;;;;;;;;;;;;;;; 
;;;;;;;;;;;;;;;;;;;;;;;;;;;;;;; 
;;;;;;;;;;;;;;;;;;;;;;;;;;;;;;; 
;;;;;;;;;;;;;;;;;;;;;;;;;;;;;;; 
;;;;;;;;;;;;;;;;;;;;;;;;;;;;;;; 
;;;;;;;;;;;;;;;;;;;;;;;;;;;;;;; 
;;;;;;;;;;;;;;;;;;;;;;;;;;;;;;; 
;;;;;;;;;;;;;;;;;;;;;;;;;;;;;;; 
;;;;;;;;;;;;;;;;;;;;;;;;;;;;;;; 
;;;;;;;;;;;;;;;;;;;;;;;;;;;;;;; 
;;;;;;;;;;;;;;;;;;;;;;;;;;;;;;; 
;;;;;;;;;;;;;;;;;;;;;;;;;;;;;;; 
;;;;;;;;;;;;;;;;;;;;;;;;;;;;;;; 
;;;;;;;;;;;;;;;;;;;;;;;;;;;;;;; 
;;;;;;;;;;;;;;;;;;;;;;;;;;;;;;; 
;;;;;;;;;;;;;;;;;;;;;;;;;;;;;;; 
;;;;;;;;;;;;;;;;;;;;;;;;;;;;;;; 
;;;;;;;;;;;;;;;;;;;;;;;;;;;;;;; 
;;;;;;;;;;;;;;;;;;;;;;;;;;;;;;; 
;;;;;;;;;;;;;;;;;;;;;;;;;;;;;;; 
;;;;;;;;;;;;;;;;;;;;;;;;;;;;;;; 
;;;;;;;;;;;;;;;;;;;;;;;;;;;;;;; 
;;;;;;;;;;;;;;;;;;;;;;;;;;;;;;; 
;;;;;;;;;;;;;;;;;;;;;;;;;;;;;;; 
;;;;;;;;;;;;;;;;;;;;;;;;;;;;;;; 
;;;;;;;;;;;;;;;;;;;;;;;;;;;;;;; 
;;;;;;;;;;;;;;;;;;;;;;;;;;;;;;; 
;;;;;;;;;;;;;;;;;;;;;;;;;;;;;;; 
;;;;;;;;;;;;;;;;;;;;;;;;;;;;;;; 
;;;;;;;;;;;;;;;;;;;;;;;;;;;;;;; 
;;;;;;;;;;;;;;;;;;;;;;;;;;;;;;; 
;;;;;;;;;;;;;;;;;;;;;;;;;;;;;;; 
;;;;;;;;;;;;;;;;;;;;;;;;;;;;;;; 
;;;;;;;;;;;;;;;;;;;;;;;;;;;;;;; 
;;;;;;;;;;;;;;;;;;;;;;;;;;;;;;; 
;;;;;;;;;;;;;;;;;;;;;;;;;;;;;;; 
;;;;;;;;;;;;;;;;;;;;;;;;;;;;;;; 
;;;;;;;;;;;;;;;;;;;;;;;;;;;;;;; 
;;;;;;;;;;;;;;;;;;;;;;;;;;;;;;; 
;;;;;;;;;;;;;;;;;;;;;;;;;;;;;;; 
;;;;;;;;;;;;;;;;;;;;;;;;;;;;;;; 
;;;;;;;;;;;;;;;;;;;;;;;;;;;;;;; 
;;;;;;;;;;;;;;;;;;;;;;;;;;;;;;; 
;;;;;;;;;;;;;;;;;;;;;;;;;;;;;;; 
;;;;;;;;;;;;;;;;;;;;;;;;;;;;;;; 
;;;;;;;;;;;;;;;;;;;;;;;;;;;;;;; 
;;;;;;;;;;;;;;;;;;;;;;;;;;;;;;; 
;;;;;;;;;;;;;;;;;;;;;;;;;;;;;;; 
;;;;;;;;;;;;;;;;;;;;;;;;;;;;;;; 
;;;;;;;;;;;;;;;;;;;;;;;;;;;;;;; 
;;;;;;;;;;;;;;;;;;;;;;;;;;;;;;; 
;;;;;;;;;;;;;;;;;;;;;;;;;;;;;;; 
;;;;;;;;;;;;;;;;;;;;;;;;;;;;;;; 
;;;;;;;;;;;;;;;;;;;;;;;;;;;;;;; 
;;;;;;;;;;;;;;;;;;;;;;;;;;;;;;; 
;;;;;;;;;;;;;;;;;;;;;;;;;;;;;;; 
;;;;;;;;;;;;;;;;;;;;;;;;;;;;;;; 
;;;;;;;;;;;;;;;;;;;;;;;;;;;;;;; 
;;;;;;;;;;;;;;;;;;;;;;;;;;;;;;; 
;;;;;;;;;;;;;;;;;;;;;;;;;;;;;;; 
;;;;;;;;;;;;;;;;;;;;;;;;;;;;;;; 
;;;;;;;;;;;;;;;;;;;;;;;;;;;;;;; 
;;;;;;;;;;;;;;;;;;;;;;;;;;;;;;; 
;;;;;;;;;;;;;;;;;;;;;;;;;;;;;;; 
;;;;;;;;;;;;;;;;;;;;;;;;;;;;;;; 
;;;;;;;;;;;;;;;;;;;;;;;;;;;;;;; 
;;;;;;;;;;;;;;;;;;;;;;;;;;;;;;; 
;;;;;;;;;;;;;;;;;;;;;;;;;;;;;;; 
;;;;;;;;;;;;;;;;;;;;;;;;;;;;;;; 
;;;;;;;;;;;;;;;;;;;;;;;;;;;;;;; 
;;;;;;;;;;;;;;;;;;;;;;;;;;;;;;; 
;;;;;;;;;;;;;;;;;;;;;;;;;;;;;;; 
;;;;;;;;;;;;;;;;;;;;;;;;;;;;;;; 
;;;;;;;;;;;;;;;;;;;;;;;;;;;;;;; 
;;;;;;;;;;;;;;;;;;;;;;;;;;;;;;; 
;;;;;;;;;;;;;;;;;;;;;;;;;;;;;;; 
;;;;;;;;;;;;;;;;;;;;;;;;;;;;;;; 
;;;;;;;;;;;;;;;;;;;;;;;;;;;;;;; 
;;;;;;;;;;;;;;;;;;;;;;;;;;;;;;; 
;;;;;;;;;;;;;;;;;;;;;;;;;;;;;;; 
;;;;;;;;;;;;;;;;;;;;;;;;;;;;;;; 
;;;;;;;;;;;;;;;;;;;;;;;;;;;;;;; 
;;;;;;;;;;;;;;;;;;;;;;;;;;;;;;; 
;;;;;;;;;;;;;;;;;;;;;;;;;;;;;;; 
;;;;;;;;;;;;;;;;;;;;;;;;;;;;;;; 
;;;;;;;;;;;;;;;;;;;;;;;;;;;;;;; 
;;;;;;;;;;;;;;;;;;;;;;;;;;;;;;; 
;;;;;;;;;;;;;;;;;;;;;;;;;;;;;;; 
;;;;;;;;;;;;;;;;;;;;;;;;;;;;;;; 
;;;;;;;;;;;;;;;;;;;;;;;;;;;;;;; 
;;;;;;;;;;;;;;;;;;;;;;;;;;;;;;; 
;;;;;;;;;;;;;;;;;;;;;;;;;;;;;;; 
;;;;;;;;;;;;;;;;;;;;;;;;;;;;;;; 
;;;;;;;;;;;;;;;;;;;;;;;;;;;;;;; 
;;;;;;;;;;;;;;;;;;;;;;;;;;;;;;; 
;;;;;;;;;;;;;;;;;;;;;;;;;;;;;;; 
;;;;;;;;;;;;;;;;;;;;;;;;;;;;;;; 
;;;;;;;;;;;;;;;;;;;;;;;;;;;;;;; 
;;;;;;;;;;;;;;;;;;;;;;;;;;;;;;; 
;;;;;;;;;;;;;;;;;;;;;;;;;;;;;;; 
;;;;;;;;;;;;;;;;;;;;;;;;;;;;;;; 
;;;;;;;;;;;;;;;;;;;;;;;;;;;;;;; 
;;;;;;;;;;;;;;;;;;;;;;;;;;;;;;; 
;;;;;;;;;;;;;;;;;;;;;;;;;;;;;;; 
;;;;;;;;;;;;;;;;;;;;;;;;;;;;;;; 
;;;;;;;;;;;;;;;;;;;;;;;;;;;;;;; 
;;;;;;;;;;;;;;;;;;;;;;;;;;;;;;; 
;;;;;;;;;;;;;;;;;;;;;;;;;;;;;;; 
;;;;;;;;;;;;;;;;;;;;;;;;;;;;;;; 
;;;;;;;;;;;;;;;;;;;;;;;;;;;;;;; 
;;;;;;;;;;;;;;;;;;;;;;;;;;;;;;; 
;;;;;;;;;;;;;;;;;;;;;;;;;;;;;;; 
;;;;;;;;;;;;;;;;;;;;;;;;;;;;;;; 
;;;;;;;;;;;;;;;;;;;;;;;;;;;;;;; 
;;;;;;;;;;;;;;;;;;;;;;;;;;;;;;; 
;;;;;;;;;;;;;;;;;;;;;;;;;;;;;;; 
;;;;;;;;;;;;;;;;;;;;;;;;;;;;;;; 
;;;;;;;;;;;;;;;;;;;;;;;;;;;;;;; 
;;;;;;;;;;;;;;;;;;;;;;;;;;;;;;; 
;;;;;;;;;;;;;;;;;;;;;;;;;;;;;;; 
;;;;;;;;;;;;;;;;;;;;;;;;;;;;;;; 
;;;;;;;;;;;;;;;;;;;;;;;;;;;;;;; 
;;;;;;;;;;;;;;;;;;;;;;;;;;;;;;; 
;;;;;;;;;;;;;;;;;;;;;;;;;;;;;;; 
;;;;;;;;;;;;;;;;;;;;;;;;;;;;;;; 
;;;;;;;;;;;;;;;;;;;;;;;;;;;;;;; 
;;;;;;;;;;;;;;;;;;;;;;;;;;;;;;; 
;;;;;;;;;;;;;;;;;;;;;;;;;;;;;;; 
;;;;;;;;;;;;;;;;;;;;;;;;;;;;;;; 
;;;;;;;;;;;;;;;;;;;;;;;;;;;;;;; 
;;;;;;;;;;;;;;;;;;;;;;;;;;;;;;; 
;;;;;;;;;;;;;;;;;;;;;;;;;;;;;;; 
;;;;;;;;;;;;;;;;;;;;;;;;;;;;;;; 
;;;;;;;;;;;;;;;;;;;;;;;;;;;;;;; 
;;;;;;;;;;;;;;;;;;;;;;;;;;;;;;; 
;;;;;;;;;;;;;;;;;;;;;;;;;;;;;;; 
;;;;;;;;;;;;;;;;;;;;;;;;;;;;;;; 
;;;;;;;;;;;;;;;;;;;;;;;;;;;;;;; 
;;;;;;;;;;;;;;;;;;;;;;;;;;;;;;; 
;;;;;;;;;;;;;;;;;;;;;;;;;;;;;;; 
;;;;;;;;;;;;;;;;;;;;;;;;;;;;;;; 
;;;;;;;;;;;;;;;;;;;;;;;;;;;;;;; 
;;;;;;;;;;;;;;;;;;;;;;;;;;;;;;; 
;;;;;;;;;;;;;;;;;;;;;;;;;;;;;;; 
;;;;;;;;;;;;;;;;;;;;;;;;;;;;;;; 
;;;;;;;;;;;;;;;;;;;;;;;;;;;;;;; 
;;;;;;;;;;;;;;;;;;;;;;;;;;;;;;; 
;;;;;;;;;;;;;;;;;;;;;;;;;;;;;;; 
;;;;;;;;;;;;;;;;;;;;;;;;;;;;;;; 
;;;;;;;;;;;;;;;;;;;;;;;;;;;;;;; 
;;;;;;;;;;;;;;;;;;;;;;;;;;;;;;; 
;;;;;;;;;;;;;;;;;;;;;;;;;;;;;;; 
;;;;;;;;;;;;;;;;;;;;;;;;;;;;;;; 
;;;;;;;;;;;;;;;;;;;;;;;;;;;;;;; 
;;;;;;;;;;;;;;;;;;;;;;;;;;;;;;; 
;;;;;;;;;;;;;;;;;;;;;;;;;;;;;;; 
;;;;;;;;;;;;;;;;;;;;;;;;;;;;;;; 
;;;;;;;;;;;;;;;;;;;;;;;;;;;;;;; 
;;;;;;;;;;;;;;;;;;;;;;;;;;;;;;; 
;;;;;;;;;;;;;;;;;;;;;;;;;;;;;;; 
;;;;;;;;;;;;;;;;;;;;;;;;;;;;;;; 
;;;;;;;;;;;;;;;;;;;;;;;;;;;;;;; 
;;;;;;;;;;;;;;;;;;;;;;;;;;;;;;; 
;;;;;;;;;;;;;;;;;;;;;;;;;;;;;;; 
;;;;;;;;;;;;;;;;;;;;;;;;;;;;;;; 
;;;;;;;;;;;;;;;;;;;;;;;;;;;;;;; 
;;;;;;;;;;;;;;;;;;;;;;;;;;;;;;; 
;;;;;;;;;;;;;;;;;;;;;;;;;;;;;;; 
;;;;;;;;;;;;;;;;;;;;;;;;;;;;;;; 
;;;;;;;;;;;;;;;;;;;;;;;;;;;;;;; 
;;;;;;;;;;;;;;;;;;;;;;;;;;;;;;; 
;;;;;;;;;;;;;;;;;;;;;;;;;;;;;;; 
;;;;;;;;;;;;;;;;;;;;;;;;;;;;;;; 
;;;;;;;;;;;;;;;;;;;;;;;;;;;;;;; 
;;;;;;;;;;;;;;;;;;;;;;;;;;;;;;; 
;;;;;;;;;;;;;;;;;;;;;;;;;;;;;;; 
;;;;;;;;;;;;;;;;;;;;;;;;;;;;;;; 
;;;;;;;;;;;;;;;;;;;;;;;;;;;;;;; 
;;;;;;;;;;;;;;;;;;;;;;;;;;;;;;; 
;;;;;;;;;;;;;;;;;;;;;;;;;;;;;;; 
;;;;;;;;;;;;;;;;;;;;;;;;;;;;;;; 
;;;;;;;;;;;;;;;;;;;;;;;;;;;;;;; 
;;;;;;;;;;;;;;;;;;;;;;;;;;;;;;; 
;;;;;;;;;;;;;;;;;;;;;;;;;;;;;;; 
;;;;;;;;;;;;;;;;;;;;;;;;;;;;;;; 
;;;;;;;;;;;;;;;;;;;;;;;;;;;;;;; 
;;;;;;;;;;;;;;;;;;;;;;;;;;;;;;; 
;;;;;;;;;;;;;;;;;;;;;;;;;;;;;;; 
;;;;;;;;;;;;;;;;;;;;;;;;;;;;;;; 
;;;;;;;;;;;;;;;;;;;;;;;;;;;;;;; 
;;;;;;;;;;;;;;;;;;;;;;;;;;;;;;; 
;;;;;;;;;;;;;;;;;;;;;;;;;;;;;;; 
;;;;;;;;;;;;;;;;;;;;;;;;;;;;;;; 
;;;;;;;;;;;;;;;;;;;;;;;;;;;;;;; 
;;;;;;;;;;;;;;;;;;;;;;;;;;;;;;; 
;;;;;;;;;;;;;;;;;;;;;;;;;;;;;;; 
;;;;;;;;;;;;;;;;;;;;;;;;;;;;;;; 
;;;;;;;;;;;;;;;;;;;;;;;;;;;;;;; 
;;;;;;;;;;;;;;;;;;;;;;;;;;;;;;; 
;;;;;;;;;;;;;;;;;;;;;;;;;;;;;;; 
;;;;;;;;;;;;;;;;;;;;;;;;;;;;;;; 
;;;;;;;;;;;;;;;;;;;;;;;;;;;;;;; 
;;;;;;;;;;;;;;;;;;;;;;;;;;;;;;; 
;;;;;;;;;;;;;;;;;;;;;;;;;;;;;;; 
;;;;;;;;;;;;;;;;;;;;;;;;;;;;;;; 
;;;;;;;;;;;;;;;;;;;;;;;;;;;;;;; 
;;;;;;;;;;;;;;;;;;;;;;;;;;;;;;; 
;;;;;;;;;;;;;;;;;;;;;;;;;;;;;;; 
;;;;;;;;;;;;;;;;;;;;;;;;;;;;;;; 
;;;;;;;;;;;;;;;;;;;;;;;;;;;;;;; 
;;;;;;;;;;;;;;;;;;;;;;;;;;;;;;; 
;;;;;;;;;;;;;;;;;;;;;;;;;;;;;;; 
;;;;;;;;;;;;;;;;;;;;;;;;;;;;;;; 
;;;;;;;;;;;;;;;;;;;;;;;;;;;;;;; 
;;;;;;;;;;;;;;;;;;;;;;;;;;;;;;; 
;;;;;;;;;;;;;;;;;;;;;;;;;;;;;;; 
;;;;;;;;;;;;;;;;;;;;;;;;;;;;;;; 
;;;;;;;;;;;;;;;;;;;;;;;;;;;;;;; 
;;;;;;;;;;;;;;;;;;;;;;;;;;;;;;; 
;;;;;;;;;;;;;;;;;;;;;;;;;;;;;;; 
;;;;;;;;;;;;;;;;;;;;;;;;;;;;;;; 
;;;;;;;;;;;;;;;;;;;;;;;;;;;;;;; 
;;;;;;;;;;;;;;;;;;;;;;;;;;;;;;; 
;;;;;;;;;;;;;;;;;;;;;;;;;;;;;;; 
;;;;;;;;;;;;;;;;;;;;;;;;;;;;;;; 
;;;;;;;;;;;;;;;;;;;;;;;;;;;;;;; 
;;;;;;;;;;;;;;;;;;;;;;;;;;;;;;; 
;;;;;;;;;;;;;;;;;;;;;;;;;;;;;;; 
;;;;;;;;;;;;;;;;;;;;;;;;;;;;;;; 
;;;;;;;;;;;;;;;;;;;;;;;;;;;;;;; 
;;;;;;;;;;;;;;;;;;;;;;;;;;;;;;; 
;;;;;;;;;;;;;;;;;;;;;;;;;;;;;;; 
;;;;;;;;;;;;;;;;;;;;;;;;;;;;;;; 
;;;;;;;;;;;;;;;;;;;;;;;;;;;;;;; 
;;;;;;;;;;;;;;;;;;;;;;;;;;;;;;; 
;;;;;;;;;;;;;;;;;;;;;;;;;;;;;;; 
;;;;;;;;;;;;;;;;;;;;;;;;;;;;;;; 
;;;;;;;;;;;;;;;;;;;;;;;;;;;;;;; 
;;;;;;;;;;;;;;;;;;;;;;;;;;;;;;; 
;;;;;;;;;;;;;;;;;;;;;;;;;;;;;;; 
;;;;;;;;;;;;;;;;;;;;;;;;;;;;;;; 
;;;;;;;;;;;;;;;;;;;;;;;;;;;;;;; 
;;;;;;;;;;;;;;;;;;;;;;;;;;;;;;; 
;;;;;;;;;;;;;;;;;;;;;;;;;;;;;;; 
;;;;;;;;;;;;;;;;;;;;;;;;;;;;;;; 
;;;;;;;;;;;;;;;;;;;;;;;;;;;;;;; 
;;;;;;;;;;;;;;;;;;;;;;;;;;;;;;; 
;;;;;;;;;;;;;;;;;;;;;;;;;;;;;;; 
;;;;;;;;;;;;;;;;;;;;;;;;;;;;;;; 
;;;;;;;;;;;;;;;;;;;;;;;;;;;;;;; 
;;;;;;;;;;;;;;;;;;;;;;;;;;;;;;; 
;;;;;;;;;;;;;;;;;;;;;;;;;;;;;;; 
;;;;;;;;;;;;;;;;;;;;;;;;;;;;;;; 
;;;;;;;;;;;;;;;;;;;;;;;;;;;;;;; 
;;;;;;;;;;;;;;;;;;;;;;;;;;;;;;; 
;;;;;;;;;;;;;;;;;;;;;;;;;;;;;;; 
;;;;;;;;;;;;;;;;;;;;;;;;;;;;;;; 
;;;;;;;;;;;;;;;;;;;;;;;;;;;;;;; 
;;;;;;;;;;;;;;;;;;;;;;;;;;;;;;; 
;;;;;;;;;;;;;;;;;;;;;;;;;;;;;;; 
;;;;;;;;;;;;;;;;;;;;;;;;;;;;;;; 
;;;;;;;;;;;;;;;;;;;;;;;;;;;;;;; 
;;;;;;;;;;;;;;;;;;;;;;;;;;;;;;; 
;;;;;;;;;;;;;;;;;;;;;;;;;;;;;;; 
;;;;;;;;;;;;;;;;;;;;;;;;;;;;;;; 
;;;;;;;;;;;;;;;;;;;;;;;;;;;;;;; 
;;;;;;;;;;;;;;;;;;;;;;;;;;;;;;; 
;;;;;;;;;;;;;;;;;;;;;;;;;;;;;;; 
;;;;;;;;;;;;;;;;;;;;;;;;;;;;;;; 
;;;;;;;;;;;;;;;;;;;;;;;;;;;;;;; 
;;;;;;;;;;;;;;;;;;;;;;;;;;;;;;; 
;;;;;;;;;;;;;;;;;;;;;;;;;;;;;;; 
;;;;;;;;;;;;;;;;;;;;;;;;;;;;;;; 
;;;;;;;;;;;;;;;;;;;;;;;;;;;;;;; 
;;;;;;;;;;;;;;;;;;;;;;;;;;;;;;; 
;;;;;;;;;;;;;;;;;;;;;;;;;;;;;;; 
;;;;;;;;;;;;;;;;;;;;;;;;;;;;;;; 
