  _Vind,_kias ;   _Vind,_keas ;   Vtrue,_ktas ;   Vtrue,_ktgs ;   _Vind,__mph ;   Vtrue,mphas ;   Vtrue,mphgs ;   alpha,__deg ;   _beta,__deg ;   hpath,__deg ;   vpath,__deg ;   _slip,__deg ;   __lat,__deg ;   __lon,__deg ;   __alt,ftmsl ;   __alt,ftagl ;   ___on,runwy ;   __alt,__ind ;   __lat,orign ;   __lon,orign ;   power,_1,hp ;   thrst,_1,lb ;   fuel1,__gal ;   fuel2,__gal ;   _lift,___lb ;   _drag,___lb ;   _side,___lb ;   ____L,lb-ft ;   ____M,lb-ft ;   ____N,lb-ft ; 
-21;64.10716;65.00792;65.00663;-24.16637;74.80978;74.80977;0.03124;0.00004;25.0465;-0.3599;0.00006;-36.82716;-73.09485;978.99573;952.0285;0;-9.13359;-36.5;-73;-35.11411;393.22186;14.08425;14.08625;754.37329;76.24097;-0.91061;57.41887;1082.24805;14.19522; 
22.49754;65.72346;66.64191;66.45041;25.88971;76.69015;76.69015;4.66332;-0.76087;25.05879;-4.34467;0.04813;-36.82692;-73.0947;973.88422;946.91669;0;505.21683;-36.5;-73;46.06185;194.226;14.08425;14.08625;1933.44641;174.67743;-6.96372;115.25407;-300.13477;-101.02403; 
54.98988;67.32766;68.25819;67.96026;63.28122;78.55013;78.55013;6.05841;-2.58484;24.75715;-5.35527;-0.30587;-36.82663;-73.09454;963.6532;936.68549;1;856.84119;-36.5;-73;45.59756;173.3638;14.08263;14.08625;2337.28564;227.70872;-46.03617;130.67503;-168.38307;126.71661; 
64.10367;68.55671;69.49467;69.32129;73.76919;79.97305;79.97305;5.39924;-2.59167;24.2528;-4.04826;-0.64036;-36.82635;-73.09438;954.3465;927.38757;0;934.03479;-36.5;-73;78.53064;248.34785;14.08101;14.08625;2269.91016;214.69215;-40.09983;190.60139;-67.48221;33.66899; 
67.42308;70.17898;71.13129;71.0329;77.5891;81.85643;81.85642;5.3202;-2.23052;23.83938;-3.0139;-0.73631;-36.82605;-73.09421;946.88184;919.93396;0;941.96796;-36.5;-73;84.83177;284.27679;14.07899;14.08625;2375.82837;224.31764;-33.8027;202.09201;-85.40515;-31.26874; 
69.56585;71.2624;72.22485;72.21832;80.05495;83.11488;83.11487;5.55902;-2.55621;23.48602;-0.76985;-0.80545;-36.82574;-73.09404;942.6123;915.67493;0;937.78827;-36.5;-73;82.78389;287.45325;14.07693;14.08625;2562.9917;245.28787;-47.29062;199.46829;-810.14764;52.14685; 
70.79337;71.97532;72.94693;72.94694;81.46756;83.94583;83.94585;4.55802;-2.5881;23.23597;-0.01155;-0.97744;-36.82544;-73.09388;942.17468;915.24731;0;934.38861;-36.5;-73;84.4865;290.9238;14.07489;14.08625;2298.10742;213.10797;-46.73182;210.63348;6.59586;78.96156; 
71.51511;72.19025;73.16676;73.12293;82.29813;84.19881;84.1988;5.29087;-2.49817;23.36544;1.98316;-0.99062;-36.82513;-73.09371;944.0318;917.11359;0;933.57477;-36.5;-73;85.33122;294.47537;14.07285;14.08625;2520.35449;239.00081;-42.59642;109.53052;-173.61603;-11.03116; 
71.63824;71.6218;72.59785;72.38972;82.43981;83.54412;83.54412;5.37273;-2.64002;23.7138;4.33963;-1.00718;-36.82482;-73.09354;950.79187;923.88452;0;935.96484;-36.5;-73;85.32536;298.03949;14.07078;14.08625;2505.06494;238.65433;-43.93796;204.92676;-163.48514;33.71901; 
71.07591;70.35141;71.32227;70.85732;81.7927;82.0762;82.0762;5.42426;-2.51571;24.0288;6.54583;-0.99947;-36.82452;-73.09338;962.30096;935.4046;0;942.79559;-36.5;-73;85.16947;302.22107;14.06872;14.08625;2441.08594;232.71466;-39.21958;204.02667;-265.79529;1.38564; 
69.83502;68.63806;69.60077;68.9435;80.36471;80.09514;80.09514;5.02546;-2.63945;24.29831;7.88038;-0.98489;-36.82423;-73.09322;977.36847;950.48212;0;954.09277;-36.5;-73;84.93026;306.68842;14.06666;14.08625;2234.09106;210.26166;-37.74295;204.89925;-273.62729;-7.45387; 
67.78145;66.97546;67.93081;67.33466;78.0015;78.17339;78.17339;4.55392;-2.82134;24.39855;7.59628;-1.06314;-36.82394;-73.09305;993.32104;966.44373;0;968.70483;-36.5;-73;84.6741;310.24905;14.06459;14.08625;2016.86438;187.72946;-41.23018;210.07756;-157.40338;62.95389; 
65.79091;65.73221;66.68344;66.2739;75.71083;76.73794;76.73794;4.65971;-2.49843;24.40699;6.3533;-1.07999;-36.82366;-73.09289;1007.22534;980.35651;0;983.93481;-36.5;-73;84.4672;312.59399;14.06336;14.08543;1972.01904;183.51083;-29.62434;208.21927;-168.76704;-55.89117; 
64.22938;64.97365;65.92456;65.68863;73.91385;75.86463;75.86462;4.8289;-2.67589;24.36884;4.84871;-1.05082;-36.82338;-73.09274;1018.21448;991.35321;0;997.49738;-36.5;-73;84.31374;313.53369;14.06336;14.08338;1952.24939;183.85884;-33.37508;205.98065;29.84566;-25.22802; 
63.18331;64.5901;65.54334;65.40382;72.71006;75.42593;75.42593;5.08672;-3.11203;24.16593;3.73915;-1.0896;-36.8231;-73.09258;1026.47192;999.61761;0;1008.38477;-36.5;-73;84.21783;313.92566;14.06336;14.08133;1996.08911;190.46715;-41.76153;206.07899;-148.50085;32.27177; 
62.61333;64.50599;65.46394;65.38055;72.05414;75.33456;75.33456;5.47261;-3.23753;23.7561;2.8923;-1.16154;-36.82283;-73.09242;1032.64978;1005.8017;0;1016.77521;-36.5;-73;84.16772;313.74023;14.06336;14.07928;2087.01099;202.05368;-44.75927;206.22406;-361.41147;48.04678; 
62.49468;64.80327;65.76984;65.74855;71.91759;75.68658;75.68658;4.93574;-3.04014;23.21019;1.45749;-1.19909;-36.82255;-73.09227;1037.00208;1010.15979;0;1023.0694;-36.5;-73;84.17079;311.78943;14.06336;14.07723;1952.76355;185.61275;-39.43505;227.88307;208.8075;11.39339; 
62.85507;65.33172;66.30827;66.29723;72.33232;76.30619;76.30619;5.71411;-2.88138;22.54871;1.04531;-1.16585;-36.82227;-73.09212;1039.1532;1012.31604;0;1027.25415;-36.5;-73;84.89195;311.23193;14.06336;14.07518;2181.21753;212.57207;-41.5792;196.7576;-215.74307;30.87722; 
63.43614;65.8636;66.85007;66.84185;73.00101;76.92969;76.9297;5.33403;-2.8367;21.80094;0.89842;-1.12941;-36.82198;-73.09198;1041.15576;1014.32318;0;1029.88;-36.5;-73;85.00108;310.70395;14.06336;14.07312;2129.00659;204.19981;-39.15216;198.80801;-174.77126;4.5278; 
64.15672;66.48908;67.48641;67.48225;73.83023;77.66198;77.66197;5.25548;-2.94894;20.94517;0.63604;-1.13458;-36.82169;-73.09184;1042.65393;1015.82538;0;1031.88806;-36.5;-73;83.68678;307.35193;14.06336;14.07107;2146.53833;205.53349;-43.06255;242.66335;-172.55164;12.31601; 
64.96359;67.16239;68.17088;68.16943;74.75877;78.44965;78.44966;4.96736;-3.32677;20.16498;0.37555;-1.20962;-36.8214;-73.0917;1043.71631;1016.89148;0;1033.40332;-36.5;-73;83.65005;303.18015;14.06336;14.06902;2116.55786;201.36304;-51.41994;186.8206;-161.35968;35.24944; 
65.84515;67.93559;68.95605;68.95605;75.77325;79.35321;79.35323;4.90482;-3.7968;19.77205;0.02535;-1.36686;-36.8211;-73.09156;1044.07263;1017.25073;0;1034.40552;-36.5;-73;80.99265;298.29071;14.06336;14.06697;2143.11548;204.24625;-60.1969;206.54131;-123.80281;84.89685; 
66.74754;68.355;69.38163;69.38126;76.81171;79.84296;79.84296;4.81186;-3.64792;19.88898;-0.18747;-1.51714;-36.8208;-73.09143;1043.93811;1017.11847;0;1034.79028;-36.5;-73;34.58905;188.37125;14.06336;14.06505;2137.5332;201.94087;-60.1561;27.30135;-108.45944;151.54997; 
67.14085;67.97562;68.99575;68.99098;77.26431;79.3989;79.3989;4.72672;-2.00588;20.53578;-0.6739;-1.4031;-36.82049;-73.09129;1043.14087;1016.32288;0;1034.63855;-36.5;-73;39.14717;130.14948;14.06336;14.0637;2080.38745;190.39314;-25.17863;87.57559;-136.12862;-25.45816; 
66.99042;67.82593;68.8419;68.8355;77.0912;79.22186;79.22186;5.84929;-1.13714;21.49466;-0.78105;-0.99081;-36.82019;-73.09115;1041.25586;1014.43872;0;1033.69788;-36.5;-73;53.78095;175.57379;14.06211;14.06339;2329.87158;221.79932;-10.19431;178.72382;-191.21019;-135.8618; 
66.73427;67.71516;68.72884;68.72852;76.79642;79.09174;79.09173;4.95949;-2.20859;22.42792;-0.17272;-0.83022;-36.8199;-73.091;1040.6333;1013.81647;0;1032.31189;-36.5;-73;54.25105;198.94785;14.06039;14.06339;2111.63428;196.42642;-33.78551;138.61043;-35.07142;42.7398; 
66.68827;67.90646;68.9221;68.91567;76.74349;79.31413;79.31413;4.27793;-2.83868;23.03039;-0.7821;-0.97696;-36.81961;-73.09084;1039.72693;1012.90967;0;1031.48376;-36.5;-73;55.01156;202.64565;14.05867;14.06339;1891.19714;176.42302;-41.98445;148.39389;1110.09253;83.0825; 
66.95124;68.30479;69.324;69.31066;77.04611;79.77663;79.77663;5.20962;-2.39437;23.61426;-1.1237;-1.02688;-36.81931;-73.09068;1037.39709;1010.5788;0;1030.21765;-36.5;-73;55.01624;202.77367;14.05695;14.06339;2216.65723;207.97847;-34.79165;145.57016;-111.67364;12.40844; 
67.33815;68.56366;69.58472;69.57767;77.49136;80.07667;80.07666;4.97395;-2.0661;24.32825;-0.81493;-0.94366;-36.81902;-73.09052;1035.43665;1008.61646;0;1028.24072;-36.5;-73;55.03639;202.39247;14.05523;14.06339;2179.59326;202.26796;-29.07953;144.5826;-118.4122;-13.63211; 
67.73599;68.86859;69.8923;69.8825;77.94919;80.43062;80.43062;4.9134;-2.27622;25.01858;-0.95936;-0.91092;-36.81873;-73.09035;1033.58167;1006.75897;0;1026.31506;-36.5;-73;54.5009;202.09734;14.05351;14.06339;2181.95581;202.57977;-33.95462;145.14835;-105.22881;18.81762; 
68.10625;69.12053;70.14607;70.13964;78.37528;80.72266;80.72266;5.02866;-2.43699;25.67143;-0.77585;-0.94105;-36.81843;-73.09018;1031.73621;1004.91034;0;1024.4231;-36.5;-73;54.5036;201.0329;14.05179;14.06339;2226.68384;207.74487;-37.65983;144.756;-135.97231;40.4685; 
68.4028;69.26337;70.28969;70.28719;78.71654;80.88793;80.88793;4.94698;-2.27536;26.33583;-0.4832;-0.95883;-36.81814;-73.09;1030.43823;1003.6084;0;1022.67993;-36.5;-73;54.51811;200.72247;14.05007;14.06339;2216.06079;205.73077;-34.81787;144.82379;-130.39966;30.09427; 
68.61298;69.3455;70.37222;70.37126;78.9584;80.98291;80.98292;4.87124;-1.95416;27.03535;-0.29975;-0.9081;-36.81785;-73.08982;1029.64478;1002.81024;0;1021.41125;-36.5;-73;54.52059;200.17851;14.04835;14.06339;2202.0354;203.34366;-27.06027;97.35542;-135.46815;2.84572; 
68.75251;69.39354;70.42046;70.42009;79.11898;81.03841;81.03842;4.8496;-1.40676;27.49521;-0.18623;-0.7906;-36.81756;-73.08963;1029.14551;1002.3056;0;1020.57813;-36.5;-73;54.53463;200.11082;14.04663;14.06339;2194.89844;202.01686;-15.42633;115.89484;-112.7887;-18.58764; 
68.84995;69.42239;70.44941;70.44927;79.2311;81.07174;81.07174;4.82412;-0.64954;27.28183;-0.1145;-0.54094;-36.81727;-73.08945;1028.84094;1001.99512;0;1020.05444;-36.5;-73;54.54726;200.19055;14.04491;14.06339;2193.22974;201.20798;-0.80751;227.6174;-146.63617;-89.31701; 
68.90826;69.43084;70.4578;70.45777;79.29822;81.08139;81.0814;4.81244;-0.93078;26.20218;-0.05848;-0.38422;-36.81697;-73.08926;1028.66162;1001.80902;0;1019.72656;-36.5;-73;54.55539;200.68204;14.04319;14.06339;2193.94385;202.12842;-14.6203;209.05104;-117.47581;-48.15219; 
68.90456;69.40596;70.4325;70.4325;79.29396;81.05228;81.05228;4.84351;-2.16972;24.83157;0.00284;-0.53791;-36.81668;-73.08908;1028.60242;1001.74249;0;1019.54346;-36.5;-73;54.53934;200.67685;14.04148;14.06339;2195.99341;204.35251;-40.18034;142.60486;-152.21834;65.87268; 
68.82941;69.36238;70.38831;70.3883;79.20747;81.00142;81.00142;4.8136;-2.75064;23.61562;0.01729;-0.8392;-36.81638;-73.08892;1028.63525;1001.76752;0;1019.48175;-36.5;-73;54.52967;200.76784;14.04044;14.0627;2183.62549;203.46365;-49.14424;140.06859;-129.9899;117.34636; 
68.76979;69.34055;70.36615;70.36615;79.13886;80.97592;80.97593;4.77205;-2.02362;22.75256;-0.01875;-0.96307;-36.81608;-73.08875;1028.64014;1001.76385;0;1019.48474;-36.5;-73;54.52415;200.42407;14.04044;14.06098;2176.76172;200.54855;-32.17097;137.70284;-135.966;6.10881; 
68.77766;69.34911;70.37475;70.3747;79.14792;80.98582;80.98582;4.76475;-1.60584;22.31092;-0.06396;-0.8663;-36.81578;-73.0886;1028.5509;1001.66541;0;1019.46973;-36.5;-73;54.5287;200.38268;14.04044;14.05926;2177.86279;200.20084;-24.75196;136.49335;-144.16846;-23.58295; 
68.79807;69.36486;70.39056;70.39047;79.1714;81.00402;81.00401;4.77472;-1.97522;22.03886;-0.08521;-0.82119;-36.81548;-73.08845;1028.39124;1001.49573;0;1019.3822;-36.5;-73;54.53434;200.52657;14.04044;14.05754;2180.26245;201.21805;-31.59082;139.80777;-138.62445;17.01795; 
68.80098;69.37797;70.40367;70.40359;79.17476;81.0191;81.01912;4.77319;-2.27425;21.77246;-0.09823;-0.88924;-36.81517;-73.08829;1028.19971;1001.29376;0;1019.23126;-36.5;-73;54.53785;200.62979;14.04044;14.05583;2179.53467;201.54729;-37.67109;142.60402;-127.28592;65.75484; 
68.80969;69.37277;70.39819;70.39809;79.18478;81.01279;81.0128;4.77179;-1.96989;21.5552;-0.1037;-0.91633;-36.81487;-73.08814;1027.99219;1001.07501;0;1019.04132;-36.5;-73;45.07705;186.81355;14.04044;14.05411;2179.81104;200.83194;-30.59318;125.01241;-127.63754;19.49529; 
68.7522;69.12247;70.1439;70.14356;79.11862;80.72016;80.72015;4.82076;-1.56734;21.44147;-0.17501;-0.84212;-36.81457;-73.088;1027.72021;1000.79126;0;1018.83099;-36.5;-73;36.08908;151.30254;14.04044;14.05256;2170.41919;199.50061;-24.11008;104.29049;-122.6588;4.06879; 
68.4394;68.69403;69.70862;69.70752;78.75866;80.21925;80.21925;4.93868;-1.38504;21.37753;-0.32067;-0.74618;-36.81427;-73.08784;1027.21521;999.70233;0;1018.51868;-36.5;-73;33.53911;133.35493;14.04044;14.05107;2164.73779;199.24435;-20.25544;97.70684;-114.51168;-18.57597; 
67.9084;68.15201;69.15775;69.1552;78.1476;79.58533;79.58532;5.08891;-1.46156;21.29413;-0.49179;-0.70237;-36.81397;-73.0877;1026.39612;997.21143;0;1017.99609;-36.5;-73;20.82126;103.91022;14.04044;14.04962;2158.12646;199.57841;-23.96559;69.6141;-90.68421;32.9113; 
67.16231;67.39008;68.38334;68.37765;77.28901;78.69414;78.69414;5.31052;-1.26149;21.19826;-0.73908;-0.66766;-36.81367;-73.08755;1025.15674;994.30847;0;1017.14996;-36.5;-73;12.98006;71.99866;14.04044;14.0483;2153.41357;199.93184;-21.70783;46.75446;-100.48645;45.22211; 
66.16267;66.4762;67.45423;67.44298;76.13864;77.62495;77.62495;5.59222;-0.84281;21.141;-1.04631;-0.58066;-36.81338;-73.08742;1023.37714;990.88745;0;1015.8797;-36.5;-73;11.60945;49.42078;14.04044;14.04707;2149.11816;200.86203;-14.2653;36.60476;-86.31247;10.79284; 
65.09438;66.24165;67.21394;67.1992;74.90928;77.34843;77.34843;5.77738;-0.79903;21.10663;-1.19955;-0.44737;-36.81309;-73.08727;1021.06714;986.94739;0;1014.07837;-36.5;-73;91.93513;246.48431;14.04044;14.0454;2191.5498;207.51004;-6.93272;224.79536;-115.92944;-119.20992; 
65.11795;67.58459;68.57464;68.57097;74.9364;78.91429;78.91429;5.60224;-2.61952;20.89061;-0.59287;-0.4622;-36.81279;-73.08714;1019.12677;983.58417;0;1011.91284;-36.5;-73;127.35099;402.67859;14.04044;14.04288;2288.76001;219.96906;-39.60731;279.94037;-221.24188;-20.551; 
66.56681;69.49138;70.5092;70.50684;76.60372;81.14054;81.14055;5.07626;-4.69884;20.14585;0.46999;-0.92877;-36.81249;-73.08699;1018.97675;982.24762;1;1010.31726;-36.5;-73;144.42831;467.58835;14.03979;14.04028;2313.07251;224.61502;-78.49625;310.46548;-236.18822;154.78448; 
68.70183;71.24438;72.29003;72.26872;79.06065;83.18988;83.18987;4.4009;-4.6961;19.21945;1.39082;-1.41103;-36.81218;-73.08685;1021.00464;981.21252;1;1010.3443;-36.5;-73;145.50539;464.64465;14.0364;14.04028;2265.50537;214.52106;-75.02792;308.6691;-219.25246;115.83183; 
70.77029;72.8446;73.91762;73.87957;81.44099;85.06288;85.06289;3.73764;-3.68458;18.55015;1.83865;-1.53715;-36.81186;-73.08672;1024.58301;981.66681;1;1012.29266;-36.5;-73;145.94063;458.0108;14.03299;14.04028;2192.57178;200.25208;-51.96202;303.55032;-216.03717;-43.86495; 
72.49341;74.43529;75.53623;75.50072;83.42393;86.92554;86.92553;3.18428;-3.55926;18.0584;1.7566;-1.54679;-36.81153;-73.08658;1028.63245;982.53296;1;1015.64349;-36.5;-73;146.24562;452.17865;14.02956;14.04028;2125.41919;192.62054;-54.3693;306.21408;-199.32666;11.29247; 
74.17245;76.1294;77.25938;77.24002;85.35614;88.90851;88.90851;2.7357;-3.67202;17.55584;1.28245;-1.63179;-36.8112;-73.08645;1032.12866;982.77295;1;1019.44989;-36.5;-73;146.53197;446.0658;14.02614;14.04028;2082.43774;188.43887;-58.50673;305.53491;-198.82471;41.27742; 
75.9102;77.98843;79.14857;79.14387;87.3559;91.08254;91.08254;2.43288;-3.49343;17.05159;0.6247;-1.71387;-36.81085;-73.08631;1034.33118;982.74561;1;1022.73431;-36.5;-73;146.85545;439.31958;14.0227;14.04028;2082.93408;187.66051;-56.01428;305.33728;-172.14664;19.78819; 
77.7767;79.9578;81.14822;81.14803;89.50382;93.38371;93.3837;2.23831;-3.23846;16.59724;0.12394;-1.71784;-36.8105;-73.08617;1035.16357;984.80463;1;1024.84448;-36.5;-73;147.22235;432.43256;14.01926;14.04028;2119.95972;190.25145;-52.74305;305.9216;-177.44948;-5.91119; 
79.7662;81.98701;83.20754;83.20723;91.79331;95.75354;95.75354;2.04156;-3.16615;16.16249;-0.157;-1.70341;-36.81013;-73.08604;1035.08081;986.01434;1;1025.7572;-36.5;-73;147.61958;425.65161;14.01754;14.03855;2153.92822;193.57268;-54.88086;304.31052;-175.57959;14.09807; 
81.77886;83.99552;85.24525;85.24429;94.10944;98.09849;98.09849;1.82769;-2.95547;15.7233;-0.27226;-1.71093;-36.80976;-73.08591;1034.51965;986.76385;1;1025.78101;-36.5;-73;148.03065;419.00742;14.01754;14.0351;2176.67578;195.47668;-51.30858;304.89191;-164.53786;-19.93252; 
83.80584;85.95119;87.2291;87.22796;96.44204;100.38145;100.38146;1.60539;-2.79814;15.33342;-0.29324;-1.65819;-36.80937;-73.08578;1033.79065;987.36108;1;1025.30908;-36.5;-73;148.44922;412.715;14.01754;14.03163;2189.58667;197.33229;-50.43663;302.68826;-173.88431;-24.84926; 
85.77473;87.8455;89.15057;89.14951;98.70779;102.59265;102.59265;1.38776;-2.88564;14.92409;-0.27892;-1.67288;-36.80898;-73.08564;1033.04346;987.96533;1;1024.62231;-36.5;-73;148.86264;406.79105;14.01754;14.02816;2193.50806;199.67822;-57.54845;303.44391;-159.04063;42.75446; 
87.68359;89.67304;91.00432;91.0034;100.90447;104.7259;104.7259;1.18075;-2.66585;14.51744;-0.25802;-1.67935;-36.80857;-73.08551;1032.32935;988.62115;1;1023.89227;-36.5;-73;149.27676;400.97025;14.01754;14.02468;2196.24707;200.65912;-51.377;302.5369;-166.73053;-23.46541; 
89.51871;91.42751;92.78391;92.78306;103.01629;106.77382;106.77381;0.99068;-2.64211;14.1345;-0.24398;-1.67066;-36.80816;-73.08538;1031.65234;989.32391;1;1023.18567;-36.5;-73;149.68484;395.54587;14.01754;14.0212;2196.14624;202.78984;-54.79264;301.73691;-163.78207;12.71899; 
91.26687;93.10181;94.48214;94.4813;105.02804;108.7281;108.7281;0.81781;-2.60916;13.75098;-0.24;-1.68499;-36.80775;-73.08525;1030.995;990.04883;1;1022.51208;-36.5;-73;150.08353;390.37207;14.01754;14.0177;2195.92261;204.88229;-56.05401;301.49658;-164.80415;19.65621; 
92.96332;94.72867;96.13216;96.13128;106.98028;110.62691;110.62691;0.66034;-2.45534;13.3739;-0.24504;-1.68953;-36.80732;-73.08512;1030.31677;990.77472;1;1021.84784;-36.5;-73;150.48289;385.31522;14.01439;14.01735;2194.97974;206.60861;-52.72213;300.05063;-133.22772;-13.09698; 
94.59855;96.29691;97.72262;97.72168;108.86207;112.45718;112.45718;0.51776;-2.49429;13.00355;-0.25133;-1.70407;-36.80688;-73.08499;1029.60986;990.29309;1;1021.16058;-36.5;-73;150.87639;380.53476;14.01088;14.01735;2198.08276;209.34032;-55.6386;300.08688;-161.47444;-0.5279; 
96.17332;97.80846;99.25547;99.25445;110.67428;114.22116;114.22116;0.38592;-2.42668;12.62978;-0.25998;-1.7282;-36.80644;-73.08487;1028.86865;989.34576;1;1020.45331;-36.5;-73;151.26364;375.76013;14.00737;14.01735;2198.74585;211.65353;-56.12241;300.44656;-153.38237;7.22374; 
97.69636;99.26852;100.73597;100.73491;112.42696;115.92489;115.92489;0.26604;-2.34528;12.26771;-0.26292;-1.73414;-36.80598;-73.08474;1028.09326;985.94025;1;1019.70575;-36.5;-73;151.64932;371.18341;14.00385;14.01735;2200.66235;214.04019;-54.75211;299.41714;-150.40762;-15.50376; 
99.15739;100.66508;102.152;102.15092;114.10829;117.55443;117.55441;0.15472;-2.32502;11.91204;-0.26342;-1.74406;-36.80553;-73.08462;1027.30432;977.25134;1;1018.93469;-36.5;-73;152.02715;366.82541;14.00032;14.01735;2201.40601;216.69962;-56.69365;297.90768;-145.82755;3.93542; 
100.54558;101.99263;103.49796;103.49687;115.70579;119.10332;119.10332;0.05323;-2.26982;11.56151;-0.26156;-1.75715;-36.80507;-73.0845;1026.51379;968.5354;1;1018.15344;-36.5;-73;152.39365;362.45035;13.9968;14.01735;2201.95776;219.24683;-57.22288;296.86234;-135.01222;11.5614; 
101.89194;103.28128;104.8044;104.80334;117.25515;120.60675;120.60677;-0.03837;-2.07468;11.21957;-0.25777;-1.75169;-36.80459;-73.08438;1025.71228;959.64911;1;1017.35626;-36.5;-73;152.75821;358.07822;13.99432;14.01629;2203.6394;218.09175;-52.30358;297.7482;-104.22479;0.97295; 
103.18938;104.52474;106.06498;106.06402;118.74821;122.0574;122.05741;-0.12886;-2.02789;10.91389;-0.24564;-1.6977;-36.80412;-73.08427;1024.93396;955.67938;1;1016.56549;-36.5;-73;153.12004;353.91415;13.99432;14.01275;2206.19287;220.95975;-54.03323;297.69324;-143.90202;24.82167; 
104.42972;105.70387;107.26031;107.2594;120.17558;123.43296;123.43296;-0.21096;-1.9412;10.60754;-0.23567;-1.6739;-36.80363;-73.08415;1024.1803;957.50714;1;1015.78967;-36.5;-73;153.47165;349.84393;13.99432;14.0092;2206.68652;223.26636;-49.62589;299.11749;-142.09631;-33.8437; 
105.61744;106.83084;108.40272;108.40199;121.54238;124.74763;124.74763;-0.28436;-1.93496;10.29908;-0.21051;-1.66505;-36.80314;-73.08404;1023.46497;959.4425;1;1015.03625;-36.5;-73;153.81581;345.92679;13.99432;14.00565;2208.32983;226.03967;-51.73794;298.04056;-140.77831;-11.38162; 
106.75497;107.90306;109.48963;109.48891;122.85143;125.99843;125.99843;-0.35958;-1.76968;10.00228;-0.20722;-1.63331;-36.80264;-73.08392;1022.79333;960.42395;1;1014.32111;-36.5;-73;154.15533;342.10986;13.99432;14.00208;2205.90747;227.95328;-46.4791;297.18222;-138.43643;-53.07938; 
107.83293;108.92243;110.52289;110.52216;124.09193;127.18748;127.18748;-0.42246;-1.86883;9.70621;-0.20846;-1.6285;-36.80214;-73.08382;1022.11438;959.12146;1;1013.63885;-36.5;-73;154.48555;338.57037;13.99432;13.99851;2206.84082;231.0957;-55.90194;298.15689;-137.14162;51.81638; 
108.84458;109.88319;111.49667;111.49597;125.25611;128.30809;128.30809;-0.48023;-1.73068;9.41107;-0.20313;-1.62126;-36.80163;-73.08371;1021.43799;958.66345;1;1012.96204;-36.5;-73;154.81035;335.12384;13.99432;13.99495;2208.4707;232.9984;-51.05553;298.08038;-135.48238;12.33707; 
109.80645;110.79345;112.41919;112.41853;126.36301;129.36969;129.36971;-0.53372;-1.68451;9.1318;-0.1993;-1.59561;-36.80112;-73.0836;1020.77539;960.42194;1;1012.29132;-36.5;-73;155.12903;331.89554;13.9911;13.99459;2209.2207;235.28326;-50.38848;297.37128;-127.85701;5.27068; 
110.72808;111.66257;113.29999;113.29938;127.42361;130.3833;130.3833;-0.58511;-1.69845;8.85569;-0.18919;-1.57347;-36.8006;-73.0835;1020.12671;962.65155;1;1011.62512;-36.5;-73;155.48328;328.87177;13.98751;13.99459;2209.53613;237.62598;-51.02099;297.17331;-131.43092;-2.98328; 
111.58741;112.47807;114.12639;114.12582;128.41251;131.3343;131.33432;-0.62843;-1.65702;8.56305;-0.18138;-1.60431;-36.80008;-73.0834;1019.50629;964.15381;1;1010.98218;-36.5;-73;155.84016;326.01782;13.98392;13.99459;2213.28711;239.6774;-51.20191;298.20773;-145.52504;10.30066; 
112.41084;113.25248;114.91116;114.91066;129.36009;132.23741;132.23741;-0.67182;-1.47435;8.30408;-0.16982;-1.55079;-36.79956;-73.08331;1018.91577;962.87878;1;1010.36774;-36.5;-73;156.19806;323.28467;13.98032;13.99459;2214.11499;241.24173;-43.63829;298.53;-143.48508;-54.82387; 
113.18519;113.97995;115.64835;115.6479;130.25119;133.08575;133.08574;-0.71601;-1.64582;8.04704;-0.15843;-1.53592;-36.79904;-73.08321;1018.36328;961.98126;1;1009.77728;-36.5;-73;156.54132;320.83502;13.97671;13.99459;2209.57007;243.83363;-53.18249;296.37183;-118.79501;21.27086; 
113.91502;114.67173;116.34933;116.34891;131.09108;133.89243;133.89243;-0.75278;-1.42125;7.76639;-0.1553;-1.5667;-36.7985;-73.08312;1017.82574;961.10919;1;1009.21802;-36.5;-73;156.88441;318.33014;13.9731;13.99459;2211.72314;244.77928;-42.79254;300.26477;-128.38567;-59.78182; 
114.61427;115.32934;117.01569;117.01531;131.89575;134.65926;134.65926;-0.78647;-1.49867;7.53502;-0.14415;-1.49297;-36.79797;-73.08303;1017.31116;960.27094;1;1008.67889;-36.5;-73;157.22702;316.11435;13.97165;13.99241;2212.07202;247.30344;-50.92759;296.46512;-121.36564;25.59713; 
115.27204;115.9483;117.64285;117.64252;132.65269;135.38098;135.38098;-0.81918;-1.28126;7.27986;-0.13545;-1.49668;-36.79743;-73.08295;1016.82678;959.47418;1;1008.16669;-36.5;-73;157.56413;313.89435;13.97165;13.98879;2213.48291;248.30717;-43.59352;300.50598;-131.51698;-6.92386; 
115.89342;116.53012;118.2324;118.23211;133.36777;136.05942;136.05942;-0.85052;-1.35274;7.07129;-0.12665;-1.4174;-36.79689;-73.08286;1016.37592;958.7616;1;1007.68726;-36.5;-73;157.89575;311.93076;13.97165;13.98515;2211.59839;250.36511;-45.91499;295.52844;-117.40144;-14.56284; 
116.47671;117.08047;118.79004;118.78979;134.039;136.70114;136.70116;-0.87909;-1.45969;6.81721;-0.11939;-1.46931;-36.79635;-73.08278;1015.94623;961.31891;1;1007.22968;-36.5;-73;158.22026;310.06268;13.97165;13.98151;2210.98315;252.13098;-51.28234;297.78647;-113.58252;28.06084; 
117.0247;117.60169;119.31814;119.31789;134.66962;137.30887;137.30887;-0.90446;-1.23925;6.57611;-0.11307;-1.46069;-36.7958;-73.0827;1015.53607;963.86237;1;1006.8009;-36.5;-73;158.55157;308.20511;13.97165;13.97787;2213.19775;252.86528;-40.81931;299.05548;-126.3233;-54.44415; 
117.55166;118.09443;119.8174;119.8172;135.27603;137.88341;137.88341;-0.92987;-1.24016;6.35843;-0.10494;-1.41624;-36.79525;-73.08262;1015.15338;966.47076;1;1006.39087;-36.5;-73;158.88333;306.55612;13.97165;13.97422;2212.51416;254.49088;-42.57536;300.10251;-124.82324;-36.01177; 
118.048;118.56047;120.2896;120.28944;135.84721;138.4268;138.42682;-0.95336;-1.21764;6.14472;-0.09836;-1.37815;-36.7947;-73.08254;1014.79138;966.89868;1;1006.00824;-36.5;-73;159.2153;304.98727;13.97056;13.97166;2212.23755;255.78389;-39.31459;297.97488;-124.54377;-88.41632; 
118.50639;118.99318;120.72803;120.72787;136.37473;138.93134;138.93135;-0.97378;-1.46415;5.90047;-0.09424;-1.44236;-36.79414;-73.08247;1014.45081;964.51355;1;1005.64423;-36.5;-73;159.53687;303.62109;13.96689;13.97166;2211.93652;257.87662;-54.88709;297.93222;-120.2508;60.52559; 
118.93856;119.40502;121.14529;121.14514;136.87206;139.41151;139.41151;-0.99221;-1.01732;5.66791;-0.08881;-1.42526;-36.79359;-73.0824;1014.12408;962.13312;1;1005.30316;-36.5;-73;159.88203;302.14124;13.96322;13.97166;2214.67529;257.57401;-32.96237;302.36667;-128.01781;-105.18798; 
119.35421;119.79259;121.53796;121.53783;137.35037;139.86339;139.86339;-1.01181;-1.35977;5.48052;-0.08129;-1.34572;-36.79304;-73.08233;1013.82611;959.77954;1;1004.98157;-36.5;-73;160.22546;301.0419;13.95954;13.97166;2211.94751;260.20639;-51.01025;296.01654;-112.96119;22.50933; 
119.73717;120.1562;121.90637;121.90626;137.79109;140.28735;140.28737;-1.02937;-1.29959;5.20926;-0.07947;-1.47483;-36.79248;-73.08227;1013.53955;960.95099;1;1004.67743;-36.5;-73;160.56876;299.83334;13.95586;13.97166;2212.35596;260.5885;-46.46349;303.18439;-116.03813;-13.92402; 
120.11121;120.5101;122.26493;122.26483;138.22153;140.69998;140.69997;-1.04369;-1.16897;4.99583;-0.07019;-1.4095;-36.79191;-73.08221;1013.26465;962.24811;1;1004.38977;-36.5;-73;160.95941;298.7648;13.95216;13.97166;2214.72852;261.62372;-45.10544;300.73895;-122.50761;11.64246; 
120.46288;120.83987;122.59906;122.59898;138.62621;141.08449;141.08449;-1.06204;-1.20391;4.78611;-0.06594;-1.37282;-36.79135;-73.08215;1013.02216;964.61407;1;1004.1214;-36.5;-73;161.36084;297.8399;13.94846;13.97166;2211.43286;262.65512;-42.5024;297.73407;-107.51879;-55.76544; 
120.79044;121.15065;122.91393;122.91386;139.00316;141.44684;141.44684;-1.07621;-1.27853;4.54407;-0.06284;-1.43126;-36.79078;-73.08208;1012.78906;966.60455;1;1003.87567;-36.5;-73;161.79535;297.03119;13.94846;13.96795;2212.02002;263.6824;-45.6568;301.3576;-114.79221;-35.10077; 
121.10243;121.4486;123.21583;123.21575;139.3622;141.79425;141.79424;-1.08827;-1.29179;4.31013;-0.05893;-1.44317;-36.79021;-73.08203;1012.56464;964.8844;1;1003.64325;-36.5;-73;162.31277;296.35611;13.94846;13.96422;2212.72827;264.75726;-50.08176;301.57538;-107.37132;29.02638; 
121.39767;121.73;123.50094;123.50089;139.70195;142.12234;142.12234;-1.10251;-1.22282;4.07554;-0.05287;-1.45431;-36.78964;-73.08198;1012.36163;963.11273;1;1003.41962;-36.5;-73;162.98595;295.88843;13.94846;13.96048;2212.34961;265.31512;-45.84;307.0744;-114.48492;-11.44145; 
121.68299;122.00336;123.77795;123.7779;140.03029;142.44113;142.44113;-1.11408;-1.19845;3.8612;-0.05028;-1.4138;-36.78907;-73.08193;1012.17291;965.18622;1;1003.21454;-36.5;-73;164.60605;296.20474;13.94846;13.95673;2213.2876;266.21939;-43.87738;303.12018;-118.16998;-41.06422; 
121.95764;122.27433;124.05254;124.05251;140.34636;142.75713;142.75713;-1.12723;-1.18504;3.61881;-0.04497;-1.46184;-36.7885;-73.08188;1011.99988;964.19666;1;1003.02515;-36.5;-73;165.28203;296.53717;13.94846;13.95293;2212.41528;266.96613;-45.44461;310.40991;-112.41032;-6.52553; 
122.23074;122.53351;124.3152;124.31518;140.66063;143.05939;143.05939;-1.13954;-1.0785;3.42623;-0.03966;-1.37011;-36.78792;-73.08184;1011.84253;963.64362;1;1002.85156;-36.5;-73;165.28117;295.32919;13.94846;13.94914;2212.15381;267.82123;-45.40723;302.01111;-114.82412;30.29366; 
122.48989;122.7733;124.55822;124.55819;140.95885;143.33905;143.33905;-1.14947;-0.96831;3.23284;-0.03878;-1.32454;-36.78735;-73.08179;1011.69904;963.08832;1;1002.69391;-36.5;-73;165.28015;294.20447;13.94505;13.94876;2212.5481;268.27841;-37.12206;309.08725;-108.28513;-59.7999; 
122.73009;122.99481;124.78269;124.78263;141.23528;143.59737;143.59732;-1.15836;-1.20931;3.0325;-0.03696;-1.33628;-36.78677;-73.08176;1011.56012;962.521;1;1002.54932;-36.5;-73;165.27905;293.26968;13.94125;13.94876;2213.67773;269.77603;-49.42354;304.59357;-122.26836;27.93212; 
122.94894;123.20292;124.99358;124.99355;141.48712;143.84004;143.84004;-1.16848;-0.99593;2.82115;-0.0365;-1.3467;-36.78619;-73.08172;1011.42493;961.93951;1;1002.41052;-36.5;-73;165.27773;292.25665;13.93745;13.94876;2213.18774;269.51346;-36.57373;303.43851;-118.79599;-81.77198; 
123.15786;123.39597;125.18919;125.18915;141.72754;144.06516;144.06514;-1.1772;-1.19294;2.61532;-0.03521;-1.35973;-36.78561;-73.08169;1011.29486;961.34766;1;1002.27441;-36.5;-73;165.27647;291.44778;13.93366;13.94876;2212.1853;270.83102;-48.55175;306.8129;-114.60418;20.09992; 
123.34961;123.5784;125.37404;125.37402;141.9482;144.27788;144.27789;-1.18409;-1.16694;2.39757;-0.03447;-1.38119;-36.78503;-73.08165;1011.16364;961.68347;1;1002.14301;-36.5;-73;165.27504;290.60406;13.92987;13.94876;2212.24292;271.23654;-47.14303;304.79034;-102.18935;9.3976; 
123.53188;123.74866;125.54654;125.54653;142.15794;144.47639;144.47641;-1.19065;-1.02482;2.18442;-0.03251;-1.37944;-36.78445;-73.08163;1011.03864;962.98541;1;1002.01678;-36.5;-73;165.27359;289.78821;13.92609;13.94876;2214.30591;271.41306;-42.55337;307.60529;-119.49184;0.64151; 
123.70804;123.91311;125.71318;125.71315;142.36067;144.66815;144.66814;-1.19867;-1.11193;1.9973;-0.02659;-1.32548;-36.78387;-73.0816;1010.93103;962.62817;1;1001.8924;-36.5;-73;165.2719;289.07895;13.92571;13.94535;2213.12842;272.31256;-45.00994;302.73001;-117.14952;-9.26228; 
123.86565;124.05792;125.85991;125.85988;142.54204;144.83701;144.83699;-1.20737;-1.11148;1.77197;-0.02743;-1.38224;-36.78329;-73.08157;1010.83313;961.23975;1;1001.78326;-36.5;-73;165.27037;288.41037;13.92571;13.94157;2210.67163;272.52573;-45.15302;307.10529;-109.09621;-1.07903; 
124.0147;124.19772;126.00154;126.00153;142.71358;144.99998;144.99998;-1.20996;-1.04826;1.57386;-0.0279;-1.34544;-36.7827;-73.08155;1010.72534;959.82202;1;1001.68182;-36.5;-73;165.26884;287.75525;13.92571;13.93779;2213.86548;273.00903;-44.26417;304.56067;-115.52831;9.32442; 
124.15437;124.32647;126.13199;126.13197;142.8743;145.1501;145.1501;-1.21588;-1.16668;1.36944;-0.02483;-1.34404;-36.78212;-73.08154;1010.62567;958.92041;1;1001.57819;-36.5;-73;165.26735;287.21051;13.92571;13.93401;2213.12817;273.7052;-46.20846;302.66055;-113.77126;-18.56671; 
124.27789;124.44392;126.25097;126.25095;143.01645;145.28703;145.28703;-1.22135;-1.14866;1.13992;-0.02576;-1.40175;-36.78154;-73.08152;1010.53162;958.14374;1;1001.47925;-36.5;-73;165.26595;286.6579;13.92571;13.93022;2211.9187;273.85489;-46.99582;305.29572;-100.37854;8.55863; 
124.39897;124.5578;126.36632;126.3663;143.15578;145.41977;145.41977;-1.22513;-1.13136;0.93326;-0.02376;-1.374;-36.78095;-73.0815;1010.43781;957.35083;1;1001.38074;-36.5;-73;165.26451;286.13626;13.92571;13.92644;2213.50781;274.33978;-48.19154;301.7002;-112.59991;31.59764; 
124.51019;124.66043;126.47028;126.47027;143.28378;145.53941;145.53941;-1.22956;-1.1152;0.71398;-0.02149;-1.39661;-36.78036;-73.0815;1010.35394;957.15283;1;1001.28925;-36.5;-73;165.2632;285.65659;13.92269;13.92569;2213.45776;274.47592;-44.41371;305.22061;-111.97968;-21.72874; 
124.61514;124.75851;126.56966;126.56964;143.40456;145.65376;145.65376;-1.23341;-0.99405;0.50882;-0.01885;-1.37209;-36.77978;-73.08149;1010.27789;957.7829;1;1001.20178;-36.5;-73;165.2617;285.17435;13.91891;13.92569;2213.87915;269.92432;-41.87387;305.01605;-99.85162;10.98603; 
124.7292;124.89555;126.70849;126.70846;143.53581;145.81352;145.81352;-1.24582;-0.93089;0.33842;-0.04156;-1.27656;-36.77919;-73.08148;1010.17444;958.23181;1;1001.12427;-36.5;-73;165.2597;284.48358;13.91512;13.92569;2208.53735;270.12512;-36.05783;300.38318;-96.28228;-64.24624; 
124.84496;124.98016;126.79411;126.79411;143.66901;145.91206;145.91205;-1.2376;-1.0729;0.13474;-0.01229;-1.32044;-36.7786;-73.08147;1010.06903;957.78131;1;1001.01611;-36.5;-73;165.25867;284.18127;13.91134;13.92569;2218.01929;275.78384;-45.83648;306.7504;-113.98048;14.76664; 
124.94087;125.08427;126.89967;126.89965;143.77939;146.03354;146.03354;-1.2576;-0.91219;359.95917;-0.02312;-1.26685;-36.77802;-73.08147;1010.02832;957.37616;1;1000.93414;-36.5;-73;165.25671;283.6275;13.90756;13.92569;2206.46118;270.67538;-36.85007;303.53189;-113.22695;-42.16027; 
125.04259;125.16724;126.98373;126.98373;143.89645;146.13026;146.13026;-1.2464;-1.07991;359.77469;-0.0036;-1.26994;-36.77744;-73.08148;1009.96204;956.92676;1;1000.86877;-36.5;-73;165.25514;283.33746;13.90378;13.92569;2217.04395;276.50781;-47.26277;301.90936;-112.34392;28.98497; 
125.1183;125.23165;127.04906;127.04908;143.98358;146.20546;146.20547;-1.26568;-0.93663;359.57425;0.0021;-1.29838;-36.77685;-73.08148;1009.96588;956.52704;1;1000.82697;-36.5;-73;165.25381;282.97879;13.90264;13.92304;2204.81763;271.03152;-37.52917;302.74277;-111.61495;-40.01035; 
125.20019;125.32233;127.14095;127.14095;144.0778;146.3112;146.31122;-1.24508;-1.0782;359.40332;-0.02011;-1.24567;-36.77626;-73.08149;1009.90051;956.00519;1;1000.80737;-36.5;-73;165.25206;282.59796;13.90264;13.91926;2224.42627;277.20145;-45.46371;300.1517;-128.07919;-4.40027; 
125.26826;125.36656;127.18576;127.18576;144.15614;146.36276;146.36276;-1.25823;-1.06374;359.17761;-0.00061;-1.34539;-36.77568;-73.0815;1009.87396;955.50195;1;1000.75427;-36.5;-73;165.2513;282.4108;13.90264;13.91547;2214.17603;276.62622;-41.3028;307.06937;-111.09684;-55.41888; 
125.32163;125.41238;127.23224;127.23224;144.21756;146.41624;146.41624;-1.26175;-1.09447;358.97809;-0.00093;-1.342;-36.77509;-73.08151;1009.87152;955.00116;1;1000.73022;-36.5;-73;165.25023;282.20557;13.90264;13.91169;2213.052;277.00925;-47.5331;305.14777;-117.00135;29.86124; 
125.37278;125.48298;127.30382;127.30379;144.27643;146.49863;146.49861;-1.28139;-0.87316;358.78818;-0.02148;-1.29998;-36.77451;-73.08153;1009.84753;954.77618;1;1000.7193;-36.5;-73;165.24873;281.78809;13.90264;13.90791;2199.82935;271.49219;-32.88151;303.36978;-103.33681;-89.6653; 
125.44341;125.54289;127.36443;127.36442;144.35771;146.56837;146.56837;-1.26034;-1.07942;358.59888;-0.01492;-1.29743;-36.77392;-73.08154;1009.74811;954.76825;1;1000.6767;-36.5;-73;165.24782;281.59335;13.90264;13.90413;2218.07104;277.70386;-47.37762;304.4046;-108.34283;29.02117; 
125.49587;125.57849;127.40048;127.40047;144.41808;146.60986;146.60985;-1.26599;-1.0833;358.39542;-0.0032;-1.31463;-36.77333;-73.08156;1009.71869;956.01453;1;1000.61298;-36.5;-73;165.24724;281.43576;13.90037;13.90261;2215.19434;277.59378;-45.31318;303.48862;-117.16875;-5.93064; 
125.533;125.60816;127.43058;127.4306;144.4608;146.6445;146.64453;-1.27117;-1.07643;358.18628;-0.00262;-1.33386;-36.77273;-73.08158;1009.71136;959.44354;1;1000.58014;-36.5;-73;165.24649;281.31586;13.89659;13.90261;2211.56592;277.45438;-42.46312;303.50406;-111.21206;-48.80114; 
125.56245;125.63726;127.46006;127.46004;144.49469;146.67842;146.67841;-1.27265;-1.16228;357.96384;-0.00884;-1.38513;-36.77214;-73.08161;1009.69189;959.39789;1;1000.56384;-36.5;-73;165.24602;281.19907;13.89281;13.90261;2210.99878;277.75742;-48.76432;304.38336;-108.83572;16.93487; 
125.59578;125.69112;127.51462;127.51462;144.53305;146.74121;146.74121;-1.27226;-0.99187;357.76596;-0.00902;-1.33836;-36.77155;-73.08163;1009.65234;959.34882;1;1000.53601;-36.5;-73;165.24503;280.84421;13.88902;13.90261;2213.96704;277.51834;-39.24248;301.87704;-116.19613;-61.17036; 
125.63943;125.71555;127.53934;127.53933;144.58328;146.76965;146.76964;-1.27277;-1.07451;357.5488;-0.00912;-1.3794;-36.77096;-73.08167;1009.61975;959.04755;1;1000.50403;-36.5;-73;165.24446;280.8082;13.88524;13.90261;2214.32642;277.79721;-42.85966;305.87918;-117.48168;-38.72317; 
125.67177;125.74306;127.56718;127.56718;144.6205;146.8017;146.8017;-1.27503;-1.14285;357.34802;-0.00989;-1.36285;-36.77036;-73.0817;1009.58307;959.13306;1;1000.46979;-36.5;-73;165.24408;280.69864;13.88146;13.90261;2212.09253;278.18091;-48.23873;302.30994;-101.26757;13.09; 
125.69614;125.7673;127.59169;127.59169;144.64853;146.82991;146.82991;-1.2758;-1.1048;357.12387;-0.01112;-1.40674;-36.76977;-73.08173;1009.54382;956.96838;1;1000.43213;-36.5;-73;165.24374;280.57614;13.87995;13.90034;2213.04224;277.93677;-43.64084;305.18069;-110.29105;-39.49392; 
125.72173;125.79129;127.61597;127.61597;144.67798;146.85785;146.85785;-1.27561;-1.08517;356.91785;-0.00947;-1.39002;-36.76918;-73.08177;1009.50391;955.96906;1;1000.39716;-36.5;-73;165.24341;280.4592;13.87995;13.89656;2214.24536;278.08817;-44.5593;302.52808;-114.08468;-17.27241; 
125.74496;125.81001;127.6349;127.63488;144.70471;146.87962;146.87961;-1.27838;-1.12165;356.70822;-0.00682;-1.39559;-36.76859;-73.08181;1009.4754;957.4823;1;1000.35394;-36.5;-73;165.24319;280.3829;13.87995;13.89278;2212.08545;278.27466;-48.63995;301.43231;-107.8357;32.27194; 
125.7643;125.82652;127.65161;127.65161;144.72697;146.89885;146.89885;-1.27955;-1.08396;356.50455;-0.0071;-1.38225;-36.76801;-73.08186;1009.45032;958.9892;1;1000.32562;-36.5;-73;165.2429;280.29761;13.87995;13.889;2211.75195;278.13196;-43.20315;301.64478;-107.77876;-40.80018; 
125.78057;125.84443;127.66972;127.66973;144.7457;146.91969;146.91971;-1.27924;-1.15862;356.28516;-0.00766;-1.41419;-36.76741;-73.0819;1009.42188;960.50714;1;1000.29834;-36.5;-73;165.24274;280.23013;13.87995;13.88521;2212.5083;278.38974;-47.20424;303.1756;-108.07328;-8.73977; 
125.798;125.86313;127.68864;127.68865;144.76575;146.94147;146.94148;-1.27934;-1.12011;356.07111;-0.00548;-1.41609;-36.76682;-73.08195;1009.39673;961.83264;1;1000.27283;-36.5;-73;165.24239;280.13199;13.87995;13.88143;2213.37842;278.33804;-45.77977;302.38791;-111.77132;-13.36285; 
125.81671;125.87785;127.70356;127.70356;144.78729;146.95863;146.95863;-1.27782;-1.13716;355.85727;-0.00109;-1.41146;-36.76622;-73.08201;1009.37976;961.83588;1;1000.24854;-36.5;-73;165.24217;280.06909;13.87768;13.87992;2215.448;278.5166;-46.37191;302.26251;-117.06097;-13.21438; 
125.82983;125.88884;127.71468;127.71468;144.8024;146.97144;146.97144;-1.2808;-1.13945;355.64011;-0.00485;-1.42988;-36.76564;-73.08206;1009.36926;961.84155;1;1000.22919;-36.5;-73;165.24197;280.01965;13.8739;13.87992;2212.42065;278.43207;-46.15362;303.26077;-103.10898;-16.19662; 
125.84149;125.90095;127.72691;127.72691;144.81581;146.98552;146.98552;-1.28138;-1.13653;355.42682;-0.00584;-1.42629;-36.76505;-73.08212;1009.35059;961.83557;1;1000.21411;-36.5;-73;165.24176;279.96252;13.87011;13.87992;2212.25732;278.47678;-46.12282;302.40955;-101.8739;-16.12859; 
125.85437;125.9149;127.74105;127.74104;144.83063;147.00179;147.00177;-1.28186;-1.10979;355.20996;-0.00601;-1.43955;-36.76447;-73.08218;1009.33063;961.82477;1;1000.20026;-36.5;-73;165.24149;279.88885;13.86633;13.87992;2212.96704;278.45605;-46.48394;306.47809;-110.32264;4.89197; 
125.86887;125.92672;127.75301;127.75302;144.84731;147.01553;147.01555;-1.28245;-1.13607;355.01022;-0.00382;-1.40534;-36.76388;-73.08224;1009.31445;961.81403;1;1000.18073;-36.5;-73;165.24135;279.84225;13.86255;13.87992;2212.86987;278.65536;-46.73653;302.28244;-111.76829;-8.4937; 
125.87852;125.9344;127.76077;127.76077;144.85843;147.02448;147.02448;-1.28306;-1.07616;354.78934;-0.00347;-1.43338;-36.76329;-73.08231;1009.2998;961.80133;1;1000.16534;-36.5;-73;165.24118;279.79034;13.85877;13.87992;2212.59985;278.36255;-43.06293;304.84647;-108.19263;-35.36208; 
125.89425;125.96858;127.79545;127.79545;144.87653;147.06438;147.06438;-1.28977;-0.94677;354.60138;0.0017;-1.36838;-36.7627;-73.08237;1009.29211;961.79211;1;1000.15179;-36.5;-73;165.24034;279.56497;13.85687;13.87803;2210.90088;273.44284;-37.23973;303.03339;-129.48129;-54.95609; 
125.92802;125.99483;127.82202;127.82202;144.91539;147.09497;147.09497;-1.28198;-1.05781;354.41852;-0.00258;-1.33627;-36.76211;-73.08244;1009.26678;961.58838;1;1000.13977;-36.5;-73;165.23969;279.50027;13.85687;13.87425;2213.70972;278.9169;-45.41549;302.7243;-81.08325;3.98493; 
125.94885;126.01026;127.83768;127.8377;144.93936;147.11299;147.11301;-1.28779;-0.95519;354.22461;0.00409;-1.33251;-36.76152;-73.08252;1009.26849;960.92584;1;1000.12244;-36.5;-73;165.23929;279.38052;13.85687;13.87046;2215.20142;273.78656;-38.44016;306.91101;-148.64114;-40.64606; 
125.97397;126.0369;127.86465;127.86463;144.96826;147.14401;147.144;-1.28271;-1.09;354.04587;-0.00375;-1.30583;-36.76094;-73.0826;1009.24359;961.30682;1;1000.11609;-36.5;-73;165.23863;279.3219;13.85687;13.86668;2216.3667;279.28836;-48.72806;300.36914;-109.62358;40.98491; 
125.98875;126.04523;127.8731;127.8731;144.98528;147.15375;147.15375;-1.28934;-0.95758;353.84015;0.00434;-1.33649;-36.76035;-73.08267;1009.24622;961.75861;1;1000.10138;-36.5;-73;165.23851;279.22522;13.85687;13.8629;2215.0376;273.8443;-38.36197;304.13345;-147.26875;-41.79671; 
126.01269;126.08755;127.91598;127.91598;145.01282;147.20308;147.20308;-1.27694;-1.00811;353.66806;-0.01263;-1.28128;-36.75976;-73.08275;1009.20868;962.18658;1;1000.09039;-36.5;-73;165.23753;279.03137;13.85687;13.85912;2223.99536;279.41318;-44.46435;301.87195;-123.97804;9.62062; 
126.0363;126.08613;127.91454;127.91452;145.03999;147.20143;147.2014;-1.28754;-0.99796;353.46933;0.00747;-1.31113;-36.75917;-73.08283;1009.21167;962.82367;1;1000.06586;-36.5;-73;165.23747;279.07458;13.85536;13.85685;2215.01782;274.22583;-41.61364;304.03647;-108.88996;-10.49253; 
126.05354;126.12608;127.95508;127.95508;145.05983;147.24808;147.24808;-1.28306;-0.97817;353.29166;-0.00709;-1.27063;-36.75858;-73.08292;1009.22162;963.47858;1;1000.0683;-36.5;-73;165.23647;278.82355;13.85158;13.85685;2221.43262;274.51544;-39.39589;304.19128;-129.26674;-41.37246; 
126.07502;126.12079;127.94976;127.94976;145.08455;147.24196;147.24196;-1.29037;-1.05886;353.09378;0.00999;-1.29897;-36.758;-73.08301;1009.2406;964.14001;1;1000.07373;-36.5;-73;165.23627;278.93713;13.8478;13.85685;2212.9187;279.25873;-44.61748;300.86972;-109.65319;-11.39566; 
126.07648;126.12817;127.95731;127.95732;145.08623;147.25064;147.25066;-1.30167;-0.91531;352.8909;0.00592;-1.32271;-36.75741;-73.0831;1009.27142;964.65234;1;1000.0929;-36.5;-73;165.23593;278.82822;13.84402;13.85685;2205.34058;273.93292;-42.39716;305.3479;-112.59328;45.16132; 
126.09797;126.16663;127.99621;127.99621;145.11096;147.29541;147.29543;-1.2836;-1.01871;352.73578;-0.02187;-1.22176;-36.75682;-73.08319;1009.21899;968.12921;1;1000.10309;-36.5;-73;165.23517;278.66953;13.84023;13.85685;2220.48828;279.8157;-45.99844;300.75671;-116.72434;23.04233; 
126.11301;126.15631;127.98572;127.98572;145.12827;147.28334;147.28334;-1.28922;-1.0346;352.51651;0.00691;-1.32499;-36.75624;-73.08328;1009.20349;968.289;1;1000.07153;-36.5;-73;165.23555;278.75873;13.83645;13.85685;2214.98315;279.29257;-44.1799;305.67462;-106.7056;-2.85082; 
126.12274;126.18986;128.01978;128.01979;145.13947;147.32253;147.32254;-1.29003;-0.96319;352.33899;-0.01048;-1.27321;-36.75565;-73.08338;1009.21204;968.56738;1;1000.06335;-36.5;-73;165.23471;278.51898;13.8338;13.85571;2216.09375;274.56952;-40.51499;301.82568;-103.81966;-15.34166; 
126.14921;126.21848;128.04886;128.04884;145.16992;147.356;147.356;-1.2937;-0.96932;352.1506;0.0166;-1.26809;-36.75507;-73.08348;1009.23853;968.80676;1;1000.06433;-36.5;-73;165.23352;278.40973;13.8338;13.85193;2214.74268;274.58704;-39.15885;302.51825;-113.808;-40.8415; 
126.17374;126.22872;128.05936;128.05936;145.19815;147.36807;147.36807;-1.29962;-0.97296;351.95947;0.01224;-1.27776;-36.75448;-73.08358;1009.29907;968.54095;1;1000.09637;-36.5;-73;165.23268;278.38095;13.8338;13.84815;2209.65527;274.4664;-38.98074;303.53555;-106.31248;-44.71053; 
126.18854;126.23258;128.06332;128.06331;145.21518;147.37265;147.37263;-1.29828;-1.04731;351.76794;0.003;-1.28531;-36.75389;-73.08369;1009.32983;971.36749;1;1000.14752;-36.5;-73;165.23225;278.405;13.8338;13.84437;2210.35645;279.51578;-43.55089;303.43546;-113.5889;-25.00738; 
126.18562;126.22102;128.05159;128.05161;145.21182;147.35913;147.35915;-1.29607;-1.11042;351.55759;-0.00541;-1.33663;-36.75331;-73.08379;1009.32288;973.00452;1;1000.17078;-36.5;-73;165.2328;278.47684;13.8338;13.84058;2211.47949;279.64774;-48.57525;303.9678;-110.3944;30.89767; 
126.18249;126.24165;128.07245;128.07243;145.20822;147.38315;147.38315;-1.308;-0.89776;351.37207;-0.02314;-1.28638;-36.75272;-73.0839;1009.28424;974.31134;1;1000.16791;-36.5;-73;165.23265;278.27341;13.8338;13.8368;2203.40674;274.05524;-32.85007;300.84903;-106.29633;-110.30886; 
126.19559;126.24071;128.07135;128.07137;145.2233;147.38188;147.3819;-1.29123;-1.16839;351.15921;-0.00539;-1.35;-36.75214;-73.08401;1009.21381;974.30994;1;1000.11707;-36.5;-73;165.23315;278.39368;13.83267;13.83415;2215.7854;280.03589;-51.47518;304.1666;-106.62659;50.13751; 
126.19651;126.25262;128.08344;128.08345;145.22435;147.3958;147.39581;-1.31165;-0.93915;350.96191;-0.0051;-1.32314;-36.75155;-73.08413;1009.20807;970.78558;1;1000.07434;-36.5;-73;165.23283;278.24915;13.82889;13.83415;2199.88306;274.10461;-37.65862;303.49448;-94.57598;-47.98737; 
126.2121;126.25806;128.08891;128.08891;145.24229;147.4021;147.4021;-1.29264;-1.11285;350.7666;0.00553;-1.32423;-36.75097;-73.08425;1009.18396;972.32892;1;1000.05194;-36.5;-73;165.2328;278.29965;13.8251;13.83415;2215.40479;280.01987;-50.81964;301.53555;-108.52437;63.93209; 
126.21469;126.26878;128.09982;128.09982;145.24527;147.41466;147.41466;-1.31274;-0.9044;350.57755;-0.00544;-1.29377;-36.75039;-73.08437;1009.20471;975.13293;0;1000.04535;-36.5;-73;165.23235;278.17026;13.82132;13.83415;2199.99634;274.08649;-34.1485;299.93915;-101.07733;-91.96676; 
126.22778;126.27471;128.1058;128.1058;145.26033;147.42152;147.42152;-1.29525;-0.97052;350.38199;0.00448;-1.30937;-36.7498;-73.08449;1009.18451;978.80975;0;1000.04468;-36.5;-73;165.23232;278.16864;13.81754;13.83415;2215.33301;274.75012;-42.12155;300.44897;-110.58885;9.67051; 
126.24184;126.30527;128.13675;128.13673;145.27652;147.45715;147.45715;-1.30231;-0.92384;350.22238;-0.01717;-1.22023;-36.74921;-73.08462;1009.16064;968.3537;1;1000.03882;-36.5;-73;165.23155;277.99286;13.81376;13.83415;2206.58374;274.70557;-35.93058;303.07468;-54.91412;-78.80283; 
126.25324;126.2894;128.12064;128.12065;145.28964;147.4386;147.43861;-1.29462;-1.11102;350.00949;0.00904;-1.31808;-36.74863;-73.08474;1009.14648;967.87659;1;1000.00897;-36.5;-73;165.23218;278.15445;13.81111;13.83302;2214.70361;279.95941;-46.18826;304.53214;-105.50288;-10.57503; 
126.24865;126.30021;128.13167;128.13167;145.28436;147.45129;147.45129;-1.3124;-0.89047;349.82483;-0.00341;-1.27272;-36.74804;-73.08487;1009.18317;966.55481;1;1000.01172;-36.5;-73;165.23161;278.01709;13.81111;13.82924;2201.75146;274.2269;-34.08767;299.98083;-106.83206;-86.90881; 
126.26067;126.3032;128.13469;128.1347;145.29819;147.45477;147.45479;-1.29605;-0.99868;349.63254;0.00911;-1.2884;-36.74746;-73.08501;1009.17505;964.95673;1;1000.01953;-36.5;-73;165.2314;278.05963;13.81111;13.82545;2214.87231;275.00754;-42.93844;302.85315;-103.37686;7.52275; 
126.26827;126.3243;128.15617;128.15617;145.30693;147.47951;147.47949;-1.30561;-0.97216;349.45325;0.008;-1.26077;-36.74687;-73.08514;1009.22479;964.45892;1;1000.03564;-36.5;-73;165.23051;277.92026;13.81111;13.82167;2207.57397;274.80032;-40.80053;299.44019;-102.7844;-17.15265; 
126.27715;126.32873;128.16074;128.16072;145.31715;147.48474;147.48473;-1.30224;-0.97357;349.26294;0.00858;-1.27131;-36.74629;-73.08527;1009.25739;964.96545;1;1000.07196;-36.5;-73;165.23016;277.89905;13.81111;13.81789;2210.92017;274.83429;-39.00336;305.40375;-107.78898;-46.33206; 
126.28221;126.31674;128.14862;128.14862;145.32298;147.47081;147.47081;-1.3023;-1.07768;349.06305;0.00014;-1.30572;-36.7457;-73.08542;1009.2771;964.58728;1;1000.10431;-36.5;-73;165.23032;278.0166;13.81111;13.81411;2208.59253;279.86856;-46.98496;304.68881;-95.61522;17.62917; 
126.27168;126.30177;128.13339;128.13341;145.31085;147.45328;147.45329;-1.29987;-1.0452;348.86139;-0.00572;-1.32444;-36.74512;-73.08556;1009.26288;964.10089;1;1000.11847;-36.5;-73;165.23088;278.08142;13.81035;13.81108;2210.90137;279.68301;-44.30022;303.02435;-106.5038;-9.44676; 
126.2603;126.29356;128.12503;128.12502;145.29776;147.44366;147.44365;-1.29876;-1.06107;348.66568;-0.00603;-1.3181;-36.74454;-73.0857;1009.23755;963.89874;1;1000.10815;-36.5;-73;165.23131;278.12323;13.80657;13.81108;2211.51343;279.72516;-43.6102;302.25043;-106.90157;-30.68315; 
126.24691;126.27881;128.11002;128.11003;145.28235;147.42638;147.42639;-1.29876;-1.15413;348.44388;-0.00377;-1.38376;-36.74397;-73.08585;1009.21741;965.90741;1;1000.08905;-36.5;-73;165.23204;278.21805;13.80279;13.81108;2210.70752;279.80756;-48.46801;303.13446;-104.40787;9.26078; 
126.23299;126.26728;128.09828;128.09828;145.26633;147.41287;147.41287;-1.29665;-1.04053;348.23688;-0.00585;-1.37184;-36.74339;-73.086;1009.19684;967.5368;1;1000.06763;-36.5;-73;165.23242;278.24506;13.799;13.81108;2212.80127;279.42746;-41.07735;301.49216;-112.19005;-58.23879; 
126.22188;126.25552;128.08632;128.08632;145.25356;147.39911;147.39911;-1.29627;-1.06798;348.02069;-0.00449;-1.39426;-36.74281;-73.08615;1009.17773;970.09723;1;1000.04608;-36.5;-73;165.23296;278.30594;13.79522;13.81108;2212.42993;279.56219;-46.61953;305.75409;-108.82747;22.12555; 
126.21948;126.27892;128.11005;128.11005;145.25079;147.42641;147.42641;-1.31419;-0.92281;347.8324;-0.0048;-1.33908;-36.74223;-73.0863;1009.16962;971.33069;1;1000.0296;-36.5;-73;165.23238;278.12131;13.79144;13.81108;2198.72729;274.20764;-40.27139;303.69897;-95.63968;3.17977; 
126.24192;126.30348;128.13483;128.13481;145.27661;147.45493;147.45493;-1.28403;-1.06767;347.65768;-0.01571;-1.2833;-36.74165;-73.08646;1009.09418;967.17804;0;1000.00372;-36.5;-73;165.2321;278.05298;13.78804;13.8107;2224.37183;280.35312;-46.65826;300.5712;-111.5209;12.14737; 
126.25037;126.28437;128.11543;128.11543;145.28633;147.4326;147.4326;-1.29514;-1.07727;347.44711;0.0093;-1.33962;-36.74107;-73.08662;1009.09351;971.53589;1;999.95483;-36.5;-73;165.23274;278.17249;13.78804;13.80692;2214.40039;279.75638;-43.70234;303.90051;-109.47482;-34.73582; 
126.23969;126.28014;128.11122;128.11122;145.27403;147.42776;147.42776;-1.30109;-0.94994;347.24918;0.01234;-1.33718;-36.7405;-73.08678;1009.13373;971.05591;1;999.95508;-36.5;-73;165.23267;278.13217;13.78804;13.80314;2212.71313;274.47128;-36.5252;304.94141;-140.26425;-71.24596; 
126.24625;126.31047;128.14194;128.14192;145.28159;147.46312;147.4631;-1.30417;-0.931;347.07523;-0.01964;-1.27855;-36.73992;-73.08694;1009.11139;970.2392;1;999.97577;-36.5;-73;165.23189;277.96622;13.78804;13.79936;2208.92358;274.61642;-35.44154;302.02866;-107.32066;-85.67779; 
126.2638;126.30492;128.13626;128.13625;145.30179;147.45659;147.45657;-1.29425;-1.15802;346.87592;0.01002;-1.31444;-36.73933;-73.08711;1009.08801;969.83173;0;999.94836;-36.5;-73;165.23215;278.10019;13.78804;13.79557;2215.4917;280.27527;-50.26207;301.03638;-107.22552;31.02322; 
126.25562;126.28742;128.11862;128.11862;145.29237;147.43628;147.43628;-1.29907;-1.00475;346.66479;0.01385;-1.35304;-36.73876;-73.08728;1009.13696;971.95605;0;999.95306;-36.5;-73;165.23233;278.13379;13.78804;13.79179;2211.98633;274.61493;-39.84863;304.57834;-105.47034;-41.38748; 
126.25265;126.30231;128.1338;128.13379;145.28896;147.45375;147.45375;-1.30177;-1.00337;346.51367;0.01452;-1.31942;-36.73829;-73.08742;1009.18231;977.09625;0;999.98303;-36.5;-73;165.23154;278.0419;13.78804;13.79179;2211.73047;279.77682;-50.73008;291.21445;-141.45479;117.67775; 
126.26337;126.28176;128.11293;128.11292;145.30128;147.42973;147.42973;-1.31026;-0.68902;346.34946;-0.02191;-1.23584;-36.73772;-73.08759;1009.18097;978.95245;0;1000.02405;-36.5;-73;136.74757;253.56418;13.78804;13.78801;2202.61792;273.71899;-27.7301;258.86261;-100.60158;-93.59608; 
126.18799;125.99083;127.81756;127.81751;145.21455;147.08983;147.08983;-1.29232;-0.78814;346.21277;-0.04524;-1.16525;-36.73714;-73.08777;1009.05103;981.38788;0;999.99695;-36.5;-73;128.08398;230.75232;13.785;13.78801;2205.25098;272.80859;-40.01223;239.98552;-92.30073;72.59331; 
125.94392;125.6827;127.50459;127.50453;144.93369;146.72968;146.72968;-1.27345;-0.57464;346.09744;-0.05301;-1.07538;-36.73657;-73.08794;1008.85956;985.1665;0;999.87927;-36.5;-73;128.13957;235.6366;13.78205;13.78801;2210.29272;271.20016;-29.32364;246.71532;-96.05514;6.46768; 
125.66032;125.40445;127.22195;127.22192;144.60732;146.40442;146.40442;-1.26029;-0.57358;346.01978;-0.04863;-0.93559;-36.736;-73.08812;1008.66711;984.97357;0;999.70203;-36.5;-73;127.99867;236.94304;13.77907;13.78801;2211.63623;270.48013;-27.07392;242.46953;-99.36113;-36.28043; 
125.37971;125.13426;126.94754;126.94753;144.28439;146.08862;146.08864;-1.24939;-0.81165;345.89813;-0.04156;-0.96673;-36.73543;-73.0883;1008.49957;979.91254;0;999.51935;-36.5;-73;127.82907;237.56079;13.7761;13.78801;2210.80591;269.94974;-36.34256;244.4693;-96.23624;10.86745; 
125.10752;124.8732;126.68243;126.6824;143.97118;145.78354;145.78354;-1.23765;-0.64864;345.76596;-0.03517;-0.97826;-36.73486;-73.08848;1008.35468;973.79889;0;999.35535;-36.5;-73;127.61115;237.34343;13.77315;13.78801;2211.79248;268.54498;-26.55825;243.46744;-97.09265;-65.9307; 
124.8511;124.62211;126.42748;126.42745;143.67609;145.49016;145.49014;-1.22754;-0.65782;345.65204;-0.02595;-0.93483;-36.73429;-73.08866;1008.2417;970.59644;0;999.21417;-36.5;-73;126.52374;237.41017;13.77021;13.78801;2211.33765;267.97458;-32.33758;239.99207;-98.60721;23.74343; 
124.59361;124.34473;126.14593;126.1459;143.37976;145.16615;145.16612;-1.21741;-0.6624;345.53229;-0.0213;-0.91061;-36.73373;-73.08884;1008.15503;977.54553;0;999.09845;-36.5;-73;119.50166;230.76962;13.76733;13.78801;2209.6626;266.9859;-31.12813;230.77032;-97.17355;3.68095; 
124.31013;124.00141;125.79749;125.79745;143.05356;144.76517;144.76515;-1.20576;-0.57613;345.41614;-0.02353;-0.88041;-36.73317;-73.08902;1008.07446;980.07025;0;999.00671;-36.5;-73;106.16238;214.79391;13.76514;13.78746;2206.49438;265.39316;-25.727;206.63333;-92.18774;-39.47342; 
123.94476;123.50792;125.29664;125.29661;142.63309;144.1888;144.1888;-1.187;-0.55975;345.3074;-0.04072;-0.85202;-36.7326;-73.0892;1007.95978;978.09332;0;998.91833;-36.5;-73;96.87682;198.66368;13.76514;13.78507;2202.06128;263.39685;-28.85345;188.65221;-85.93499;30.06807; 
123.47219;122.97182;124.75242;124.75235;142.08926;143.56253;143.56253;-1.15856;-0.18965;345.23596;-0.05926;-0.73191;-36.73205;-73.08939;1007.77142;976.06549;0;998.79529;-36.5;-73;95.8135;194.23227;13.76514;13.78286;2205.22412;256.65945;-7.37138;189.14635;-88.81686;-140.13428; 
122.96001;122.46759;124.24049;124.24041;141.49986;142.9734;142.9734;-1.13182;-0.43507;345.18762;-0.06228;-0.62747;-36.73149;-73.08957;1007.54517;973.99023;0;998.60962;-36.5;-73;96.63352;197.15213;13.76514;13.78064;2206.74731;260.11191;-22.69025;188.68501;-91.3951;-14.54894; 
122.45467;121.96942;123.73468;123.7346;140.91832;142.39134;142.39134;-1.10631;-0.45275;345.08771;-0.06291;-0.67695;-36.73094;-73.08975;1007.31482;971.18481;0;998.39172;-36.5;-73;96.58664;198.84206;13.76514;13.77842;2209.10645;254.20677;-21.20611;193.44594;-85.97099;-24.60291; 
121.96684;121.51514;123.27346;123.2734;140.35693;141.86057;141.86055;-1.08337;-0.48144;345.00769;-0.04782;-0.64037;-36.73038;-73.08994;1007.11108;967.98242;0;998.1687;-36.5;-73;96.53851;199.96741;13.76514;13.77617;2210.02832;257.27567;-24.42394;191.93367;-91.13507;3.99308; 
121.50311;121.06942;122.82101;122.82099;139.82329;141.3399;141.3399;-1.0625;-0.36529;344.90884;-0.03599;-0.64756;-36.72984;-73.09013;1006.95709;980.22229;0;997.97778;-36.5;-73;96.48901;200.91869;13.76514;13.77392;2210.78516;251.46182;-14.42554;195.24049;-91.43075;-93.70487; 
121.06286;120.63741;122.38257;122.38256;139.31665;140.83536;140.83536;-1.04438;-0.55038;344.81729;-0.02408;-0.63963;-36.72929;-73.09031;1006.85254;992.4928;0;997.81891;-36.5;-73;96.4496;202.29521;13.76514;13.77167;2207.93311;254.79729;-28.24647;191.79434;-90.55266;41.22553; 
120.62792;120.2272;121.96628;121.96627;138.81613;140.35629;140.35629;-1.02398;-0.34817;344.71689;-0.01581;-0.6281;-36.72874;-73.09049;1006.77704;1000.31628;0;997.70984;-36.5;-73;96.40205;203.0247;13.76514;13.76942;2209.55542;249.02823;-13.24092;194.75008;-93.54771;-103.69242; 
120.22195;119.83704;121.57041;121.5704;138.34895;139.90074;139.90073;-1.00729;-0.44344;344.61752;-0.00766;-0.63622;-36.7282;-73.09068;1006.73859;1001.79138;0;997.63672;-36.5;-73;96.36729;204.2829;13.76514;13.76717;2207.6001;248.16721;-23.36394;199.15094;-91.55501;24.67373; 
119.8348;119.46481;121.19277;121.19276;137.90343;139.46616;139.46616;-0.98945;-0.51705;344.5322;-0.00175;-0.6027;-36.72766;-73.09087;1006.72205;1002.75238;0;997.59546;-36.5;-73;96.326;205.05615;13.76469;13.76538;2206.7373;251.40181;-26.68838;193.81346;-94.36143;33.80359; 
119.45111;119.09133;120.81387;120.81388;137.46188;139.03012;139.03014;-0.97073;-0.43647;344.42065;-0.00137;-0.63325;-36.72712;-73.09105;1006.71411;1002.79321;0;997.5752;-36.5;-73;96.28694;205.95613;13.76246;13.76538;2207.74121;245.92686;-15.56954;196.15181;-94.45892;-98.4276; 
119.08848;118.74638;120.46394;120.46393;137.04457;138.62743;138.62743;-0.95437;-0.37274;344.31357;0.0028;-0.65027;-36.72659;-73.09124;1006.71808;1002.84344;0;997.56787;-36.5;-73;96.25491;206.97165;13.76022;13.76538;2207.14624;244.92018;-17.52734;201.27745;-93.45244;-34.71017; 
118.74492;118.41807;120.13091;120.13091;136.64922;138.24419;138.24419;-0.93844;-0.54137;344.23993;0.00801;-0.59008;-36.72605;-73.09142;1006.7373;1002.90692;0;997.57214;-36.5;-73;96.22285;207.86351;13.75799;13.76538;2205.95728;248.59705;-30.00133;194.40987;-95.78796;82.31704; 
118.40932;118.09628;119.8045;119.8045;136.26302;137.86856;137.86856;-0.92195;-0.33821;344.13333;0.00738;-0.61454;-36.72552;-73.09161;1006.76141;1002.97314;0;997.58923;-36.5;-73;96.18516;208.39856;13.75575;13.76538;2207.06567;243.15627;-16.11398;195.96834;-95.89023;-43.51018; 
118.09389;117.79401;119.49792;119.49792;135.90002;137.51576;137.51575;-0.9074;-0.55459;344.0607;0.01202;-0.56611;-36.72499;-73.0918;1006.79663;1003.0484;0;997.61487;-36.5;-73;96.1589;209.40561;13.75352;13.76538;2205.60034;246.85623;-27.16406;192.81358;-97.73402;30.56391; 
117.78117;117.48817;119.18772;119.18771;135.54015;137.15878;137.15878;-0.8917;-0.38027;343.9364;0.00896;-0.64312;-36.72446;-73.092;1006.83228;1003.12201;0;997.64734;-36.5;-73;96.12736;210.13712;13.75128;13.76538;2206.40942;241.45036;-15.01889;197.5602;-95.31109;-74.22414; 
117.48557;117.20325;118.89876;118.89876;135.19998;136.82625;136.82625;-0.87747;-0.65956;343.84729;0.01309;-0.62719;-36.72393;-73.09219;1006.87268;1003.1983;0;997.68225;-36.5;-73;96.0987;210.89487;13.74905;13.76538;2205.02417;245.32224;-31.70663;199.29745;-95.94061;69.63223; 
117.19167;116.91779;118.60924;118.60923;134.86177;136.49307;136.49307;-0.86213;-0.45606;343.71982;0.01039;-0.68042;-36.7234;-73.09238;1006.91211;1003.27161;0;997.72089;-36.5;-73;96.06832;211.52727;13.74681;13.76538;2206.25952;239.99489;-18.81894;196.97929;-95.3763;-38.88903; 
116.91582;116.65616;118.34389;118.34389;134.54433;136.18773;136.18773;-0.84903;-0.59257;343.62518;0.0147;-0.64919;-36.72287;-73.09257;1006.95813;1003.34937;0;997.76093;-36.5;-73;96.04239;212.22752;13.74458;13.76538;2205.08252;243.61192;-27.41057;197.81279;-97.16206;31.02852; 
116.64829;116.40745;118.09167;118.09167;134.23647;135.89748;135.89748;-0.83501;-0.36454;343.51733;0.01521;-0.64472;-36.72235;-73.09276;1007.00739;1003.42841;0;997.80469;-36.5;-73;96.01517;212.73271;13.74234;13.76538;2206.68628;238.63266;-16.05201;198.57405;-99.23724;-47.86443; 
116.40475;116.17938;117.86042;117.8604;133.95621;135.63136;135.63135;-0.82427;-0.45364;343.43805;0.01963;-0.59479;-36.72182;-73.09296;1007.06946;1003.51819;0;997.85822;-36.5;-73;95.99267;213.34816;13.74234;13.76314;2205.08423;242.25827;-24.58294;196.49907;-100.55611;41.47273; 
116.16706;115.93159;117.60915;117.60915;133.68266;135.34219;135.34219;-0.81254;-0.50607;343.32669;0.01554;-0.64428;-36.7213;-73.09315;1007.13074;1003.60492;0;997.92108;-36.5;-73;95.96551;213.89684;13.74234;13.76091;2203.78174;241.38287;-19.70834;201.42654;-95.8409;-55.15136; 
115.9306;115.7075;117.3819;117.3819;133.41055;135.08069;135.08069;-0.79922;-0.6148;343.23318;0.01544;-0.62851;-36.72078;-73.09335;1007.18335;1003.68109;0;997.97803;-36.5;-73;95.94409;214.5406;13.74234;13.75867;2204.63159;241.18196;-29.80648;193.46692;-98.90402;65.53348; 
115.70017;115.4938;117.16521;117.1652;133.14539;134.83131;134.83131;-0.78689;-0.38528;343.11987;0.01451;-0.64612;-36.72026;-73.09354;1007.23291;1003.75226;0;998.03131;-36.5;-73;95.92136;215.00557;13.74234;13.75644;2206.10229;236.22244;-15.23652;197.5322;-99.85009;-65.59511; 
115.49089;115.28826;116.95678;116.95676;132.90454;134.59146;134.59146;-0.77704;-0.69996;343.02328;0.01717;-0.64332;-36.71975;-73.09373;1007.29022;1003.8291;0;998.08447;-36.5;-73;95.90059;215.57108;13.74234;13.7542;2204.10083;240.22557;-32.78049;195.16324;-98.81568;82.42825; 
115.28056;115.0897;116.75542;116.75542;132.66251;134.35976;134.35976;-0.76499;-0.41398;342.90085;0.01469;-0.67211;-36.71923;-73.09393;1007.34235;1003.89886;0;998.13855;-36.5;-73;95.87924;215.98532;13.74234;13.75196;2205.96875;235.28239;-21.20413;197.87608;-100.12457;25.07451; 
115.09102;114.92256;116.58598;116.58598;132.44438;134.16476;134.16476;-0.75634;-0.41399;342.83139;0.02021;-0.58227;-36.71872;-73.09413;1007.40259;1003.97467;0;998.19189;-36.5;-73;95.86156;216.37488;13.74234;13.74973;2205.62183;235.0851;-21.23109;196.31091;-102.8896;17.47112; 
114.90971;114.72765;116.38835;116.38834;132.23573;133.93733;133.93733;-0.74766;-0.61231;342.7207;0.01695;-0.6346;-36.7182;-73.09433;1007.46826;1004.05414;0;998.25598;-36.5;-73;95.83945;216.79576;13.74234;13.74749;2203.26318;238.5537;-28.6549;198.63194;-98.40701;53.86432; 
114.7242;114.56239;116.22082;116.22082;132.02225;133.74454;133.74454;-0.73637;-0.43297;342.62869;0.01616;-0.60035;-36.71769;-73.09453;1007.52075;1004.11847;0;998.31726;-36.5;-73;95.82361;217.24544;13.74234;13.74526;2205.37695;237.78769;-18.22656;193.55919;-104.88396;-47.15679; 
114.55066;114.38261;116.03852;116.03851;131.82256;133.53474;133.53474;-0.72836;-0.59817;342.51193;0.01471;-0.65269;-36.71718;-73.09473;1007.57562;1004.18323;0;998.37073;-36.5;-73;95.80521;217.7291;13.74234;13.74302;2203.42578;237.50935;-25.43038;196.96008;-98.39391;9.61687; 
114.37749;114.21426;115.8678;115.86781;131.62326;133.33829;133.3383;-0.71765;-0.51963;342.40747;0.01307;-0.64359;-36.71667;-73.09493;1007.62115;1004.23669;0;998.42487;-36.5;-73;99.09614;219.57573;13.74078;13.74235;2204.56567;236.97545;-22.65287;202.70804;-101.62959;-4.50021; 
114.22798;114.14742;115.80008;115.80006;131.45122;133.26036;133.26035;-0.71104;-0.61227;342.298;0.02144;-0.64844;-36.71616;-73.09513;1007.67505;1004.29657;0;998.4707;-36.5;-73;97.70767;230.96332;13.73833;13.74235;2207.93481;237.23175;-23.07203;206.83215;-106.58244;-38.96445; 
114.1152;113.91404;115.56347;115.56347;131.32143;132.98807;132.98808;-0.70889;-0.61506;342.16336;0.01804;-0.71223;-36.71565;-73.09534;1007.75421;1004.37994;0;998.53125;-36.5;-73;76.06475;190.89189;13.73629;13.74235;2197.80835;235.88277;-24.75201;165.48236;-90.27828;-1.25377; 
113.84435;113.39968;115.04166;115.04165;131.00974;132.38757;132.38757;-0.68386;-0.38861;342.06757;-0.02239;-0.67256;-36.71514;-73.09554;1007.75403;1004.38196;0;998.59283;-36.5;-73;61.3393;154.95715;13.73446;13.74235;2190.28394;229.68875;-20.80002;134.08568;-79.65903;46.01675; 
113.35069;112.73859;114.3707;114.3706;130.44165;131.61546;131.61546;-0.6354;-0.1893;342.02728;-0.07756;-0.5338;-36.71463;-73.09575;1007.58099;1004.20923;0;998.56555;-36.5;-73;61.4087;147.22649;13.73271;13.74235;2192.14355;227.47868;-8.85997;129.35487;-80.80283;-72.98442; 
112.7352;112.09788;113.72017;113.71996;129.73335;130.86684;130.86684;-0.58456;-0.11702;341.97903;-0.1083;-0.47825;-36.71413;-73.09595;1007.26038;1003.88715;0;998.39209;-36.5;-73;62.16723;149.02884;13.73095;13.74235;2198.45898;226.03238;-11.20408;139.62233;-80.60531;-1.51944; 
112.10825;111.48698;113.0998;113.09958;129.01187;130.15294;130.15294;-0.5355;-0.11672;341.95935;-0.11349;-0.37714;-36.71363;-73.09615;1006.87762;1003.50116;0;998.08948;-36.5;-73;62.17502;149.87794;13.72919;13.74235;2205.68823;224.96065;-11.86287;137.80231;-85.80436;5.93479; 
111.4976;110.89171;112.49535;112.49519;128.30916;129.45734;129.45734;-0.4976;-0.17112;341.92584;-0.09745;-0.33503;-36.71314;-73.09635;1006.52686;1003.14545;0;997.73535;-36.5;-73;62.18019;150.67395;13.72742;13.74235;2206.05371;223.61525;-11.2248;136.60371;-85.60318;-25.2899; 
110.89652;110.30348;111.89813;111.89803;127.61745;128.77008;128.77008;-0.46154;-0.35174;341.85684;-0.07902;-0.37993;-36.71264;-73.09656;1006.2345;1002.84637;0;997.39044;-36.5;-73;62.18319;151.48299;13.72566;13.74235;2205.29272;222.30618;-16.83365;138.40126;-83.12917;6.33511; 
110.31165;109.73238;111.31838;111.31831;126.94439;128.10291;128.10291;-0.4254;-0.22493;341.78568;-0.06231;-0.3853;-36.71215;-73.09676;1006.00183;1002.60529;0;997.10168;-36.5;-73;62.1843;152.26631;13.7239;13.74235;2205.21509;220.76917;-11.98639;136.19107;-85.05591;-24.15179; 
109.73975;109.17209;110.74971;110.74969;126.28625;127.44849;127.44852;-0.39033;-0.34684;341.71457;-0.04628;-0.39006;-36.71167;-73.09695;1005.82471;1002.41803;0;996.86523;-36.5;-73;62.18369;153.04742;13.72214;13.74235;2204.20483;219.67738;-17.53881;140.97403;-85.72976;24.07462; 
109.18156;108.62759;110.19712;110.19711;125.6439;126.81259;126.8126;-0.35661;-0.08174;341.6373;-0.03539;-0.3913;-36.71118;-73.09715;1005.69244;1002.27399;0;996.68689;-36.5;-73;62.18153;153.80455;13.72038;13.74235;2203.86865;218.09395;-6.09318;141.60361;-98.69691;-66.20564; 
108.63817;108.09817;109.65988;109.65987;125.01858;126.19434;126.19435;-0.31778;-0.11532;341.60864;-0.03309;-0.29953;-36.7107;-73.09736;1005.57849;1002.14661;0;996.55151;-36.5;-73;62.17799;154.52534;13.71949;13.74147;2205.31323;217.32823;-12.01162;135.34171;-91.76003;11.88578; 
108.10411;107.57439;109.12841;109.12841;124.40399;125.58274;125.58275;-0.28616;-0.39154;341.53897;-0.01651;-0.34292;-36.71022;-73.09756;1005.50311;1002.05621;0;996.43555;-36.5;-73;62.17314;155.27057;13.71949;13.73969;2202.49463;216.35249;-20.70856;138.97112;-87.49721;61.98057; 
107.58642;107.07037;108.61704;108.61703;123.80824;124.99427;124.99426;-0.25327;-0.26915;341.46646;-0.01144;-0.35343;-36.70974;-73.09776;1005.45898;1001.99561;0;996.36041;-36.5;-73;62.1671;155.96484;13.71949;13.73791;2201.76196;214.8526;-7.23563;137.34924;-89.21901;-115.24599; 
107.07725;106.57466;108.11411;108.11412;123.2223;124.4155;124.41551;-0.21999;-0.59136;341.35895;-0.00715;-0.45079;-36.70927;-73.09795;1005.43115;1001.94958;0;996.31384;-36.5;-73;62.16001;156.6722;13.71949;13.73614;2200.33105;214.19365;-25.69483;141.60052;-85.12425;85.48281; 
106.58376;106.09684;107.62936;107.62936;122.65441;123.85767;123.85767;-0.18551;-0.22911;341.27582;-0.00507;-0.42646;-36.7088;-73.09815;1005.40961;1001.90833;0;996.28558;-36.5;-73;62.15201;157.31461;13.71949;13.73436;2201.49902;212.63617;-7.25861;139.29219;-90.14283;-93.44613; 
106.10302;105.62775;107.15349;107.15349;122.10118;123.31004;123.31004;-0.15289;-0.56107;341.19434;0.00013;-0.43653;-36.70832;-73.09835;1005.40283;1001.88019;0;996.26355;-36.5;-73;62.14316;157.98988;13.71949;13.73258;2200.35205;212.22446;-21.88479;140.75032;-88.95646;33.0038; 
105.63605;105.17436;106.69357;106.69357;121.5638;122.78077;122.78077;-0.12022;-0.52991;341.07996;0.00094;-0.49848;-36.70786;-73.09855;1005.40399;1001.85864;0;996.25476;-36.5;-73;62.13354;158.61726;13.71949;13.73081;2200.33154;211.05585;-18.12347;140.75281;-88.18157;-11.67417; 
105.18336;104.73537;106.24823;106.24822;121.04285;122.26829;122.26828;-0.0881;-0.41783;340.98666;0.00415;-0.48957;-36.7074;-73.09875;1005.41144;1001.84192;0;996.255;-36.5;-73;62.12336;159.22191;13.71949;13.72903;2200.48486;210.01938;-11.87698;141.8967;-90.13019;-76.42599; 
104.7349;104.28447;105.79084;105.79084;120.52678;121.74193;121.74193;-0.05631;-0.67545;340.87527;0.00573;-0.53875;-36.70693;-73.09895;1005.42926;1001.83374;0;996.26617;-36.5;-73;62.11217;159.91954;13.71949;13.72725;2198.78101;212.59024;-25.43472;144.22977;-87.52601;55.56765; 
104.29098;103.85793;105.35815;105.35815;120.01591;121.24401;121.24401;-0.02237;-0.56047;340.7724;0.00615;-0.53404;-36.70647;-73.09915;1005.44452;1001.82184;0;996.27808;-36.5;-73;62.10043;160.47467;13.71949;13.72548;2200.27686;211.53906;-18.90943;138.85852;-92.23527;-12.53008; 
103.85807;103.42578;104.91982;104.91981;119.51774;120.73957;120.73956;0.00921;-0.73475;340.65359;0.00705;-0.5769;-36.70602;-73.09935;1005.46576;1001.81433;0;996.29907;-36.5;-73;62.08797;161.1358;13.71949;13.7237;2199.07642;210.97542;-28.10771;140.68733;-89.60395;85.60448; 
103.42965;103.00821;104.49624;104.49623;119.02472;120.25213;120.25212;0.04157;-0.61499;340.53445;0.00695;-0.59406;-36.70556;-73.09955;1005.48615;1001.80457;0;996.31891;-36.5;-73;62.07499;161.70634;13.71949;13.72192;2199.43286;209.87689;-21.68295;141.40877;-90.59922;22.38785; 
103.01031;102.59903;104.08118;104.08118;118.54216;119.77449;119.77449;0.07288;-0.55769;340.42166;0.00892;-0.59909;-36.7051;-73.09975;1005.51062;1001.79736;0;996.33923;-36.5;-73;62.06155;162.28183;13.71949;13.72015;2199.13208;209.07756;-22.20171;144.2784;-90.36724;52.4596; 
102.60696;102.22013;103.69686;103.69685;118.07798;119.33222;119.33221;0.10306;-0.51748;340.3428;0.01377;-0.53504;-36.70465;-73.09995;1005.54437;1001.79779;0;996.36108;-36.5;-73;62.04835;162.79666;13.71842;13.71944;2199.46924;208.41632;-18.81592;138.16502;-93.7348;5.35504; 
102.21748;101.82959;103.30074;103.30075;117.62978;118.87637;118.87638;0.13274;-0.89116;340.22333;0.01385;-0.59592;-36.7042;-73.10015;1005.58765;1001.80658;0;996.3988;-36.5;-73;62.03417;163.40759;13.71664;13.71944;2197.93213;208.21843;-32.23796;144.05699;-90.6246;111.34309; 
101.83128;101.46365;102.92957;102.92957;117.18535;118.44924;118.44923;0.16172;-0.26902;340.10254;0.01304;-0.60114;-36.70375;-73.10036;1005.62518;1001.81451;0;996.44031;-36.5;-73;62.02002;163.83952;13.71487;13.71944;2199.47461;203.55589;-8.36799;145.43431;-101.65559;-67.78111; 
101.47306;101.12424;102.58532;102.58533;116.77312;118.05308;118.0531;0.19661;-0.38375;340.06985;0.0135;-0.46259;-36.7033;-73.10056;1005.65851;1001.81793;0;996.47571;-36.5;-73;62.00657;164.31215;13.71309;13.71944;2202.81909;203.72331;-15.85393;142.04732;-102.22069;7.75171; 
101.12163;100.76833;102.22435;102.22434;116.3687;117.63768;117.63768;0.21876;-0.42053;339.98837;0.02181;-0.4745;-36.70286;-73.10075;1005.71735;1001.84552;0;996.51331;-36.5;-73;61.99219;164.85895;13.71132;13.71944;2198.60107;202.89891;-15.86756;144.61214;-94.45496;0.00854; 
100.77696;100.43198;101.88323;101.88323;115.97206;117.24514;117.24515;0.2445;-0.42426;339.91757;0.02301;-0.45969;-36.70242;-73.10096;1005.78571;1001.88159;0;996.56958;-36.5;-73;61.97791;165.3475;13.70954;13.71944;2197.34912;205.14249;-16.44176;142.27177;-94.51308;0.82965; 
100.43456;100.09113;101.53756;101.53754;115.57803;116.84734;116.84734;0.27266;-0.41332;339.84079;0.01993;-0.4561;-36.70198;-73.10116;1005.84967;1001.91193;0;996.63477;-36.5;-73;61.96292;165.84142;13.70776;13.71944;2197.17163;204.46967;-13.24652;144.45992;-95.28646;-47.34152; 
100.09463;99.759;101.20071;101.2007;115.18684;116.4597;116.45969;0.30126;-0.68436;339.74835;0.01764;-0.48807;-36.70154;-73.10136;1005.90533;1001.95239;0;996.69623;-36.5;-73;61.9478;166.3333;13.70599;13.71944;2196.98193;204.29713;-23.23181;146.4353;-94.6551;34.43865; 
99.7598;99.43629;100.87341;100.87342;114.80154;116.08305;116.08308;0.32939;-0.55142;339.63171;0.0149;-0.5309;-36.70111;-73.10156;1005.95245;1001.99274;0;996.75208;-36.5;-73;61.93348;166.86479;13.70421;13.71944;2197.46924;203.40543;-18.10327;143.78432;-94.45905;-2.70601; 
99.43974;99.13049;100.56326;100.56326;114.43322;115.72614;115.72614;0.34974;-0.36402;339.54626;0.01098;-0.49298;-36.70067;-73.10176;1005.99536;1002.02765;0;996.80194;-36.5;-73;61.91795;167.19443;13.70243;13.71944;2194.52197;202.55757;-10.82395;143.7023;-93.54751;-66.29643; 
99.12634;98.81488;100.24313;100.24313;114.07256;115.35774;115.35775;0.39211;-1.07154;339.44644;0.01752;-0.52025;-36.70024;-73.10197;1006.0293;1002.05212;0;996.84204;-36.5;-73;61.9027;167.76337;13.70066;13.71944;2200.55518;206.42595;-33.1055;141.94371;-93.09601;68.6409; 
98.79603;98.48438;99.90797;99.90795;113.69244;114.97204;114.97204;0.4048;-0.87896;339.2337;0.02668;-0.71632;-36.6998;-73.10217;1006.10461;1002.1167;0;996.88672;-36.5;-73;61.88576;168.19885;13.69888;13.71944;2192.8125;201.66357;-23.70202;148.49641;-86.3892;4.21475; 
98.48756;98.2016;99.62117;99.62117;113.33746;114.642;114.642;0.43047;-0.47725;339.1499;0.00688;-0.57756;-36.69937;-73.10237;1006.15204;1002.16125;0;996.94812;-36.5;-73;61.87098;168.53658;13.6971;13.71944;2192.94922;200.86778;-8.84593;137.45905;-80.37066;-128.57208; 
98.19592;97.90665;99.32198;99.32198;113.00185;114.29771;114.29771;0.46615;-0.9375;339.00922;0.01387;-0.64302;-36.69894;-73.10258;1006.18109;1002.18835;0;996.99707;-36.5;-73;61.85573;169.0519;13.69657;13.71819;2198.09082;204.37662;-31.91615;145.76573;-100.26318;105.97783; 
97.90192;97.62904;99.04044;99.04044;112.66352;113.9737;113.9737;0.48277;-0.45427;338.89627;0.00864;-0.59735;-36.69852;-73.10278;1006.21875;1002.22272;0;997.03278;-36.5;-73;61.84053;169.36977;13.69657;13.71642;2194.37207;200.04825;-11.3814;141.11655;-94.639;-75.56178; 
97.62598;97.36205;98.76961;98.76962;112.34598;113.66204;113.66206;0.51752;-0.62129;338.79608;0.01424;-0.5844;-36.69809;-73.10299;1006.24341;1002.24274;0;997.06262;-36.5;-73;61.82592;169.77211;13.69657;13.71464;2199.98364;200.51816;-25.29681;149.18875;-107.57175;104.02984; 
97.35979;97.11302;98.51704;98.51703;112.03964;113.37139;113.37139;0.53627;-0.15619;338.73148;0.01416;-0.49282;-36.69766;-73.1032;1006.28333;1002.27808;0;997.0929;-36.5;-73;62.50259;170.81821;13.69657;13.71286;2197.86548;196.66127;-1.93299;144.95158;-101.11162;-138.18071; 
97.11047;96.86794;98.26849;98.26849;111.75274;113.08537;113.08537;0.55751;-0.56291;338.67877;0.02183;-0.45195;-36.69724;-73.1034;1006.33673;1002.33057;0;997.13782;-36.5;-73;62.49952;172.07146;13.69657;13.71109;2196.92285;199.82344;-22.77457;148.04005;-100.11261;72.51117; 
96.8644;96.62749;98.02466;98.02466;111.46956;112.80476;112.80477;0.57811;-0.38489;338.58102;0.02293;-0.48925;-36.69682;-73.10361;1006.40149;1002.39301;0;997.19031;-36.5;-73;62.4799;171.9548;13.69657;13.7093;2196.31909;198.92894;-13.82951;146.70331;-97.99017;-15.34933; 
96.62487;96.39384;97.78773;97.7877;111.19392;112.53211;112.5321;0.60005;-0.38107;338.53003;0.0253;-0.42516;-36.69639;-73.10381;1006.47021;1002.46179;0;997.25256;-36.5;-73;62.46554;172.29463;13.69657;13.70752;2196.49463;198.70786;-12.79915;148.84895;-101.89661;-35.95258; 
96.39357;96.16395;97.55462;97.5546;110.92774;112.26385;112.26385;0.62029;-0.53806;338.44229;0.02458;-0.45639;-36.69598;-73.10402;1006.54211;1002.53448;0;997.32214;-36.5;-73;61.77076;172.54463;13.69657;13.70574;2195.44727;198.53398;-19.44681;147.32896;-99.49731;30.36431; 
96.15838;95.93919;97.32671;97.3267;110.65709;112.00157;112.00157;0.64215;-0.49168;338.35684;0.02247;-0.45233;-36.69556;-73.10423;1006.60889;1002.60077;0;997.39294;-36.5;-73;62.43807;173.07657;13.69657;13.70396;2195.81201;198.08946;-16.25357;148.05037;-101.29026;-7.85165; 
95.93382;95.72133;97.10579;97.10577;110.39867;111.74735;111.74734;0.66226;-0.49217;338.25372;0.02127;-0.48207;-36.69514;-73.10444;1006.67175;1002.66174;0;997.45966;-36.5;-73;62.42992;173.84225;13.69657;13.70217;2195.37158;197.69667;-15.92358;150.49821;-99.5312;-10.2409; 
95.71529;95.51028;96.89178;96.89177;110.14719;111.50107;111.50107;0.68338;-0.60462;338.1702;0.0212;-0.45886;-36.69472;-73.10464;1006.73169;1002.15332;0;997.52234;-36.5;-73;61.73632;173.87575;13.69657;13.70038;2195.80029;200.27007;-17.37398;146.99333;-103.02534;-31.71983; 
95.4943;95.28179;96.66005;96.66004;109.89288;111.23441;111.23441;0.70362;-0.54746;338.03107;0.01705;-0.54434;-36.6943;-73.10485;1006.7876;1000.86646;0;997.5813;-36.5;-73;61.71694;173.81581;13.69657;13.6986;2194.64282;197.08316;-19.80478;150.39223;-97.59902;43.51151; 
95.2809;95.08311;96.45856;96.45856;109.6473;111.00254;111.00255;0.72563;-0.45447;337.97778;0.01701;-0.43222;-36.69389;-73.10506;1006.83356;994.1908;1;997.63867;-36.5;-73;62.38237;174.3649;13.69657;13.6968;2196.17432;196.87047;-12.67963;143.86121;-105.45369;-56.64828; 
95.06644;94.86184;96.23416;96.23415;109.40051;110.74429;110.74429;0.74726;-0.97495;337.83554;0.01492;-0.54354;-36.69348;-73.10527;1006.88202;973.92969;1;997.68738;-36.5;-73;62.37141;175.0316;13.69496;13.69663;2194.98608;199.82895;-29.6227;145.36505;-98.01228;69.0228; 
94.84764;94.65053;96.01984;96.01984;109.14872;110.49767;110.49766;0.76596;-0.61134;337.67999;0.01128;-0.60519;-36.69307;-73.10548;1006.92114;955.14545;1;997.73492;-36.5;-73;61.68132;175.09592;13.69317;13.69663;2194.83594;198.67532;-17.19366;147.97205;-99.48943;-20.9749; 
94.64599;94.46706;95.83378;95.83379;108.91666;110.28355;110.28355;0.78636;-0.40166;337.60583;0.01396;-0.50284;-36.69266;-73.10569;1006.95538;930.22388;1;997.76892;-36.5;-73;61.66795;175.25194;13.69138;13.69663;2196.07373;195.86093;-11.17004;146.75716;-104.63046;-58.57923; 
94.45479;94.26887;95.63277;95.63277;108.69663;110.05223;110.05223;0.80396;-0.77328;337.5054;0.01525;-0.51289;-36.69225;-73.1059;1006.99878;884.10193;0;997.80713;-36.5;-73;61.65569;175.6293;13.6896;13.69663;2194.40601;198.68758;-20.71993;146.34435;-101.83852;-18.71747; 
94.2513;94.06821;95.42926;95.42925;108.46247;109.81804;109.81803;0.82861;-1.0042;337.35123;0.01376;-0.60479;-36.69184;-73.10611;1007.03741;824.17078;0;997.84857;-36.5;-73;62.31358;175.97008;13.68782;13.69663;2196.1394;198.65439;-27.57184;145.98326;-102.38958;35.92095; 
94.04888;93.87382;95.23212;95.23212;108.22952;109.59118;109.59116;0.8422;-0.70599;337.18964;0.01106;-0.65541;-36.69143;-73.10632;1007.0769;787.92432;0;997.88965;-36.5;-73;62.30325;176.44623;13.68603;13.69663;2193.75732;197.56462;-17.98836;149.35918;-98.99753;-29.50568; 
93.86093;93.69041;95.0461;95.04609;108.01324;109.37711;109.37709;0.86328;-0.59498;337.10034;0.01104;-0.56599;-36.69102;-73.10654;1007.10614;769.96246;0;997.9245;-36.5;-73;62.29191;176.808;13.68424;13.69663;2195.11084;197.47351;-14.39135;145.71227;-104.12737;-64.5425; 
93.6738;93.50733;94.86041;94.86042;107.79788;109.16342;109.16343;0.88145;-0.92542;336.9617;0.0114;-0.62045;-36.69062;-73.10675;1007.13879;769.14758;1;997.95465;-36.5;-73;62.27507;176.84866;13.68245;13.69663;2194.11548;197.76297;-26.77099;150.2979;-100.19099;49.0319; 
93.49116;93.33234;94.68294;94.68294;107.58771;108.95919;108.95919;0.89948;-0.48747;336.82907;0.01056;-0.62427;-36.69022;-73.10696;1007.16791;780.86603;1;997.98682;-36.5;-73;62.2644;177.1895;13.68066;13.69663;2194.79565;194.22813;-12.99856;151.99442;-100.74709;-39.58767; 
93.32378;93.17098;94.51929;94.51929;107.3951;108.77086;108.77087;0.91699;-0.72859;336.7702;0.01555;-0.51733;-36.68982;-73.10718;1007.20374;755.65912;0;998.01794;-36.5;-73;62.24676;177.07541;13.67887;13.69663;2194.88501;197.41734;-26.26355;145.25772;-105.99418;92.13824; 
93.15157;92.99696;94.3428;94.3428;107.19692;108.56776;108.56776;0.93239;-0.55401;336.63287;0.01282;-0.5804;-36.68941;-73.1074;1007.24438;723.71808;0;998.05316;-36.5;-73;62.23298;177.27629;13.67709;13.69663;2193.86011;196.46843;-13.06356;152.92009;-101.39048;-67.50156; 
92.98299;92.83211;94.17561;94.17561;107.00291;108.37536;108.37536;0.9505;-0.47441;336.5603;0.01328;-0.50925;-36.68901;-73.10761;1007.27954;691.89178;0;998.09351;-36.5;-73;62.23096;178.16768;13.67529;13.69663;2194.39209;196.4101;-13.48862;148.55493;-104.80058;-42.7605; 
92.81715;92.6699;94.0111;94.0111;106.81208;108.18605;108.18605;0.96697;-0.66806;336.46109;0.01311;-0.52066;-36.68862;-73.10783;1007.31671;691.6153;0;998.12964;-36.5;-73;62.21679;178.26752;13.6737;13.69645;2193.76123;196.56755;-22.26073;149.83423;-103.21503;48.5013; 
92.65335;92.509;93.84792;93.84792;106.62357;107.99826;107.99827;0.98418;-0.60261;336.35553;0.01119;-0.52578;-36.68822;-73.10805;1007.34961;694.89478;0;998.16675;-36.5;-73;62.19799;178.11082;13.6737;13.69466;2193.91406;196.1852;-18.93006;148.65097;-103.62871;14.18943; 
92.493;92.35178;93.68847;93.68847;106.43905;107.81477;107.81477;1.00129;-0.63714;336.25684;0.01085;-0.5156;-36.68782;-73.10826;1007.3797;698.12555;0;998.19891;-36.5;-73;62.18262;178.15289;13.6737;13.69288;2194.02271;196.03999;-18.1806;150.55075;-104.88815;-8.39264; 
92.33501;92.19819;93.5327;93.53269;106.25724;107.63551;107.63551;1.01696;-0.56411;336.13904;0.01025;-0.53939;-36.68743;-73.10848;1007.40881;691.59064;1;998.22839;-36.5;-73;61.50968;178.53465;13.6737;13.69109;2193.71265;195.69301;-16.68569;150.08443;-102.92379;-9.01134; 
92.1821;92.05087;93.38329;93.38329;106.08127;107.46358;107.46358;1.03311;-0.51353;336.05737;0.01108;-0.48723;-36.68703;-73.1087;1007.43719;653.93872;1;998.25354;-36.5;-73;61.503;179.00308;13.6737;13.68932;2194.00732;195.49965;-11.83972;148.09674;-105.64179;-78.70363; 
92.03194;91.90421;93.23454;93.23454;105.90846;107.2924;107.2924;1.04859;-0.75191;335.93787;0.01137;-0.53006;-36.68664;-73.10892;1007.46875;617.87006;1;998.28711;-36.5;-73;62.15053;178.94737;13.6737;13.68753;2193.37817;195.76035;-24.36343;149.33145;-103.34802;64.91399; 
91.88407;91.76125;93.08957;93.08956;105.7383;107.12556;107.12556;1.06529;-0.84959;335.82242;0.01079;-0.535;-36.68624;-73.10914;1007.49811;640.16571;0;998.31628;-36.5;-73;62.14101;179.28406;13.6737;13.68575;2193.84131;195.58826;-21.69785;148.60962;-105.80836;-6.62279; 
91.73625;91.61884;92.94514;92.94514;105.5682;106.95936;106.95937;1.08003;-0.84792;335.65921;0.00972;-0.61689;-36.68585;-73.10936;1007.52673;655.8396;0;998.34827;-36.5;-73;62.13359;179.73282;13.6737;13.68396;2193.35034;195.27876;-23.98665;150.38213;-101.99976;39.53625; 
91.59801;91.48546;92.80985;92.80985;105.40912;106.80367;106.80367;1.09422;-0.44938;335.55035;0.01101;-0.56423;-36.68546;-73.10958;1007.55402;670.02167;0;998.37634;-36.5;-73;62.11486;179.39781;13.6737;13.68218;2193.9375;194.54251;-7.68189;150.0907;-105.55997;-120.8038; 
91.46486;91.34998;92.67245;92.67245;105.25588;106.64556;106.64556;1.10899;-0.91322;335.4556;0.01286;-0.53762;-36.68507;-73.1098;1007.58734;668.71283;0;998.40735;-36.5;-73;62.10574;179.76672;13.6737;13.6804;2192.94165;195.31883;-25.76436;147.64754;-105.53271;43.73124; 
91.32336;91.21438;92.53494;92.53494;105.09305;106.48731;106.48731;1.12158;-0.967;335.28854;0.0135;-0.62905;-36.68468;-73.11002;1007.62262;642.99048;0;998.43964;-36.5;-73;62.09829;180.18721;13.6737;13.67861;2191.6897;194.79865;-22.4634;149.33794;-100.23556;-17.19858; 
91.18649;91.08368;92.40239;92.40239;104.93554;106.33477;106.33477;1.13844;-0.86149;335.14438;0.00775;-0.63683;-36.68429;-73.11024;1007.64874;614.42584;0;998.47064;-36.5;-73;61.42352;180.09818;13.6737;13.67682;2193.06323;194.54039;-20.0985;148.59964;-104.05246;-25.52766; 
91.05641;90.95867;92.2756;92.27559;104.78585;106.18887;106.18886;1.16432;-1.12095;334.99707;0.01318;-0.66046;-36.68391;-73.11047;1007.67145;603.49146;1;998.49561;-36.5;-73;61.41195;180.1821;13.6737;13.67505;2198.00293;195.2225;-29.08485;148.3988;-111.81144;51.90243; 
90.92493;90.83132;92.14647;92.14646;104.63455;106.04027;106.04026;1.15863;-0.95171;334.82748;0.01338;-0.6976;-36.68352;-73.11069;1007.72095;601.49384;1;998.52924;-36.5;-73;62.06991;180.88853;13.67334;13.67361;2189.30005;194.07385;-22.32151;149.07689;-99.47408;-8.8316; 
90.80485;90.71764;92.03118;92.03118;104.49635;105.9076;105.9076;1.17882;-0.86731;334.69162;0.00555;-0.67461;-36.68314;-73.11092;1007.74182;599.88861;1;998.5658;-36.5;-73;61.40138;180.95381;13.67156;13.67361;2192.92432;194.21436;-22.99084;149.0553;-105.07845;24.20131; 
90.69027;90.60437;91.91628;91.9163;104.3645;105.77538;105.77539;1.19167;-0.49548;334.57953;0.00647;-0.6191;-36.68275;-73.11115;1007.75708;602.18146;1;998.59216;-36.5;-73;61.38614;180.71227;13.66978;13.67361;2193.56396;193.64705;-10.75041;149.4933;-106.23874;-77.17205; 
90.58016;90.49174;91.80206;91.80206;104.23779;105.64393;105.64393;1.20441;-0.7404;334.50278;0.01015;-0.55254;-36.68237;-73.11137;1007.77985;613.14221;1;998.60712;-36.5;-73;62.03917;181.17134;13.66799;13.67361;2193.10352;194.17995;-21.63445;150.40395;-107.6733;29.37545; 
90.46461;90.37714;91.68583;91.68584;104.10482;105.51017;105.51018;1.21698;-0.9788;334.37073;0.009;-0.6035;-36.68199;-73.1116;1007.80609;576.47687;1;998.62964;-36.5;-73;61.36625;181.01793;13.6662;13.67361;2192.38867;194.30298;-28.26512;150.75636;-104.83304;78.89755; 
90.34801;90.26805;91.5752;91.5752;103.97063;105.38286;105.38286;1.22942;-0.65519;334.23019;0.00795;-0.63078;-36.68161;-73.11183;1007.82745;551.22321;1;998.65076;-36.5;-73;62.02719;181.87538;13.66441;13.67361;2193.05908;193.49295;-16.57866;153.17764;-104.4416;-20.725; 
90.24445;90.16805;91.47378;91.47377;103.85146;105.26615;105.26614;1.24073;-0.36292;334.16763;0.01151;-0.51613;-36.68123;-73.11206;1007.8526;547.73462;1;998.67584;-36.5;-73;62.02661;182.38554;13.66262;13.67361;2193.55566;193.38602;-11.94099;150.77373;-109.46978;-24.89707; 
90.14442;90.06873;91.37306;91.37305;103.73635;105.15025;105.15024;1.25023;-0.53247;334.09628;0.01387;-0.47825;-36.68085;-73.11229;1007.88806;541.80475;1;998.70215;-36.5;-73;62.02087;182.64117;13.66083;13.67361;2192.49707;193.63266;-18.03671;151.05856;-108.26617;26.41188; 
90.04495;89.97179;91.27477;91.27477;103.62189;105.03713;105.03713;1.26055;-0.42472;334.00684;0.01256;-0.47748;-36.68047;-73.11252;1007.9234;521.11353;1;998.7381;-36.5;-73;62.01346;182.80121;13.65904;13.67361;2192.34351;193.27808;-12.52095;153.67603;-107.58743;-32.76908; 
89.9483;89.87862;91.18028;91.18028;103.51065;104.92841;104.92841;1.2723;-0.63694;333.94501;0.01251;-0.42845;-36.68009;-73.11275;1007.95642;491.32291;1;998.77124;-36.5;-73;62.00764;183.04155;13.65725;13.67361;2192.53809;193.6116;-18.78022;148.24532;-110.32146;8.05031; 
89.84916;89.78313;91.08347;91.08347;103.39657;104.81699;104.81699;1.28289;-0.90781;333.80197;0.01005;-0.52781;-36.67971;-73.11298;1007.98767;484.58481;1;998.80603;-36.5;-73;61.99694;183.07637;13.65546;13.67361;2191.72192;193.66479;-25.6136;150.35382;-105.29875;55.44073; 
89.75318;89.69285;90.99191;90.99191;103.28612;104.71162;104.71162;1.29428;-0.67656;333.67331;0.00868;-0.53681;-36.67934;-73.11321;1008.01147;483.70386;1;998.83612;-36.5;-73;61.99014;183.22939;13.65366;13.67361;2192.64282;193.06503;-15.25922;147.50854;-107.66929;-51.32647; 
89.66251;89.60229;90.90008;90.90008;103.18177;104.60595;104.60595;1.30468;-0.8676;333.54333;0.01004;-0.55802;-36.67896;-73.11345;1008.03723;477.94067;1;998.86072;-36.5;-73;58.67742;181.30171;13.6519;13.67361;2192.12646;193.36125;-23.74011;147.41333;-107.04585;37.69334; 
89.5525;89.4203;90.71545;90.71545;103.05518;104.39348;104.39348;1.32127;-0.85814;333.39816;-0.00433;-0.59441;-36.67858;-73.11368;1008.05066;472.20081;1;998.88763;-36.5;-73;55.19485;166.16191;13.65071;13.6731;2187.84692;192.63557;-22.13346;135.36899;-100.27131;19.47932; 
89.3756;89.19849;90.49038;90.49037;102.85161;104.13447;104.13447;1.35299;-0.77365;333.27078;-0.02935;-0.58771;-36.67821;-73.11391;1008.00403;466.3941;1;998.88635;-36.5;-73;55.79854;166.06834;13.65071;13.67138;2188.70386;192.20026;-19.03706;135.63173;-101.24603;-8.91102; 
89.16698;88.99402;90.28281;90.28277;102.61153;103.8956;103.89559;1.38426;-0.84364;333.14706;-0.04305;-0.58389;-36.67784;-73.11415;1007.90436;460.54684;1;998.84039;-36.5;-73;56.44183;167.89003;13.65071;13.66966;2191.00317;192.26619;-20.85602;138.18291;-102.27985;2.20582; 
88.96325;88.80324;90.0891;90.08908;102.37708;103.67269;103.67271;1.41116;-0.78275;333.01019;-0.04445;-0.60249;-36.67746;-73.11439;1007.78546;454.6907;1;998.74634;-36.5;-73;56.43433;168.53435;13.65071;13.66794;2192.75195;192.16315;-21.83749;140.1758;-102.1146;38.13052; 
88.77212;88.61871;89.90176;89.90173;102.15714;103.4571;103.45708;1.43481;-0.57683;332.91006;-0.03768;-0.55145;-36.67709;-73.11462;1007.67517;450.07117;1;998.63336;-36.5;-73;56.42565;169.04784;13.65071;13.66622;2193.76538;191.82623;-14.36396;137.52794;-104.79784;-32.89939; 
88.58647;88.43292;89.71318;89.71318;101.9435;103.24008;103.2401;1.45658;-0.69049;332.81247;-0.02869;-0.53;-36.67672;-73.11486;1007.58783;470.24039;1;998.52869;-36.5;-73;56.40894;169.13972;13.65071;13.66451;2193.20264;191.92723;-18.98012;140.32971;-104.51296;12.20141; 
88.39812;88.24698;89.52445;89.52444;101.72674;103.0229;103.0229;1.47908;-0.92095;332.69809;-0.02242;-0.5415;-36.67635;-73.1151;1007.52032;483.99982;1;998.44312;-36.5;-73;56.39507;169.4369;13.65071;13.66279;2192.70313;192.01732;-23.42741;137.47433;-104.28881;25.84488; 
88.20633;88.06009;89.33479;89.33479;101.50603;102.80464;102.80464;1.50853;-1.1185;332.54126;-0.01295;-0.60691;-36.67599;-73.11533;1007.47144;496.46457;1;998.37238;-36.5;-73;56.38077;169.73642;13.65071;13.66107;2194.89063;192.03369;-23.39136;138.25128;-104.66663;-21.80584; 
88.0126;87.87151;89.14346;89.14346;101.28309;102.58446;102.58446;1.52463;-1.17217;332.35614;-0.00151;-0.68346;-36.67562;-73.11557;1007.45782;507.34323;1;998.3291;-36.5;-73;56.36627;170.01787;13.65071;13.65935;2191.77368;191.65424;-26.96505;140.04645;-101.67262;30.23835; 
87.82522;87.6901;88.95942;88.95942;101.06746;102.37267;102.37267;1.53814;-1.01996;332.18707;-0.00702;-0.70017;-36.67525;-73.11581;1007.45129;512.76929;1;998.31464;-36.5;-73;56.35239;170.26093;13.65071;13.65763;2188.94946;191.01823;-22.84824;140.97005;-106.99302;4.10879; 
87.64752;87.51839;88.78517;88.78516;100.86297;102.17216;102.17216;1.56617;-0.87729;332.05356;-0.01723;-0.65679;-36.67489;-73.11605;1007.41455;512.46381;1;998.29401;-36.5;-73;56.33936;170.5015;13.65071;13.65591;2191.51343;191.01105;-20.33391;138.77408;-104.81609;-2.8289; 
87.47726;87.34923;88.6135;88.6135;100.66704;101.97461;101.97461;1.58958;-0.93817;331.92194;-0.01331;-0.64253;-36.67453;-73.11629;1007.3739;520.25903;0;998.26221;-36.5;-73;56.32638;170.76697;13.65071;13.65591;2192.15576;191.12979;-22.86754;138.40404;-104.37598;22.7027; 
87.30545;87.17985;88.44164;88.44164;100.46932;101.77682;101.77682;1.61098;-0.97827;331.78564;-0.0078;-0.64191;-36.67417;-73.11653;1007.34619;537.72742;0;998.22668;-36.5;-73;56.31316;171.02563;13.65071;13.65419;2192.07642;191.05492;-23.3788;137.8421;-104.62003;21.86163; 
87.13388;87.01144;88.27076;88.27075;100.27188;101.58018;101.58018;1.63137;-0.95839;331.64029;-0.00331;-0.65795;-36.67381;-73.11677;1007.33185;555.17163;0;998.20172;-36.5;-73;56.29996;171.27707;13.65071;13.65247;2191.67554;190.85501;-23.12642;142.19577;-103.91135;25.84848; 
86.96819;86.8478;88.10477;88.10477;100.08121;101.38916;101.38917;1.65124;-0.71993;331.52258;0.00043;-0.62038;-36.67346;-73.11701;1007.32764;572.52063;0;998.18713;-36.5;-73;56.28719;171.50148;13.65071;13.65075;2191.74292;190.50113;-18.47011;143.04091;-105.99186;10.1884; 
86.80649;86.68648;87.94111;87.94112;99.89513;101.20083;101.20084;1.67006;-0.55811;331.43909;0.0037;-0.54676;-36.6731;-73.11725;1007.33331;589.88409;0;998.18445;-36.5;-73;56.27456;171.74164;13.64899;13.65075;2191.21973;190.26804;-12.86783;137.77632;-107.0982;-44.73816; 
86.64508;86.52531;87.77763;87.77763;99.70938;101.0127;101.0127;1.69;-0.73961;331.34592;0.00484;-0.52922;-36.67274;-73.11749;1007.34503;604.30725;0;998.18542;-36.5;-73;56.26163;172.00143;13.64727;13.65075;2190.50659;190.48309;-19.33607;140.49031;-106.4734;14.71004; 
86.48222;86.36739;87.61743;87.61742;99.52196;100.82835;100.82834;1.71063;-0.73547;331.23343;0.00375;-0.54016;-36.67239;-73.11774;1007.35565;607.25995;0;998.19666;-36.5;-73;56.24875;172.23248;13.64555;13.65075;2190.552;190.33101;-19.19613;141.54092;-106.11687;16.26298; 
86.32355;86.21283;87.46065;87.46065;99.33937;100.64792;100.64792;1.73093;-0.64676;331.13242;0.00403;-0.52073;-36.67204;-73.11798;1007.36499;600.88135;0;998.20233;-36.5;-73;56.23622;172.45869;13.64383;13.65075;2190.74707;190.14066;-16.56449;140.71671;-107.23278;-4.45623; 
86.17051;86.0617;87.30734;87.30734;99.16325;100.4715;100.4715;1.7505;-0.69469;331.03387;0.00495;-0.50676;-36.67169;-73.11822;1007.37628;594.18243;0;998.2113;-36.5;-73;56.22392;172.69305;13.64211;13.65075;2190.51587;190.13741;-17.58125;140.72052;-107.44679;-0.46787; 
86.01408;85.90926;87.15273;87.15274;98.98325;100.29356;100.29359;1.77108;-0.92047;330.91681;0.00499;-0.5218;-36.67133;-73.11846;1007.3891;586.19458;0;998.22766;-36.5;-73;56.21121;172.94086;13.64039;13.65075;2190.24878;190.34256;-23.37711;140.34221;-107.4239;38.73995; 
85.85885;85.76041;87.00172;87.00172;98.8046;100.1198;100.1198;1.79091;-0.96416;330.7608;0.00393;-0.58362;-36.67098;-73.11871;1007.40021;574.29834;0;998.23828;-36.5;-73;56.19867;173.16292;13.63867;13.65075;2190.15649;190.08252;-21.5628;142.21756;-105.3884;2.83421; 
85.70868;85.61529;86.85452;86.85452;98.63179;99.9504;99.95039;1.81096;-0.96115;330.62021;0.005;-0.58928;-36.67063;-73.11895;1007.41089;572.68158;0;998.24872;-36.5;-73;56.18663;173.38036;13.63695;13.65075;2190.4519;189.96973;-21.43007;140.71043;-107.03365;1.61011; 
85.56056;85.46839;86.70551;86.70551;98.46134;99.77893;99.77892;1.82959;-1.00916;330.46594;0.00614;-0.61686;-36.67028;-73.1192;1007.42511;587.80072;0;998.26007;-36.5;-73;56.17448;173.61963;13.63524;13.65075;2190.17383;192.17404;-23.47872;140.36876;-106.0563;16.065; 
85.41242;85.32394;86.55898;86.55898;98.29086;99.61031;99.61031;1.84856;-0.81769;330.31653;0.00593;-0.62426;-36.66993;-73.11945;1007.44;594.29169;0;998.27496;-36.5;-73;56.16227;173.80685;13.63352;13.65075;2190.08765;189.55084;-17.48158;141.57089;-106.30804;-23.09599; 
85.27277;85.18836;86.42148;86.42149;98.13015;99.45206;99.45207;1.86649;-0.70453;330.20868;0.00781;-0.57422;-36.66959;-73.11969;1007.45685;599.27039;0;998.28998;-36.5;-73;56.15246;174.07253;13.6318;13.65075;2190.11572;189.51929;-16.7562;140.09462;-107.99435;-9.24878; 
85.13721;85.05354;86.28472;86.28472;97.97415;99.29469;99.29469;1.88418;-0.70027;330.10977;0.00868;-0.53716;-36.66924;-73.11993;1007.47772;597.18573;0;998.30719;-36.5;-73;56.1399;174.22099;13.63008;13.65075;2189.89941;189.5036;-15.65997;143.60757;-109.4317;-27.97151; 
85.00159;84.91905;86.14832;86.14832;97.81809;99.13773;99.13772;1.90205;-0.88023;330.00287;0.00832;-0.53042;-36.6689;-73.12019;1007.49915;607.3819;0;998.32507;-36.5;-73;56.12821;174.4379;13.62836;13.65075;2189.66455;191.78387;-16.47546;141.54361;-108.74984;-69.89577; 
84.85394;84.76302;85.99006;85.99006;97.64818;98.9556;98.9556;1.93063;-1.33501;329.84299;0.01601;-0.60363;-36.66856;-73.12043;1007.52405;621.59167;0;998.34662;-36.5;-73;56.11496;174.7681;13.62784;13.64955;2191.25171;192.47888;-29.46541;140.00006;-109.10728;34.2235; 
84.69347;84.60967;85.83454;85.83453;97.46351;98.77663;98.77662;1.94384;-1.33263;329.62677;0.01258;-0.7181;-36.66821;-73.12068;1007.56281;634.57837;0;998.37616;-36.5;-73;56.10216;175.02109;13.62784;13.64783;2188.20654;191.81012;-27.26651;140.61938;-104.24342;7.79369; 
84.54301;84.46601;85.68883;85.68882;97.29036;98.60895;98.60893;1.95351;-1.00648;329.4465;0.00391;-0.72685;-36.66787;-73.12093;1007.58545;683.69836;0;998.41058;-36.5;-73;56.0918;175.26964;13.62784;13.64611;2185.11426;190.97757;-20.13938;142.9594;-102.15768;-25.86315; 
84.4068;84.33237;85.55323;85.55322;97.13361;98.4529;98.4529;1.98154;-0.77813;329.32513;-0.01;-0.65191;-36.66753;-73.12118;1007.57037;729.98499;0;998.42834;-36.5;-73;56.0783;175.34509;13.62784;13.64439;2189.20728;191.11089;-13.66658;142.81261;-108.79709;-79.95514; 
84.27116;84.19615;85.41502;85.41502;96.97752;98.29385;98.29385;2.01647;-1.3043;329.2038;-0.00216;-0.62588;-36.66719;-73.12143;1007.54895;716.86469;0;998.41541;-36.5;-73;56.06616;175.62544;13.62784;13.64267;2194.25195;192.39246;-27.83257;138.55876;-118.6987;17.1422; 
84.12055;84.05187;85.26866;85.26866;96.80421;98.12543;98.12543;2.02488;-1.43153;328.97485;0.00662;-0.76496;-36.66686;-73.12168;1007.5611;695.4361;0;998.40704;-36.5;-73;56.05274;175.83954;13.62784;13.64095;2188.94531;191.88423;-31.93064;143.27719;-104.00464;65.88721; 
83.97995;83.91769;85.13256;85.13257;96.6424;97.9688;97.96882;2.03019;-0.98571;328.80914;0.00168;-0.735;-36.66652;-73.12194;1007.57574;668.66962;0;998.4137;-36.5;-73;56.04143;175.97372;13.62784;13.63923;2184.77759;190.66692;-18.05366;139.46638;-99.22031;-52.46035; 
83.85091;83.78957;85.00257;85.00258;96.4939;97.81922;97.81923;2.06398;-1.06183;328.67413;-0.00346;-0.69066;-36.66618;-73.12219;1007.56494;641.75934;0;998.4212;-36.5;-73;56.03229;176.27657;13.62784;13.63751;2190.823;191.41782;-23.23475;139.98021;-111.62536;10.49291; 
83.72015;83.65887;84.86998;84.86998;96.34343;97.66663;97.66663;2.08587;-1.18332;328.52316;0.00728;-0.68984;-36.66585;-73.12244;1007.56677;615.10425;0;998.41492;-36.5;-73;56.63983;176.51093;13.62784;13.63579;2191.67041;191.71527;-27.27406;138.62968;-112.30419;47.60631; 
83.58569;83.52657;84.7358;84.7358;96.1887;97.51222;97.51222;2.09007;-1.10029;328.35803;0.01044;-0.70435;-36.66552;-73.1227;1007.59363;616.90466;0;998.4209;-36.5;-73;56.00756;176.61766;13.62784;13.63408;2186.12256;190.96652;-23.12597;138.45253;-103.41364;2.33515; 
83.456;83.40059;84.60799;84.60799;96.03945;97.36515;97.36515;2.1135;-1.06283;328.20648;0.00174;-0.69833;-36.66518;-73.12296;1007.60455;620.71338;0;998.43872;-36.5;-73;55.99615;176.798;13.62784;13.63236;2188.3042;191.13133;-24.51965;142.9635;-108.13359;35.58821; 
83.33105;83.27874;84.48438;84.48439;95.89566;97.2229;97.22291;2.13097;-0.78851;328.07742;-0.0031;-0.65464;-36.66485;-73.12322;1007.6012;625.96021;0;998.45337;-36.5;-73;55.98553;176.95924;13.62784;13.63064;2188.82813;190.83162;-17.99402;139.16768;-109.22256;-5.70001; 
83.21243;83.15923;84.36315;84.36314;95.75916;97.08338;97.08337;2.14999;-0.8922;327.983;0.00144;-0.58547;-36.66452;-73.12347;1007.59839;638.91486;0;998.44989;-36.5;-73;55.97509;177.16316;13.62784;13.62892;2189.22778;191.14598;-20.20284;138.86143;-111.85506;0.12645; 
83.0881;83.03603;84.23817;84.23817;95.61609;96.93955;96.93956;2.1697;-1.09546;327.83084;0.00831;-0.63287;-36.66419;-73.12373;1007.60864;653.28265;0;998.44977;-36.5;-73;55.96375;177.37579;13.62733;13.62771;2189.271;191.37439;-26.90851;142.52185;-108.93459;65.65524; 
82.96368;82.91661;84.11704;84.11704;95.47291;96.80017;96.80017;2.18237;-1.008;327.68842;0.0054;-0.63085;-36.66386;-73.12399;1007.62811;671.04938;0;998.45911;-36.5;-73;55.95303;177.54633;13.62561;13.62771;2187.88428;190.9725;-21.70089;140.79581;-110.37667;1.7709; 
82.84309;82.79817;83.99692;83.99692;95.33413;96.66193;96.66193;2.20694;-1.13163;327.53867;0.00955;-0.64267;-36.66353;-73.12425;1007.64362;683.09283;0;998.47595;-36.5;-73;55.94223;177.74947;13.62389;13.62771;2189.69482;191.2504;-23.69699;140.96895;-105.93732;4.9324; 
82.71838;82.64958;83.84622;83.84621;95.19062;96.48851;96.48851;2.21954;-1.18862;327.37558;0.01504;-0.66259;-36.6632;-73.12451;1007.68073;680.1272;0;998.49567;-36.5;-73;48.37035;165.22832;13.62217;13.62771;2185.69409;190.88312;-24.03448;124.63155;-106.48878;0.50284; 
82.53465;82.34203;83.5342;83.53419;94.97919;96.12945;96.12945;2.2575;-1.13624;327.20135;-0.02812;-0.6993;-36.66288;-73.12477;1007.67297;677.82202;0;998.52527;-36.5;-73;45.0851;148.7037;13.62056;13.62771;2179.33203;189.90157;-24.83393;116.98067;-105.7571;34.70922; 
82.24819;81.99912;83.18615;83.18604;94.64953;95.72892;95.72892;2.32245;-0.91749;327.07477;-0.09263;-0.64591;-36.66256;-73.12503;1007.5199;676.22296;0;998.49365;-36.5;-73;45.58511;146.77374;13.61896;13.62771;2181.3606;189.56825;-17.92879;117.14063;-100.89064;-27.78826; 
81.91875;81.6638;82.84564;82.84547;94.27042;95.33707;95.33707;2.39537;-1.06778;326.93597;-0.11739;-0.64591;-36.66223;-73.1253;1007.25354;674.49097;0;998.33582;-36.5;-73;44.95883;146.56001;13.61736;13.62771;2187.24609;190.19742;-23.08274;119.78687;-100.91307;22.67978; 
81.58076;81.32951;82.50615;82.50597;93.88147;94.94639;94.9464;2.45147;-1.00977;326.79666;-0.12374;-0.63636;-36.66191;-73.12556;1006.95892;665.65851;0;998.09222;-36.5;-73;45.50961;147.02034;13.61575;13.62771;2188.16357;190.14241;-21.33573;120.21807;-100.09739;9.59119; 
81.24503;80.99966;82.17118;82.17101;93.49511;94.56091;94.56091;2.51098;-0.94757;326.65833;-0.11484;-0.63023;-36.66159;-73.12582;1006.66638;676.54926;0;997.80573;-36.5;-73;45.48486;147.53865;13.61415;13.62771;2190.66138;190.31056;-21.68409;121.28116;-101.50456;32.37191; 
80.91469;80.67151;81.83797;81.83786;93.11496;94.17747;94.17747;2.56387;-0.6358;326.54675;-0.09652;-0.58295;-36.66128;-73.12608;1006.4104;687.40942;0;997.5246;-36.5;-73;44.88294;147.92488;13.61254;13.62771;2191.35815;190.01447;-12.95679;120.03346;-103.34835;-38.00768; 
80.58381;80.33567;81.49702;81.49696;92.73419;93.78511;93.78512;2.61596;-0.6764;326.4671;-0.07711;-0.51806;-36.66096;-73.12634;1006.20148;698.34424;0;997.27173;-36.5;-73;44.84811;147.90085;13.61094;13.62771;2190.39648;190.16783;-13.87694;122.78897;-105.01666;-35.44846; 
80.24529;79.99297;81.14918;81.14914;92.34463;93.38481;93.38482;2.67182;-1.04372;326.36734;-0.06542;-0.50501;-36.66065;-73.12659;1006.03223;713.65118;0;997.06274;-36.5;-73;44.80626;147.67052;13.60933;13.62771;2189.04761;190.56129;-21.95555;117.29551;-100.85233;11.41608; 
79.89192;79.64341;80.79441;80.79437;91.93799;92.97655;92.97654;2.7298;-1.23387;326.18707;-0.04836;-0.59933;-36.66034;-73.12685;1005.89728;789.85803;0;996.89026;-36.5;-73;44.77997;148.27885;13.60773;13.62771;2188.6709;190.63844;-25.66668;120.49989;-101.68153;36.99504; 
79.54045;79.29958;80.44547;80.44544;91.53352;92.575;92.57501;2.77431;-0.92617;326.02325;-0.05093;-0.61697;-36.66003;-73.12711;1005.78528;862.91199;0;996.75281;-36.5;-73;44.74801;148.48955;13.60612;13.62771;2184.86304;189.79657;-16.69462;119.26394;-98.2471;-35.60539; 
79.1992;78.95682;80.09761;80.09757;91.14082;92.17469;92.17469;2.84072;-1.00045;325.90741;-0.05265;-0.56949;-36.65973;-73.12737;1005.6604;963.56451;0;996.63049;-36.5;-73;43.54353;146.97026;13.60485;13.6274;2187.31885;190.36137;-19.7382;116.4058;-105.23978;-5.01371; 
78.84474;78.59562;79.73106;79.73103;90.73291;91.75288;91.75288;2.90477;-1.09978;325.74713;-0.04745;-0.60635;-36.65942;-73.12762;1005.54181;998.24829;0;996.51245;-36.5;-73;42.91498;145.80319;13.60485;13.62581;2187.08521;190.51964;-22.94883;117.40726;-102.85443;29.78437; 
78.48059;78.21606;79.34588;79.34583;90.31385;91.30961;91.3096;2.96742;-0.87491;325.61459;-0.05527;-0.58251;-36.65912;-73.12788;1005.42389;999.06152;0;996.39392;-36.5;-73;42.24955;142.80063;13.60485;13.62423;2185.68262;190.14992;-16.14096;113.3484;-104.09256;-29.58118; 
78.09732;77.81221;78.93603;78.936;89.8728;90.83797;90.83797;3.04392;-1.07616;325.49692;-0.06271;-0.55839;-36.65882;-73.12814;1005.28693;999.95514;0;996.26697;-36.5;-73;36.54744;135.84518;13.60485;13.62267;2185.61304;190.61516;-21.47666;101.65907;-102.90253;13.18009; 
77.66689;77.29371;78.40985;78.40975;89.37746;90.23244;90.23244;3.1327;-1.11186;325.33862;-0.09035;-0.60159;-36.65852;-73.1284;1005.11865;1000.86511;0;996.12933;-36.5;-73;35.20321;122.37024;13.60485;13.62118;2180.49707;190.14653;-21.95751;99.69074;-95.73853;21.9419; 
77.15086;76.73703;77.84483;77.84462;88.78362;89.58224;89.58224;3.24561;-1.03241;325.20651;-0.13475;-0.58491;-36.65822;-73.12865;1004.85736;1000.84552;0;995.94727;-36.5;-73;35.11289;120.91927;13.60485;13.61969;2181.53369;190.33864;-20.71984;97.2351;-97.28876;21.62258; 
76.60609;76.19759;77.29722;77.29692;88.15672;88.95206;88.95204;3.3635;-1.00406;325.07776;-0.15658;-0.57063;-36.65793;-73.12891;1004.52051;1000.5097;0;995.6861;-36.5;-73;36.15926;123.44167;13.60485;13.61818;2185.50952;190.94229;-18.05685;99.09584;-98.88831;-15.15946; 
76.05775;75.67015;76.76176;76.7615;87.5257;88.33587;88.33587;3.47923;-1.0815;324.94269;-0.15123;-0.56775;-36.65763;-73.12917;1004.16376;1000.15326;0;995.36017;-36.5;-73;35.61178;125.02089;13.60485;13.61668;2189.45581;191.80939;-20.79364;100.51482;-103.69177;14.91158; 
75.51963;75.14492;76.22859;76.22839;86.90644;87.72231;87.72231;3.57641;-1.05005;324.79932;-0.1349;-0.57139;-36.65734;-73.12942;1003.84241;999.83435;0;995.01526;-36.5;-73;36.1085;126.08745;13.60485;13.61518;2187.27539;192.00768;-19.14712;102.25963;-98.25925;-2.56909; 
74.9862;74.61782;75.69358;75.69343;86.29258;87.10662;87.10662;3.69049;-1.14748;324.6673;-0.11777;-0.55715;-36.65706;-73.12967;1003.55524;999.54999;0;994.69873;-36.5;-73;36.06889;126.78976;13.60485;13.61367;2189.52905;192.82555;-20.78885;101.08031;-106.23006;4.54962; 
74.44651;74.08233;75.15011;75.15;85.67152;86.4812;86.4812;3.79495;-1.22553;324.49448;-0.09473;-0.60253;-36.65677;-73.12993;1003.31958;999.32312;0;994.41504;-36.5;-73;36.02924;127.5726;13.60485;13.61217;2187.99072;193.28986;-24.2629;102.17529;-111.4306;50.68809; 
73.90871;73.55175;74.61166;74.61156;85.05264;85.86156;85.86156;3.89719;-0.98129;324.35736;-0.09292;-0.57507;-36.65649;-73.13017;1003.1153;999.1322;0;994.18011;-36.5;-73;35.98666;128.20125;13.60485;13.61066;2185.25146;193.30943;-17.64839;100.10445;-103.48499;-4.74014; 
73.36925;73.01751;74.0695;74.06942;84.43182;85.23766;85.23766;4.01867;-1.1326;324.23798;-0.0855;-0.5437;-36.65621;-73.13042;1002.91754;998.94696;0;993.97015;-36.5;-73;35.9398;128.75304;13.60485;13.60916;2186.70093;194.32071;-19.72393;99.93776;-108.14745;-3.39075; 
72.82447;72.47909;73.52315;73.52309;83.80491;84.60892;84.60892;4.13374;-1.33685;324.07108;-0.07137;-0.58588;-36.65593;-73.13068;1002.74866;998.78967;0;993.77252;-36.5;-73;35.89874;129.64229;13.60485;13.60765;2184.93359;195.0972;-24.67607;105.11661;-104.22005;40.01089; 
72.27403;71.93869;72.9748;72.97474;83.17147;83.97791;83.9779;4.25063;-1.31688;323.90527;-0.06919;-0.59797;-36.65566;-73.13092;1002.59729;998.64923;0;993.60034;-36.5;-73;35.85402;130.36516;13.60485;13.60615;2183.74365;195.54706;-21.4706;101.56302;-105.60267;-5.91925; 
71.72526;71.40034;72.42854;72.42849;82.53996;83.34928;83.34928;4.37341;-1.4402;323.73584;-0.06993;-0.61284;-36.65539;-73.13117;1002.44904;998.51093;0;993.44983;-36.5;-73;35.80638;131.01917;13.60455;13.60495;2183.01733;196.42854;-23.93673;101.96341;-106.03043;11.76015; 
71.17263;70.85934;71.8796;71.87954;81.904;82.71757;82.71757;4.50118;-1.53654;323.547;-0.07089;-0.64348;-36.65512;-73.13142;1002.29919;998.37036;0;993.29736;-36.5;-73;35.75503;131.57072;13.60305;13.60495;2182.79663;197.31999;-25.05421;102.52124;-106.5176;13.67986; 
70.61877;70.31535;71.32761;71.32756;81.26662;82.08236;82.08236;4.63175;-1.57096;323.35583;-0.07114;-0.66352;-36.65486;-73.13166;1002.14923;998.22888;0;993.15125;-36.5;-73;35.70902;132.38744;13.60154;13.60495;2182.47827;198.23312;-25.84751;101.64137;-107.37011;23.06596; 
70.06469;69.77184;70.77612;70.77607;80.62901;81.44772;81.44772;4.76307;-1.41381;323.1655;-0.07049;-0.6772;-36.65459;-73.1319;1002.00116;998.08862;0;992.99957;-36.5;-73;35.66383;133.20193;13.60004;13.60495;2182.19385;198.91376;-21.73361;102.96873;-107.35245;-9.21; 
69.36745;69.2271;70.22339;70.22334;79.82664;80.81164;80.81164;4.8987;-1.40155;323.02097;-0.06825;-0.63462;-36.65434;-73.13215;1001.85748;997.95184;0;992.85101;-36.5;-73;35.61516;133.93869;13.59853;13.60495;2181.73926;200.03531;-22.04935;101.65932;-110.56717;-1.15895; 
68.64243;68.67751;69.66576;69.6657;78.99229;80.16992;80.16992;5.03864;-1.5381;322.8476;-0.06911;-0.64751;-36.65408;-73.13239;1001.71698;997.81769;0;992.70599;-36.5;-73;35.56529;134.70995;13.59703;13.60495;2180.74487;201.25526;-24.95639;103.46445;-109.96142;21.36855; 
67.9077;68.12358;69.10371;69.10366;78.14679;79.52312;79.52313;5.18355;-1.50837;322.66849;-0.07091;-0.65552;-36.65382;-73.13263;1001.57367;997.67993;0;992.5658;-36.5;-73;35.51464;135.46884;13.59552;13.60495;2180.39404;202.32935;-23.58187;102.20185;-110.6735;7.39415; 
67.16768;67.5632;68.53512;68.53506;77.29519;78.8688;78.8688;5.33359;-1.49089;322.49927;-0.07191;-0.6478;-36.65357;-73.13287;1001.42792;997.53912;0;992.4209;-36.5;-73;35.46334;136.25877;13.59402;13.60495;2179.92114;203.6375;-25.43929;105.17426;-112.45;44.06261; 
66.42104;66.9975;67.96112;67.96107;76.43597;78.20827;78.20827;5.48825;-1.47097;322.33612;-0.07382;-0.63396;-36.65332;-73.13312;1001.28033;997.39587;0;992.28003;-36.5;-73;35.40973;137.02248;13.59251;13.60495;2179.32935;204.84079;-22.0967;103.9991;-113.72023;-6.46685; 
65.66633;66.42837;67.38366;67.38361;75.56747;77.54373;77.54374;5.64923;-1.64886;322.16443;-0.07714;-0.63507;-36.65307;-73.13335;1001.12964;997.24878;0;992.13025;-36.5;-73;35.35495;137.81824;13.59101;13.60495;2178.39941;206.49361;-26.3305;102.76989;-114.39967;29.24207; 
64.89946;65.85282;66.79968;66.79961;74.68497;76.8717;76.8717;5.81644;-1.71504;321.96384;-0.0822;-0.66067;-36.65282;-73.13359;1000.97107;997.0932;0;991.97449;-36.5;-73;35.29995;138.63689;13.58951;13.60495;2177.8877;207.98906;-25.94584;103.24339;-114.60777;12.32428; 
64.13061;65.27329;66.21165;66.21159;73.80019;76.19501;76.19502;5.98775;-1.6409;321.76068;-0.08636;-0.67961;-36.65258;-73.13383;1000.8053;996.92981;0;991.81921;-36.5;-73;34.75155;139.433;13.588;13.60495;2177.4292;209.53589;-26.0769;105.32011;-115.10709;32.67984; 
63.36362;64.69253;65.62238;65.6223;72.91756;75.51689;75.51689;6.16267;-1.4713;321.59677;-0.08881;-0.64842;-36.65234;-73.13406;1000.63525;996.76147;0;991.65558;-36.5;-73;35.1868;140.21608;13.5865;13.60495;2176.98804;211.02277;-21.81371;102.09785;-117.32943;-3.75494; 
62.58628;64.10275;65.02397;65.0239;72.02301;74.82825;74.82827;6.34679;-1.62934;321.44153;-0.09294;-0.6239;-36.65211;-73.1343;1000.46094;996.58826;0;991.48486;-36.5;-73;35.13356;141.23244;13.58499;13.60495;2175.85986;213.04054;-24.25667;104.31579;-119.21509;5.15275; 
61.78461;63.50021;64.41259;64.41248;71.10046;74.12469;74.12468;6.54213;-1.86629;321.23926;-0.10143;-0.65293;-36.65187;-73.13453;1000.27484;996.40271;0;991.31;-36.5;-73;35.07518;142.17593;13.58349;13.60495;2174.82104;215.28369;-28.83119;105.0211;-119.1301;36.08725; 
60.97551;62.8946;63.79808;63.79796;70.16937;73.41753;73.41752;6.74298;-1.8351;321.01492;-0.1109;-0.68883;-36.65164;-73.13477;1000.07471;996.22443;0;991.12341;-36.5;-73;35.01368;143.00945;13.58198;13.60495;2174.18848;217.25578;-28.40838;104.79585;-119.12482;38.3042; 
60.15982;62.27952;63.17397;63.17384;69.23069;72.69931;72.69931;6.95277;-1.68001;320.82544;-0.11928;-0.67294;-36.65141;-73.13499;999.85864;996.03015;0;990.91925;-36.5;-73;34.95498;143.96733;13.58198;13.60344;2173.54468;219.30832;-25.2572;103.60197;-121.37148;18.14032; 
59.3308;61.65467;62.53994;62.53978;68.27666;71.96968;71.96968;7.17494;-1.79225;320.65344;-0.12997;-0.64863;-36.65119;-73.13522;999.62817;995.82092;0;990.70654;-36.5;-73;34.88854;144.81433;13.58198;13.60194;2172.20947;221.80354;-25.50529;104.44863;-123.56085;-0.30974; 
58.48188;61.01176;61.88757;61.88738;67.29975;71.21895;71.21896;7.41104;-2.02734;320.43597;-0.14439;-0.67877;-36.65097;-73.13545;999.37689;995.58954;0;990.47632;-36.5;-73;34.82464;145.8681;13.58198;13.60043;2171.06885;226.3118;-29.7916;104.22859;-123.7918;16.58702; 
57.60564;60.3517;61.21779;61.21754;66.2914;70.44817;70.44818;7.6615;-2.00571;320.18613;-0.16452;-0.72613;-36.65075;-73.13568;999.09772;995.32751;0;990.21973;-36.5;-73;34.76027;146.94075;13.58198;13.59893;2169.61182;229.09833;-31.07494;106.05812;-123.22432;44.90173; 
56.71902;59.68731;60.54358;60.54327;65.27108;69.67231;69.67232;7.92393;-1.7018;319.98337;-0.18428;-0.71041;-36.65054;-73.1359;998.78607;995.03247;0;989.94263;-36.5;-73;34.69734;148.03236;13.58198;13.59742;2168.96045;231.77617;-24.90637;104.95131;-125.67852;4.43828; 
55.8158;59.00609;59.85228;59.85189;64.23168;68.87678;68.87677;8.20736;-1.67582;319.83084;-0.20505;-0.65632;-36.65032;-73.13612;998.44031;994.70276;0;989.62506;-36.5;-73;34.63081;149.16809;13.58198;13.59592;2167.48853;235.17278;-23.6874;105.58294;-128.85513;-11.66591; 
54.88697;58.31011;59.146;59.14555;63.1628;68.064;68.064;8.52253;-1.96313;319.64142;-0.22278;-0.65506;-36.65011;-73.13634;998.0625;994.34039;0;989.28186;-36.5;-73;34.56131;150.37688;13.58198;13.59441;2166.66504;239.53175;-29.2917;105.70529;-131.78284;21.74969; 
53.91222;57.58837;58.41355;58.41294;62.04107;67.22112;67.22111;8.85076;-2.1638;319.39185;-0.2589;-0.69667;-36.6499;-73.13657;997.64307;993.93591;0;988.90094;-36.5;-73;34.47911;151.35017;13.58198;13.59291;2163.41699;243.61171;-33.53963;105.39902;-130.46288;51.92231; 
52.91164;56.85132;57.66553;57.66472;60.88963;66.36031;66.36031;9.16215;-2.07638;319.12579;-0.30396;-0.71972;-36.6497;-73.13679;997.15955;993.46674;0;988.47168;-36.5;-73;34.48602;152.83853;13.58198;13.59141;2157.07373;246.60825;-29.66901;107.04903;-152.9079;21.71529; 
51.93881;56.16744;56.9713;56.9689;59.77012;65.5614;65.56141;9.29386;-1.7936;318.7998;-0.52648;-0.69358;-36.6495;-73.13701;996.49615;992.8172;0;987.97632;-36.5;-73;34.50407;154.01955;13.58198;13.5899;2125.56372;244.48672;-24.09614;107.58044;-144.03954;-11.41809; 
51.06226;55.62415;56.4192;56.41065;58.76141;64.92606;64.92606;9.40988;-1.75278;318.39346;-0.99807;-0.64226;-36.6493;-73.13722;995.25049;991.58478;0;987.2276;-36.5;-73;34.49062;155.04999;13.58198;13.5884;2101.65771;243.38986;-23.45739;105.1142;-144.34134;-9.47936; 
50.37655;55.38007;56.16985;56.14812;57.9723;64.63911;64.63911;9.51226;-2.00137;317.80472;-1.59372;-0.61915;-36.64911;-73.13744;993.09503;989.44238;0;985.89539;-36.5;-73;44.89622;186.12027;13.58198;13.58678;2100.07886;245.07114;-26.51093;127.61517;-137.36163;-5.51655; 
50.06218;55.46865;56.25721;56.22315;57.61052;64.73964;64.73964;9.67096;-2.31618;316.88315;-1.99371;-0.65519;-36.64891;-73.13766;990.08014;986.44019;0;983.72223;-36.5;-73;46.0129;197.24886;13.58198;13.58516;2133.66821;252.21866;-32.4418;132.14789;-151.5031;27.25902; 
50.08115;55.67607;56.46474;56.42611;57.63237;64.97847;64.97846;9.69363;-2.29941;315.58624;-2.11938;-0.70053;-36.64873;-73.13788;986.65411;983.02679;0;980.80225;-36.5;-73;48.59331;207.06174;13.58198;13.58351;2156.88696;255.65736;-33.24426;142.76976;-149.58461;39.63471; 
50.31757;55.94098;56.73045;56.69232;57.90442;65.28424;65.28424;9.60996;-1.97882;313.9563;-2.10087;-0.69247;-36.64854;-73.13811;983.12146;979.50702;0;977.44214;-36.5;-73;48.8468;210.47314;13.58182;13.58202;2166.40454;255.41966;-26.56774;141.11458;-93.20504;-13.55812; 
50.59661;56.0836;56.87232;56.85081;58.22554;65.4475;65.44749;10.48437;-1.81882;311.97961;-1.57598;-0.64732;-36.64837;-73.13835;979.83936;976.23804;0;973.96661;-36.5;-73;50.12979;215.6553;13.58014;13.58202;2294.94434;282.41873;-27.0193;232.84338;-220.45493;-9.67117; 
50.56371;55.80874;56.5922;56.59006;58.18768;65.12514;65.12514;10.43943;-3.02941;309.89926;-0.49764;-0.69723;-36.64819;-73.1386;978.15796;974.56995;0;970.99463;-36.5;-73;50.17362;218.0809;13.57847;13.58202;2253.1604;279.72125;-53.29352;128.87656;-171.53439;-67.84107; 
50.11225;55.28178;56.05766;56.05719;57.66815;64.51;64.51;10.68844;-5.62469;308.6571;0.23416;-1.14256;-36.64803;-73.13885;977.94293;974.36823;0;969.37524;-36.5;-73;50.15243;221.74287;13.57679;13.58202;2230.92725;285.89627;-96.3508;313.89117;-201.41827;263.66711; 
49.24891;54.55104;55.31734;55.31331;56.67464;63.65805;63.65806;10.74335;-6.27001;308.0481;0.69144;-1.5764;-36.64787;-73.13911;978.77124;975.20966;0;969.08868;-36.5;-73;50.08907;223.45755;13.57511;13.58202;2174.22778;280.16666;-99.28665;133.91745;-165.03587;118.75454; 
48.24593;53.76162;54.51784;54.51172;55.52042;62.73801;62.73801;11.07358;-5.83534;308.651;0.8589;-1.81489;-36.64771;-73.13935;980.0354;976.48621;0;969.77399;-36.5;-73;50.56488;225.04848;13.57344;13.58202;2161.01514;280.33481;-85.51617;82.27961;-172.05444;156.63763; 
47.2858;53.00114;53.74779;53.7422;54.41553;61.85185;61.85185;11.05844;-3.81426;309.76941;0.82565;-1.66603;-36.64755;-73.1396;981.43579;977.89825;0;970.95367;-36.5;-73;51.72595;229.74916;13.57175;13.58202;2115.37646;269.69897;-47.2688;144.09322;-173.57753;-13.18348; 
46.50739;52.38218;53.12079;53.12048;53.51975;61.13032;61.13031;10.99324;-2.71344;311.11395;0.19738;-1.32054;-36.64739;-73.13983;982.31152;978.78467;0;972.21637;-36.5;-73;48.02639;206.38655;13.57016;13.58202;2064.00415;261.49841;-30.78954;124.84798;-165.60611;-63.8892; 
45.84741;52.20852;52.94439;52.94089;52.76026;60.92731;60.92732;11.09754;-3.07576;312.38898;-0.659;-1.09614;-36.64723;-73.14006;981.92712;978.4101;0;972.89752;-36.5;-73;62.28767;262.84805;13.56835;13.58202;2064.21313;264.43741;-38.527;119.09391;-144.89815;-19.66529; 
45.64407;52.5154;53.2544;53.24249;52.52625;61.28408;61.28408;11.07445;-3.80638;313.28302;-1.21231;-1.07677;-36.64706;-73.14028;980.42316;976.91516;0;972.48645;-36.5;-73;68.09389;285.52069;13.56652;13.58202;2093.5061;270.18539;-51.82965;181.19025;-151.85054;58.77916; 
45.94862;53.05909;53.80407;53.78703;52.87673;61.91661;61.91661;10.87457;-4.0548;313.71701;-1.44217;-1.1346;-36.64689;-73.1405;978.30823;974.80878;0;971.08807;-36.5;-73;68.77847;293.68137;13.56463;13.58202;2121.67065;272.16577;-54.99267;179.99399;-161.02261;45.71338; 
46.61075;53.70717;54.45939;54.44317;53.63869;62.67075;62.67075;10.67894;-3.87649;313.80664;-1.39842;-1.17149;-36.64672;-73.14073;976.00488;972.51355;0;969.07452;-36.5;-73;72.45081;304.4342;13.56271;13.58202;2155.33936;273.71408;-52.68818;190.84515;-147.03407;33.74308; 
47.41602;54.25162;55.00991;55.00472;54.56538;63.30427;63.30428;11.02875;-3.49132;313.63678;-0.78703;-1.14675;-36.64655;-73.14096;974.08704;970.60358;0;966.87982;-36.5;-73;72.69301;306.58423;13.56077;13.58202;2251.05615;290.03986;-49.14826;185.50388;-328.6008;13.07172; 
48.05123;54.50219;55.26353;55.26352;55.29637;63.59614;63.59614;10.5474;-3.29722;313.23923;0.04276;-1.09093;-36.64637;-73.14119;973.54694;970.0741;0;965.22821;-36.5;-73;72.75951;305.50537;13.55903;13.58182;2207.69507;277.95218;-46.47141;194.5927;-152.96425;25.5505; 
48.44294;54.54238;55.3048;55.29953;55.74714;63.64363;63.64363;10.90597;-3.27088;312.54257;0.79052;-1.04907;-36.64619;-73.14142;974.17249;970.71051;0;964.68933;-36.5;-73;72.80544;306.90402;13.55903;13.57989;2253.51367;288.5722;-47.13706;178.09415;-207.6499;17.77771; 
48.37206;54.14194;54.9006;54.86709;55.66557;63.17849;63.17849;11.24255;-3.18574;311.47791;2.00206;-1.02733;-36.64602;-73.14165;976.44208;972.99072;0;965.40314;-36.5;-73;72.76201;308.17554;13.55903;13.57795;2260.96729;293.93674;-46.31926;195.69402;-245.13084;19.81034; 
47.84279;53.43092;54.18281;54.1127;55.0565;62.35246;62.35246;11.28022;-2.99173;310.04846;2.91494;-0.98301;-36.64586;-73.14189;980.42792;976.98694;0;967.71393;-36.5;-73;72.71678;311.24518;13.55903;13.57602;2207.39136;287.55411;-41.70657;202.30122;-210.7256;-4.66483; 
46.94683;52.53823;53.28155;53.18907;54.02546;61.31531;61.3153;11.50609;-2.95504;308.17139;3.37612;-0.93826;-36.6457;-73.14214;985.51141;982.08093;0;971.63214;-36.5;-73;72.64323;314.29776;13.55903;13.57409;2160.37256;284.9035;-40.17677;189.38478;-221.40242;-25.04077; 
45.80693;51.61428;52.34863;52.25819;52.71368;60.24173;60.24172;11.68721;-3.29748;305.83588;3.36822;-0.9408;-36.64555;-73.14238;990.84497;987.42499;0;976.51563;-36.5;-73;72.55283;317.27686;13.55903;13.57216;2104.04468;281.36465;-47.10048;288.53595;-273.87729;-49.23425; 
44.63918;50.89;51.61759;51.56405;51.36985;59.40046;59.40046;11.53663;-5.07362;303.55212;2.60981;-1.15055;-36.64542;-73.14262;995.52899;992.11957;0;981.63495;-36.5;-73;71.79346;317.36273;13.55903;13.57024;2026.32996;273.83768;-76.4257;186.75354;-272.08563;69.70696; 
43.6648;50.57837;51.30374;51.29186;50.24855;59.0393;59.03929;11.36038;-7.09933;301.78381;1.23268;-1.6129;-36.64529;-73.14288;998.49524;995.09631;0;986.02399;-36.5;-73;71.70242;319.5408;13.55903;13.56832;1963.8208;269.48727;-107.62276;202.16872;-168.41431;196.06699; 
43.11806;50.77027;51.49888;51.49786;49.61938;59.26386;59.26385;11.33921;-8.15036;301.1601;-0.36041;-2.15433;-36.64517;-73.14313;999.13562;995.74731;0;988.81091;-36.5;-73;72.26437;316.48566;13.55903;13.5664;1976.57092;272.60577;-119.014;-0.43238;-183.02122;304.06686; 
43.28796;51.39423;52.13064;52.1118;49.8149;59.99087;59.99087;11.20784;-6.18167;301.50067;-1.54013;-2.25013;-36.64504;-73.14338;997.62048;994.24249;0;989.43127;-36.5;-73;72.36545;313.20828;13.55903;13.56448;2027.38428;269.21103;-79.66833;197.90303;-146.94321;87.89165; 
44.27006;52.32808;53.07556;53.03793;50.94508;61.07826;61.07826;11.16051;-3.34435;302.18454;-2.15755;-1.86032;-36.64492;-73.14364;994.65021;991.2821;0;988.05493;-36.5;-73;73.21491;313.06006;13.55903;13.56254;2108.78003;272.44086;-33.13567;193.49786;-174.36024;-88.37323; 
45.6292;53.31792;54.07681;54.03994;52.50914;62.23048;62.23048;10.85545;-1.82378;302.57654;-2.11577;-1.26933;-36.64478;-73.1439;991.21759;987.85913;0;985.30609;-36.5;-73;73.36771;310.93228;13.55903;13.56061;2157.23755;273.59903;-13.33889;180.73538;-167.19559;-119.88483; 
46.97448;54.19541;54.9643;54.93924;54.05726;63.25179;63.25179;10.45025;-2.63713;302.21201;-1.73004;-0.94108;-36.64465;-73.14417;988.12964;984.78052;0;982.09277;-36.5;-73;73.43433;308.58871;13.55864;13.55906;2168.18408;272.55167;-39.25493;231.54623;-122.22886;-138.24257; 
48.06556;54.87707;55.65362;55.64221;55.31286;64.04504;64.04504;10.74835;-5.3588;301.87292;-1.15985;-1.18448;-36.64451;-73.14443;985.66949;982.32953;0;979.10791;-36.5;-73;73.48374;307.10257;13.55671;13.55906;2253.56543;292.07874;-85.59358;186.99191;-239.46506;250.45158; 
48.73748;55.19176;55.9719;55.9715;56.0861;64.41132;64.41132;10.25337;-5.52748;301.14792;-0.21691;-1.47561;-36.64438;-73.14471;984.63513;981.30414;0;976.83319;-36.5;-73;73.48012;305.93051;13.55478;13.55906;2204.41821;279.44437;-88.84955;192.39455;-135.45967;78.76343; 
49.18139;55.35508;56.13764;56.13608;56.59693;64.60205;64.60205;10.42282;-6.08798;301.47409;0.42791;-1.72138;-36.64424;-73.14498;984.76227;981.43994;0;975.78296;-36.5;-73;99.7561;326.2016;13.55283;13.55906;2242.96924;286.0676;-90.82916;193.02831;-191.72247;153.62758; 
49.46687;55.84176;56.63271;56.60013;56.92546;65.17176;65.17176;10.67166;-5.34117;302.21304;1.94347;-1.73355;-36.64411;-73.14526;986.57758;983.26337;0;975.9754;-36.5;-73;124.42106;458.04984;13.54997;13.55906;2342.87231;300.13968;-75.28912;274.07709;-193.40776;-17.18791; 
50.00382;56.14801;56.94767;56.78144;57.54337;65.53421;65.53421;10.69061;-5.78052;303.33643;4.37891;-1.68828;-36.64396;-73.14553;991.81903;988.51245;0;978.16718;-36.5;-73;127.22265;481.01056;13.54698;13.55906;2385.99121;310.4986;-87.55156;398.22247;-222.70232;-48.81278; 
50.07302;55.5784;56.37786;55.94096;57.62301;64.87849;64.87849;11.26359;-6.73608;304.91174;7.13759;-1.84569;-36.64382;-73.14581;1001.37982;998.0799;0;983.70685;-36.5;-73;130.60226;490.34265;13.54397;13.55906;2417.82373;327.45682;-104.56491;298.97339;-310.7486;154.06401; 
49.21878;54.23265;55.02391;54.23867;56.63997;63.32039;63.32039;11.07834;-6.18017;306.43396;9.69125;-1.88725;-36.64367;-73.14606;1015.20233;1011.90814;0;993.27856;-36.5;-73;130.9537;505.16339;13.54087;13.55906;2292.71069;307.15033;-87.83424;337.3056;-219.11269;-6.65103; 
47.54698;52.31044;53.08672;52.00614;54.71609;61.09111;61.09111;13.89406;-5.89511;308.34021;11.58013;-1.85653;-36.64352;-73.1463;1031.95361;1028.66406;0;1006.82635;-36.5;-73;131.64305;510.50305;13.53776;13.55906;2313.20044;351.54749;-87.85564;236.9402;251.02016;15.82063; 
43.92778;49.15006;49.89322;48.72325;50.55119;57.4161;57.4161;17.80219;0.95748;309.33823;12.43244;-1.47581;-36.64338;-73.14652;1050.73621;1047.45007;0;1023.46924;-36.5;-73;131.42479;520.61066;13.5359;13.55782;1750.57935;361.39938;44.77874;-464.07074;-1581.36487;28.76845; 
41.00108;48.28156;49.02164;48.71044;47.1832;56.41311;56.41311;9.7059;8.22766;302.5345;;;;;;;;;;;;;;;;;;;;;
