tiempo_s,angulo_deg,pulsos_raw
0.00,0.00,0
0.02,0.00,0
0.04,0.00,0
0.06,0.00,0
0.08,0.00,0
0.10,0.00,0
0.12,0.00,0
0.14,0.00,0
0.16,0.00,0
0.18,0.00,0
0.20,0.00,0
0.22,0.00,0
0.24,0.00,0
0.26,0.00,0
0.28,0.00,0
0.30,0.00,0
0.32,0.00,0
0.34,0.00,0
0.36,0.00,0
0.38,0.00,0
0.40,0.00,0
0.42,0.00,0
0.44,0.00,0
0.46,0.00,0
0.48,0.00,0
0.50,0.00,0
0.52,0.00,0
0.54,0.00,0
0.56,0.00,0
0.58,0.00,0
0.60,0.00,0
0.62,0.00,0
0.64,0.00,0
0.66,0.00,0
0.68,0.00,0
0.70,0.00,0
0.72,0.00,0
0.74,0.00,0
0.76,0.00,0
0.78,0.00,0
0.80,0.00,0
0.82,0.00,0
0.84,0.00,0
0.86,0.00,0
0.88,0.00,0
0.90,0.00,0
0.92,0.00,0
0.94,0.00,0
0.96,0.00,0
0.98,0.00,0
1.00,0.00,0
1.02,0.00,0
1.04,0.00,0
1.06,0.00,0
1.08,0.00,0
1.10,0.00,0
1.12,0.00,0
1.14,0.00,0
1.16,0.00,0
1.18,0.00,0
1.20,0.00,0
1.22,0.00,0
1.24,0.00,0
1.26,0.00,0
1.28,0.00,0
1.30,0.00,0
1.32,0.00,0
1.34,0.00,0
1.36,0.00,0
1.38,0.00,0
1.40,0.00,0
1.42,0.00,0
1.44,0.00,0
1.46,0.00,0
1.48,0.00,0
1.50,0.00,0
1.52,0.00,0
1.54,0.00,0
1.56,0.00,0
1.58,0.00,0
1.60,0.00,0
1.62,0.00,0
1.64,0.00,0
1.66,0.00,0
1.68,0.00,0
1.70,0.00,0
1.72,0.00,0
1.74,0.00,0
1.76,0.00,0
1.78,0.00,0
1.80,0.00,0
1.82,0.00,0
1.84,0.00,0
1.86,0.00,0
1.88,0.00,0
1.90,0.00,0
1.92,0.00,0
1.94,0.00,0
1.96,0.00,0
1.98,0.00,0
2.00,0.00,0
2.02,0.00,0
2.04,0.00,0
2.06,0.00,0
2.08,0.00,0
2.10,0.00,0
2.12,0.00,0
2.14,0.00,0
2.16,0.00,0
2.18,0.00,0
2.20,0.00,0
2.22,0.00,0
2.24,0.00,0
2.26,0.00,0
2.28,0.00,0
2.30,0.00,0
2.32,0.00,0
2.34,0.00,0
2.36,0.00,0
2.38,0.00,0
2.40,0.00,0
2.42,-0.36,-1
2.44,-0.36,-1
2.46,-0.72,-2
2.48,-0.72,-2
2.50,-1.44,-4
2.52,-2.16,-6
2.54,-2.88,-8
2.56,-3.96,-11
2.58,-5.04,-14
2.60,-6.12,-17
2.62,-7.56,-21
2.64,-9.00,-25
2.66,-10.44,-29
2.68,-11.88,-33
2.70,-13.32,-37
2.72,-14.76,-41
2.74,-16.20,-45
2.76,-17.64,-49
2.78,-19.08,-53
2.80,-20.52,-57
2.82,-21.60,-60
2.84,-23.04,-64
2.86,-24.48,-68
2.88,-25.92,-72
2.90,-27.00,-75
2.92,-28.44,-79
2.94,-29.52,-82
2.96,-30.96,-86
2.98,-32.04,-89
3.00,-33.12,-92
3.02,-34.20,-95
3.04,-35.28,-98
3.06,-36.36,-101
3.08,-37.44,-104
3.10,-38.16,-106
3.12,-38.88,-108
3.14,-39.96,-111
3.16,-40.68,-113
3.18,-41.40,-115
3.20,-42.12,-117
3.22,-43.20,-120
3.24,-44.28,-123
3.26,-45.00,-125
3.28,-46.08,-128
3.30,-46.80,-130
3.32,-47.52,-132
3.34,-48.60,-135
3.36,-49.32,-137
3.38,-50.04,-139
3.40,-51.12,-142
3.42,-52.20,-145
3.44,-52.92,-147
3.46,-54.00,-150
3.48,-54.72,-152
3.50,-55.80,-155
3.52,-56.52,-157
3.54,-57.24,-159
3.56,-58.32,-162
3.58,-59.04,-164
3.60,-59.76,-166
3.62,-60.48,-168
3.64,-61.20,-170
3.66,-62.28,-173
3.68,-63.00,-175
3.70,-63.72,-177
3.72,-64.08,-178
3.74,-64.80,-180
3.76,-65.88,-183
3.78,-66.60,-185
3.80,-66.96,-186
3.82,-67.68,-188
3.84,-68.04,-189
3.86,-68.76,-191
3.88,-69.48,-193
3.90,-70.20,-195
3.92,-70.56,-196
3.94,-71.28,-198
3.96,-71.64,-199
3.98,-72.00,-200
4.00,-72.36,-201
4.02,-72.72,-202
4.04,-73.08,-203
4.06,-73.44,-204
4.08,-73.80,-205
4.10,-74.16,-206
4.12,-74.52,-207
4.14,-74.88,-208
4.16,-75.24,-209
4.18,-75.60,-210
4.20,-75.96,-211
4.22,-75.96,-211
4.24,-76.32,-212
4.26,-76.68,-213
4.28,-76.68,-213
4.30,-77.04,-214
4.32,-77.04,-214
4.34,-77.04,-214
4.36,-77.40,-215
4.38,-77.40,-215
4.40,-77.40,-215
4.42,-77.76,-216
4.44,-77.76,-216
4.46,-77.76,-216
4.48,-77.76,-216
4.50,-78.12,-217
4.52,-78.12,-217
4.54,-78.12,-217
4.56,-78.12,-217
4.58,-78.12,-217
4.60,-78.12,-217
4.62,-78.48,-218
4.64,-78.48,-218
4.66,-78.48,-218
4.68,-78.48,-218
4.70,-78.84,-219
4.72,-78.84,-219
4.74,-78.84,-219
4.76,-78.84,-219
4.78,-78.84,-219
4.80,-79.20,-220
4.82,-79.20,-220
4.84,-79.20,-220
4.86,-79.20,-220
4.88,-79.20,-220
4.90,-78.84,-219
4.92,-78.84,-219
4.94,-78.84,-219
4.96,-78.84,-219
4.98,-78.84,-219
5.00,-78.84,-219
5.02,-78.84,-219
5.04,-78.84,-219
5.06,-78.84,-219
5.08,-78.84,-219
5.10,-78.84,-219
5.12,-78.84,-219
5.14,-78.84,-219
5.16,-79.20,-220
5.18,-79.20,-220
5.20,-79.20,-220
5.22,-79.20,-220
5.24,-79.20,-220
5.26,-79.20,-220
5.28,-79.20,-220
5.30,-79.20,-220
5.32,-79.20,-220
5.34,-79.20,-220
5.36,-79.20,-220
5.38,-79.20,-220
5.40,-79.20,-220
5.42,-79.20,-220
5.44,-79.56,-221
5.46,-79.56,-221
5.48,-79.56,-221
5.50,-79.56,-221
5.52,-79.56,-221
5.54,-79.56,-221
5.56,-79.56,-221
5.58,-79.56,-221
5.60,-79.56,-221
5.62,-79.92,-222
5.64,-79.92,-222
5.66,-79.92,-222
5.68,-79.92,-222
5.70,-79.92,-222
5.72,-79.92,-222
5.74,-79.92,-222
5.76,-79.92,-222
5.78,-79.92,-222
5.80,-79.92,-222
5.82,-79.92,-222
5.84,-79.92,-222
5.86,-79.92,-222
5.88,-79.92,-222
5.90,-79.92,-222
5.92,-79.92,-222
5.94,-79.92,-222
5.96,-79.92,-222
5.98,-79.92,-222
6.00,-79.56,-221
6.02,-79.56,-221
6.04,-79.56,-221
6.06,-79.56,-221
6.08,-79.20,-220
6.10,-79.20,-220
6.12,-79.20,-220
6.14,-79.20,-220
6.16,-78.84,-219
6.18,-78.84,-219
6.20,-78.84,-219
6.22,-78.48,-218
6.24,-78.48,-218
6.26,-78.12,-217
6.28,-78.12,-217
6.30,-78.12,-217
6.32,-77.76,-216
6.34,-77.76,-216
6.36,-77.40,-215
6.38,-77.40,-215
6.40,-77.04,-214
6.42,-77.04,-214
6.44,-77.04,-214
6.46,-76.68,-213
6.48,-76.68,-213
6.50,-76.32,-212
6.52,-76.32,-212
6.54,-75.96,-211
6.56,-75.96,-211
6.58,-75.60,-210
6.60,-75.60,-210
6.62,-75.24,-209
6.64,-75.24,-209
6.66,-75.24,-209
6.68,-74.88,-208
6.70,-74.88,-208
6.72,-74.52,-207
6.74,-74.52,-207
6.76,-74.16,-206
6.78,-74.16,-206
6.80,-74.16,-206
6.82,-73.80,-205
6.84,-73.80,-205
6.86,-73.80,-205
6.88,-73.44,-204
6.90,-73.44,-204
6.92,-73.44,-204
6.94,-73.08,-203
6.96,-73.08,-203
6.98,-73.08,-203
7.00,-73.08,-203
7.02,-72.72,-202
7.04,-72.72,-202
7.06,-72.72,-202
7.08,-72.72,-202
7.10,-72.36,-201
7.12,-72.36,-201
7.14,-72.36,-201
7.16,-72.36,-201
7.18,-72.00,-200
7.20,-72.00,-200
7.22,-72.00,-200
7.24,-71.64,-199
7.26,-71.64,-199
7.28,-71.64,-199
7.30,-71.28,-198
7.32,-71.28,-198
7.34,-71.28,-198
7.36,-71.28,-198
7.38,-70.92,-197
7.40,-70.92,-197
7.42,-70.92,-197
7.44,-70.92,-197
7.46,-70.56,-196
7.48,-70.56,-196
7.50,-70.56,-196
7.52,-70.56,-196
7.54,-70.20,-195
7.56,-70.20,-195
7.58,-70.20,-195
7.60,-70.20,-195
7.62,-70.20,-195
7.64,-69.84,-194
7.66,-69.84,-194
7.68,-69.84,-194
7.70,-69.84,-194
7.72,-69.84,-194
7.74,-69.48,-193
7.76,-69.48,-193
7.78,-69.48,-193
7.80,-69.48,-193
7.82,-69.48,-193
7.84,-69.48,-193
7.86,-69.12,-192
7.88,-69.12,-192
7.90,-69.12,-192
7.92,-69.12,-192
7.94,-69.12,-192
7.96,-69.12,-192
7.98,-68.76,-191
8.00,-68.76,-191
8.02,-68.76,-191
8.04,-68.76,-191
8.06,-68.76,-191
8.08,-68.76,-191
8.10,-68.40,-190
8.12,-68.40,-190
8.14,-68.40,-190
8.16,-68.40,-190
8.18,-68.40,-190
8.20,-68.40,-190
8.22,-68.40,-190
8.24,-68.40,-190
8.26,-68.40,-190
8.28,-68.40,-190
8.30,-68.40,-190
8.32,-68.40,-190
8.34,-68.40,-190
8.36,-68.04,-189
8.38,-68.04,-189
8.40,-68.04,-189
8.42,-68.04,-189
8.44,-68.04,-189
8.46,-68.04,-189
8.48,-68.04,-189
8.50,-68.04,-189
8.52,-68.04,-189
8.54,-67.68,-188
8.56,-67.68,-188
8.58,-67.68,-188
8.60,-67.68,-188
8.62,-67.68,-188
8.64,-67.68,-188
8.66,-67.68,-188
8.68,-67.32,-187
8.70,-67.32,-187
8.72,-67.32,-187
8.74,-67.32,-187
8.76,-67.32,-187
8.78,-67.32,-187
8.80,-67.32,-187
8.82,-67.32,-187
8.84,-66.96,-186
8.86,-66.96,-186
8.88,-66.96,-186
8.90,-66.96,-186
8.92,-66.96,-186
8.94,-66.96,-186
8.96,-66.96,-186
8.98,-66.60,-185
9.00,-66.60,-185
9.02,-66.60,-185
9.04,-66.60,-185
9.06,-66.60,-185
9.08,-66.60,-185
9.10,-66.60,-185
9.12,-66.24,-184
9.14,-66.24,-184
9.16,-66.24,-184
9.18,-66.24,-184
9.20,-66.24,-184
9.22,-66.24,-184
9.24,-66.24,-184
9.26,-65.88,-183
9.28,-65.88,-183
9.30,-65.88,-183
9.32,-65.88,-183
9.34,-65.88,-183
9.36,-65.88,-183
9.38,-65.88,-183
9.40,-65.88,-183
9.42,-65.88,-183
9.44,-65.88,-183
9.46,-65.52,-182
9.48,-65.52,-182
9.50,-65.52,-182
9.52,-65.52,-182
9.54,-65.52,-182
9.56,-65.52,-182
9.58,-65.16,-181
9.60,-65.16,-181
9.62,-65.16,-181
9.64,-65.16,-181
9.66,-64.80,-180
9.68,-64.80,-180
9.70,-64.80,-180
9.72,-64.80,-180
9.74,-64.80,-180
9.76,-64.44,-179
9.78,-64.44,-179
9.80,-64.44,-179
9.82,-64.44,-179
9.84,-64.08,-178
9.86,-64.08,-178
9.88,-64.08,-178
9.90,-64.08,-178
9.92,-63.72,-177
9.94,-63.72,-177
9.96,-63.72,-177
9.98,-63.72,-177
10.00,-63.72,-177
10.02,-63.36,-176
10.04,-63.36,-176
10.06,-63.36,-176
10.08,-63.36,-176
10.10,-63.36,-176
10.12,-63.36,-176
10.14,-63.36,-176
10.16,-63.00,-175
10.18,-63.00,-175
10.20,-63.00,-175
10.22,-63.00,-175
10.24,-63.00,-175
10.26,-63.00,-175
10.28,-63.00,-175
10.30,-63.00,-175
10.32,-63.00,-175
10.34,-62.64,-174
10.36,-62.64,-174
10.38,-62.64,-174
10.40,-62.64,-174
10.42,-62.64,-174
10.44,-62.64,-174
10.46,-62.64,-174
10.48,-62.64,-174
10.50,-62.64,-174
10.52,-62.64,-174
10.54,-62.64,-174
10.56,-62.28,-173
10.58,-62.28,-173
10.60,-62.28,-173
10.62,-62.28,-173
10.64,-62.28,-173
10.66,-62.28,-173
10.68,-62.28,-173
10.70,-62.28,-173
10.72,-62.28,-173
10.74,-62.28,-173
10.76,-62.28,-173
10.78,-62.28,-173
10.80,-62.28,-173
10.82,-62.28,-173
10.84,-62.28,-173
10.86,-62.28,-173
10.88,-62.28,-173
10.90,-62.28,-173
10.92,-61.92,-172
10.94,-61.92,-172
10.96,-61.92,-172
10.98,-61.92,-172
11.00,-61.92,-172
11.02,-61.92,-172
11.04,-61.92,-172
11.06,-61.92,-172
11.08,-61.92,-172
11.10,-61.92,-172
11.12,-61.92,-172
11.14,-61.92,-172
11.16,-61.92,-172
11.18,-61.92,-172
11.20,-61.92,-172
11.22,-61.92,-172
11.24,-61.92,-172
11.26,-61.92,-172
11.28,-61.92,-172
11.30,-61.92,-172
11.32,-61.92,-172
11.34,-61.92,-172
11.36,-61.92,-172
11.38,-61.92,-172
11.40,-61.92,-172
11.42,-61.92,-172
11.44,-61.92,-172
11.46,-61.92,-172
11.48,-61.56,-171
11.50,-61.56,-171
11.52,-61.56,-171
11.54,-61.56,-171
11.56,-61.56,-171
11.58,-61.56,-171
11.60,-61.56,-171
11.62,-61.56,-171
11.64,-61.56,-171
11.66,-61.56,-171
11.68,-61.56,-171
11.70,-61.56,-171
11.72,-61.56,-171
11.74,-61.56,-171
11.76,-61.56,-171
11.78,-61.56,-171
11.80,-61.56,-171
11.82,-61.56,-171
11.84,-61.56,-171
11.86,-61.56,-171
11.88,-61.56,-171
11.90,-61.56,-171
11.92,-61.56,-171
11.94,-61.56,-171
11.96,-61.56,-171
11.98,-61.56,-171
12.00,-61.56,-171
12.02,-61.56,-171
12.04,-61.56,-171
12.06,-61.56,-171
12.08,-61.56,-171
12.10,-61.56,-171
12.12,-61.56,-171
12.14,-61.20,-170
12.16,-61.20,-170
12.18,-61.20,-170
12.20,-61.20,-170
12.22,-61.20,-170
12.24,-61.20,-170
12.26,-61.20,-170
12.28,-61.20,-170
12.30,-61.20,-170
12.32,-61.20,-170
12.34,-61.20,-170
12.36,-61.20,-170
12.38,-61.20,-170
12.40,-61.20,-170
12.42,-61.20,-170
12.44,-61.20,-170
12.46,-61.20,-170
12.48,-61.20,-170
12.50,-61.20,-170
12.52,-61.20,-170
12.54,-61.20,-170
12.56,-61.20,-170
12.58,-61.20,-170
12.60,-61.20,-170
12.62,-61.20,-170
12.64,-61.20,-170
12.66,-61.20,-170
12.68,-61.20,-170
12.70,-60.84,-169
12.72,-60.84,-169
12.74,-60.84,-169
12.76,-60.84,-169
12.78,-60.84,-169
12.80,-60.84,-169
12.82,-60.84,-169
12.84,-60.84,-169
12.86,-60.84,-169
12.88,-60.84,-169
12.90,-60.84,-169
12.92,-60.84,-169
12.94,-60.84,-169
12.96,-60.84,-169
12.98,-60.84,-169
13.00,-60.84,-169
13.02,-60.84,-169
13.04,-60.84,-169
13.06,-60.84,-169
13.08,-60.84,-169
13.10,-60.84,-169
13.12,-60.84,-169
13.14,-60.84,-169
13.16,-60.84,-169
13.18,-60.84,-169
13.20,-60.84,-169
13.22,-60.84,-169
13.24,-60.48,-168
13.26,-60.48,-168
13.28,-60.48,-168
13.30,-60.48,-168
13.32,-60.48,-168
13.34,-60.48,-168
13.36,-60.48,-168
13.38,-60.48,-168
13.40,-60.48,-168
13.42,-60.48,-168
13.44,-60.48,-168
13.46,-60.48,-168
13.48,-60.48,-168
13.50,-60.48,-168
13.52,-60.48,-168
13.54,-60.48,-168
13.56,-60.48,-168
13.58,-60.48,-168
13.60,-60.48,-168
13.62,-60.48,-168
13.64,-60.48,-168
13.66,-60.48,-168
13.68,-60.48,-168
13.70,-60.48,-168
13.72,-60.84,-169
13.74,-60.84,-169
13.76,-60.84,-169
13.78,-60.84,-169
13.80,-60.84,-169
13.82,-60.84,-169
13.84,-60.84,-169
13.86,-60.84,-169
13.88,-60.84,-169
13.90,-60.84,-169
13.92,-60.84,-169
13.94,-60.84,-169
13.96,-60.84,-169
13.98,-60.84,-169
14.00,-60.84,-169
14.02,-60.84,-169
14.04,-60.84,-169
14.06,-60.84,-169
14.08,-60.84,-169
14.10,-60.84,-169
14.12,-60.84,-169
14.14,-60.84,-169
14.16,-60.84,-169
14.18,-60.84,-169
14.20,-60.84,-169
14.22,-60.84,-169
14.24,-60.84,-169
14.26,-60.84,-169
14.28,-60.84,-169
14.30,-60.84,-169
14.32,-60.84,-169
14.34,-60.84,-169
14.36,-60.84,-169
14.38,-60.84,-169
14.40,-60.84,-169
14.42,-60.84,-169
14.44,-60.84,-169
14.46,-60.84,-169
14.48,-60.84,-169
14.50,-60.84,-169
14.52,-60.84,-169
14.54,-60.84,-169
14.56,-60.84,-169
14.58,-60.84,-169
14.60,-60.84,-169
14.62,-60.84,-169
14.64,-60.84,-169
14.66,-60.84,-169
14.68,-60.84,-169
14.70,-60.84,-169
14.72,-60.84,-169
14.74,-60.84,-169
14.76,-60.84,-169
14.78,-60.84,-169
14.80,-60.84,-169
14.82,-60.84,-169
14.84,-60.84,-169
14.86,-60.84,-169
14.88,-60.84,-169
14.90,-60.84,-169
14.92,-60.84,-169
14.94,-60.84,-169
14.96,-60.84,-169
14.98,-60.84,-169
15.00,-60.84,-169
15.02,-60.84,-169
15.04,-60.84,-169
15.06,-61.20,-170
15.08,-61.20,-170
15.10,-61.20,-170
15.12,-61.20,-170
15.14,-61.20,-170
15.16,-61.20,-170
15.18,-61.20,-170
15.20,-61.20,-170
15.22,-61.20,-170
15.24,-61.20,-170
15.26,-61.20,-170
15.28,-61.20,-170
15.30,-61.20,-170
15.32,-61.20,-170
15.34,-61.20,-170
15.36,-61.20,-170
15.38,-61.20,-170
15.40,-61.20,-170
15.42,-61.20,-170
15.44,-61.20,-170
15.46,-61.20,-170
15.48,-61.20,-170
15.50,-61.20,-170
15.52,-61.20,-170
15.54,-61.20,-170
15.56,-61.20,-170
15.58,-61.20,-170
15.60,-61.20,-170
15.62,-61.20,-170
15.64,-61.20,-170
15.66,-61.20,-170
15.68,-61.20,-170
15.70,-61.20,-170
15.72,-61.20,-170
15.74,-61.20,-170
15.76,-61.20,-170
15.78,-61.20,-170
15.80,-61.20,-170
15.82,-61.20,-170
15.84,-61.20,-170
15.86,-61.20,-170
15.88,-61.20,-170
15.90,-61.20,-170
15.92,-61.20,-170
15.94,-60.84,-169
15.96,-60.84,-169
15.98,-60.84,-169
16.00,-60.84,-169
16.02,-60.84,-169
16.04,-60.84,-169
16.06,-60.84,-169
16.08,-60.84,-169
16.10,-60.84,-169
16.12,-60.84,-169
16.14,-60.84,-169
16.16,-60.84,-169
16.18,-60.84,-169
16.20,-60.84,-169
16.22,-60.84,-169
16.24,-60.84,-169
16.26,-60.84,-169
16.28,-60.84,-169
16.30,-60.84,-169
16.32,-60.84,-169
16.34,-60.84,-169
16.36,-60.84,-169
16.38,-60.84,-169
16.40,-60.84,-169
16.42,-60.84,-169
16.44,-60.84,-169
16.46,-60.84,-169
16.48,-60.84,-169
16.50,-60.84,-169
16.52,-60.84,-169
16.54,-60.84,-169
16.56,-60.84,-169
16.58,-60.84,-169
16.60,-60.84,-169
16.62,-60.84,-169
16.64,-60.84,-169
16.66,-60.84,-169
16.68,-60.84,-169
16.70,-60.84,-169
16.72,-60.84,-169
16.74,-60.84,-169
16.76,-60.84,-169
16.78,-60.84,-169
16.80,-60.84,-169
16.82,-60.84,-169
16.84,-60.84,-169
16.86,-60.84,-169
16.88,-60.84,-169
16.90,-60.84,-169
16.92,-60.84,-169
16.94,-60.84,-169
16.96,-60.84,-169
16.98,-60.48,-168
17.00,-60.48,-168
17.02,-60.48,-168
17.04,-60.48,-168
17.06,-60.48,-168
17.08,-60.48,-168
17.10,-60.48,-168
17.12,-60.48,-168
17.14,-60.48,-168
17.16,-60.48,-168
17.18,-60.48,-168
17.20,-60.48,-168
17.22,-60.48,-168
17.24,-60.48,-168
17.26,-60.48,-168
17.28,-60.48,-168
17.30,-60.48,-168
17.32,-60.48,-168
17.34,-60.48,-168
17.36,-60.48,-168
17.38,-60.48,-168
17.40,-60.48,-168
17.42,-60.48,-168
17.44,-60.48,-168
17.46,-60.48,-168
17.48,-60.48,-168
17.50,-60.48,-168
17.52,-60.48,-168
17.54,-60.48,-168
17.56,-60.48,-168
17.58,-60.48,-168
17.60,-60.48,-168
17.62,-60.48,-168
17.64,-60.48,-168
17.66,-60.48,-168
17.68,-60.48,-168
17.70,-60.48,-168
17.72,-60.48,-168
17.74,-60.48,-168
17.76,-60.48,-168
17.78,-60.48,-168
17.80,-60.48,-168
17.82,-60.48,-168
17.84,-60.48,-168
17.86,-60.12,-167
17.88,-59.40,-165
17.90,-58.68,-163
17.92,-57.24,-159
17.94,-55.08,-153
17.96,-52.92,-147
17.98,-50.40,-140
18.00,-47.16,-131
18.02,-43.56,-121
18.04,-39.96,-111
18.06,-35.64,-99
18.08,-31.32,-87
18.10,-26.64,-74
18.12,-21.60,-60
18.14,-16.56,-46
18.16,-11.16,-31
18.18,-6.12,-17
18.20,-0.72,-2
18.22,4.68,13
18.24,10.08,28
18.26,15.12,42
18.28,20.16,56
18.30,25.20,70
18.32,29.88,83
18.34,34.20,95
18.36,38.16,106
18.38,42.12,117
18.40,45.36,126
18.42,48.24,134
18.44,51.12,142
18.46,53.28,148
18.48,54.72,152
18.50,56.16,156
18.52,57.24,159
18.54,57.60,160
18.56,57.60,160
18.58,57.24,159
18.60,56.52,157
18.62,55.08,153
18.64,53.28,148
18.66,51.12,142
18.68,48.60,135
18.70,45.72,127
18.72,42.12,117
18.74,38.52,107
18.76,34.56,96
18.78,30.24,84
18.80,25.56,71
18.82,20.88,58
18.84,15.84,44
18.86,10.80,30
18.88,5.40,15
18.90,0.36,1
18.92,-5.04,-14
18.94,-10.08,-28
18.96,-15.12,-42
18.98,-20.16,-56
19.00,-25.20,-70
19.02,-29.88,-83
19.04,-34.20,-95
19.06,-38.16,-106
19.08,-41.76,-116
19.10,-45.36,-126
19.12,-48.24,-134
19.14,-50.76,-141
19.16,-52.92,-147
19.18,-54.72,-152
19.20,-56.16,-156
19.22,-57.24,-159
19.24,-57.60,-160
19.26,-57.96,-161
19.28,-57.60,-160
19.30,-56.88,-158
19.32,-55.44,-154
19.34,-54.00,-150
19.36,-51.84,-144
19.38,-49.32,-137
19.40,-46.44,-129
19.42,-43.20,-120
19.44,-39.60,-110
19.46,-35.64,-99
19.48,-31.32,-87
19.50,-27.00,-75
19.52,-22.32,-62
19.54,-17.28,-48
19.56,-12.24,-34
19.58,-7.20,-20
19.60,-1.80,-5
19.62,3.24,9
19.64,8.28,23
19.66,13.32,37
19.68,18.36,51
19.70,23.04,64
19.72,27.72,77
19.74,32.04,89
19.76,36.00,100
19.78,39.60,110
19.80,42.84,119
19.82,46.08,128
19.84,48.60,135
19.86,50.76,141
19.88,52.56,146
19.90,54.00,150
19.92,55.08,153
19.94,55.44,154
19.96,55.44,154
19.98,55.08,153
20.00,54.36,151
20.02,52.92,147
20.04,51.48,143
20.06,49.32,137
20.08,46.80,130
20.10,43.92,122
20.12,41.04,114
20.14,37.44,104
20.16,33.48,93
20.18,29.52,82
20.20,24.84,69
20.22,20.52,57
20.24,15.48,43
20.26,10.44,29
20.28,5.40,15
20.30,0.36,1
20.32,-4.68,-13
20.34,-9.72,-27
20.36,-14.76,-41
20.38,-19.44,-54
20.40,-24.12,-67
20.42,-28.80,-80
20.44,-32.76,-91
20.46,-36.72,-102
20.48,-40.68,-113
20.50,-43.92,-122
20.52,-46.80,-130
20.54,-49.32,-137
20.56,-51.48,-143
20.58,-53.28,-148
20.60,-54.72,-152
20.62,-55.44,-154
20.64,-56.16,-156
20.66,-56.16,-156
20.68,-55.80,-155
20.70,-54.72,-152
20.72,-53.64,-149
20.74,-52.20,-145
20.76,-50.04,-139
20.78,-47.52,-132
20.80,-45.00,-125
20.82,-41.76,-116
20.84,-38.16,-106
20.86,-34.20,-95
20.88,-30.24,-84
20.90,-25.92,-72
20.92,-21.24,-59
20.94,-16.56,-46
20.96,-11.88,-33
20.98,-6.84,-19
21.00,-1.80,-5
21.02,3.24,9
21.04,8.28,23
21.06,13.32,37
21.08,18.00,50
21.10,22.68,63
21.12,27.00,75
21.14,31.32,87
21.16,34.92,97
21.18,38.52,107
21.20,41.76,116
21.22,44.64,124
21.24,47.16,131
21.26,49.32,137
21.28,51.12,142
21.30,52.20,145
21.32,53.28,148
21.34,53.64,149
21.36,53.28,148
21.38,52.92,147
21.40,52.20,145
21.42,51.12,142
21.44,49.32,137
21.46,47.52,132
21.48,45.00,125
21.50,42.12,117
21.52,38.88,108
21.54,35.64,99
21.56,31.68,88
21.58,27.72,77
21.60,23.40,65
21.62,18.72,52
21.64,14.04,39
21.66,9.36,26
21.68,4.32,12
21.70,-0.36,-1
21.72,-5.40,-15
21.74,-10.44,-29
21.76,-15.12,-42
21.78,-19.80,-55
21.80,-24.48,-68
21.82,-28.80,-80
21.84,-32.76,-91
21.86,-36.36,-101
21.88,-39.96,-111
21.90,-43.20,-120
21.92,-45.72,-127
21.94,-48.24,-134
21.96,-50.40,-140
21.98,-51.84,-144
22.00,-53.28,-148
22.02,-54.00,-150
22.04,-54.36,-151
22.06,-54.00,-150
22.08,-53.64,-149
22.10,-52.92,-147
22.12,-51.48,-143
22.14,-49.68,-138
22.16,-47.88,-133
22.18,-45.36,-126
22.20,-42.48,-118
22.22,-39.24,-109
22.24,-35.64,-99
22.26,-32.04,-89
22.28,-28.08,-78
22.30,-23.76,-66
22.32,-19.08,-53
22.34,-14.40,-40
22.36,-9.72,-27
22.38,-5.04,-14
22.40,0.00,0
22.42,5.04,14
22.44,9.72,27
22.46,14.40,40
22.48,19.08,53
22.50,23.40,65
22.52,27.72,77
22.54,31.68,88
22.56,35.28,98
22.58,38.52,107
22.60,41.40,115
22.62,44.28,123
22.64,46.44,129
22.66,48.24,134
22.68,49.68,138
22.70,50.76,141
22.72,51.48,143
22.74,51.84,144
22.76,51.48,143
22.78,51.12,142
22.80,50.04,139
22.82,48.60,135
22.84,46.80,130
22.86,45.00,125
22.88,42.48,118
22.90,39.60,110
22.92,36.36,101
22.94,32.76,91
22.96,28.80,80
22.98,24.84,69
23.00,20.52,57
23.02,16.20,45
23.04,11.52,32
23.06,6.84,19
23.08,2.16,6
23.10,-2.88,-8
23.12,-7.56,-21
23.14,-12.24,-34
23.16,-16.92,-47
23.18,-21.24,-59
23.20,-25.56,-71
23.22,-29.88,-83
23.24,-33.48,-93
23.26,-37.08,-103
23.28,-40.32,-112
23.30,-43.20,-120
23.32,-45.72,-127
23.34,-47.88,-133
23.36,-49.68,-138
23.38,-51.12,-142
23.40,-51.84,-144
23.42,-52.56,-146
23.44,-52.56,-146
23.46,-52.20,-145
23.48,-51.48,-143
23.50,-50.40,-140
23.52,-48.96,-136
23.54,-47.16,-131
23.56,-45.00,-125
23.58,-42.48,-118
23.60,-39.24,-109
23.62,-36.00,-100
23.64,-32.76,-91
23.66,-28.80,-80
23.68,-24.84,-69
23.70,-20.52,-57
23.72,-15.84,-44
23.74,-11.52,-32
23.76,-6.48,-18
23.78,-1.80,-5
23.80,2.88,8
23.82,7.56,21
23.84,12.24,34
23.86,16.56,46
23.88,20.88,58
23.90,25.20,70
23.92,29.16,81
23.94,32.76,91
23.96,36.00,100
23.98,39.24,109
24.00,41.76,116
24.02,44.28,123
24.04,46.08,128
24.06,47.88,133
24.08,48.96,136
24.10,49.68,138
24.12,50.04,139
24.14,50.40,140
24.16,50.04,139
24.18,49.32,137
24.20,47.88,133
24.22,46.44,129
24.24,44.28,123
24.26,42.12,117
24.28,39.24,109
24.30,36.36,101
24.32,33.12,92
24.34,29.52,82
24.36,25.56,71
24.38,21.60,60
24.40,17.28,48
24.42,12.60,35
24.44,8.28,23
24.46,3.60,10
24.48,-1.08,-3
24.50,-5.76,-16
24.52,-10.44,-29
24.54,-14.76,-41
24.56,-19.08,-53
24.58,-23.40,-65
24.60,-27.36,-76
24.62,-31.32,-87
24.64,-34.56,-96
24.66,-37.80,-105
24.68,-40.68,-113
24.70,-43.20,-120
24.72,-45.36,-126
24.74,-47.16,-131
24.76,-48.60,-135
24.78,-49.68,-138
24.80,-50.40,-140
24.82,-50.76,-141
24.84,-50.76,-141
24.86,-50.04,-139
24.88,-49.32,-137
24.90,-47.88,-133
24.92,-46.08,-128
24.94,-43.92,-122
24.96,-41.40,-115
24.98,-38.88,-108
25.00,-35.64,-99
25.02,-32.40,-90
25.04,-28.44,-79
25.06,-24.48,-68
25.08,-20.52,-57
25.10,-16.20,-45
25.12,-11.88,-33
25.14,-7.20,-20
25.16,-2.52,-7
25.18,1.80,5
25.20,6.48,18
25.22,11.16,31
25.24,15.48,43
25.26,19.80,55
25.28,23.76,66
25.30,27.72,77
25.32,31.32,87
25.34,34.56,96
25.36,37.44,104
25.38,39.96,111
25.40,42.48,118
25.42,44.28,123
25.44,46.08,128
25.46,47.16,131
25.48,48.24,134
25.50,48.60,135
25.52,48.60,135
25.54,48.24,134
25.56,47.52,132
25.58,46.08,128
25.60,44.64,124
25.62,42.84,119
25.64,40.68,113
25.66,38.16,106
25.68,35.28,98
25.70,32.04,89
25.72,28.44,79
25.74,24.84,69
25.76,20.52,57
25.78,16.56,46
25.80,12.24,34
25.82,7.92,22
25.84,3.24,9
25.86,-1.08,-3
25.88,-5.76,-16
25.90,-10.08,-28
25.92,-14.40,-40
25.94,-18.72,-52
25.96,-23.04,-64
25.98,-26.64,-74
26.00,-30.60,-85
26.02,-33.84,-94
26.04,-37.08,-103
26.06,-39.60,-110
26.08,-42.12,-117
26.10,-44.28,-123
26.12,-46.08,-128
26.14,-47.52,-132
26.16,-48.60,-135
26.18,-49.32,-137
26.20,-49.32,-137
26.22,-48.96,-136
26.24,-48.60,-135
26.26,-47.52,-132
26.28,-46.44,-129
26.30,-44.64,-124
26.32,-42.48,-118
26.34,-40.32,-112
26.36,-37.44,-104
26.38,-34.56,-96
26.40,-30.96,-86
26.42,-27.36,-76
26.44,-23.76,-66
26.46,-19.80,-55
26.48,-15.48,-43
26.50,-11.16,-31
26.52,-6.84,-19
26.54,-2.16,-6
26.56,2.16,6
26.58,6.48,18
26.60,10.80,30
26.62,15.12,42
26.64,19.44,54
26.66,23.40,65
26.68,27.00,75
26.70,30.24,84
26.72,33.48,93
26.74,36.36,101
26.76,38.88,108
26.78,41.40,115
26.80,43.20,120
26.82,44.64,124
26.84,45.72,127
26.86,46.80,130
26.88,47.16,131
26.90,47.16,131
26.92,46.80,130
26.94,46.08,128
26.96,45.00,125
26.98,43.56,121
27.00,41.40,115
27.02,39.24,109
27.04,36.72,102
27.06,33.84,94
27.08,30.60,85
27.10,27.36,76
27.12,23.76,66
27.14,19.80,55
27.16,15.84,44
27.18,11.52,32
27.20,7.20,20
27.22,2.88,8
27.24,-1.44,-4
27.26,-5.76,-16
27.28,-10.08,-28
27.30,-14.40,-40
27.32,-18.72,-52
27.34,-22.68,-63
27.36,-26.28,-73
27.38,-29.88,-83
27.40,-33.12,-92
27.42,-36.00,-100
27.44,-38.52,-107
27.46,-41.04,-114
27.48,-43.20,-120
27.50,-44.64,-124
27.52,-46.08,-128
27.54,-46.80,-130
27.56,-47.52,-132
27.58,-47.52,-132
27.60,-47.16,-131
27.62,-46.44,-129
27.64,-45.72,-127
27.66,-44.28,-123
27.68,-42.48,-118
27.70,-40.32,-112
27.72,-38.16,-106
27.74,-35.28,-98
27.76,-32.40,-90
27.78,-28.80,-80
27.80,-25.56,-71
27.82,-21.60,-60
27.84,-17.64,-49
27.86,-13.68,-38
27.88,-9.36,-26
27.90,-5.04,-14
27.92,-0.72,-2
27.94,3.60,10
27.96,7.92,22
27.98,11.88,33
28.00,16.20,45
28.02,20.16,56
28.04,23.76,66
28.06,27.36,76
28.08,30.60,85
28.10,33.84,94
28.12,36.36,101
28.14,38.88,108
28.16,41.04,114
28.18,42.48,118
28.20,43.92,122
28.22,45.00,125
28.24,45.72,127
28.26,46.08,128
28.28,46.08,128
28.30,45.36,126
28.32,44.64,124
28.34,43.56,121
28.36,41.76,116
28.38,39.96,111
28.40,37.80,105
28.42,34.92,97
28.44,32.04,89
28.46,29.16,81
28.48,25.56,71
28.50,21.96,61
28.52,18.00,50
28.54,14.04,39
28.56,10.08,28
28.58,5.76,16
28.60,1.44,4
28.62,-2.52,-7
28.64,-6.84,-19
28.66,-11.16,-31
28.68,-15.12,-42
28.70,-19.08,-53
28.72,-22.68,-63
28.74,-26.28,-73
28.76,-29.88,-83
28.78,-32.76,-91
28.80,-35.64,-99
28.82,-38.16,-106
28.84,-40.32,-112
28.86,-42.12,-117
28.88,-43.56,-121
28.90,-44.64,-124
28.92,-45.36,-126
28.94,-45.72,-127
28.96,-45.36,-126
28.98,-45.00,-125
29.00,-44.28,-123
29.02,-43.20,-120
29.04,-41.76,-116
29.06,-39.96,-111
29.08,-37.80,-105
29.10,-35.28,-98
29.12,-32.76,-91
29.14,-29.52,-82
29.16,-26.28,-73
29.18,-22.68,-63
29.20,-19.08,-53
29.22,-15.12,-42
29.24,-11.16,-31
29.26,-6.84,-19
29.28,-2.88,-8
29.30,1.44,4
29.32,5.76,16
29.34,9.72,27
29.36,13.68,38
29.38,17.64,49
29.40,21.60,60
29.42,25.20,70
29.44,28.44,79
29.46,31.32,87
29.48,34.20,95
29.50,36.72,102
29.52,38.88,108
29.54,40.68,113
29.56,42.48,118
29.58,43.56,121
29.60,44.28,123
29.62,44.64,124
29.64,45.00,125
29.66,44.64,124
29.68,44.28,123
29.70,43.20,120
29.72,41.76,116
29.74,39.96,111
29.76,38.16,106
29.78,35.64,99
29.80,33.12,92
29.82,29.88,83
29.84,27.00,75
29.86,23.40,65
29.88,19.80,55
29.90,15.84,44
29.92,11.88,33
29.94,7.92,22
29.96,3.96,11
29.98,-0.36,-1
30.00,-4.32,-12
30.02,-8.64,-24
30.04,-12.60,-35
30.06,-16.56,-46
30.08,-20.16,-56
30.10,-23.76,-66
30.12,-27.00,-75
30.14,-30.24,-84
30.16,-33.12,-92
30.18,-35.64,-99
30.20,-37.80,-105
30.22,-39.60,-110
30.24,-41.04,-114
30.26,-42.48,-118
30.28,-43.20,-120
30.30,-43.92,-122
30.32,-43.92,-122
30.34,-43.56,-121
30.36,-43.20,-120
30.38,-42.12,-117
30.40,-40.68,-113
30.42,-39.24,-109
30.44,-37.08,-103
30.46,-34.92,-97
30.48,-32.40,-90
30.50,-29.52,-82
30.52,-26.28,-73
30.54,-23.04,-64
30.56,-19.44,-54
30.58,-15.84,-44
30.60,-11.88,-33
30.62,-7.92,-22
30.64,-3.96,-11
30.66,0.36,1
30.68,4.32,12
30.70,8.28,23
30.72,12.24,34
30.74,16.20,45
30.76,19.80,55
30.78,23.40,65
30.80,26.64,74
30.82,29.88,83
30.84,32.76,91
30.86,35.28,98
30.88,37.44,104
30.90,39.24,109
30.92,41.04,114
30.94,42.12,117
30.96,43.20,120
30.98,43.56,121
31.00,43.92,122
31.02,43.92,122
31.04,43.56,121
31.06,42.48,118
31.08,41.40,115
31.10,39.60,110
31.12,37.80,105
31.14,35.64,99
31.16,33.12,92
31.18,30.24,84
31.20,27.36,76
31.22,24.12,67
31.24,20.52,57
31.26,16.92,47
31.28,13.32,37
31.30,9.36,26
31.32,5.40,15
31.34,1.44,4
31.36,-2.88,-8
31.38,-6.84,-19
31.40,-10.80,-30
31.42,-14.40,-40
31.44,-18.00,-50
31.46,-21.60,-60
31.48,-24.84,-69
31.50,-28.08,-78
31.52,-30.96,-86
31.54,-33.48,-93
31.56,-35.64,-99
31.58,-37.44,-104
31.60,-39.24,-109
31.62,-40.68,-113
31.64,-41.40,-115
31.66,-42.12,-117
31.68,-42.12,-117
31.70,-42.12,-117
31.72,-41.40,-115
31.74,-40.68,-113
31.76,-39.60,-110
31.78,-38.16,-106
31.80,-36.36,-101
31.82,-34.20,-95
31.84,-31.68,-88
31.86,-28.80,-80
31.88,-25.92,-72
31.90,-22.68,-63
31.92,-19.44,-54
31.94,-15.84,-44
31.96,-11.88,-33
31.98,-8.28,-23
32.00,-4.32,-12
32.02,-0.36,-1
32.04,3.60,10
32.06,7.56,21
32.08,11.52,32
32.10,15.12,42
32.12,18.72,52
32.14,22.32,62
32.16,25.56,71
32.18,28.80,80
32.20,31.32,87
32.22,34.20,95
32.24,36.36,101
32.26,38.16,106
32.28,39.96,111
32.30,41.04,114
32.32,42.12,117
32.34,42.84,119
32.36,42.84,119
32.38,42.84,119
32.40,42.12,117
32.42,41.40,115
32.44,40.32,112
32.46,38.88,108
32.48,37.08,103
32.50,34.92,97
32.52,32.76,91
32.54,29.88,83
32.56,27.00,75
32.58,23.76,66
32.60,20.52,57
32.62,16.92,47
32.64,13.32,37
32.66,9.72,27
32.68,5.76,16
32.70,1.80,5
32.72,-2.16,-6
32.74,-6.12,-17
32.76,-9.72,-27
32.78,-13.32,-37
32.80,-16.92,-47
32.82,-20.52,-57
32.84,-23.76,-66
32.86,-26.64,-74
32.88,-29.52,-82
32.90,-32.04,-89
32.92,-34.20,-95
32.94,-36.36,-101
32.96,-37.80,-105
32.98,-39.24,-109
33.00,-39.96,-111
33.02,-40.68,-113
33.04,-41.04,-114
33.06,-41.04,-114
33.08,-40.68,-113
33.10,-39.96,-111
33.12,-38.88,-108
33.14,-37.44,-104
33.16,-35.64,-99
33.18,-33.48,-93
33.20,-31.32,-87
33.22,-28.80,-80
33.24,-25.92,-72
33.26,-22.68,-63
33.28,-19.44,-54
33.30,-15.84,-44
33.32,-12.24,-34
33.34,-8.64,-24
33.36,-4.68,-13
33.38,-1.08,-3
33.40,2.88,8
33.42,6.84,19
33.44,10.44,29
33.46,14.04,39
33.48,17.64,49
33.50,21.24,59
33.52,24.48,68
33.54,27.36,76
33.56,29.88,83
33.58,32.40,90
33.60,34.56,96
33.62,36.72,102
33.64,38.16,106
33.66,39.60,110
33.68,40.32,112
33.70,41.04,114
33.72,41.40,115
33.74,41.40,115
33.76,41.04,114
33.78,40.32,112
33.80,39.24,109
33.82,37.80,105
33.84,36.00,100
33.86,34.20,95
33.88,31.68,88
33.90,29.16,81
33.92,26.28,73
33.94,23.40,65
33.96,20.16,56
33.98,16.56,46
34.00,12.96,36
34.02,9.36,26
34.04,5.76,16
34.06,1.80,5
34.08,-1.80,-5
34.10,-5.76,-16
34.12,-9.36,-26
34.14,-12.96,-36
34.16,-16.56,-46
34.18,-19.80,-55
34.20,-23.04,-64
34.22,-25.92,-72
34.24,-28.80,-80
34.26,-30.96,-86
34.28,-33.48,-93
34.30,-35.28,-98
34.32,-36.72,-102
34.34,-38.16,-106
34.36,-38.88,-108
34.38,-39.60,-110
34.40,-39.60,-110
34.42,-39.96,-111
34.44,-39.60,-110
34.46,-38.52,-107
34.48,-37.44,-104
34.50,-36.36,-101
34.52,-34.56,-96
34.54,-32.40,-90
34.56,-30.24,-84
34.58,-27.72,-77
34.60,-24.84,-69
34.62,-21.96,-61
34.64,-18.72,-52
34.66,-15.12,-42
34.68,-11.88,-33
34.70,-7.92,-22
34.72,-4.32,-12
34.74,-0.72,-2
34.76,3.24,9
34.78,6.84,19
34.80,10.44,29
34.82,14.04,39
34.84,17.28,48
34.86,20.88,58
34.88,23.76,66
34.90,26.64,74
34.92,29.52,82
34.94,31.68,88
34.96,33.84,94
34.98,35.64,99
35.00,37.08,103
35.02,38.52,107
35.04,39.24,109
35.06,39.96,111
35.08,39.96,111
35.10,40.32,112
35.12,39.96,111
35.14,38.88,108
35.16,37.80,105
35.18,36.36,101
35.20,34.92,97
35.22,32.76,91
35.24,30.60,85
35.26,28.08,78
35.28,25.20,70
35.30,22.32,62
35.32,19.08,53
35.34,15.84,44
35.36,12.24,34
35.38,8.64,24
35.40,5.04,14
35.42,1.44,4
35.44,-2.52,-7
35.46,-6.12,-17
35.48,-9.72,-27
35.50,-12.96,-36
35.52,-16.56,-46
35.54,-19.80,-55
35.56,-22.68,-63
35.58,-25.56,-71
35.60,-28.08,-78
35.62,-30.60,-85
35.64,-32.40,-90
35.66,-34.20,-95
35.68,-36.00,-100
35.70,-37.08,-103
35.72,-37.80,-105
35.74,-38.52,-107
35.76,-38.52,-107
35.78,-38.16,-106
35.80,-37.80,-105
35.82,-37.08,-103
35.84,-36.00,-100
35.86,-34.56,-96
35.88,-32.76,-91
35.90,-30.96,-86
35.92,-28.44,-79
35.94,-25.92,-72
35.96,-23.40,-65
35.98,-20.16,-56
36.00,-17.28,-48
36.02,-13.68,-38
36.04,-10.44,-29
36.06,-6.84,-19
36.08,-3.24,-9
36.10,0.36,1
36.12,3.96,11
36.14,7.56,21
36.16,11.16,31
36.18,14.76,41
36.20,18.00,50
36.22,21.24,59
36.24,24.12,67
36.26,27.00,75
36.28,29.52,82
36.30,31.68,88
36.32,33.48,93
36.34,35.28,98
36.36,36.72,102
36.38,37.80,105
36.40,38.88,108
36.42,39.24,109
36.44,39.24,109
36.46,38.88,108
36.48,38.52,107
36.50,37.80,105
36.52,36.36,101
36.54,35.28,98
36.56,33.48,93
36.58,31.32,87
36.60,29.16,81
36.62,26.64,74
36.64,23.76,66
36.66,20.88,58
36.68,17.64,49
36.70,14.40,40
36.72,11.16,31
36.74,7.56,21
36.76,3.96,11
36.78,0.36,1
36.80,-3.24,-9
36.82,-6.84,-19
36.84,-10.08,-28
36.86,-13.68,-38
36.88,-16.92,-47
36.90,-19.80,-55
36.92,-22.68,-63
36.94,-25.56,-71
36.96,-28.08,-78
36.98,-30.24,-84
37.00,-32.04,-89
37.02,-33.84,-94
37.04,-35.28,-98
37.06,-36.00,-100
37.08,-37.08,-103
37.10,-37.44,-104
37.12,-37.44,-104
37.14,-37.44,-104
37.16,-36.72,-102
37.18,-36.00,-100
37.20,-34.92,-97
37.22,-33.48,-93
37.24,-31.68,-88
37.26,-29.52,-82
37.28,-27.36,-76
37.30,-24.84,-69
37.32,-21.96,-61
37.34,-19.08,-53
37.36,-15.84,-44
37.38,-12.60,-35
37.40,-9.36,-26
37.42,-5.76,-16
37.44,-2.52,-7
37.46,1.08,3
37.48,4.68,13
37.50,8.28,23
37.52,11.52,32
37.54,14.76,41
37.56,18.00,50
37.58,21.24,59
37.60,23.76,66
37.62,26.64,74
37.64,28.80,80
37.66,30.96,86
37.68,32.76,91
37.70,34.56,96
37.72,35.64,99
37.74,36.72,102
37.76,37.44,104
37.78,37.80,105
37.80,37.80,105
37.82,37.44,104
37.84,36.72,102
37.86,36.00,100
37.88,34.56,96
37.90,33.12,92
37.92,31.32,87
37.94,29.52,82
37.96,27.00,75
37.98,24.48,68
38.00,21.60,60
38.02,18.72,52
38.04,15.84,44
38.06,12.60,35
38.08,9.00,25
38.10,5.76,16
38.12,2.16,6
38.14,-1.08,-3
38.16,-4.68,-13
38.18,-8.28,-23
38.20,-11.52,-32
38.22,-14.76,-41
38.24,-18.00,-50
38.26,-20.88,-58
38.28,-23.40,-65
38.30,-25.92,-72
38.32,-28.44,-79
38.34,-30.24,-84
38.36,-32.04,-89
38.38,-33.48,-93
38.40,-34.92,-97
38.42,-35.64,-99
38.44,-36.36,-101
38.46,-36.72,-102
38.48,-36.72,-102
38.50,-36.36,-101
38.52,-36.00,-100
38.54,-34.92,-97
38.56,-33.48,-93
38.58,-32.04,-89
38.60,-30.24,-84
38.62,-28.08,-78
38.64,-25.92,-72
38.66,-23.40,-65
38.68,-20.52,-57
38.70,-17.64,-49
38.72,-14.40,-40
38.74,-11.16,-31
38.76,-7.92,-22
38.78,-4.68,-13
38.80,-1.08,-3
38.82,2.16,6
38.84,5.76,16
38.86,9.00,25
38.88,12.24,34
38.90,15.48,43
38.92,18.36,51
38.94,21.24,59
38.96,24.12,67
38.98,26.28,73
39.00,28.80,80
39.02,30.60,85
39.04,32.40,90
39.06,33.84,94
39.08,34.92,97
39.10,35.64,99
39.12,36.36,101
39.14,36.36,101
39.16,36.00,100
39.18,35.64,99
39.20,34.92,97
39.22,33.84,94
39.24,32.76,91
39.26,30.96,86
39.28,29.16,81
39.30,27.00,75
39.32,24.84,69
39.34,22.32,62
39.36,19.44,54
39.38,16.56,46
39.40,13.32,37
39.42,10.08,28
39.44,6.84,19
39.46,3.60,10
39.48,0.36,1
39.50,-3.24,-9
39.52,-6.48,-18
39.54,-9.72,-27
39.56,-12.96,-36
39.58,-16.20,-45
39.60,-19.08,-53
39.62,-21.96,-61
39.64,-24.48,-68
39.66,-26.64,-74
39.68,-28.80,-80
39.70,-30.60,-85
39.72,-32.40,-90
39.74,-33.48,-93
39.76,-34.56,-96
39.78,-35.28,-98
39.80,-36.00,-100
39.82,-36.00,-100
39.84,-36.00,-100
39.86,-35.64,-99
39.88,-34.56,-96
39.90,-33.48,-93
39.92,-32.40,-90
39.94,-30.60,-85
39.96,-28.80,-80
39.98,-26.64,-74
40.00,-24.12,-67
40.02,-21.60,-60
40.04,-18.72,-52
40.06,-15.84,-44
40.08,-12.96,-36
40.10,-9.72,-27
40.12,-6.48,-18
40.14,-2.88,-8
40.16,0.36,1
40.18,3.60,10
40.20,6.84,19
40.22,10.08,28
40.24,13.32,37
40.26,16.20,45
40.28,19.08,53
40.30,21.96,61
40.32,24.12,67
40.34,26.64,74
40.36,28.44,79
40.38,30.24,84
40.40,31.68,88
40.42,33.12,92
40.44,33.84,94
40.46,34.56,96
40.48,34.92,97
40.50,34.92,97
40.52,34.56,96
40.54,33.84,94
40.56,33.12,92
40.58,32.04,89
40.60,30.60,85
40.62,28.80,80
40.64,27.00,75
40.66,24.84,69
40.68,22.32,62
40.70,19.80,55
40.72,16.92,47
40.74,14.04,39
40.76,10.80,30
40.78,7.56,21
40.80,4.32,12
40.82,1.08,3
40.84,-2.16,-6
40.86,-5.40,-15
40.88,-8.64,-24
40.90,-11.88,-33
40.92,-14.76,-41
40.94,-17.64,-49
40.96,-20.52,-57
40.98,-23.04,-64
41.00,-25.56,-71
41.02,-27.72,-77
41.04,-29.52,-82
41.06,-31.32,-87
41.08,-32.40,-90
41.10,-33.84,-94
41.12,-34.56,-96
41.14,-34.92,-97
41.16,-35.28,-98
41.18,-34.92,-97
41.20,-34.56,-96
41.22,-34.20,-95
41.24,-33.12,-92
41.26,-32.04,-89
41.28,-30.24,-84
41.30,-28.80,-80
41.32,-26.64,-74
41.34,-24.48,-68
41.36,-21.96,-61
41.38,-19.44,-54
41.40,-16.56,-46
41.42,-13.68,-38
41.44,-10.44,-29
41.46,-7.20,-20
41.48,-4.32,-12
41.50,-1.08,-3
41.52,2.16,6
41.54,5.40,15
41.56,8.64,24
41.58,11.88,33
41.60,14.76,41
41.62,17.64,49
41.64,20.16,56
41.66,22.68,63
41.68,24.84,69
41.70,27.00,75
41.72,28.80,80
41.74,30.24,84
41.76,31.68,88
41.78,32.76,91
41.80,33.48,93
41.82,33.84,94
41.84,33.84,94
41.86,33.48,93
41.88,33.12,92
41.90,32.40,90
41.92,31.32,87
41.94,30.24,84
41.96,28.44,79
41.98,26.64,74
42.00,24.84,69
42.02,22.32,62
42.04,19.80,55
42.06,17.28,48
42.08,14.40,40
42.10,11.52,32
42.12,8.64,24
42.14,5.40,15
42.16,2.16,6
42.18,-1.08,-3
42.20,-4.32,-12
42.22,-7.20,-20
42.24,-10.44,-29
42.26,-13.32,-37
42.28,-16.20,-45
42.30,-19.08,-53
42.32,-21.60,-60
42.34,-24.12,-67
42.36,-26.28,-73
42.38,-28.08,-78
42.40,-29.88,-83
42.42,-31.32,-87
42.44,-32.40,-90
42.46,-33.48,-93
42.48,-33.84,-94
42.50,-34.20,-95
42.52,-34.20,-95
42.54,-33.84,-94
42.56,-33.12,-92
42.58,-32.40,-90
42.60,-31.32,-87
42.62,-29.88,-83
42.64,-28.44,-79
42.66,-26.64,-74
42.68,-24.48,-68
42.70,-21.96,-61
42.72,-19.44,-54
42.74,-16.92,-47
42.76,-14.04,-39
42.78,-11.16,-31
42.80,-7.92,-22
42.82,-5.04,-14
42.84,-1.80,-5
42.86,1.44,4
42.88,4.68,13
42.90,7.56,21
42.92,10.44,29
42.94,13.68,38
42.96,16.20,45
42.98,19.08,53
43.00,21.60,60
43.02,23.76,66
43.04,25.92,72
43.06,27.72,77
43.08,29.16,81
43.10,30.60,85
43.12,31.68,88
43.14,32.40,90
43.16,32.76,91
43.18,33.12,92
43.20,33.12,92
43.22,32.76,91
43.24,32.04,89
43.26,31.32,87
43.28,29.88,83
43.30,28.44,79
43.32,26.64,74
43.34,24.84,69
43.36,22.68,63
43.38,20.16,56
43.40,17.64,49
43.42,15.12,42
43.44,12.24,34
43.46,9.36,26
43.48,6.12,17
43.50,3.24,9
43.52,0.00,0
43.54,-2.88,-8
43.56,-6.12,-17
43.58,-9.00,-25
43.60,-12.24,-34
43.62,-14.76,-41
43.64,-17.64,-49
43.66,-20.16,-56
43.68,-22.32,-62
43.70,-24.48,-68
43.72,-26.64,-74
43.74,-28.44,-79
43.76,-29.88,-83
43.78,-30.96,-86
43.80,-31.68,-88
43.82,-32.40,-90
43.84,-32.76,-91
43.86,-33.12,-92
43.88,-33.12,-92
43.90,-32.40,-90
43.92,-31.68,-88
43.94,-30.60,-85
43.96,-29.52,-82
43.98,-27.72,-77
44.00,-25.92,-72
44.02,-24.12,-67
44.04,-21.96,-61
44.06,-19.44,-54
44.08,-16.92,-47
44.10,-14.04,-39
44.12,-11.16,-31
44.14,-8.28,-23
44.16,-5.40,-15
44.18,-2.16,-6
44.20,0.72,2
44.22,3.96,11
44.24,6.84,19
44.26,9.72,27
44.28,12.60,35
44.30,15.48,43
44.32,18.00,50
44.34,20.52,57
44.36,22.68,63
44.38,24.48,68
44.40,26.64,74
44.42,28.08,78
44.44,29.52,82
44.46,30.60,85
44.48,31.32,87
44.50,31.68,88
44.52,32.04,89
44.54,32.04,89
44.56,31.68,88
44.58,31.32,87
44.60,30.24,84
44.62,29.16,81
44.64,28.08,78
44.66,26.28,73
44.68,24.48,68
44.70,22.32,62
44.72,20.16,56
44.74,17.64,49
44.76,15.12,42
44.78,12.24,34
44.80,9.36,26
44.82,6.48,18
44.84,3.60,10
44.86,0.36,1
44.88,-2.52,-7
44.90,-5.40,-15
44.92,-8.28,-23
44.94,-11.16,-31
44.96,-14.04,-39
44.98,-16.56,-46
45.00,-19.08,-53
45.02,-21.60,-60
45.04,-23.76,-66
45.06,-25.56,-71
45.08,-27.36,-76
45.10,-28.80,-80
45.12,-29.88,-83
45.14,-30.96,-86
45.16,-31.68,-88
45.18,-32.04,-89
45.20,-32.04,-89
45.22,-32.04,-89
45.24,-31.68,-88
45.26,-30.96,-86
45.28,-29.88,-83
45.30,-28.80,-80
45.32,-27.36,-76
45.34,-25.56,-71
45.36,-23.76,-66
45.38,-21.60,-60
45.40,-19.08,-53
45.42,-16.56,-46
45.44,-14.04,-39
45.46,-11.16,-31
45.48,-8.64,-24
45.50,-5.40,-15
45.52,-2.52,-7
45.54,0.36,1
45.56,3.24,9
45.58,6.12,17
45.60,9.00,25
45.62,11.88,33
45.64,14.76,41
45.66,17.28,48
45.68,19.44,54
45.70,21.60,60
45.72,23.76,66
45.74,25.56,71
45.76,27.00,75
45.78,28.44,79
45.80,29.52,82
45.82,30.24,84
45.84,30.96,86
45.86,30.96,86
45.88,30.96,86
45.90,30.60,85
45.92,30.24,84
45.94,29.16,81
45.96,28.08,78
45.98,27.00,75
46.00,25.20,70
46.02,23.40,65
46.04,21.60,60
46.06,19.44,54
46.08,16.92,47
46.10,14.40,40
46.12,11.88,33
46.14,9.00,25
46.16,6.12,17
46.18,3.24,9
46.20,0.36,1
46.22,-2.52,-7
46.24,-5.40,-15
46.26,-8.28,-23
46.28,-11.16,-31
46.30,-14.04,-39
46.32,-16.56,-46
46.34,-18.72,-52
46.36,-21.24,-59
46.38,-23.04,-64
46.40,-25.20,-70
46.42,-26.64,-74
46.44,-28.08,-78
46.46,-29.52,-82
46.48,-30.24,-84
46.50,-30.96,-86
46.52,-31.32,-87
46.54,-31.32,-87
46.56,-31.32,-87
46.58,-30.60,-85
46.60,-30.24,-84
46.62,-29.16,-81
46.64,-28.08,-78
46.66,-26.64,-74
46.68,-24.84,-69
46.70,-23.04,-64
46.72,-20.88,-58
46.74,-18.72,-52
46.76,-16.20,-45
46.78,-13.68,-38
46.80,-11.16,-31
46.82,-8.28,-23
46.84,-5.40,-15
46.86,-2.52,-7
46.88,0.36,1
46.90,3.24,9
46.92,6.12,17
46.94,9.00,25
46.96,11.52,32
46.98,14.04,39
47.00,16.56,46
47.02,19.08,53
47.04,21.24,59
47.06,23.04,64
47.08,24.84,69
47.10,26.28,73
47.12,27.72,77
47.14,28.44,79
47.16,29.52,82
47.18,29.88,83
47.20,30.24,84
47.22,30.24,84
47.24,30.24,84
47.26,29.52,82
47.28,28.80,80
47.30,27.72,77
47.32,26.28,73
47.34,24.84,69
47.36,23.04,64
47.38,21.24,59
47.40,19.08,53
47.42,16.92,47
47.44,14.40,40
47.46,11.88,33
47.48,9.00,25
47.50,6.48,18
47.52,3.60,10
47.54,0.72,2
47.56,-2.16,-6
47.58,-5.04,-14
47.60,-7.92,-22
47.62,-10.44,-29
47.64,-13.32,-37
47.66,-15.48,-43
47.68,-18.00,-50
47.70,-20.16,-56
47.72,-22.32,-62
47.74,-24.12,-67
47.76,-25.56,-71
47.78,-27.00,-75
47.80,-28.08,-78
47.82,-29.16,-81
47.84,-29.88,-83
47.86,-30.24,-84
47.88,-30.24,-84
47.90,-30.24,-84
47.92,-29.88,-83
47.94,-29.16,-81
47.96,-28.44,-79
47.98,-27.00,-75
48.00,-25.92,-72
48.02,-24.12,-67
48.04,-22.32,-62
48.06,-20.16,-56
48.08,-18.00,-50
48.10,-15.84,-44
48.12,-13.32,-37
48.14,-10.80,-30
48.16,-7.92,-22
48.18,-5.40,-15
48.20,-2.52,-7
48.22,0.36,1
48.24,3.24,9
48.26,6.12,17
48.28,8.64,24
48.30,11.16,31
48.32,13.68,38
48.34,16.20,45
48.36,18.36,51
48.38,20.52,57
48.40,22.32,62
48.42,24.12,67
48.44,25.56,71
48.46,27.00,75
48.48,27.72,77
48.50,28.44,79
48.52,29.16,81
48.54,29.16,81
48.56,29.52,82
48.58,29.16,81
48.60,28.80,80
48.62,27.72,77
48.64,27.00,75
48.66,25.56,71
48.68,24.12,67
48.70,22.32,62
48.72,20.52,57
48.74,18.36,51
48.76,16.20,45
48.78,13.68,38
48.80,11.16,31
48.82,8.64,24
48.84,6.12,17
48.86,3.24,9
48.88,0.36,1
48.90,-2.16,-6
48.92,-5.04,-14
48.94,-7.92,-22
48.96,-10.44,-29
48.98,-12.96,-36
49.00,-15.48,-43
49.02,-17.64,-49
49.04,-19.80,-55
49.06,-21.60,-60
49.08,-23.40,-65
49.10,-25.20,-70
49.12,-26.28,-73
49.14,-27.36,-76
49.16,-28.44,-79
49.18,-28.80,-80
49.20,-29.16,-81
49.22,-29.52,-82
49.24,-29.52,-82
49.26,-29.16,-81
49.28,-28.44,-79
49.30,-27.36,-76
49.32,-26.28,-73
49.34,-24.84,-69
49.36,-23.40,-65
49.38,-21.60,-60
49.40,-19.44,-54
49.42,-17.28,-48
49.44,-15.12,-42
49.46,-12.60,-35
49.48,-10.08,-28
49.50,-7.56,-21
49.52,-4.68,-13
49.54,-2.16,-6
49.56,0.72,2
49.58,3.24,9
49.60,6.12,17
49.62,8.64,24
49.64,11.16,31
49.66,13.68,38
49.68,15.84,44
49.70,18.00,50
49.72,20.16,56
49.74,21.96,61
49.76,23.76,66
49.78,24.84,69
49.80,26.28,73
49.82,27.00,75
49.84,27.72,77
49.86,28.44,79
49.88,28.44,79
49.90,28.08,78
49.92,28.08,78
49.94,27.36,76
49.96,26.64,74
49.98,25.56,71
50.00,24.48,68
50.02,22.68,63
50.04,21.24,59
50.06,19.44,54
50.08,17.28,48
50.10,15.12,42
50.12,12.60,35
50.14,10.08,28
50.16,7.56,21
50.18,5.04,14
50.20,2.52,7
50.22,-0.36,-1
50.24,-2.88,-8
50.26,-5.76,-16
50.28,-8.28,-23
50.30,-10.80,-30
50.32,-13.32,-37
50.34,-15.48,-43
50.36,-18.00,-50
50.38,-19.80,-55
50.40,-21.60,-60
50.42,-23.40,-65
50.44,-24.84,-69
50.46,-26.28,-73
50.48,-27.36,-76
50.50,-28.08,-78
50.52,-28.44,-79
50.54,-28.80,-80
50.56,-28.80,-80
50.58,-28.44,-79
50.60,-28.08,-78
50.62,-27.36,-76
50.64,-26.64,-74
50.66,-25.20,-70
50.68,-24.12,-67
50.70,-22.32,-62
50.72,-20.52,-57
50.74,-18.72,-52
50.76,-16.56,-46
50.78,-14.40,-40
50.80,-11.88,-33
50.82,-9.36,-26
50.84,-6.84,-19
50.86,-4.32,-12
50.88,-1.44,-4
50.90,1.08,3
50.92,3.60,10
50.94,6.48,18
50.96,9.00,25
50.98,11.16,31
51.00,13.68,38
51.02,15.84,44
51.04,18.00,50
51.06,19.80,55
51.08,21.60,60
51.10,23.04,64
51.12,24.48,68
51.14,25.56,71
51.16,26.64,74
51.18,27.00,75
51.20,27.36,76
51.22,27.72,77
51.24,27.72,77
51.26,27.36,76
51.28,27.00,75
51.30,25.92,72
51.32,24.84,69
51.34,23.76,66
51.36,22.32,62
51.38,20.52,57
51.40,18.72,52
51.42,16.56,46
51.44,14.40,40
51.46,12.24,34
51.48,9.72,27
51.50,7.20,20
51.52,4.68,13
51.54,2.16,6
51.56,-0.36,-1
51.58,-3.24,-9
51.60,-5.76,-16
51.62,-8.28,-23
51.64,-10.80,-30
51.66,-12.96,-36
51.68,-15.12,-42
51.70,-17.28,-48
51.72,-19.44,-54
51.74,-21.24,-59
51.76,-22.68,-63
51.78,-24.12,-67
51.80,-25.20,-70
51.82,-26.28,-73
51.84,-27.00,-75
51.86,-27.36,-76
51.88,-27.72,-77
51.90,-27.72,-77
51.92,-27.72,-77
51.94,-27.00,-75
51.96,-26.28,-73
51.98,-25.56,-71
52.00,-24.48,-68
52.02,-23.04,-64
52.04,-21.24,-59
52.06,-19.80,-55
52.08,-17.64,-49
52.10,-15.48,-43
52.12,-13.32,-37
52.14,-11.16,-31
52.16,-8.64,-24
52.18,-6.12,-17
52.20,-3.60,-10
52.22,-1.08,-3
52.24,1.44,4
52.26,4.32,12
52.28,6.84,19
52.30,9.00,25
52.32,11.52,32
52.34,13.68,38
52.36,15.84,44
52.38,18.00,50
52.40,19.80,55
52.42,21.24,59
52.44,22.68,63
52.46,24.12,67
52.48,25.20,70
52.50,25.92,72
52.52,26.28,73
52.54,26.64,74
52.56,27.00,75
52.58,27.00,75
52.60,26.64,74
52.62,25.92,72
52.64,25.20,70
52.66,24.12,67
52.68,22.68,63
52.70,21.24,59
52.72,19.44,54
52.74,17.64,49
52.76,15.84,44
52.78,13.68,38
52.80,11.16,31
52.82,9.00,25
52.84,6.48,18
52.86,3.96,11
52.88,1.44,4
52.90,-1.08,-3
52.92,-3.60,-10
52.94,-6.12,-17
52.96,-8.64,-24
52.98,-10.80,-30
53.00,-13.32,-37
53.02,-15.48,-43
53.04,-17.28,-48
53.06,-19.44,-54
53.08,-20.88,-58
53.10,-22.32,-62
53.12,-23.76,-66
53.14,-24.84,-69
53.16,-25.56,-71
53.18,-26.28,-73
53.20,-26.64,-74
53.22,-27.00,-75
53.24,-27.00,-75
53.26,-26.64,-74
53.28,-26.28,-73
53.30,-25.56,-71
53.32,-24.48,-68
53.34,-23.40,-65
53.36,-21.96,-61
53.38,-20.16,-56
53.40,-18.72,-52
53.42,-16.56,-46
53.44,-14.40,-40
53.46,-12.24,-34
53.48,-10.08,-28
53.50,-7.56,-21
53.52,-5.40,-15
53.54,-2.88,-8
53.56,-0.36,-1
53.58,2.16,6
53.60,4.68,13
53.62,7.20,20
53.64,9.72,27
53.66,11.88,33
53.68,14.04,39
53.70,16.20,45
53.72,18.00,50
53.74,19.80,55
53.76,21.24,59
53.78,22.68,63
53.80,23.76,66
53.82,24.48,68
53.84,25.20,70
53.86,25.92,72
53.88,25.92,72
53.90,25.92,72
53.92,25.56,71
53.94,25.20,70
53.96,24.48,68
53.98,23.76,66
54.00,22.68,63
54.02,21.24,59
54.04,19.80,55
54.06,18.00,50
54.08,16.20,45
54.10,14.40,40
54.12,12.24,34
54.14,9.72,27
54.16,7.56,21
54.18,5.04,14
54.20,2.88,8
54.22,0.36,1
54.24,-2.16,-6
54.26,-4.68,-13
54.28,-7.20,-20
54.30,-9.36,-26
54.32,-11.88,-33
54.34,-14.04,-39
54.36,-15.84,-44
54.38,-18.00,-50
54.40,-19.80,-55
54.42,-21.24,-59
54.44,-22.68,-63
54.46,-23.76,-66
54.48,-24.84,-69
54.50,-25.56,-71
54.52,-26.28,-73
54.54,-26.28,-73
54.56,-26.64,-74
54.58,-26.64,-74
54.60,-26.28,-73
54.62,-25.56,-71
54.64,-24.84,-69
54.66,-23.76,-66
54.68,-22.68,-63
54.70,-21.24,-59
54.72,-19.44,-54
54.74,-17.64,-49
54.76,-15.84,-44
54.78,-13.68,-38
54.80,-11.52,-32
54.82,-9.36,-26
54.84,-7.20,-20
54.86,-4.68,-13
54.88,-2.16,-6
54.90,0.36,1
54.92,2.52,7
54.94,5.04,14
54.96,7.56,21
54.98,9.72,27
55.00,11.88,33
55.02,14.04,39
55.04,15.84,44
55.06,17.64,49
55.08,19.08,53
55.10,20.52,57
55.12,21.96,61
55.14,23.04,64
55.16,23.76,66
55.18,24.48,68
55.20,24.84,69
55.22,24.84,69
55.24,24.84,69
55.26,24.48,68
55.28,23.76,66
55.30,23.04,64
55.32,22.32,62
55.34,21.24,59
55.36,19.80,55
55.38,18.36,51
55.40,16.56,46
55.42,14.76,41
55.44,12.60,35
55.46,10.80,30
55.48,8.28,23
55.50,6.12,17
55.52,3.96,11
55.54,1.44,4
55.56,-1.08,-3
55.58,-3.24,-9
55.60,-5.76,-16
55.62,-8.28,-23
55.64,-10.44,-29
55.66,-12.60,-35
55.68,-14.76,-41
55.70,-16.56,-46
55.72,-18.36,-51
55.74,-20.16,-56
55.76,-21.60,-60
55.78,-22.68,-63
55.80,-23.76,-66
55.82,-24.84,-69
55.84,-25.56,-71
55.86,-25.92,-72
55.88,-26.28,-73
55.90,-26.28,-73
55.92,-25.92,-72
55.94,-25.56,-71
55.96,-24.84,-69
55.98,-24.12,-67
56.00,-23.04,-64
56.02,-21.96,-61
56.04,-20.52,-57
56.06,-18.72,-52
56.08,-16.92,-47
56.10,-15.12,-42
56.12,-12.96,-36
56.14,-10.80,-30
56.16,-8.64,-24
56.18,-6.48,-18
56.20,-3.96,-11
56.22,-1.44,-4
56.24,0.72,2
56.26,3.24,9
56.28,5.40,15
56.30,7.56,21
56.32,9.72,27
56.34,11.88,33
56.36,14.04,39
56.38,15.84,44
56.40,17.28,48
56.42,18.72,52
56.44,20.16,56
56.46,21.24,59
56.48,22.32,62
56.50,23.04,64
56.52,23.40,65
56.54,23.76,66
56.56,23.76,66
56.58,23.40,65
56.60,23.04,64
56.62,22.68,63
56.64,21.96,61
56.66,20.88,58
56.68,19.44,54
56.70,18.36,51
56.72,16.56,46
56.74,15.12,42
56.76,12.96,36
56.78,11.16,31
56.80,9.00,25
56.82,6.84,19
56.84,4.68,13
56.86,2.52,7
56.88,0.00,0
56.90,-2.16,-6
56.92,-4.68,-13
56.94,-6.84,-19
56.96,-9.36,-26
56.98,-11.52,-32
57.00,-13.32,-37
57.02,-15.48,-43
57.04,-17.28,-48
57.06,-19.08,-53
57.08,-20.52,-57
57.10,-21.96,-61
57.12,-23.04,-64
57.14,-24.12,-67
57.16,-24.84,-69
57.18,-25.20,-70
57.20,-25.56,-71
57.22,-25.92,-72
57.24,-25.92,-72
57.26,-25.56,-71
57.28,-25.20,-70
57.30,-24.48,-68
57.32,-23.40,-65
57.34,-22.32,-62
57.36,-20.88,-58
57.38,-19.44,-54
57.40,-18.00,-50
57.42,-16.20,-45
57.44,-14.04,-39
57.46,-12.24,-34
57.48,-10.08,-28
57.50,-7.92,-22
57.52,-5.40,-15
57.54,-3.24,-9
57.56,-1.08,-3
57.58,1.44,4
57.60,3.60,10
57.62,5.76,16
57.64,7.92,22
57.66,10.08,28
57.68,11.88,33
57.70,14.04,39
57.72,15.48,43
57.74,17.28,48
57.76,18.36,51
57.78,19.80,55
57.80,20.88,58
57.82,21.60,60
57.84,22.32,62
57.86,22.68,63
57.88,22.68,63
57.90,22.68,63
57.92,22.32,62
57.94,21.96,61
57.96,21.24,59
57.98,20.52,57
58.00,19.44,54
58.02,18.00,50
58.04,16.56,46
58.06,15.12,42
58.08,13.32,37
58.10,11.52,32
58.12,9.36,26
58.14,7.56,21
58.16,5.40,15
58.18,3.24,9
58.20,0.72,2
58.22,-1.44,-4
58.24,-3.60,-10
58.26,-5.76,-16
58.28,-8.28,-23
58.30,-10.44,-29
58.32,-12.24,-34
58.34,-14.40,-40
58.36,-16.20,-45
58.38,-18.00,-50
58.40,-19.44,-54
58.42,-20.88,-58
58.44,-21.96,-61
58.46,-23.04,-64
58.48,-24.12,-67
58.50,-24.84,-69
58.52,-25.20,-70
58.54,-25.20,-70
58.56,-25.56,-71
58.58,-25.56,-71
58.60,-24.84,-69
58.62,-24.48,-68
58.64,-23.76,-66
58.66,-22.68,-63
58.68,-21.60,-60
58.70,-20.16,-56
58.72,-18.72,-52
58.74,-16.92,-47
58.76,-15.12,-42
58.78,-13.32,-37
58.80,-11.16,-31
58.82,-9.00,-25
58.84,-6.84,-19
58.86,-4.68,-13
58.88,-2.52,-7
58.90,-0.36,-1
58.92,2.16,6
58.94,4.32,12
58.96,6.48,18
58.98,8.28,23
59.00,10.44,29
59.02,12.24,34
59.04,14.04,39
59.06,15.48,43
59.08,16.92,47
59.10,18.36,51
59.12,19.44,54
59.14,20.16,56
59.16,20.88,58
59.18,21.24,59
59.20,21.60,60
59.22,21.60,60
59.24,21.24,59
59.26,21.24,59
59.28,20.52,57
59.30,19.80,55
59.32,18.72,52
59.34,17.64,49
59.36,16.56,46
59.38,15.12,42
59.40,13.32,37
59.42,11.52,32
59.44,9.72,27
59.46,7.92,22
59.48,5.76,16
59.50,3.60,10
59.52,1.44,4
59.54,-0.72,-2
59.56,-2.88,-8
59.58,-5.04,-14
59.60,-7.20,-20
59.62,-9.36,-26
59.64,-11.52,-32
59.66,-13.32,-37
59.68,-15.12,-42
59.70,-16.92,-47
59.72,-18.72,-52
59.74,-20.16,-56
59.76,-21.24,-59
59.78,-22.32,-62
59.80,-23.40,-65
59.82,-24.12,-67
59.84,-24.48,-68
59.86,-24.84,-69
59.88,-25.20,-70
59.90,-25.20,-70
59.92,-24.84,-69
59.94,-24.48,-68
59.96,-23.76,-66
59.98,-22.68,-63
60.00,-21.96,-61
60.02,-20.52,-57
60.04,-19.08,-53
60.06,-17.64,-49
60.08,-15.84,-44
60.10,-14.04,-39
60.12,-12.24,-34
60.14,-10.08,-28
60.16,-8.28,-23
60.18,-6.12,-17
60.20,-3.96,-11
60.22,-1.80,-5
60.24,0.36,1
60.26,2.52,7
60.28,4.68,13
60.30,6.84,19
60.32,8.64,24
60.34,10.44,29
60.36,12.24,34
60.38,14.04,39
60.40,15.48,43
60.42,16.56,46
60.44,17.64,49
60.46,18.72,52
60.48,19.44,54
60.50,20.16,56
60.52,20.52,57
60.54,20.52,57
60.56,20.52,57
60.58,20.16,56
60.60,19.80,55
60.62,19.08,53
60.64,18.36,51
60.66,17.28,48
60.68,16.20,45
60.70,14.76,41
60.72,13.32,37
60.74,11.88,33
60.76,10.08,28
60.78,7.92,22
60.80,6.12,17
60.82,3.96,11
60.84,2.16,6
60.86,0.00,0
60.88,-2.16,-6
60.90,-4.32,-12
60.92,-6.48,-18
60.94,-8.64,-24
60.96,-10.44,-29
60.98,-12.60,-35
61.00,-14.40,-40
61.02,-16.20,-45
61.04,-17.64,-49
61.06,-19.08,-53
61.08,-20.52,-57
61.10,-21.60,-60
61.12,-22.68,-63
61.14,-23.40,-65
61.16,-24.12,-67
61.18,-24.48,-68
61.20,-24.84,-69
61.22,-24.84,-69
61.24,-24.84,-69
61.26,-24.48,-68
61.28,-23.76,-66
61.30,-23.04,-64
61.32,-21.96,-61
61.34,-20.88,-58
61.36,-19.80,-55
61.38,-18.36,-51
61.40,-16.56,-46
61.42,-14.76,-41
61.44,-12.96,-36
61.46,-11.16,-31
61.48,-9.36,-26
61.50,-7.20,-20
61.52,-5.04,-14
61.54,-2.88,-8
61.56,-0.72,-2
61.58,1.08,3
61.60,3.24,9
61.62,5.40,15
61.64,7.20,20
61.66,9.00,25
61.68,10.80,30
61.70,12.60,35
61.72,14.04,39
61.74,15.12,42
61.76,16.56,46
61.78,17.28,48
61.80,18.36,51
61.82,18.72,52
61.84,19.44,54
61.86,19.44,54
61.88,19.80,55
61.90,19.80,55
61.92,19.44,54
61.94,18.72,52
61.96,18.00,50
61.98,17.28,48
62.00,16.20,45
62.02,14.76,41
62.04,13.32,37
62.06,11.88,33
62.08,10.44,29
62.10,8.64,24
62.12,6.84,19
62.14,4.68,13
62.16,2.88,8
62.18,0.72,2
62.20,-1.44,-4
62.22,-3.60,-10
62.24,-5.40,-15
62.26,-7.56,-21
62.28,-9.72,-27
62.30,-11.52,-32
62.32,-13.32,-37
62.34,-15.12,-42
62.36,-16.56,-46
62.38,-18.00,-50
62.40,-19.44,-54
62.42,-20.52,-57
62.44,-21.60,-60
62.46,-22.68,-63
62.48,-23.04,-64
62.50,-23.76,-66
62.52,-24.12,-67
62.54,-24.12,-67
62.56,-24.12,-67
62.58,-23.76,-66
62.60,-23.40,-65
62.62,-22.68,-63
62.64,-21.96,-61
62.66,-20.88,-58
62.68,-19.80,-55
62.70,-18.36,-51
62.72,-16.92,-47
62.74,-15.12,-42
62.76,-13.32,-37
62.78,-11.52,-32
62.80,-9.72,-27
62.82,-7.92,-22
62.84,-5.76,-16
62.86,-3.60,-10
62.88,-1.80,-5
62.90,0.36,1
62.92,2.52,7
62.94,4.32,12
62.96,6.12,17
62.98,7.92,22
63.00,9.72,27
63.02,11.52,32
63.04,12.96,36
63.06,14.40,40
63.08,15.48,43
63.10,16.56,46
63.12,17.28,48
63.14,18.00,50
63.16,18.36,51
63.18,18.72,52
63.20,19.08,53
63.22,19.08,53
63.24,18.72,52
63.26,18.36,51
63.28,17.64,49
63.30,16.92,47
63.32,15.84,44
63.34,14.76,41
63.36,13.68,38
63.38,12.24,34
63.40,10.44,29
63.42,9.00,25
63.44,7.20,20
63.46,5.40,15
63.48,3.24,9
63.50,1.44,4
63.52,-0.72,-2
63.54,-2.52,-7
63.56,-4.68,-13
63.58,-6.84,-19
63.60,-8.64,-24
63.62,-10.44,-29
63.64,-12.24,-34
63.66,-14.04,-39
63.68,-15.84,-44
63.70,-17.28,-48
63.72,-18.36,-51
63.74,-19.80,-55
63.76,-20.88,-58
63.78,-21.60,-60
63.80,-22.32,-62
63.82,-23.04,-64
63.84,-23.40,-65
63.86,-23.40,-65
63.88,-23.04,-64
63.90,-23.04,-64
63.92,-22.68,-63
63.94,-21.96,-61
63.96,-21.24,-59
63.98,-20.16,-56
64.00,-19.08,-53
64.02,-18.00,-50
64.04,-16.56,-46
64.06,-15.12,-42
64.08,-13.32,-37
64.10,-11.52,-32
64.12,-9.72,-27
64.14,-7.92,-22
64.16,-6.12,-17
64.18,-3.96,-11
64.20,-2.16,-6
64.22,0.00,0
64.24,1.80,5
64.26,3.96,11
64.28,5.76,16
64.30,7.56,21
64.32,9.00,25
64.34,10.80,30
64.36,12.24,34
64.38,13.68,38
64.40,14.76,41
64.42,15.84,44
64.44,16.92,47
64.46,17.64,49
64.48,18.00,50
64.50,18.36,51
64.52,18.72,52
64.54,18.72,52
64.56,18.72,52
64.58,18.36,51
64.60,17.64,49
64.62,16.92,47
64.64,16.20,45
64.66,15.12,42
64.68,14.04,39
64.70,12.60,35
64.72,11.16,31
64.74,9.36,26
64.76,7.92,22
64.78,6.12,17
64.80,4.32,12
64.82,2.16,6
64.84,0.36,1
64.86,-1.80,-5
64.88,-3.60,-10
64.90,-5.40,-15
64.92,-7.56,-21
64.94,-9.36,-26
64.96,-11.16,-31
64.98,-12.60,-35
65.00,-14.40,-40
65.02,-15.84,-44
65.04,-17.28,-48
65.06,-18.36,-51
65.08,-19.44,-54
65.10,-20.52,-57
65.12,-21.24,-59
65.14,-21.60,-60
65.16,-22.32,-62
65.18,-22.32,-62
65.20,-22.32,-62
65.22,-21.96,-61
65.24,-21.60,-60
65.26,-21.24,-59
65.28,-20.52,-57
65.30,-19.80,-55
65.32,-18.72,-52
65.34,-17.64,-49
65.36,-16.20,-45
65.38,-14.76,-41
65.40,-13.32,-37
65.42,-11.52,-32
65.44,-9.72,-27
65.46,-7.92,-22
65.48,-6.12,-17
65.50,-4.32,-12
65.52,-2.52,-7
65.54,-0.36,-1
65.56,1.44,4
65.58,3.24,9
65.60,5.04,14
65.62,6.84,19
65.64,8.64,24
65.66,10.08,28
65.68,11.88,33
65.70,12.96,36
65.72,14.40,40
65.74,15.48,43
65.76,16.20,45
65.78,16.92,47
65.80,17.64,49
65.82,18.00,50
65.84,18.36,51
65.86,18.36,51
65.88,18.00,50
65.90,17.64,49
65.92,17.28,48
65.94,16.56,46
65.96,15.84,44
65.98,14.76,41
66.00,13.68,38
66.02,12.60,35
66.04,11.16,31
66.06,9.72,27
66.08,7.92,22
66.10,6.12,17
66.12,4.68,13
66.14,2.52,7
66.16,0.72,2
66.18,-1.08,-3
66.20,-2.88,-8
66.22,-4.68,-13
66.24,-6.84,-19
66.26,-8.64,-24
66.28,-10.44,-29
66.30,-11.88,-33
66.32,-13.68,-38
66.34,-15.12,-42
66.36,-16.20,-45
66.38,-17.64,-49
66.40,-18.72,-52
66.42,-19.44,-54
66.44,-20.52,-57
66.46,-20.88,-58
66.48,-21.60,-60
66.50,-21.60,-60
66.52,-21.60,-60
66.54,-21.60,-60
66.56,-21.24,-59
66.58,-20.88,-58
66.60,-20.16,-56
66.62,-19.44,-54
66.64,-18.36,-51
66.66,-17.28,-48
66.68,-16.20,-45
66.70,-14.76,-41
66.72,-13.32,-37
66.74,-11.88,-33
66.76,-10.08,-28
66.78,-8.28,-23
66.80,-6.48,-18
66.82,-4.68,-13
66.84,-2.88,-8
66.86,-1.08,-3
66.88,0.72,2
66.90,2.52,7
66.92,4.32,12
66.94,6.12,17
66.96,7.92,22
66.98,9.36,26
67.00,10.80,30
67.02,12.24,34
67.04,13.68,38
67.06,14.76,41
67.08,15.48,43
67.10,16.20,45
67.12,16.92,47
67.14,17.28,48
67.16,17.64,49
67.18,17.64,49
67.20,17.64,49
67.22,17.28,48
67.24,16.92,47
67.26,16.20,45
67.28,15.48,43
67.30,14.76,41
67.32,13.68,38
67.34,12.24,34
67.36,11.16,31
67.38,9.72,27
67.40,8.28,23
67.42,6.48,18
67.44,4.68,13
67.46,2.88,8
67.48,1.08,3
67.50,-0.72,-2
67.52,-2.52,-7
67.54,-4.32,-12
67.56,-6.12,-17
67.58,-7.92,-22
67.60,-9.72,-27
67.62,-11.16,-31
67.64,-12.60,-35
67.66,-14.40,-40
67.68,-15.48,-43
67.70,-16.92,-47
67.72,-18.00,-50
67.74,-18.72,-52
67.76,-19.80,-55
67.78,-20.16,-56
67.80,-20.88,-58
67.82,-20.88,-58
67.84,-21.24,-59
67.86,-21.24,-59
67.88,-21.24,-59
67.90,-20.52,-57
67.92,-20.16,-56
67.94,-19.44,-54
67.96,-18.72,-52
67.98,-17.64,-49
68.00,-16.20,-45
68.02,-15.12,-42
68.04,-13.68,-38
68.06,-12.24,-34
68.08,-10.44,-29
68.10,-9.00,-25
68.12,-7.20,-20
68.14,-5.40,-15
68.16,-3.60,-10
68.18,-1.80,-5
68.20,0.00,0
68.22,1.80,5
68.24,3.60,10
68.26,5.04,14
68.28,6.84,19
68.30,8.28,23
68.32,9.72,27
68.34,11.16,31
68.36,12.24,34
68.38,13.32,37
68.40,14.40,40
68.42,15.12,42
68.44,15.84,44
68.46,16.20,45
68.48,16.56,46
68.50,16.92,47
68.52,16.92,47
68.54,16.92,47
68.56,16.56,46
68.58,15.84,44
68.60,15.12,42
68.62,14.40,40
68.64,13.32,37
68.66,12.24,34
68.68,11.16,31
68.70,9.72,27
68.72,8.28,23
68.74,6.48,18
68.76,5.04,14
68.78,3.24,9
68.80,1.44,4
68.82,-0.36,-1
68.84,-1.80,-5
68.86,-3.60,-10
68.88,-5.40,-15
68.90,-7.20,-20
68.92,-9.00,-25
68.94,-10.44,-29
68.96,-12.24,-34
68.98,-13.68,-38
69.00,-14.76,-41
69.02,-16.20,-45
69.04,-17.28,-48
69.06,-18.00,-50
69.08,-18.72,-52
69.10,-19.44,-54
69.12,-20.16,-56
69.14,-20.52,-57
69.16,-20.52,-57
69.18,-20.16,-56
69.20,-20.16,-56
69.22,-19.80,-55
69.24,-19.44,-54
69.26,-18.72,-52
69.28,-18.00,-50
69.30,-16.92,-47
69.32,-15.84,-44
69.34,-14.76,-41
69.36,-13.32,-37
69.38,-11.88,-33
69.40,-10.44,-29
69.42,-8.64,-24
69.44,-7.20,-20
69.46,-5.40,-15
69.48,-3.60,-10
69.50,-1.80,-5
69.52,0.00,0
69.54,1.44,4
69.56,3.24,9
69.58,5.04,14
69.60,6.48,18
69.62,7.92,22
69.64,9.36,26
69.66,10.80,30
69.68,11.88,33
69.70,12.96,36
69.72,14.04,39
69.74,14.76,41
69.76,15.48,43
69.78,15.84,44
69.80,16.20,45
69.82,16.56,46
69.84,16.56,46
69.86,16.56,46
69.88,16.20,45
69.90,15.84,44
69.92,15.12,42
69.94,14.40,40
69.96,13.32,37
69.98,12.24,34
70.00,11.16,31
70.02,10.08,28
70.04,8.64,24
70.06,7.20,20
70.08,5.40,15
70.10,3.96,11
70.12,2.16,6
70.14,0.36,1
70.16,-1.08,-3
70.18,-2.88,-8
70.20,-4.68,-13
70.22,-6.48,-18
70.24,-7.92,-22
70.26,-9.72,-27
70.28,-11.16,-31
70.30,-12.60,-35
70.32,-13.68,-38
70.34,-15.12,-42
70.36,-16.20,-45
70.38,-16.92,-47
70.40,-18.00,-50
70.42,-18.36,-51
70.44,-19.08,-53
70.46,-19.44,-54
70.48,-19.44,-54
70.50,-19.44,-54
70.52,-19.08,-53
70.54,-19.08,-53
70.56,-18.36,-51
70.58,-18.00,-50
70.60,-17.28,-48
70.62,-16.20,-45
70.64,-15.12,-42
70.66,-14.04,-39
70.68,-12.96,-36
70.70,-11.52,-32
70.72,-10.08,-28
70.74,-8.64,-24
70.76,-6.84,-19
70.78,-5.40,-15
70.80,-3.60,-10
70.82,-1.80,-5
70.84,0.00,0
70.86,1.44,4
70.88,3.24,9
70.90,4.68,13
70.92,6.48,18
70.94,7.92,22
70.96,9.36,26
70.98,10.44,29
71.00,11.88,33
71.02,12.96,36
71.04,13.68,38
71.06,14.40,40
71.08,15.12,42
71.10,15.84,44
71.12,16.20,45
71.14,16.20,45
71.16,16.20,45
71.18,16.20,45
71.20,15.84,44
71.22,15.48,43
71.24,14.76,41
71.26,14.04,39
71.28,13.32,37
71.30,12.24,34
71.32,11.16,31
71.34,9.72,27
71.36,8.64,24
71.38,7.20,20
71.40,5.40,15
71.42,3.96,11
71.44,2.52,7
71.46,0.72,2
71.48,-1.08,-3
71.50,-2.52,-7
71.52,-4.32,-12
71.54,-5.76,-16
71.56,-7.56,-21
71.58,-9.00,-25
71.60,-10.44,-29
71.62,-11.88,-33
71.64,-13.32,-37
71.66,-14.40,-40
71.68,-15.48,-43
71.70,-16.20,-45
71.72,-17.28,-48
71.74,-18.00,-50
71.76,-18.36,-51
71.78,-18.72,-52
71.80,-19.08,-53
71.82,-19.08,-53
71.84,-19.08,-53
71.86,-18.72,-52
71.88,-18.36,-51
71.90,-18.00,-50
71.92,-17.28,-48
71.94,-16.20,-45
71.96,-15.48,-43
71.98,-14.40,-40
72.00,-12.96,-36
72.02,-11.88,-33
72.04,-10.44,-29
72.06,-9.00,-25
72.08,-7.20,-20
72.10,-5.76,-16
72.12,-3.96,-11
72.14,-2.52,-7
72.16,-0.72,-2
72.18,0.72,2
72.20,2.52,7
72.22,3.96,11
72.24,5.40,15
72.26,6.84,19
72.28,8.28,23
72.30,9.72,27
72.32,10.80,30
72.34,11.88,33
72.36,12.60,35
72.38,13.68,38
72.40,14.04,39
72.42,14.76,41
72.44,15.12,42
72.46,15.48,43
72.48,15.48,43
72.50,15.48,43
72.52,15.12,42
72.54,14.76,41
72.56,14.40,40
72.58,13.68,38
72.60,12.96,36
72.62,11.88,33
72.64,10.80,30
72.66,9.72,27
72.68,8.28,23
72.70,6.84,19
72.72,5.40,15
72.74,3.96,11
72.76,2.52,7
72.78,0.72,2
72.80,-0.72,-2
72.82,-2.16,-6
72.84,-3.96,-11
72.86,-5.40,-15
72.88,-7.20,-20
72.90,-8.64,-24
72.92,-10.08,-28
72.94,-11.52,-32
72.96,-12.60,-35
72.98,-13.68,-38
73.00,-14.76,-41
73.02,-15.84,-44
73.04,-16.56,-46
73.06,-17.28,-48
73.08,-17.64,-49
73.10,-18.00,-50
73.12,-18.36,-51
73.14,-18.36,-51
73.16,-18.00,-50
73.18,-18.00,-50
73.20,-17.64,-49
73.22,-16.92,-47
73.24,-16.56,-46
73.26,-15.48,-43
73.28,-14.76,-41
73.30,-13.68,-38
73.32,-12.60,-35
73.34,-11.16,-31
73.36,-9.72,-27
73.38,-8.64,-24
73.40,-6.84,-19
73.42,-5.40,-15
73.44,-3.96,-11
73.46,-2.16,-6
73.48,-0.72,-2
73.50,0.72,2
73.52,2.52,7
73.54,3.96,11
73.56,5.40,15
73.58,6.84,19
73.60,8.28,23
73.62,9.36,26
73.64,10.44,29
73.66,11.52,32
73.68,12.60,35
73.70,13.32,37
73.72,14.04,39
73.74,14.40,40
73.76,14.76,41
73.78,15.12,42
73.80,15.12,42
73.82,14.76,41
73.84,14.76,41
73.86,14.40,40
73.88,14.04,39
73.90,13.32,37
73.92,12.60,35
73.94,11.52,32
73.96,10.44,29
73.98,9.36,26
74.00,8.28,23
74.02,6.84,19
74.04,5.40,15
74.06,3.96,11
74.08,2.52,7
74.10,1.08,3
74.12,-0.72,-2
74.14,-2.16,-6
74.16,-3.60,-10
74.18,-5.04,-14
74.20,-6.84,-19
74.22,-8.28,-23
74.24,-9.72,-27
74.26,-10.80,-30
74.28,-12.24,-34
74.30,-13.32,-37
74.32,-14.40,-40
74.34,-15.12,-42
74.36,-15.84,-44
74.38,-16.56,-46
74.40,-17.28,-48
74.42,-17.64,-49
74.44,-17.64,-49
74.46,-18.00,-50
74.48,-18.00,-50
74.50,-17.64,-49
74.52,-17.28,-48
74.54,-16.92,-47
74.56,-16.20,-45
74.58,-15.48,-43
74.60,-14.76,-41
74.62,-13.68,-38
74.64,-12.60,-35
74.66,-11.52,-32
74.68,-10.08,-28
74.70,-8.64,-24
74.72,-7.20,-20
74.74,-5.76,-16
74.76,-4.32,-12
74.78,-2.88,-8
74.80,-1.44,-4
74.82,0.36,1
74.84,1.80,5
74.86,3.24,9
74.88,4.68,13
74.90,6.12,17
74.92,7.20,20
74.94,8.64,24
74.96,9.72,27
74.98,10.80,30
75.00,11.52,32
75.02,12.24,34
75.04,12.96,36
75.06,13.68,38
75.08,14.04,39
75.10,14.04,39
75.12,14.40,40
75.14,14.40,40
75.16,14.04,39
75.18,14.04,39
75.20,13.32,37
75.22,12.96,36
75.24,12.24,34
75.26,11.16,31
75.28,10.08,28
75.30,9.00,25
75.32,7.92,22
75.34,6.84,19
75.36,5.40,15
75.38,3.96,11
75.40,2.52,7
75.42,1.08,3
75.44,-0.36,-1
75.46,-1.80,-5
75.48,-3.60,-10
75.50,-5.04,-14
75.52,-6.48,-18
75.54,-7.92,-22
75.56,-9.00,-25
75.58,-10.44,-29
75.60,-11.52,-32
75.62,-12.60,-35
75.64,-13.68,-38
75.66,-14.76,-41
75.68,-15.48,-43
75.70,-16.20,-45
75.72,-16.56,-46
75.74,-16.92,-47
75.76,-17.28,-48
75.78,-17.28,-48
75.80,-16.92,-47
75.82,-16.92,-47
75.84,-16.56,-46
75.86,-16.20,-45
75.88,-15.48,-43
75.90,-14.76,-41
75.92,-14.04,-39
75.94,-12.96,-36
75.96,-11.88,-33
75.98,-10.80,-30
76.00,-9.72,-27
76.02,-8.28,-23
76.04,-6.84,-19
76.06,-5.40,-15
76.08,-3.96,-11
76.10,-2.52,-7
76.12,-1.08,-3
76.14,0.36,1
76.16,1.80,5
76.18,3.24,9
76.20,4.68,13
76.22,6.12,17
76.24,7.20,20
76.26,8.28,23
76.28,9.36,26
76.30,10.44,29
76.32,11.52,32
76.34,12.24,34
76.36,12.96,36
76.38,13.32,37
76.40,13.68,38
76.42,14.04,39
76.44,14.04,39
76.46,14.04,39
76.48,13.68,38
76.50,13.32,37
76.52,12.96,36
76.54,12.24,34
76.56,11.52,32
76.58,10.80,30
76.60,10.08,28
76.62,9.00,25
76.64,7.92,22
76.66,6.48,18
76.68,5.40,15
76.70,3.96,11
76.72,2.52,7
76.74,1.08,3
76.76,-0.36,-1
76.78,-1.80,-5
76.80,-3.24,-9
76.82,-4.68,-13
76.84,-6.12,-17
76.86,-7.56,-21
76.88,-8.64,-24
76.90,-10.08,-28
76.92,-11.16,-31
76.94,-12.24,-34
76.96,-13.32,-37
76.98,-14.04,-39
77.00,-14.76,-41
77.02,-15.48,-43
77.04,-16.20,-45
77.06,-16.56,-46
77.08,-16.56,-46
77.10,-16.92,-47
77.12,-16.92,-47
77.14,-16.92,-47
77.16,-16.56,-46
77.18,-16.20,-45
77.20,-15.48,-43
77.22,-14.76,-41
77.24,-14.04,-39
77.26,-12.96,-36
77.28,-11.88,-33
77.30,-10.80,-30
77.32,-9.72,-27
77.34,-8.64,-24
77.36,-7.20,-20
77.38,-5.76,-16
77.40,-4.32,-12
77.42,-2.88,-8
77.44,-1.44,-4
77.46,0.00,0
77.48,1.44,4
77.50,2.52,7
77.52,3.96,11
77.54,5.40,15
77.56,6.48,18
77.58,7.56,21
77.60,8.64,24
77.62,9.72,27
77.64,10.44,29
77.66,11.16,31
77.68,11.88,33
77.70,12.60,35
77.72,12.96,36
77.74,12.96,36
77.76,13.32,37
77.78,13.32,37
77.80,13.32,37
77.82,12.96,36
77.84,12.60,35
77.86,11.88,33
77.88,11.16,31
77.90,10.44,29
77.92,9.72,27
77.94,8.64,24
77.96,7.56,21
77.98,6.48,18
78.00,5.04,14
78.02,3.96,11
78.04,2.52,7
78.06,1.08,3
78.08,-0.36,-1
78.10,-1.80,-5
78.12,-3.24,-9
78.14,-4.32,-12
78.16,-5.76,-16
78.18,-7.20,-20
78.20,-8.28,-23
78.22,-9.72,-27
78.24,-10.80,-30
78.26,-11.88,-33
78.28,-12.60,-35
78.30,-13.68,-38
78.32,-14.40,-40
78.34,-15.12,-42
78.36,-15.48,-43
78.38,-15.84,-44
78.40,-16.20,-45
78.42,-16.20,-45
78.44,-16.20,-45
78.46,-15.84,-44
78.48,-15.48,-43
78.50,-15.12,-42
78.52,-14.76,-41
78.54,-14.04,-39
78.56,-13.32,-37
78.58,-12.24,-34
78.60,-11.52,-32
78.62,-10.44,-29
78.64,-9.36,-26
78.66,-7.92,-22
78.68,-6.84,-19
78.70,-5.40,-15
78.72,-3.96,-11
78.74,-2.52,-7
78.76,-1.44,-4
78.78,0.00,0
78.80,1.44,4
78.82,2.88,8
78.84,3.96,11
78.86,5.40,15
78.88,6.48,18
78.90,7.56,21
78.92,8.64,24
78.94,9.72,27
78.96,10.44,29
78.98,11.16,31
79.00,11.88,33
79.02,12.24,34
79.04,12.60,35
79.06,12.96,36
79.08,12.96,36
79.10,12.96,36
79.12,12.60,35
79.14,12.24,34
79.16,11.88,33
79.18,11.52,32
79.20,10.80,30
79.22,10.08,28
79.24,9.36,26
79.26,8.28,23
79.28,7.20,20
79.30,6.12,17
79.32,5.04,14
79.34,3.60,10
79.36,2.52,7
79.38,1.08,3
79.40,-0.36,-1
79.42,-1.80,-5
79.44,-2.88,-8
79.46,-4.32,-12
79.48,-5.76,-16
79.50,-6.84,-19
79.52,-8.28,-23
79.54,-9.36,-26
79.56,-10.44,-29
79.58,-11.52,-32
79.60,-12.24,-34
79.62,-13.32,-37
79.64,-14.04,-39
79.66,-14.40,-40
79.68,-15.12,-42
79.70,-15.48,-43
79.72,-15.48,-43
79.74,-15.84,-44
79.76,-15.84,-44
79.78,-15.84,-44
79.80,-15.48,-43
79.82,-15.12,-42
79.84,-14.40,-40
79.86,-14.04,-39
79.88,-13.32,-37
79.90,-12.24,-34
79.92,-11.52,-32
79.94,-10.44,-29
79.96,-9.36,-26
79.98,-8.28,-23
80.00,-6.84,-19
80.02,-5.76,-16
80.04,-4.32,-12
80.06,-2.88,-8
80.08,-1.80,-5
80.10,-0.36,-1
80.12,1.08,3
80.14,2.16,6
80.16,3.60,10
80.18,4.68,13
80.20,5.76,16
80.22,6.84,19
80.24,7.92,22
80.26,8.64,24
80.28,9.72,27
80.30,10.44,29
80.32,10.80,30
80.34,11.52,32
80.36,11.88,33
80.38,11.88,33
80.40,12.24,34
80.42,12.24,34
80.44,12.24,34
80.46,11.88,33
80.48,11.52,32
80.50,11.16,31
80.52,10.44,29
80.54,9.72,27
80.56,9.00,25
80.58,7.92,22
80.60,6.84,19
80.62,5.76,16
80.64,4.68,13
80.66,3.60,10
80.68,2.16,6
80.70,1.08,3
80.72,-0.36,-1
80.74,-1.44,-4
80.76,-2.88,-8
80.78,-4.32,-12
80.80,-5.40,-15
80.82,-6.84,-19
80.84,-7.92,-22
80.86,-9.00,-25
80.88,-10.08,-28
80.90,-11.16,-31
80.92,-11.88,-33
80.94,-12.60,-35
80.96,-13.32,-37
80.98,-14.04,-39
81.00,-14.40,-40
81.02,-14.76,-41
81.04,-15.12,-42
81.06,-15.12,-42
81.08,-15.12,-42
81.10,-14.76,-41
81.12,-14.76,-41
81.14,-14.40,-40
81.16,-13.68,-38
81.18,-12.96,-36
81.20,-12.60,-35
81.22,-11.52,-32
81.24,-10.80,-30
81.26,-9.72,-27
81.28,-8.64,-24
81.30,-7.56,-21
81.32,-6.48,-18
81.34,-5.04,-14
81.36,-3.96,-11
81.38,-2.52,-7
81.40,-1.44,-4
81.42,0.00,0
81.44,1.08,3
81.46,2.52,7
81.48,3.60,10
81.50,4.68,13
81.52,5.76,16
81.54,6.84,19
81.56,7.92,22
81.58,8.64,24
81.60,9.72,27
81.62,10.08,28
81.64,10.80,30
81.66,11.16,31
81.68,11.52,32
81.70,11.88,33
81.72,11.88,33
81.74,11.88,33
81.76,11.52,32
81.78,11.52,32
81.80,11.16,31
81.82,10.44,29
81.84,10.08,28
81.86,9.36,26
81.88,8.64,24
81.90,7.56,21
81.92,6.48,18
81.94,5.76,16
81.96,4.68,13
81.98,3.24,9
82.00,2.16,6
82.02,1.08,3
82.04,-0.36,-1
82.06,-1.44,-4
82.08,-2.88,-8
82.10,-3.96,-11
82.12,-5.40,-15
82.14,-6.48,-18
82.16,-7.56,-21
82.18,-8.64,-24
82.20,-9.72,-27
82.22,-10.80,-30
82.24,-11.52,-32
82.26,-12.24,-34
82.28,-12.96,-36
82.30,-13.68,-38
82.32,-14.04,-39
82.34,-14.40,-40
82.36,-14.40,-40
82.38,-14.76,-41
82.40,-14.76,-41
82.42,-14.76,-41
82.44,-14.40,-40
82.46,-14.04,-39
82.48,-13.68,-38
82.50,-12.96,-36
82.52,-12.24,-34
82.54,-11.52,-32
82.56,-10.80,-30
82.58,-9.72,-27
82.60,-8.64,-24
82.62,-7.56,-21
82.64,-6.48,-18
82.66,-5.40,-15
82.68,-4.32,-12
82.70,-2.88,-8
82.72,-1.80,-5
82.74,-0.36,-1
82.76,0.72,2
82.78,1.80,5
82.80,3.24,9
82.82,4.32,12
82.84,5.40,15
82.86,6.12,17
82.88,7.20,20
82.90,7.92,22
82.92,8.64,24
82.94,9.36,26
82.96,10.08,28
82.98,10.44,29
83.00,10.80,30
83.02,11.16,31
83.04,11.16,31
83.06,11.16,31
83.08,11.16,31
83.10,10.80,30
83.12,10.44,29
83.14,10.08,28
83.16,9.36,26
83.18,9.00,25
83.20,7.92,22
83.22,7.20,20
83.24,6.48,18
83.26,5.40,15
83.28,4.32,12
83.30,3.24,9
83.32,2.16,6
83.34,0.72,2
83.36,-0.36,-1
83.38,-1.44,-4
83.40,-2.88,-8
83.42,-3.96,-11
83.44,-5.04,-14
83.46,-6.48,-18
83.48,-7.56,-21
83.50,-8.64,-24
83.52,-9.36,-26
83.54,-10.44,-29
83.56,-11.16,-31
83.58,-11.88,-33
83.60,-12.60,-35
83.62,-12.96,-36
83.64,-13.68,-38
83.66,-14.04,-39
83.68,-14.04,-39
83.70,-14.04,-39
83.72,-14.04,-39
83.74,-13.68,-38
83.76,-13.68,-38
83.78,-13.32,-37
83.80,-12.96,-36
83.82,-12.24,-34
83.84,-11.52,-32
83.86,-10.80,-30
83.88,-10.08,-28
83.90,-9.00,-25
83.92,-8.28,-23
83.94,-7.20,-20
83.96,-6.12,-17
83.98,-4.68,-13
84.00,-3.60,-10
84.02,-2.52,-7
84.04,-1.44,-4
84.06,0.00,0
84.08,1.08,3
84.10,2.16,6
84.12,3.24,9
84.14,4.32,12
84.16,5.40,15
84.18,6.48,18
84.20,7.20,20
84.22,7.92,22
84.24,8.64,24
84.26,9.36,26
84.28,10.08,28
84.30,10.44,29
84.32,10.80,30
84.34,10.80,30
84.36,10.80,30
84.38,11.16,31
84.40,11.16,31
84.42,10.80,30
84.44,10.44,29
84.46,10.08,28
84.48,9.36,26
84.50,8.64,24
84.52,7.92,22
84.54,7.20,20
84.56,6.48,18
84.58,5.40,15
84.60,4.32,12
84.62,3.24,9
84.64,2.16,6
84.66,1.08,3
84.68,0.00,0
84.70,-1.44,-4
84.72,-2.52,-7
84.74,-3.60,-10
84.76,-4.68,-13
84.78,-5.76,-16
84.80,-6.84,-19
84.82,-7.92,-22
84.84,-9.00,-25
84.86,-9.72,-27
84.88,-10.44,-29
84.90,-11.16,-31
84.92,-11.88,-33
84.94,-12.24,-34
84.96,-12.60,-35
84.98,-12.96,-36
85.00,-13.32,-37
85.02,-13.32,-37
85.04,-12.96,-36
85.06,-12.96,-36
85.08,-12.60,-35
85.10,-12.60,-35
85.12,-11.88,-33
85.14,-11.52,-32
85.16,-10.80,-30
85.18,-10.08,-28
85.20,-9.36,-26
85.22,-8.28,-23
85.24,-7.56,-21
85.26,-6.48,-18
85.28,-5.40,-15
85.30,-4.32,-12
85.32,-3.24,-9
85.34,-2.16,-6
85.36,-0.72,-2
85.38,0.36,1
85.40,1.44,4
85.42,2.52,7
85.44,3.60,10
85.46,4.68,13
85.48,5.40,15
85.50,6.48,18
85.52,7.20,20
85.54,7.92,22
85.56,8.64,24
85.58,9.36,26
85.60,9.72,27
85.62,10.44,29
85.64,10.44,29
85.66,10.80,30
85.68,10.80,30
85.70,10.80,30
85.72,10.44,29
85.74,10.44,29
85.76,10.08,28
85.78,9.36,26
85.80,9.00,25
85.82,8.28,23
85.84,7.56,21
85.86,6.84,19
85.88,6.12,17
85.90,5.04,14
85.92,3.96,11
85.94,2.88,8
85.96,1.80,5
85.98,0.72,2
86.00,-0.36,-1
86.02,-1.44,-4
86.04,-2.52,-7
86.06,-3.60,-10
86.08,-4.68,-13
86.10,-5.76,-16
86.12,-6.84,-19
86.14,-7.56,-21
86.16,-8.64,-24
86.18,-9.36,-26
86.20,-10.08,-28
86.22,-10.80,-30
86.24,-11.52,-32
86.26,-11.88,-33
86.28,-12.24,-34
86.30,-12.60,-35
86.32,-12.60,-35
86.34,-12.96,-36
86.36,-12.96,-36
86.38,-12.96,-36
86.40,-12.60,-35
86.42,-12.24,-34
86.44,-11.88,-33
86.46,-11.16,-31
86.48,-10.80,-30
86.50,-10.08,-28
86.52,-9.36,-26
86.54,-8.28,-23
86.56,-7.56,-21
86.58,-6.48,-18
86.60,-5.40,-15
86.62,-4.32,-12
86.64,-3.24,-9
86.66,-2.16,-6
86.68,-1.08,-3
86.70,0.00,0
86.72,1.08,3
86.74,2.16,6
86.76,3.24,9
86.78,3.96,11
86.80,5.04,14
86.82,5.76,16
86.84,6.84,19
86.86,7.56,21
86.88,7.92,22
86.90,8.64,24
86.92,9.00,25
86.94,9.36,26
86.96,9.72,27
86.98,10.08,28
87.00,10.08,28
87.02,10.08,28
87.04,10.08,28
87.06,9.72,27
87.08,9.36,26
87.10,9.00,25
87.12,8.64,24
87.14,7.92,22
87.16,7.20,20
87.18,6.48,18
87.20,5.76,16
87.22,4.68,13
87.24,3.96,11
87.26,2.88,8
87.28,1.80,5
87.30,0.72,2
87.32,-0.36,-1
87.34,-1.44,-4
87.36,-2.52,-7
87.38,-3.60,-10
87.40,-4.68,-13
87.42,-5.76,-16
87.44,-6.48,-18
87.46,-7.56,-21
87.48,-8.28,-23
87.50,-9.00,-25
87.52,-9.72,-27
87.54,-10.44,-29
87.56,-11.16,-31
87.58,-11.52,-32
87.60,-11.88,-33
87.62,-12.24,-34
87.64,-12.24,-34
87.66,-12.24,-34
87.68,-12.24,-34
87.70,-11.88,-33
87.72,-11.88,-33
87.74,-11.52,-32
87.76,-11.16,-31
87.78,-10.44,-29
87.80,-10.08,-28
87.82,-9.36,-26
87.84,-8.64,-24
87.86,-7.56,-21
87.88,-6.84,-19
87.90,-5.76,-16
87.92,-5.04,-14
87.94,-3.96,-11
87.96,-2.88,-8
87.98,-1.80,-5
88.00,-0.72,-2
88.02,0.36,1
88.04,1.44,4
88.06,2.52,7
88.08,3.24,9
88.10,4.32,12
88.12,5.04,14
88.14,6.12,17
88.16,6.84,19
88.18,7.56,21
88.20,7.92,22
88.22,8.64,24
88.24,9.00,25
88.26,9.36,26
88.28,9.72,27
88.30,9.72,27
88.32,10.08,28
88.34,10.08,28
88.36,10.08,28
88.38,9.72,27
88.40,9.36,26
88.42,9.00,25
88.44,8.28,23
88.46,7.92,22
88.48,7.20,20
88.50,6.48,18
88.52,5.76,16
88.54,4.68,13
88.56,3.96,11
88.58,2.88,8
88.60,1.80,5
88.62,1.08,3
88.64,0.00,0
88.66,-1.08,-3
88.68,-2.16,-6
88.70,-3.24,-9
88.72,-4.32,-12
88.74,-5.04,-14
88.76,-6.12,-17
88.78,-6.84,-19
88.80,-7.92,-22
88.82,-8.64,-24
88.84,-9.00,-25
88.86,-9.72,-27
88.88,-10.44,-29
88.90,-10.80,-30
88.92,-11.16,-31
88.94,-11.16,-31
88.96,-11.52,-32
88.98,-11.52,-32
89.00,-11.16,-31
89.02,-11.16,-31
89.04,-10.80,-30
89.06,-10.80,-30
89.08,-10.08,-28
89.10,-9.72,-27
89.12,-9.00,-25
89.14,-8.64,-24
89.16,-7.56,-21
89.18,-6.84,-19
89.20,-6.12,-17
89.22,-5.04,-14
89.24,-4.32,-12
89.26,-3.24,-9
89.28,-2.16,-6
89.30,-1.44,-4
89.32,-0.36,-1
89.34,0.72,2
89.36,1.80,5
89.38,2.52,7
89.40,3.60,10
89.42,4.32,12
89.44,5.40,15
89.46,6.12,17
89.48,6.84,19
89.50,7.56,21
89.52,8.28,23
89.54,8.64,24
89.56,9.00,25
89.58,9.36,26
89.60,9.72,27
89.62,9.72,27
89.64,9.72,27
89.66,9.72,27
89.68,9.36,26
89.70,9.36,26
89.72,9.00,25
89.74,8.64,24
89.76,7.92,22
89.78,7.56,21
89.80,6.84,19
89.82,6.12,17
89.84,5.40,15
89.86,4.32,12
89.88,3.60,10
89.90,2.52,7
89.92,1.80,5
89.94,0.72,2
89.96,-0.36,-1
89.98,-1.08,-3
90.00,-2.16,-6
90.02,-3.24,-9
90.04,-3.96,-11
90.06,-5.04,-14
90.08,-5.76,-16
90.10,-6.84,-19
90.12,-7.56,-21
90.14,-8.28,-23
90.16,-9.00,-25
90.18,-9.36,-26
90.20,-10.08,-28
90.22,-10.44,-29
90.24,-10.80,-30
90.26,-10.80,-30
90.28,-11.16,-31
90.30,-11.16,-31
90.32,-11.16,-31
90.34,-11.16,-31
90.36,-10.80,-30
90.38,-10.44,-29
90.40,-10.08,-28
90.42,-9.72,-27
90.44,-9.00,-25
90.46,-8.28,-23
90.48,-7.56,-21
90.50,-6.84,-19
90.52,-6.12,-17
90.54,-5.40,-15
90.56,-4.32,-12
90.58,-3.60,-10
90.60,-2.52,-7
90.62,-1.44,-4
90.64,-0.72,-2
90.66,0.36,1
90.68,1.44,4
90.70,2.16,6
90.72,3.24,9
90.74,3.96,11
90.76,4.68,13
90.78,5.40,15
90.80,6.12,17
90.82,6.84,19
90.84,7.56,21
90.86,7.92,22
90.88,8.28,23
90.90,8.64,24
90.92,8.64,24
90.94,9.00,25
90.96,9.00,25
90.98,9.00,25
91.00,9.00,25
91.02,8.64,24
91.04,8.28,23
91.06,7.92,22
91.08,7.56,21
91.10,6.84,19
91.12,6.48,18
91.14,5.76,16
91.16,5.04,14
91.18,3.96,11
91.20,3.24,9
91.22,2.52,7
91.24,1.44,4
91.26,0.72,2
91.28,-0.36,-1
91.30,-1.44,-4
91.32,-2.16,-6
91.34,-3.24,-9
91.36,-3.96,-11
91.38,-5.04,-14
91.40,-5.76,-16
91.42,-6.48,-18
91.44,-7.20,-20
91.46,-7.92,-22
91.48,-8.64,-24
91.50,-9.00,-25
91.52,-9.72,-27
91.54,-10.08,-28
91.56,-10.08,-28
91.58,-10.44,-29
91.60,-10.44,-29
91.62,-10.44,-29
91.64,-10.44,-29
91.66,-10.08,-28
91.68,-10.08,-28
91.70,-9.72,-27
91.72,-9.36,-26
91.74,-8.64,-24
91.76,-8.28,-23
91.78,-7.56,-21
91.80,-6.84,-19
91.82,-6.12,-17
91.84,-5.40,-15
91.86,-4.68,-13
91.88,-3.60,-10
91.90,-2.88,-8
91.92,-1.80,-5
91.94,-1.08,-3
91.96,0.00,0
91.98,0.72,2
92.00,1.80,5
92.02,2.52,7
92.04,3.60,10
92.06,4.32,12
92.08,5.04,14
92.10,5.76,16
92.12,6.48,18
92.14,6.84,19
92.16,7.56,21
92.18,7.92,22
92.20,8.28,23
92.22,8.64,24
92.24,8.64,24
92.26,9.00,25
92.28,9.00,25
92.30,9.00,25
92.32,9.00,25
92.34,8.64,24
92.36,8.28,23
92.38,7.92,22
92.40,7.56,21
92.42,6.84,19
92.44,6.12,17
92.46,5.76,16
92.48,5.04,14
92.50,3.96,11
92.52,3.24,9
92.54,2.52,7
92.56,1.44,4
92.58,0.72,2
92.60,-0.36,-1
92.62,-1.08,-3
92.64,-1.80,-5
92.66,-2.88,-8
92.68,-3.60,-10
92.70,-4.68,-13
92.72,-5.40,-15
92.74,-6.12,-17
92.76,-6.84,-19
92.78,-7.56,-21
92.80,-7.92,-22
92.82,-8.28,-23
92.84,-9.00,-25
92.86,-9.36,-26
92.88,-9.36,-26
92.90,-9.72,-27
92.92,-9.72,-27
92.94,-9.72,-27
92.96,-9.72,-27
92.98,-9.36,-26
93.00,-9.00,-25
93.02,-9.00,-25
93.04,-8.28,-23
93.06,-7.92,-22
93.08,-7.56,-21
93.10,-6.84,-19
93.12,-6.12,-17
93.14,-5.40,-15
93.16,-4.68,-13
93.18,-3.96,-11
93.20,-3.24,-9
93.22,-2.16,-6
93.24,-1.44,-4
93.26,-0.36,-1
93.28,0.36,1
93.30,1.08,3
93.32,2.16,6
93.34,2.88,8
93.36,3.60,10
93.38,4.32,12
93.40,5.04,14
93.42,5.76,16
93.44,6.48,18
93.46,7.20,20
93.48,7.56,21
93.50,7.92,22
93.52,8.28,23
93.54,8.64,24
93.56,8.64,24
93.58,8.64,24
93.60,8.64,24
93.62,8.64,24
93.64,8.28,23
93.66,8.28,23
93.68,7.92,22
93.70,7.56,21
93.72,6.84,19
93.74,6.48,18
93.76,5.76,16
93.78,5.40,15
93.80,4.68,13
93.82,3.96,11
93.84,2.88,8
93.86,2.16,6
93.88,1.44,4
93.90,0.36,1
93.92,-0.36,-1
93.94,-1.08,-3
93.96,-2.16,-6
93.98,-2.88,-8
94.00,-3.60,-10
94.02,-4.32,-12
94.04,-5.04,-14
94.06,-5.76,-16
94.08,-6.48,-18
94.10,-7.20,-20
94.12,-7.56,-21
94.14,-8.28,-23
94.16,-8.64,-24
94.18,-9.00,-25
94.20,-9.00,-25
94.22,-9.36,-26
94.24,-9.36,-26
94.26,-9.36,-26
94.28,-9.36,-26
94.30,-9.36,-26
94.32,-9.00,-25
94.34,-8.64,-24
94.36,-8.28,-23
94.38,-7.92,-22
94.40,-7.56,-21
94.42,-6.84,-19
94.44,-6.12,-17
94.46,-5.40,-15
94.48,-4.68,-13
94.50,-3.96,-11
94.52,-3.24,-9
94.54,-2.52,-7
94.56,-1.44,-4
94.58,-0.72,-2
94.60,0.00,0
94.62,1.08,3
94.64,1.80,5
94.66,2.52,7
94.68,3.24,9
94.70,3.96,11
94.72,4.68,13
94.74,5.40,15
94.76,5.76,16
94.78,6.48,18
94.80,6.84,19
94.82,7.20,20
94.84,7.56,21
94.86,7.92,22
94.88,7.92,22
94.90,7.92,22
94.92,7.92,22
94.94,7.56,21
94.96,7.56,21
94.98,7.20,20
95.00,6.84,19
95.02,6.48,18
95.04,6.12,17
95.06,5.76,16
95.08,5.04,14
95.10,4.32,12
95.12,3.96,11
95.14,3.24,9
95.16,2.52,7
95.18,1.44,4
95.20,0.72,2
95.22,0.00,0
95.24,-0.72,-2
95.26,-1.80,-5
95.28,-2.52,-7
95.30,-3.24,-9
95.32,-3.96,-11
95.34,-4.68,-13
95.36,-5.40,-15
95.38,-6.12,-17
95.40,-6.84,-19
95.42,-7.20,-20
95.44,-7.92,-22
95.46,-8.28,-23
95.48,-8.64,-24
95.50,-9.00,-25
95.52,-9.00,-25
95.54,-9.36,-26
95.56,-9.36,-26
95.58,-9.36,-26
95.60,-9.36,-26
95.62,-9.36,-26
95.64,-9.00,-25
95.66,-8.64,-24
95.68,-8.28,-23
95.70,-7.92,-22
95.72,-7.20,-20
95.74,-6.84,-19
95.76,-6.12,-17
95.78,-5.40,-15
95.80,-4.68,-13
95.82,-3.96,-11
95.84,-3.24,-9
95.86,-2.52,-7
95.88,-1.80,-5
95.90,-1.08,-3
95.92,0.00,0
95.94,0.72,2
95.96,1.44,4
95.98,2.16,6
96.00,2.88,8
96.02,3.60,10
96.04,4.32,12
96.06,4.68,13
96.08,5.40,15
96.10,5.76,16
96.12,6.12,17
96.14,6.48,18
96.16,6.84,19
96.18,6.84,19
96.20,7.20,20
96.22,7.20,20
96.24,6.84,19
96.26,6.84,19
96.28,6.84,19
96.30,6.48,18
96.32,6.12,17
96.34,5.76,16
96.36,5.40,15
96.38,5.04,14
96.40,4.32,12
96.42,3.60,10
96.44,3.24,9
96.46,2.52,7
96.48,1.80,5
96.50,1.08,3
96.52,0.36,1
96.54,-0.72,-2
96.56,-1.44,-4
96.58,-2.16,-6
96.60,-2.88,-8
96.62,-3.60,-10
96.64,-4.32,-12
96.66,-5.04,-14
96.68,-5.76,-16
96.70,-6.12,-17
96.72,-6.84,-19
96.74,-7.20,-20
96.76,-7.92,-22
96.78,-8.28,-23
96.80,-8.64,-24
96.82,-9.00,-25
96.84,-9.00,-25
96.86,-9.00,-25
96.88,-9.36,-26
96.90,-9.36,-26
96.92,-9.36,-26
96.94,-9.00,-25
96.96,-9.00,-25
96.98,-8.64,-24
97.00,-8.28,-23
97.02,-7.92,-22
97.04,-7.20,-20
97.06,-6.84,-19
97.08,-6.12,-17
97.10,-5.40,-15
97.12,-4.68,-13
97.14,-4.32,-12
97.16,-3.60,-10
97.18,-2.52,-7
97.20,-1.80,-5
97.22,-1.08,-3
97.24,-0.36,-1
97.26,0.36,1
97.28,1.08,3
97.30,1.80,5
97.32,2.52,7
97.34,2.88,8
97.36,3.60,10
97.38,4.32,12
97.40,4.68,13
97.42,5.04,14
97.44,5.40,15
97.46,5.76,16
97.48,6.12,17
97.50,6.12,17
97.52,6.48,18
97.54,6.48,18
97.56,6.48,18
97.58,6.48,18
97.60,6.12,17
97.62,6.12,17
97.64,5.76,16
97.66,5.40,15
97.68,5.04,14
97.70,4.32,12
97.72,3.96,11
97.74,3.24,9
97.76,2.88,8
97.78,2.16,6
97.80,1.44,4
97.82,0.72,2
97.84,0.00,0
97.86,-0.72,-2
97.88,-1.44,-4
97.90,-2.16,-6
97.92,-2.88,-8
97.94,-3.60,-10
97.96,-4.32,-12
97.98,-5.04,-14
98.00,-5.40,-15
98.02,-6.12,-17
98.04,-6.48,-18
98.06,-7.20,-20
98.08,-7.56,-21
98.10,-7.92,-22
98.12,-8.28,-23
98.14,-8.64,-24
98.16,-8.64,-24
98.18,-8.64,-24
98.20,-8.64,-24
98.22,-8.64,-24
98.24,-8.28,-23
98.26,-8.28,-23
98.28,-7.92,-22
98.30,-7.92,-22
98.32,-7.56,-21
98.34,-6.84,-19
98.36,-6.48,-18
98.38,-6.12,-17
98.40,-5.40,-15
98.42,-4.68,-13
98.44,-4.32,-12
98.46,-3.60,-10
98.48,-2.88,-8
98.50,-2.16,-6
98.52,-1.44,-4
98.54,-0.72,-2
98.56,0.00,0
98.58,0.72,2
98.60,1.44,4
98.62,2.16,6
98.64,2.52,7
98.66,3.24,9
98.68,3.96,11
98.70,4.32,12
98.72,4.68,13
98.74,5.04,14
98.76,5.40,15
98.78,5.76,16
98.80,6.12,17
98.82,6.12,17
98.84,6.48,18
98.86,6.48,18
98.88,6.48,18
98.90,6.48,18
98.92,6.12,17
98.94,6.12,17
98.96,5.76,16
98.98,5.40,15
99.00,5.04,14
99.02,4.32,12
99.04,3.96,11
99.06,3.24,9
99.08,2.88,8
99.10,2.16,6
99.12,1.44,4
99.14,0.72,2
99.16,0.00,0
99.18,-0.36,-1
99.20,-1.08,-3
99.22,-1.80,-5
99.24,-2.52,-7
99.26,-3.24,-9
99.28,-3.96,-11
99.30,-4.32,-12
99.32,-5.04,-14
99.34,-5.76,-16
99.36,-6.12,-17
99.38,-6.48,-18
99.40,-6.84,-19
99.42,-7.20,-20
99.44,-7.56,-21
99.46,-7.92,-22
99.48,-7.92,-22
99.50,-7.92,-22
99.52,-7.92,-22
99.54,-7.92,-22
99.56,-7.56,-21
99.58,-7.56,-21
99.60,-7.20,-20
99.62,-6.84,-19
99.64,-6.48,-18
99.66,-6.12,-17
99.68,-5.76,-16
99.70,-5.40,-15
99.72,-4.68,-13
99.74,-3.96,-11
99.76,-3.60,-10
99.78,-2.88,-8
99.80,-2.16,-6
99.82,-1.44,-4
99.84,-0.72,-2
99.86,-0.36,-1
99.88,0.36,1
99.90,1.08,3
99.92,1.80,5
99.94,2.52,7
99.96,2.88,8
99.98,3.60,10
100.00,3.96,11
100.02,4.68,13
100.04,5.04,14
100.06,5.40,15
100.08,5.76,16
100.10,5.76,16
100.12,6.12,17
100.14,6.12,17
100.16,6.12,17
100.18,6.12,17
100.20,6.12,17
100.22,6.12,17
100.24,5.76,16
100.26,5.40,15
100.28,5.40,15
100.30,5.04,14
100.32,4.32,12
100.34,3.96,11
100.36,3.60,10
100.38,2.88,8
100.40,2.52,7
100.42,1.80,5
100.44,1.08,3
100.46,0.72,2
100.48,0.00,0
100.50,-0.72,-2
100.52,-1.44,-4
100.54,-2.16,-6
100.56,-2.52,-7
100.58,-3.24,-9
100.60,-3.96,-11
100.62,-4.32,-12
100.64,-5.04,-14
100.66,-5.40,-15
100.68,-5.76,-16
100.70,-6.12,-17
100.72,-6.48,-18
100.74,-6.84,-19
100.76,-7.20,-20
100.78,-7.56,-21
100.80,-7.56,-21
100.82,-7.56,-21
100.84,-7.56,-21
100.86,-7.20,-20
100.88,-7.20,-20
100.90,-7.20,-20
100.92,-6.84,-19
100.94,-6.48,-18
100.96,-6.12,-17
100.98,-5.76,-16
101.00,-5.40,-15
101.02,-4.68,-13
101.04,-4.32,-12
101.06,-3.96,-11
101.08,-3.24,-9
101.10,-2.52,-7
101.12,-2.16,-6
101.14,-1.44,-4
101.16,-0.72,-2
101.18,0.00,0
101.20,0.36,1
101.22,1.08,3
101.24,1.80,5
101.26,2.16,6
101.28,2.88,8
101.30,3.24,9
101.32,3.96,11
101.34,4.32,12
101.36,4.68,13
101.38,5.04,14
101.40,5.40,15
101.42,5.40,15
101.44,5.76,16
101.46,5.76,16
101.48,5.76,16
101.50,5.76,16
101.52,5.76,16
101.54,5.40,15
101.56,5.40,15
101.58,5.04,14
101.60,4.68,13
101.62,4.32,12
101.64,3.96,11
101.66,3.60,10
101.68,3.24,9
101.70,2.52,7
101.72,2.16,6
101.74,1.44,4
101.76,1.08,3
101.78,0.36,1
101.80,-0.36,-1
101.82,-0.72,-2
101.84,-1.44,-4
101.86,-2.16,-6
101.88,-2.52,-7
101.90,-3.24,-9
101.92,-3.60,-10
101.94,-4.32,-12
101.96,-4.68,-13
101.98,-5.40,-15
102.00,-5.76,-16
102.02,-6.12,-17
102.04,-6.48,-18
102.06,-6.48,-18
102.08,-6.84,-19
102.10,-6.84,-19
102.12,-7.20,-20
102.14,-7.20,-20
102.16,-7.20,-20
102.18,-7.20,-20
102.20,-7.20,-20
102.22,-6.84,-19
102.24,-6.84,-19
102.26,-6.48,-18
102.28,-6.12,-17
102.30,-5.76,-16
102.32,-5.40,-15
102.34,-4.68,-13
102.36,-4.32,-12
102.38,-3.96,-11
102.40,-3.24,-9
102.42,-2.88,-8
102.44,-2.16,-6
102.46,-1.44,-4
102.48,-1.08,-3
102.50,-0.36,-1
102.52,0.36,1
102.54,0.72,2
102.56,1.44,4
102.58,1.80,5
102.60,2.52,7
102.62,2.88,8
102.64,3.24,9
102.66,3.60,10
102.68,3.96,11
102.70,4.32,12
102.72,4.68,13
102.74,4.68,13
102.76,5.04,14
102.78,5.04,14
102.80,5.04,14
102.82,5.04,14
102.84,4.68,13
102.86,4.68,13
102.88,4.68,13
102.90,4.32,12
102.92,3.96,11
102.94,3.60,10
102.96,3.24,9
102.98,2.88,8
103.00,2.52,7
103.02,2.16,6
103.04,1.44,4
103.06,1.08,3
103.08,0.36,1
103.10,0.00,0
103.12,-0.72,-2
103.14,-1.44,-4
103.16,-1.80,-5
103.18,-2.52,-7
103.20,-2.88,-8
103.22,-3.60,-10
103.24,-3.96,-11
103.26,-4.68,-13
103.28,-5.04,-14
103.30,-5.40,-15
103.32,-5.76,-16
103.34,-6.12,-17
103.36,-6.48,-18
103.38,-6.84,-19
103.40,-6.84,-19
103.42,-6.84,-19
103.44,-7.20,-20
103.46,-7.20,-20
103.48,-7.20,-20
103.50,-7.20,-20
103.52,-7.20,-20
103.54,-6.84,-19
103.56,-6.84,-19
103.58,-6.48,-18
103.60,-6.12,-17
103.62,-5.76,-16
103.64,-5.40,-15
103.66,-4.68,-13
103.68,-4.32,-12
103.70,-3.96,-11
103.72,-3.24,-9
103.74,-2.88,-8
103.76,-2.16,-6
103.78,-1.80,-5
103.80,-1.08,-3
103.82,-0.72,-2
103.84,0.00,0
103.86,0.36,1
103.88,1.08,3
103.90,1.44,4
103.92,1.80,5
103.94,2.52,7
103.96,2.88,8
103.98,3.24,9
104.00,3.60,10
104.02,3.60,10
104.04,3.96,11
104.06,3.96,11
104.08,4.32,12
104.10,4.32,12
104.12,4.32,12
104.14,4.32,12
104.16,3.96,11
104.18,3.96,11
104.20,3.60,10
104.22,3.60,10
104.24,3.24,9
104.26,2.88,8
104.28,2.52,7
104.30,2.16,6
104.32,1.80,5
104.34,1.44,4
104.36,0.72,2
104.38,0.36,1
104.40,-0.36,-1
104.42,-0.72,-2
104.44,-1.44,-4
104.46,-1.80,-5
104.48,-2.16,-6
104.50,-2.88,-8
104.52,-3.24,-9
104.54,-3.96,-11
104.56,-4.32,-12
104.58,-4.68,-13
104.60,-5.04,-14
104.62,-5.76,-16
104.64,-5.76,-16
104.66,-6.12,-17
104.68,-6.48,-18
104.70,-6.84,-19
104.72,-6.84,-19
104.74,-6.84,-19
104.76,-7.20,-20
104.78,-7.20,-20
104.80,-7.20,-20
104.82,-7.20,-20
104.84,-6.84,-19
104.86,-6.84,-19
104.88,-6.48,-18
104.90,-6.48,-18
104.92,-6.12,-17
104.94,-5.76,-16
104.96,-5.40,-15
104.98,-5.04,-14
105.00,-4.32,-12
105.02,-3.96,-11
105.04,-3.60,-10
105.06,-2.88,-8
105.08,-2.52,-7
105.10,-1.80,-5
105.12,-1.44,-4
105.14,-1.08,-3
105.16,-0.36,-1
105.18,0.00,0
105.20,0.72,2
105.22,1.08,3
105.24,1.44,4
105.26,1.80,5
105.28,2.16,6
105.30,2.52,7
105.32,2.88,8
105.34,3.24,9
105.36,3.24,9
105.38,3.60,10
105.40,3.60,10
105.42,3.60,10
105.44,3.60,10
105.46,3.60,10
105.48,3.60,10
105.50,3.60,10
105.52,3.24,9
105.54,3.24,9
105.56,2.88,8
105.58,2.52,7
105.60,2.16,6
105.62,1.80,5
105.64,1.44,4
105.66,1.08,3
105.68,0.36,1
105.70,0.00,0
105.72,-0.36,-1
105.74,-1.08,-3
105.76,-1.44,-4
105.78,-1.80,-5
105.80,-2.52,-7
105.82,-2.88,-8
105.84,-3.24,-9
105.86,-3.96,-11
105.88,-4.32,-12
105.90,-4.68,-13
105.92,-5.04,-14
105.94,-5.40,-15
105.96,-5.76,-16
105.98,-6.12,-17
106.00,-6.12,-17
106.02,-6.48,-18
106.04,-6.48,-18
106.06,-6.48,-18
106.08,-6.84,-19
106.10,-6.84,-19
106.12,-6.84,-19
106.14,-6.84,-19
106.16,-6.48,-18
106.18,-6.48,-18
106.20,-6.12,-17
106.22,-5.76,-16
106.24,-5.76,-16
106.26,-5.40,-15
106.28,-5.04,-14
106.30,-4.68,-13
106.32,-3.96,-11
106.34,-3.60,-10
106.36,-3.24,-9
106.38,-2.88,-8
106.40,-2.16,-6
106.42,-1.80,-5
106.44,-1.44,-4
106.46,-0.72,-2
106.48,-0.36,-1
106.50,0.00,0
106.52,0.36,1
106.54,1.08,3
106.56,1.44,4
106.58,1.80,5
106.60,2.16,6
106.62,2.16,6
106.64,2.52,7
106.66,2.88,8
106.68,2.88,8
106.70,3.24,9
106.72,3.24,9
106.74,3.24,9
106.76,3.24,9
106.78,3.24,9
106.80,3.24,9
106.82,3.24,9
106.84,2.88,8
106.86,2.88,8
106.88,2.52,7
106.90,2.16,6
106.92,1.80,5
106.94,1.44,4
106.96,1.08,3
106.98,0.72,2
107.00,0.36,1
107.02,0.00,0
107.04,-0.72,-2
107.06,-1.08,-3
107.08,-1.44,-4
107.10,-2.16,-6
107.12,-2.52,-7
107.14,-2.88,-8
107.16,-3.24,-9
107.18,-3.60,-10
107.20,-4.32,-12
107.22,-4.68,-13
107.24,-5.04,-14
107.26,-5.04,-14
107.28,-5.40,-15
107.30,-5.76,-16
107.32,-5.76,-16
107.34,-6.12,-17
107.36,-6.12,-17
107.38,-6.12,-17
107.40,-6.12,-17
107.42,-6.12,-17
107.44,-6.12,-17
107.46,-6.12,-17
107.48,-5.76,-16
107.50,-5.76,-16
107.52,-5.40,-15
107.54,-5.04,-14
107.56,-5.04,-14
107.58,-4.68,-13
107.60,-4.32,-12
107.62,-3.96,-11
107.64,-3.60,-10
107.66,-3.24,-9
107.68,-2.52,-7
107.70,-2.16,-6
107.72,-1.80,-5
107.74,-1.44,-4
107.76,-0.72,-2
107.78,-0.36,-1
107.80,0.00,0
107.82,0.36,1
107.84,0.72,2
107.86,1.08,3
107.88,1.44,4
107.90,1.80,5
107.92,2.16,6
107.94,2.52,7
107.96,2.52,7
107.98,2.88,8
108.00,2.88,8
108.02,3.24,9
108.04,3.24,9
108.06,3.24,9
108.08,3.24,9
108.10,3.24,9
108.12,3.24,9
108.14,2.88,8
108.16,2.88,8
108.18,2.52,7
108.20,2.52,7
108.22,2.16,6
108.24,1.80,5
108.26,1.44,4
108.28,1.08,3
108.30,0.72,2
108.32,0.36,1
108.34,0.00,0
108.36,-0.36,-1
108.38,-0.72,-2
108.40,-1.44,-4
108.42,-1.80,-5
108.44,-2.16,-6
108.46,-2.52,-7
108.48,-2.88,-8
108.50,-3.24,-9
108.52,-3.60,-10
108.54,-3.96,-11
108.56,-4.32,-12
108.58,-4.68,-13
108.60,-4.68,-13
108.62,-5.04,-14
108.64,-5.40,-15
108.66,-5.40,-15
108.68,-5.40,-15
108.70,-5.40,-15
108.72,-5.40,-15
108.74,-5.40,-15
108.76,-5.40,-15
108.78,-5.04,-14
108.80,-5.04,-14
108.82,-5.04,-14
108.84,-4.68,-13
108.86,-4.32,-12
108.88,-4.32,-12
108.90,-3.96,-11
108.92,-3.60,-10
108.94,-3.24,-9
108.96,-2.88,-8
108.98,-2.52,-7
109.00,-2.16,-6
109.02,-1.80,-5
109.04,-1.08,-3
109.06,-0.72,-2
109.08,-0.36,-1
109.10,0.00,0
109.12,0.36,1
109.14,0.72,2
109.16,1.08,3
109.18,1.44,4
109.20,1.80,5
109.22,2.16,6
109.24,2.16,6
109.26,2.52,7
109.28,2.88,8
109.30,2.88,8
109.32,2.88,8
109.34,3.24,9
109.36,3.24,9
109.38,3.24,9
109.40,3.24,9
109.42,3.24,9
109.44,3.24,9
109.46,2.88,8
109.48,2.88,8
109.50,2.52,7
109.52,2.52,7
109.54,2.16,6
109.56,1.80,5
109.58,1.44,4
109.60,1.08,3
109.62,0.72,2
109.64,0.36,1
109.66,0.00,0
109.68,-0.36,-1
109.70,-0.72,-2
109.72,-1.08,-3
109.74,-1.44,-4
109.76,-1.80,-5
109.78,-2.16,-6
109.80,-2.52,-7
109.82,-2.88,-8
109.84,-3.24,-9
109.86,-3.60,-10
109.88,-3.60,-10
109.90,-3.96,-11
109.92,-4.32,-12
109.94,-4.32,-12
109.96,-4.68,-13
109.98,-4.68,-13
110.00,-4.68,-13
110.02,-4.68,-13
110.04,-4.68,-13
110.06,-4.68,-13
110.08,-4.68,-13
110.10,-4.32,-12
110.12,-4.32,-12
110.14,-3.96,-11
110.16,-3.96,-11
110.18,-3.60,-10
110.20,-3.60,-10
110.22,-3.24,-9
110.24,-2.88,-8
110.26,-2.52,-7
110.28,-2.16,-6
110.30,-1.80,-5
110.32,-1.44,-4
110.34,-1.08,-3
110.36,-0.72,-2
110.38,-0.36,-1
110.40,0.00,0
110.42,0.36,1
110.44,0.72,2
110.46,1.08,3
110.48,1.44,4
110.50,1.80,5
110.52,1.80,5
110.54,2.16,6
110.56,2.52,7
110.58,2.52,7
110.60,2.88,8
110.62,2.88,8
110.64,2.88,8
110.66,3.24,9
110.68,3.24,9
110.70,3.24,9
110.72,3.24,9
110.74,3.24,9
110.76,3.24,9
110.78,2.88,8
110.80,2.88,8
110.82,2.52,7
110.84,2.52,7
110.86,2.16,6
110.88,1.80,5
110.90,1.44,4
110.92,1.44,4
110.94,1.08,3
110.96,0.72,2
110.98,0.36,1
111.00,0.00,0
111.02,-0.36,-1
111.04,-0.72,-2
111.06,-1.08,-3
111.08,-1.44,-4
111.10,-1.80,-5
111.12,-2.16,-6
111.14,-2.52,-7
111.16,-2.52,-7
111.18,-2.88,-8
111.20,-3.24,-9
111.22,-3.24,-9
111.24,-3.60,-10
111.26,-3.60,-10
111.28,-3.96,-11
111.30,-3.96,-11
111.32,-3.96,-11
111.34,-3.96,-11
111.36,-3.96,-11
111.38,-3.96,-11
111.40,-3.60,-10
111.42,-3.60,-10
111.44,-3.60,-10
111.46,-3.24,-9
111.48,-3.24,-9
111.50,-2.88,-8
111.52,-2.88,-8
111.54,-2.52,-7
111.56,-2.16,-6
111.58,-1.80,-5
111.60,-1.44,-4
111.62,-1.44,-4
111.64,-1.08,-3
111.66,-0.72,-2
111.68,-0.36,-1
111.70,0.00,0
111.72,0.36,1
111.74,0.72,2
111.76,1.08,3
111.78,1.44,4
111.80,1.44,4
111.82,1.80,5
111.84,2.16,6
111.86,2.16,6
111.88,2.52,7
111.90,2.52,7
111.92,2.88,8
111.94,2.88,8
111.96,2.88,8
111.98,3.24,9
112.00,3.24,9
112.02,3.24,9
112.04,3.24,9
112.06,3.24,9
112.08,2.88,8
112.10,2.88,8
112.12,2.88,8
112.14,2.52,7
112.16,2.52,7
112.18,2.16,6
112.20,1.80,5
112.22,1.80,5
112.24,1.44,4
112.26,1.08,3
112.28,0.72,2
112.30,0.36,1
112.32,0.00,0
112.34,0.00,0
112.36,-0.36,-1
112.38,-0.72,-2
112.40,-1.08,-3
112.42,-1.44,-4
112.44,-1.80,-5
112.46,-1.80,-5
112.48,-2.16,-6
112.50,-2.52,-7
112.52,-2.52,-7
112.54,-2.88,-8
112.56,-2.88,-8
112.58,-3.24,-9
112.60,-3.24,-9
112.62,-3.24,-9
112.64,-3.24,-9
112.66,-3.24,-9
112.68,-3.24,-9
112.70,-3.24,-9
112.72,-2.88,-8
112.74,-2.88,-8
112.76,-2.88,-8
112.78,-2.52,-7
112.80,-2.52,-7
112.82,-2.16,-6
112.84,-2.16,-6
112.86,-1.80,-5
112.88,-1.44,-4
112.90,-1.44,-4
112.92,-1.08,-3
112.94,-0.72,-2
112.96,-0.36,-1
112.98,0.00,0
113.00,0.00,0
113.02,0.36,1
113.04,0.72,2
113.06,1.08,3
113.08,1.44,4
113.10,1.44,4
113.12,1.80,5
113.14,2.16,6
113.16,2.16,6
113.18,2.52,7
113.20,2.52,7
113.22,2.88,8
113.24,2.88,8
113.26,2.88,8
113.28,2.88,8
113.30,3.24,9
113.32,3.24,9
113.34,3.24,9
113.36,3.24,9
113.38,3.24,9
113.40,2.88,8
113.42,2.88,8
113.44,2.88,8
113.46,2.52,7
113.48,2.52,7
113.50,2.16,6
113.52,1.80,5
113.54,1.80,5
113.56,1.44,4
113.58,1.08,3
113.60,1.08,3
113.62,0.72,2
113.64,0.36,1
113.66,0.00,0
113.68,0.00,0
113.70,-0.36,-1
113.72,-0.72,-2
113.74,-1.08,-3
113.76,-1.08,-3
113.78,-1.44,-4
113.80,-1.80,-5
113.82,-1.80,-5
113.84,-2.16,-6
113.86,-2.16,-6
113.88,-2.16,-6
113.90,-2.52,-7
113.92,-2.52,-7
113.94,-2.52,-7
113.96,-2.52,-7
113.98,-2.52,-7
114.00,-2.52,-7
114.02,-2.16,-6
114.04,-2.16,-6
114.06,-2.16,-6
114.08,-2.16,-6
114.10,-1.80,-5
114.12,-1.80,-5
114.14,-1.44,-4
114.16,-1.44,-4
114.18,-1.08,-3
114.20,-1.08,-3
114.22,-0.72,-2
114.24,-0.36,-1
114.26,0.00,0
114.28,0.00,0
114.30,0.36,1
114.32,0.72,2
114.34,0.72,2
114.36,1.08,3
114.38,1.44,4
114.40,1.44,4
114.42,1.80,5
114.44,2.16,6
114.46,2.16,6
114.48,2.52,7
114.50,2.52,7
114.52,2.88,8
114.54,2.88,8
114.56,2.88,8
114.58,2.88,8
114.60,2.88,8
114.62,3.24,9
114.64,3.24,9
114.66,3.24,9
114.68,3.24,9
114.70,3.24,9
114.72,2.88,8
114.74,2.88,8
114.76,2.88,8
114.78,2.52,7
114.80,2.52,7
114.82,2.16,6
114.84,2.16,6
114.86,1.80,5
114.88,1.44,4
114.90,1.44,4
114.92,1.08,3
114.94,0.72,2
114.96,0.72,2
114.98,0.36,1
115.00,0.00,0
115.02,0.00,0
115.04,-0.36,-1
115.06,-0.36,-1
115.08,-0.72,-2
115.10,-1.08,-3
115.12,-1.08,-3
115.14,-1.44,-4
115.16,-1.44,-4
115.18,-1.44,-4
115.20,-1.80,-5
115.22,-1.80,-5
115.24,-1.80,-5
115.26,-1.80,-5
115.28,-1.80,-5
115.30,-1.80,-5
115.32,-1.80,-5
115.34,-1.44,-4
115.36,-1.44,-4
115.38,-1.44,-4
115.40,-1.44,-4
115.42,-1.08,-3
115.44,-1.08,-3
115.46,-0.72,-2
115.48,-0.72,-2
115.50,-0.36,-1
115.52,-0.36,-1
115.54,0.00,0
115.56,0.00,0
115.58,0.36,1
115.60,0.72,2
115.62,0.72,2
115.64,1.08,3
115.66,1.08,3
115.68,1.44,4
115.70,1.80,5
115.72,1.80,5
115.74,2.16,6
115.76,2.16,6
115.78,2.52,7
115.80,2.52,7
115.82,2.52,7
115.84,2.88,8
115.86,2.88,8
115.88,2.88,8
115.90,2.88,8
115.92,2.88,8
115.94,2.88,8
115.96,2.88,8
115.98,2.88,8
116.00,2.88,8
116.02,2.88,8
116.04,2.52,7
116.06,2.52,7
116.08,2.52,7
116.10,2.16,6
116.12,2.16,6
116.14,1.80,5
116.16,1.80,5
116.18,1.44,4
116.20,1.44,4
116.22,1.08,3
116.24,1.08,3
116.26,0.72,2
116.28,0.72,2
116.30,0.36,1
116.32,0.00,0
116.34,0.00,0
116.36,-0.36,-1
116.38,-0.36,-1
116.40,-0.72,-2
116.42,-0.72,-2
116.44,-1.08,-3
116.46,-1.08,-3
116.48,-1.08,-3
116.50,-1.08,-3
116.52,-1.44,-4
116.54,-1.44,-4
116.56,-1.44,-4
116.58,-1.44,-4
116.60,-1.44,-4
116.62,-1.44,-4
116.64,-1.08,-3
116.66,-1.08,-3
116.68,-1.08,-3
116.70,-1.08,-3
116.72,-1.08,-3
116.74,-0.72,-2
116.76,-0.72,-2
116.78,-0.72,-2
116.80,-0.36,-1
116.82,-0.36,-1
116.84,0.00,0
116.86,0.00,0
116.88,0.36,1
116.90,0.36,1
116.92,0.72,2
116.94,0.72,2
116.96,1.08,3
116.98,1.08,3
117.00,1.44,4
117.02,1.44,4
117.04,1.80,5
117.06,1.80,5
117.08,2.16,6
117.10,2.16,6
117.12,2.16,6
117.14,2.52,7
117.16,2.52,7
117.18,2.52,7
117.20,2.52,7
117.22,2.52,7
117.24,2.52,7
117.26,2.52,7
117.28,2.52,7
117.30,2.52,7
117.32,2.52,7
117.34,2.16,6
117.36,2.16,6
117.38,2.16,6
117.40,2.16,6
117.42,1.80,5
117.44,1.80,5
117.46,1.80,5
117.48,1.44,4
117.50,1.44,4
117.52,1.08,3
117.54,1.08,3
117.56,0.72,2
117.58,0.72,2
117.60,0.36,1
117.62,0.36,1
117.64,0.00,0
117.66,0.00,0
117.68,0.00,0
117.70,-0.36,-1
117.72,-0.36,-1
117.74,-0.72,-2
117.76,-0.72,-2
117.78,-0.72,-2
117.80,-0.72,-2
117.82,-1.08,-3
117.84,-1.08,-3
117.86,-1.08,-3
117.88,-1.08,-3
117.90,-1.08,-3
117.92,-1.08,-3
117.94,-0.72,-2
117.96,-0.72,-2
117.98,-0.72,-2
118.00,-0.72,-2
118.02,-0.72,-2
118.04,-0.72,-2
118.06,-0.36,-1
118.08,-0.36,-1
118.10,-0.36,-1
118.12,0.00,0
118.14,0.00,0
118.16,0.00,0
118.18,0.36,1
118.20,0.36,1
118.22,0.72,2
118.24,0.72,2
118.26,1.08,3
118.28,1.08,3
118.30,1.08,3
118.32,1.44,4
118.34,1.44,4
118.36,1.80,5
118.38,1.80,5
118.40,1.80,5
118.42,1.80,5
118.44,2.16,6
118.46,2.16,6
118.48,2.16,6
118.50,2.16,6
118.52,2.16,6
118.54,2.16,6
118.56,2.16,6
118.58,2.16,6
118.60,2.16,6
118.62,2.16,6
118.64,2.16,6
118.66,1.80,5
118.68,1.80,5
118.70,1.80,5
118.72,1.80,5
118.74,1.44,4
118.76,1.44,4
118.78,1.44,4
118.80,1.08,3
118.82,1.08,3
118.84,1.08,3
118.86,0.72,2
118.88,0.72,2
118.90,0.72,2
118.92,0.36,1
118.94,0.36,1
118.96,0.36,1
118.98,0.00,0
119.00,0.00,0
119.02,0.00,0
119.04,-0.36,-1
119.06,-0.36,-1
119.08,-0.36,-1
119.10,-0.36,-1
119.12,-0.72,-2
119.14,-0.72,-2
119.16,-0.72,-2
119.18,-0.72,-2
119.20,-0.72,-2
119.22,-0.72,-2
119.24,-0.72,-2
119.26,-0.36,-1
119.28,-0.36,-1
119.30,-0.36,-1
119.32,-0.36,-1
119.34,-0.36,-1
119.36,-0.36,-1
119.38,0.00,0
119.40,0.00,0
119.42,0.00,0
119.44,0.00,0
119.46,0.36,1
119.48,0.36,1
119.50,0.36,1
119.52,0.72,2
119.54,0.72,2
119.56,0.72,2
119.58,1.08,3
119.60,1.08,3
119.62,1.08,3
119.64,1.44,4
119.66,1.44,4
119.68,1.44,4
119.70,1.44,4
119.72,1.80,5
119.74,1.80,5
119.76,1.80,5
119.78,1.80,5
119.80,1.80,5
119.82,1.80,5
119.84,1.80,5
119.86,1.80,5
119.88,1.80,5
119.90,1.80,5
119.92,1.80,5
119.94,1.80,5
119.96,1.80,5
119.98,1.44,4
120.00,1.44,4
120.02,1.44,4
120.04,1.44,4
120.06,1.44,4
120.08,1.08,3
120.10,1.08,3
120.12,1.08,3
120.14,1.08,3
120.16,0.72,2
120.18,0.72,2
120.20,0.72,2
120.22,0.36,1
120.24,0.36,1
120.26,0.36,1
120.28,0.36,1
120.30,0.00,0
120.32,0.00,0
120.34,0.00,0
120.36,0.00,0
120.38,0.00,0
120.40,-0.36,-1
120.42,-0.36,-1
120.44,-0.36,-1
120.46,-0.36,-1
120.48,-0.36,-1
120.50,-0.36,-1
120.52,-0.36,-1
120.54,-0.36,-1
120.56,-0.36,-1
120.58,0.00,0
120.60,0.00,0
120.62,0.00,0
120.64,0.00,0
120.66,0.00,0
120.68,0.00,0
120.70,0.00,0
120.72,0.36,1
120.74,0.36,1
120.76,0.36,1
120.78,0.36,1
120.80,0.36,1
120.82,0.72,2
120.84,0.72,2
120.86,0.72,2
120.88,0.72,2
120.90,1.08,3
120.92,1.08,3
120.94,1.08,3
120.96,1.08,3
120.98,1.44,4
121.00,1.44,4
121.02,1.44,4
121.04,1.44,4
121.06,1.44,4
121.08,1.44,4
121.10,1.44,4
121.12,1.44,4
121.14,1.44,4
121.16,1.44,4
121.18,1.44,4
121.20,1.44,4
121.22,1.44,4
121.24,1.44,4
121.26,1.44,4
121.28,1.44,4
121.30,1.44,4
121.32,1.08,3
121.34,1.08,3
121.36,1.08,3
121.38,1.08,3
121.40,1.08,3
121.42,1.08,3
121.44,0.72,2
121.46,0.72,2
121.48,0.72,2
121.50,0.72,2
121.52,0.72,2
121.54,0.36,1
121.56,0.36,1
121.58,0.36,1
121.60,0.36,1
121.62,0.36,1
121.64,0.36,1
121.66,0.00,0
121.68,0.00,0
121.70,0.00,0
121.72,0.00,0
121.74,0.00,0
121.76,0.00,0
121.78,0.00,0
121.80,0.00,0
121.82,0.00,0
121.84,0.00,0
121.86,0.00,0
121.88,0.00,0
121.90,0.36,1
121.92,0.36,1
121.94,0.36,1
121.96,0.36,1
121.98,0.36,1
122.00,0.36,1
122.02,0.36,1
122.04,0.36,1
122.06,0.36,1
122.08,0.72,2
122.10,0.72,2
122.12,0.72,2
122.14,0.72,2
122.16,0.72,2
122.18,0.72,2
122.20,1.08,3
122.22,1.08,3
122.24,1.08,3
122.26,1.08,3
122.28,1.08,3
122.30,1.08,3
122.32,1.08,3
122.34,1.08,3
122.36,1.08,3
122.38,1.08,3
122.40,1.08,3
122.42,1.44,4
122.44,1.44,4
122.46,1.44,4
122.48,1.44,4
122.50,1.44,4
122.52,1.44,4
122.54,1.44,4
122.56,1.44,4
122.58,1.44,4
122.60,1.44,4
122.62,1.44,4
122.64,1.44,4
122.66,1.08,3
122.68,1.08,3
122.70,1.08,3
122.72,1.08,3
122.74,1.08,3
122.76,1.08,3
122.78,1.08,3
122.80,1.08,3
122.82,1.08,3
122.84,0.72,2
122.86,0.72,2
122.88,0.72,2
122.90,0.72,2
122.92,0.72,2
122.94,0.72,2
122.96,0.72,2
122.98,0.72,2
123.00,0.72,2
123.02,0.72,2
123.04,0.72,2
123.06,0.72,2
123.08,0.72,2
123.10,0.72,2
123.12,0.72,2
123.14,0.72,2
123.16,0.72,2
123.18,0.72,2
123.20,0.72,2
123.22,0.72,2
123.24,1.08,3
123.26,1.08,3
123.28,1.08,3
123.30,1.08,3
123.32,1.08,3
123.34,1.08,3
123.36,1.08,3
123.38,1.08,3
123.40,1.08,3
123.42,1.08,3
123.44,1.08,3
123.46,1.08,3
123.48,1.08,3
123.50,1.44,4
123.52,1.44,4
123.54,1.44,4
123.56,1.44,4
123.58,1.44,4
123.60,1.44,4
123.62,1.44,4
123.64,1.44,4
123.66,1.44,4
123.68,1.44,4
123.70,1.44,4
123.72,1.44,4
123.74,1.44,4
123.76,1.44,4
123.78,1.44,4
123.80,1.44,4
123.82,1.44,4
123.84,1.44,4
123.86,1.44,4
123.88,1.44,4
123.90,1.44,4
123.92,1.44,4
123.94,1.44,4
123.96,1.44,4
123.98,1.44,4
124.00,1.44,4
124.02,1.44,4
124.04,1.44,4
124.06,1.44,4
124.08,1.08,3
124.10,1.08,3
124.12,1.08,3
124.14,1.08,3
124.16,1.08,3
124.18,1.08,3
124.20,1.08,3
124.22,1.08,3
124.24,1.08,3
124.26,1.08,3
124.28,1.08,3
124.30,1.08,3
124.32,1.08,3
124.34,1.08,3
124.36,1.08,3
124.38,1.08,3
124.40,1.08,3
124.42,1.08,3
124.44,1.08,3
124.46,1.08,3
124.48,1.08,3
124.50,1.08,3
124.52,1.08,3
124.54,1.08,3
124.56,1.08,3
124.58,1.08,3
124.60,1.08,3
124.62,1.08,3
124.64,1.08,3
124.66,1.08,3
124.68,1.08,3
124.70,1.08,3
124.72,1.08,3
124.74,1.08,3
124.76,1.08,3
124.78,1.08,3
124.80,1.08,3
124.82,1.08,3
124.84,1.08,3
124.86,1.08,3
124.88,1.08,3
124.90,1.08,3
124.92,1.08,3
124.94,1.08,3
124.96,1.08,3
124.98,1.08,3
125.00,1.08,3
125.02,1.08,3
125.04,1.08,3
125.06,1.08,3
125.08,1.08,3
125.10,1.08,3
125.12,1.08,3
125.14,1.08,3
125.16,1.08,3
125.18,1.08,3
125.20,1.08,3
125.22,1.08,3
125.24,1.08,3
125.26,1.08,3
125.28,1.08,3
125.30,1.08,3
125.32,1.08,3
125.34,1.08,3
125.36,1.08,3
125.38,1.08,3
125.40,1.08,3
125.42,1.08,3
125.44,1.08,3
125.46,1.08,3
125.48,1.08,3
125.50,1.08,3
125.52,1.08,3
125.54,1.08,3
125.56,1.08,3
125.58,1.08,3
125.60,1.08,3
125.62,1.08,3
125.64,1.08,3
125.66,1.08,3
125.68,1.08,3
125.70,1.08,3
125.72,1.08,3
125.74,1.08,3
125.76,1.08,3
125.78,1.08,3
125.80,1.08,3
125.82,1.08,3
125.84,1.08,3
125.86,1.08,3
125.88,1.08,3
125.90,1.08,3
125.92,1.08,3
125.94,1.08,3
125.96,1.08,3
125.98,1.08,3
126.00,1.08,3
126.02,1.08,3
126.04,1.08,3
126.06,1.08,3
126.08,1.08,3
126.10,1.08,3
126.12,1.08,3
126.14,1.08,3
126.16,1.08,3
126.18,1.08,3
126.20,1.08,3
126.22,1.08,3
126.24,1.08,3
126.26,1.08,3
126.28,1.08,3
126.30,1.08,3
126.32,1.08,3
126.34,1.08,3
126.36,1.08,3
126.38,1.08,3
126.40,1.08,3
126.42,1.08,3
126.44,1.08,3
126.46,1.08,3
126.48,1.08,3
126.50,1.08,3
126.52,1.08,3
126.54,1.08,3
126.56,1.08,3
126.58,1.08,3
126.60,1.08,3
126.62,1.08,3
126.64,1.08,3
126.66,1.08,3
126.68,1.08,3
126.70,1.08,3
126.72,1.08,3
126.74,1.08,3
126.76,1.08,3
126.78,1.08,3
126.80,1.08,3
126.82,1.08,3
126.84,1.08,3
126.86,1.08,3
126.88,1.08,3
126.90,1.08,3
126.92,1.08,3
126.94,1.08,3
126.96,1.08,3
126.98,1.08,3
127.00,1.08,3
127.02,1.08,3
127.04,1.08,3
127.06,1.08,3
127.08,1.08,3
127.10,1.08,3
127.12,1.08,3
127.14,1.08,3
127.16,1.08,3
127.18,1.08,3
127.20,1.08,3
127.22,1.08,3
127.24,1.08,3
127.26,1.08,3
127.28,1.08,3
127.30,1.08,3
127.32,1.08,3
127.34,1.08,3
127.36,1.08,3
127.38,1.08,3
127.40,1.08,3
127.42,1.08,3
127.44,1.08,3
127.46,1.08,3
127.48,1.08,3
127.50,1.08,3
127.52,1.08,3
127.54,1.08,3
127.56,1.08,3
127.58,1.08,3
127.60,1.08,3
127.62,1.08,3
127.64,1.08,3
127.66,1.08,3
127.68,1.08,3
127.70,1.08,3
127.72,1.08,3
127.74,1.08,3
127.76,1.08,3
127.78,1.08,3
127.80,1.08,3
127.82,1.08,3
127.84,1.08,3
127.86,1.08,3
127.88,1.08,3
127.90,1.08,3
127.92,1.08,3
127.94,1.08,3
127.96,1.08,3
127.98,1.08,3
128.00,1.08,3
128.02,1.08,3
128.04,1.08,3
128.06,1.08,3
128.08,1.08,3
128.10,1.08,3
128.12,1.08,3
128.14,1.08,3
128.16,1.08,3
128.18,1.08,3
128.20,1.08,3
128.22,1.08,3
128.24,1.08,3
128.26,1.08,3
128.28,1.08,3
128.30,1.08,3
128.32,1.08,3
128.34,1.08,3
128.36,1.08,3
128.38,1.08,3
128.40,1.08,3
128.42,1.08,3
128.44,1.08,3
128.46,1.08,3
128.48,1.08,3
128.50,1.08,3
128.52,1.08,3
128.54,1.08,3
128.56,1.08,3
128.58,1.08,3
128.60,1.08,3
128.62,1.08,3
128.64,1.08,3
128.66,1.08,3
128.68,1.08,3
128.70,1.08,3
128.72,1.08,3
128.74,1.08,3
128.76,1.08,3
128.78,1.08,3
128.80,1.08,3
128.82,1.08,3
128.84,1.08,3
128.86,1.08,3
128.88,1.08,3
128.90,1.08,3
128.92,1.08,3
128.94,1.08,3
128.96,1.08,3
128.98,1.08,3
129.00,1.08,3
129.02,1.08,3
129.04,1.08,3
129.06,1.08,3
129.08,1.08,3
129.10,1.08,3
129.12,1.08,3
129.14,1.08,3
129.16,1.08,3
129.18,1.08,3
129.20,1.08,3
129.22,1.08,3
129.24,1.08,3
129.26,1.08,3
129.28,1.08,3
129.30,1.08,3
129.32,1.08,3
129.34,1.08,3
129.36,1.08,3
129.38,1.08,3
129.40,1.08,3
129.42,1.08,3
129.44,1.08,3
129.46,1.08,3
129.48,1.08,3
129.50,1.08,3
129.52,1.08,3
129.54,1.08,3
129.56,1.08,3
129.58,1.08,3
129.60,1.08,3
129.62,1.08,3
129.64,1.08,3
129.66,1.08,3
129.68,1.08,3
129.70,1.08,3
129.72,1.08,3
129.74,1.08,3
129.76,1.08,3
129.78,1.08,3
129.80,1.08,3
129.82,1.08,3
129.84,1.08,3
129.86,1.08,3
129.88,1.08,3
129.90,1.08,3
129.92,1.08,3
129.94,1.08,3
129.96,1.08,3
129.98,1.08,3
130.00,1.08,3
130.02,1.08,3
130.04,1.08,3
130.06,1.08,3
130.08,1.08,3
130.10,1.08,3
130.12,1.08,3
130.14,1.08,3
130.16,1.08,3
130.18,1.08,3
130.20,1.08,3
130.22,1.08,3
130.24,1.08,3
130.26,1.08,3
130.28,1.08,3
130.30,1.08,3
130.32,1.08,3
130.34,1.08,3
130.36,1.08,3
130.38,1.08,3
130.40,1.08,3
130.42,1.08,3
130.44,1.08,3
130.46,1.08,3
130.48,1.08,3
130.50,1.08,3
130.52,1.08,3
130.54,1.08,3
130.56,1.08,3
130.58,1.08,3
130.60,1.08,3
130.62,1.08,3
130.64,1.08,3
130.66,1.08,3
130.68,1.08,3
130.70,1.08,3
130.72,1.08,3
130.74,1.08,3
130.76,1.08,3
130.78,1.08,3
130.80,1.08,3
130.82,1.08,3
130.84,1.08,3
130.86,1.08,3
130.88,1.08,3
130.90,1.08,3
130.92,1.08,3
130.94,1.08,3
130.96,1.08,3
130.98,1.08,3
131.00,1.08,3
131.02,1.08,3
131.04,1.08,3
131.06,1.08,3
131.08,1.08,3
131.10,1.08,3
131.12,1.08,3
131.14,1.08,3
131.16,1.08,3
131.18,1.08,3
131.20,1.08,3
131.22,1.08,3
131.24,1.08,3
131.26,1.08,3
131.28,1.08,3
131.30,1.08,3
131.32,1.08,3
131.34,1.08,3
131.36,1.08,3
131.38,1.08,3
131.40,1.08,3
131.42,1.08,3
131.44,1.08,3
131.46,1.08,3
131.48,1.08,3
131.50,1.08,3
131.52,1.08,3
131.54,1.08,3
131.56,1.08,3
131.58,1.08,3
131.60,1.08,3
131.62,1.08,3
131.64,1.08,3
131.66,1.08,3
131.68,1.08,3
131.70,1.08,3
131.72,1.08,3
131.74,1.08,3
131.76,1.08,3
131.78,1.08,3
131.80,1.08,3
131.82,1.08,3
131.84,1.08,3
131.86,1.08,3
131.88,1.08,3
131.90,1.08,3
131.92,1.08,3
131.94,1.08,3
131.96,1.08,3
131.98,1.08,3
132.00,1.08,3
132.02,1.08,3
132.04,1.08,3
132.06,1.08,3
132.08,1.08,3
132.10,1.08,3
132.12,1.08,3
132.14,1.08,3
132.16,1.08,3
132.18,1.08,3
132.20,1.08,3
132.22,1.08,3
132.24,1.08,3
132.26,1.08,3
132.28,1.08,3
132.30,1.08,3
132.32,1.08,3
132.34,1.08,3
132.36,1.08,3
132.38,1.08,3
132.40,1.08,3
132.42,1.08,3
132.44,1.08,3
132.46,1.08,3
132.48,1.08,3
132.50,1.08,3
132.52,1.08,3
132.54,1.08,3
132.56,1.08,3
132.58,1.08,3
132.60,1.08,3
132.62,1.08,3
132.64,1.08,3
132.66,1.08,3
132.68,1.08,3
132.70,1.08,3
132.72,1.08,3
132.74,1.08,3
132.76,1.08,3
132.78,1.08,3
132.80,1.08,3
132.82,1.08,3
132.84,1.08,3
132.86,1.08,3
132.88,1.08,3
132.90,1.08,3
132.92,1.08,3
132.94,1.08,3
132.96,1.08,3
132.98,1.08,3
133.00,1.08,3
133.02,1.08,3
133.04,1.08,3
133.06,1.08,3
133.08,1.08,3
133.10,1.08,3
133.12,1.08,3
133.14,1.08,3
133.16,1.08,3
133.18,1.08,3
133.20,1.08,3
133.22,1.08,3
133.24,1.08,3
133.26,1.08,3
133.28,1.08,3
133.30,1.08,3
133.32,1.08,3
133.34,1.08,3
133.36,1.08,3
133.38,1.08,3
133.40,1.08,3
133.42,1.08,3
133.44,1.08,3
133.46,1.08,3
133.48,1.08,3
133.50,1.08,3
133.52,1.08,3
133.54,1.08,3
133.56,1.08,3
133.58,1.08,3
133.60,1.08,3
133.62,1.08,3
133.64,1.08,3
133.66,1.08,3
133.68,1.08,3
133.70,1.08,3
133.72,1.08,3
133.74,1.08,3
133.76,1.08,3
133.78,1.08,3
133.80,1.08,3
133.82,1.08,3
133.84,1.08,3
133.86,1.08,3
133.88,1.08,3
133.90,1.08,3
133.92,1.08,3
133.94,1.08,3
133.96,1.08,3
133.98,1.08,3
134.00,1.08,3
134.02,1.08,3
134.04,1.08,3
134.06,1.08,3
134.08,1.08,3
134.10,1.08,3
134.12,1.08,3
134.14,1.08,3
134.16,1.08,3
134.18,1.08,3
134.20,1.08,3
