3.64,0.00,0
3.66,0.00,0
3.68,0.00,0
3.70,0.00,0
3.72,0.00,0
3.74,0.00,0
3.76,0.00,0
3.78,0.00,0
3.80,0.00,0
3.82,0.00,0
3.84,0.00,0
3.86,0.00,0
3.88,0.00,0
3.90,0.00,0
3.92,0.00,0
3.94,0.00,0
3.96,0.00,0
3.98,0.00,0
4.00,0.00,0
4.02,0.00,0
4.04,0.00,0
4.06,0.00,0
4.08,0.00,0
4.10,0.00,0
4.12,0.00,0
4.14,0.00,0
4.16,0.00,0
4.18,0.00,0
4.20,0.00,0
4.22,0.00,0
4.24,0.00,0
4.26,0.00,0
4.28,0.00,0
4.30,0.00,0
4.32,0.00,0
4.34,0.00,0
4.36,0.00,0
4.38,0.00,0
4.40,0.00,0
4.42,0.00,0
4.44,0.00,0
4.46,0.00,0
4.48,0.00,0
4.50,0.00,0
4.52,0.00,0
4.54,0.00,0
4.56,0.00,0
4.58,0.00,0
4.60,0.00,0
4.62,0.00,0
4.64,0.00,0
4.66,0.00,0
4.68,0.00,0
4.70,0.00,0
4.72,0.00,0
4.74,0.00,0
4.76,0.00,0
4.78,0.00,0
4.80,0.00,0
4.82,0.00,0
4.84,0.00,0
4.86,0.00,0
4.88,0.00,0
4.90,0.00,0
4.92,0.00,0
4.94,0.00,0
4.96,0.00,0
4.98,0.00,0
5.00,0.00,0
5.02,0.00,0
5.04,0.00,0
5.06,0.00,0
5.08,0.00,0
5.10,0.00,0
5.12,0.00,0
5.14,0.00,0
5.16,0.00,0
5.18,0.00,0
5.20,0.00,0
5.22,0.00,0
5.24,0.00,0
5.26,0.00,0
5.28,0.00,0
5.30,-0.36,-1
5.32,-0.72,-2
5.34,-1.08,-3
5.36,-1.44,-4
5.38,-1.80,-5
5.40,-2.52,-7
5.42,-3.24,-9
5.44,-4.32,-12
5.46,-5.04,-14
5.48,-6.12,-17
5.50,-7.20,-20
5.52,-8.28,-23
5.54,-9.36,-26
5.56,-10.44,-29
5.58,-11.88,-33
5.60,-12.96,-36
5.62,-14.40,-40
5.64,-15.84,-44
5.66,-16.92,-47
5.68,-18.36,-51
5.70,-19.80,-55
5.72,-21.24,-59
5.74,-22.32,-62
5.76,-23.76,-66
5.78,-25.20,-70
5.80,-26.64,-74
5.82,-28.08,-78
5.84,-29.16,-81
5.86,-30.60,-85
5.88,-32.04,-89
5.90,-33.12,-92
5.92,-34.20,-95
5.94,-35.64,-99
5.96,-37.08,-103
5.98,-38.16,-106
6.00,-39.60,-110
6.02,-41.04,-114
6.04,-42.12,-117
6.06,-43.20,-120
6.08,-44.64,-124
6.10,-46.08,-128
6.12,-47.16,-131
6.14,-48.60,-135
6.16,-49.68,-138
6.18,-50.76,-141
6.20,-51.84,-144
6.22,-52.92,-147
6.24,-54.36,-151
6.26,-55.44,-154
6.28,-56.52,-157
6.30,-57.96,-161
6.32,-59.04,-164
6.34,-60.12,-167
6.36,-61.20,-170
6.38,-62.28,-173
6.40,-63.36,-176
6.42,-64.44,-179
6.44,-65.52,-182
6.46,-66.60,-185
6.48,-67.32,-187
6.50,-68.40,-190
6.52,-69.48,-193
6.54,-70.56,-196
6.56,-71.28,-198
6.58,-72.36,-201
6.60,-73.08,-203
6.62,-73.80,-205
6.64,-74.52,-207
6.66,-75.24,-209
6.68,-75.96,-211
6.70,-76.68,-213
6.72,-77.04,-214
6.74,-77.76,-216
6.76,-78.48,-218
6.78,-78.84,-219
6.80,-79.20,-220
6.82,-79.56,-221
6.84,-79.92,-222
6.86,-80.64,-224
6.88,-81.00,-225
6.90,-81.36,-226
6.92,-82.08,-228
6.94,-82.08,-228
6.96,-82.44,-229
6.98,-82.44,-229
7.00,-82.80,-230
7.02,-83.52,-232
7.04,-83.88,-233
7.06,-83.88,-233
7.08,-83.52,-232
7.10,-83.52,-232
7.12,-83.16,-231
7.14,-83.16,-231
7.16,-83.52,-232
7.18,-83.52,-232
7.20,-83.16,-231
7.22,-83.16,-231
7.24,-82.80,-230
7.26,-82.80,-230
7.28,-82.80,-230
7.30,-82.80,-230
7.32,-82.80,-230
7.34,-82.44,-229
7.36,-82.44,-229
7.38,-82.44,-229
7.40,-82.44,-229
7.42,-82.44,-229
7.44,-82.80,-230
7.46,-82.80,-230
7.48,-82.80,-230
7.50,-82.80,-230
7.52,-82.80,-230
7.54,-82.80,-230
7.56,-82.80,-230
7.58,-83.16,-231
7.60,-83.16,-231
7.62,-83.52,-232
7.64,-83.52,-232
7.66,-83.52,-232
7.68,-83.88,-233
7.70,-83.88,-233
7.72,-84.24,-234
7.74,-84.24,-234
7.76,-84.24,-234
7.78,-83.88,-233
7.80,-83.88,-233
7.82,-83.88,-233
7.84,-83.88,-233
7.86,-83.88,-233
7.88,-83.52,-232
7.90,-83.52,-232
7.92,-83.16,-231
7.94,-83.16,-231
7.96,-83.16,-231
7.98,-83.16,-231
8.00,-83.52,-232
8.02,-83.52,-232
8.04,-83.52,-232
8.06,-83.52,-232
8.08,-83.52,-232
8.10,-83.88,-233
8.12,-83.88,-233
8.14,-83.88,-233
8.16,-83.88,-233
8.18,-83.88,-233
8.20,-84.24,-234
8.22,-84.24,-234
8.24,-84.60,-235
8.26,-84.60,-235
8.28,-84.60,-235
8.30,-84.96,-236
8.32,-84.96,-236
8.34,-84.96,-236
8.36,-84.96,-236
8.38,-85.32,-237
8.40,-85.32,-237
8.42,-85.32,-237
8.44,-85.32,-237
8.46,-85.68,-238
8.48,-85.68,-238
8.50,-85.68,-238
8.52,-85.68,-238
8.54,-85.68,-238
8.56,-85.68,-238
8.58,-85.68,-238
8.60,-85.68,-238
8.62,-85.68,-238
8.64,-85.68,-238
8.66,-85.68,-238
8.68,-85.68,-238
8.70,-85.68,-238
8.72,-85.68,-238
8.74,-85.68,-238
8.76,-85.68,-238
8.78,-85.68,-238
8.80,-85.68,-238
8.82,-85.68,-238
8.84,-86.04,-239
8.86,-86.04,-239
8.88,-86.04,-239
8.90,-86.04,-239
8.92,-86.04,-239
8.94,-86.04,-239
8.96,-86.04,-239
8.98,-86.04,-239
9.00,-86.04,-239
9.02,-86.04,-239
9.04,-86.40,-240
9.06,-86.40,-240
9.08,-86.40,-240
9.10,-86.40,-240
9.12,-86.40,-240
9.14,-86.40,-240
9.16,-86.40,-240
9.18,-86.40,-240
9.20,-86.40,-240
9.22,-86.40,-240
9.24,-86.40,-240
9.26,-86.76,-241
9.28,-86.76,-241
9.30,-86.76,-241
9.32,-86.76,-241
9.34,-86.76,-241
9.36,-86.76,-241
9.38,-86.76,-241
9.40,-86.76,-241
9.42,-87.12,-242
9.44,-87.12,-242
9.46,-87.12,-242
9.48,-87.12,-242
9.50,-87.12,-242
9.52,-87.12,-242
9.54,-87.48,-243
9.56,-87.48,-243
9.58,-87.48,-243
9.60,-87.48,-243
9.62,-87.48,-243
9.64,-87.48,-243
9.66,-87.48,-243
9.68,-87.48,-243
9.70,-87.48,-243
9.72,-87.48,-243
9.74,-87.84,-244
9.76,-87.84,-244
9.78,-87.84,-244
9.80,-87.84,-244
9.82,-87.84,-244
9.84,-87.84,-244
9.86,-87.84,-244
9.88,-87.84,-244
9.90,-87.84,-244
9.92,-87.84,-244
9.94,-87.84,-244
9.96,-87.84,-244
9.98,-87.84,-244
10.00,-87.84,-244
10.02,-87.84,-244
10.04,-87.84,-244
10.06,-87.84,-244
10.08,-87.84,-244
10.10,-87.84,-244
10.12,-87.84,-244
10.14,-88.20,-245
10.16,-88.20,-245
10.18,-88.20,-245
10.20,-88.20,-245
10.22,-88.20,-245
10.24,-88.20,-245
10.26,-88.20,-245
10.28,-88.20,-245
10.30,-88.20,-245
10.32,-88.20,-245
10.34,-88.20,-245
10.36,-88.20,-245
10.38,-88.56,-246
10.40,-88.56,-246
10.42,-88.56,-246
10.44,-88.56,-246
10.46,-88.56,-246
10.48,-88.56,-246
10.50,-88.56,-246
10.52,-88.56,-246
10.54,-88.56,-246
10.56,-88.56,-246
10.58,-88.56,-246
10.60,-88.56,-246
10.62,-88.56,-246
10.64,-88.56,-246
10.66,-88.56,-246
10.68,-88.56,-246
10.70,-88.56,-246
10.72,-88.56,-246
10.74,-88.56,-246
10.76,-88.56,-246
10.78,-88.56,-246
10.80,-88.56,-246
10.82,-88.56,-246
10.84,-88.56,-246
10.86,-88.56,-246
10.88,-88.56,-246
10.90,-88.56,-246
10.92,-88.56,-246
10.94,-88.56,-246
10.96,-88.56,-246
10.98,-88.56,-246
11.00,-88.56,-246
11.02,-88.56,-246
11.04,-88.56,-246
11.06,-88.56,-246
11.08,-88.56,-246
11.10,-88.92,-247
11.12,-88.92,-247
11.14,-88.92,-247
11.16,-88.92,-247
11.18,-88.92,-247
11.20,-88.92,-247
11.22,-88.92,-247
11.24,-88.92,-247
11.26,-88.92,-247
11.28,-88.92,-247
11.30,-88.92,-247
11.32,-88.92,-247
11.34,-88.92,-247
11.36,-88.92,-247
11.38,-88.92,-247
11.40,-88.92,-247
11.42,-88.92,-247
11.44,-88.92,-247
11.46,-88.92,-247
11.48,-88.92,-247
11.50,-88.92,-247
11.52,-89.28,-248
11.54,-89.28,-248
11.56,-89.28,-248
11.58,-89.28,-248
11.60,-89.28,-248
11.62,-89.28,-248
11.64,-89.28,-248
11.66,-89.28,-248
11.68,-89.28,-248
11.70,-89.28,-248
11.72,-89.28,-248
11.74,-89.28,-248
11.76,-89.28,-248
11.78,-89.28,-248
11.80,-89.28,-248
11.82,-89.28,-248
11.84,-89.28,-248
11.86,-89.28,-248
11.88,-89.28,-248
11.90,-89.28,-248
11.92,-89.28,-248
11.94,-89.28,-248
11.96,-89.28,-248
11.98,-89.28,-248
12.00,-89.28,-248
12.02,-89.28,-248
12.04,-89.28,-248
12.06,-89.28,-248
12.08,-89.28,-248
12.10,-89.28,-248
12.12,-89.28,-248
12.14,-89.28,-248
12.16,-89.64,-249
12.18,-89.64,-249
12.20,-89.64,-249
12.22,-89.64,-249
12.24,-89.64,-249
12.26,-89.64,-249
12.28,-89.64,-249
12.30,-89.64,-249
12.32,-89.64,-249
12.34,-89.64,-249
12.36,-89.64,-249
12.38,-89.64,-249
12.40,-89.64,-249
12.42,-89.64,-249
12.44,-89.64,-249
12.46,-89.64,-249
12.48,-89.64,-249
12.50,-89.64,-249
12.52,-89.64,-249
12.54,-89.64,-249
12.56,-89.64,-249
12.58,-89.64,-249
12.60,-89.64,-249
12.62,-89.64,-249
12.64,-89.64,-249
12.66,-89.64,-249
12.68,-89.64,-249
12.70,-89.64,-249
12.72,-89.64,-249
12.74,-89.64,-249
12.76,-90.00,-250
12.78,-90.00,-250
12.80,-90.00,-250
12.82,-90.00,-250
12.84,-90.00,-250
12.86,-90.00,-250
12.88,-90.00,-250
12.90,-90.00,-250
12.92,-90.00,-250
12.94,-90.00,-250
12.96,-90.00,-250
12.98,-90.00,-250
13.00,-90.00,-250
13.02,-90.00,-250
13.04,-90.00,-250
13.06,-90.00,-250
13.08,-90.00,-250
13.10,-90.00,-250
13.12,-90.00,-250
13.14,-90.00,-250
13.16,-90.00,-250
13.18,-90.00,-250
13.20,-90.00,-250
13.22,-90.00,-250
13.24,-90.00,-250
13.26,-90.00,-250
13.28,-90.00,-250
13.30,-90.00,-250
13.32,-90.00,-250
13.34,-90.00,-250
13.36,-90.00,-250
13.38,-90.00,-250
13.40,-90.00,-250
13.42,-90.00,-250
13.44,-90.00,-250
13.46,-90.00,-250
13.48,-90.00,-250
13.50,-90.00,-250
13.52,-90.00,-250
13.54,-90.00,-250
13.56,-90.00,-250
13.58,-90.36,-251
13.60,-90.36,-251
13.62,-90.36,-251
13.64,-90.36,-251
13.66,-90.36,-251
13.68,-90.36,-251
13.70,-90.00,-250
13.72,-89.64,-249
13.74,-88.56,-246
13.76,-87.12,-242
13.78,-84.96,-236
13.80,-82.44,-229
13.82,-79.20,-220
13.84,-75.60,-210
13.86,-71.64,-199
13.88,-66.96,-186
13.90,-61.92,-172
13.92,-56.16,-156
13.94,-50.40,-140
13.96,-43.92,-122
13.98,-37.08,-103
14.00,-30.24,-84
14.02,-23.04,-64
14.04,-15.48,-43
14.06,-7.92,-22
14.08,-0.36,-1
14.10,7.20,20
14.12,14.76,41
14.14,22.32,62
14.16,29.52,82
14.18,36.36,101
14.20,42.84,119
14.22,49.32,137
14.24,55.08,153
14.26,60.48,168
14.28,65.52,182
14.30,69.84,194
14.32,73.80,205
14.34,77.40,215
14.36,80.28,223
14.38,82.80,230
14.40,84.60,235
14.42,86.04,239
14.44,86.76,241
14.46,87.12,242
14.48,87.12,242
14.50,86.40,240
14.52,84.96,236
14.54,83.16,231
14.56,81.00,225
14.58,78.48,218
14.60,75.24,209
14.62,71.28,198
14.64,66.96,186
14.66,62.28,173
14.68,57.24,159
14.70,51.48,143
14.72,45.36,126
14.74,39.24,109
14.76,32.40,90
14.78,25.56,71
14.80,18.36,51
14.82,10.80,30
14.84,3.60,10
14.86,-3.96,-11
14.88,-11.52,-32
14.90,-18.72,-52
14.92,-25.92,-72
14.94,-32.76,-91
14.96,-39.60,-110
14.98,-45.72,-127
15.00,-51.84,-144
15.02,-57.24,-159
15.04,-62.28,-173
15.06,-66.96,-186
15.08,-71.28,-198
15.10,-74.88,-208
15.12,-77.76,-216
15.14,-80.64,-224
15.16,-82.80,-230
15.18,-84.24,-234
15.20,-85.32,-237
15.22,-86.04,-239
15.24,-86.04,-239
15.26,-85.68,-238
15.28,-84.60,-235
15.30,-83.16,-231
15.32,-81.00,-225
15.34,-78.48,-218
15.36,-75.60,-210
15.38,-72.00,-200
15.40,-67.68,-188
15.42,-63.36,-176
15.44,-58.32,-162
15.46,-52.92,-147
15.48,-47.16,-131
15.50,-40.68,-113
15.52,-34.20,-95
15.54,-27.36,-76
15.56,-20.52,-57
15.58,-13.32,-37
15.60,-5.76,-16
15.62,1.44,4
15.64,8.64,24
15.66,15.84,44
15.68,23.04,64
15.70,29.88,83
15.72,36.36,101
15.74,42.84,119
15.76,48.60,135
15.78,54.00,150
15.80,59.04,164
15.82,63.72,177
15.84,68.04,189
15.86,71.64,199
15.88,74.52,207
15.90,77.40,215
15.92,79.56,221
15.94,81.00,225
15.96,82.08,228
15.98,82.80,230
16.00,82.44,229
16.02,82.08,228
16.04,81.36,226
16.06,79.56,221
16.08,77.76,216
16.10,75.24,209
16.12,72.00,200
16.14,68.76,191
16.16,64.80,180
16.18,60.12,167
16.20,55.08,153
16.22,50.04,139
16.24,44.28,123
16.26,38.16,106
16.28,31.68,88
16.30,24.84,69
16.32,18.00,50
16.34,11.16,31
16.36,3.96,11
16.38,-3.24,-9
16.40,-10.44,-29
16.42,-17.64,-49
16.44,-24.48,-68
16.46,-31.32,-87
16.48,-37.44,-104
16.50,-43.56,-121
16.52,-49.32,-137
16.54,-54.72,-152
16.56,-59.76,-166
16.58,-64.44,-179
16.60,-68.40,-190
16.62,-72.00,-200
16.64,-74.88,-208
16.66,-77.40,-215
16.68,-79.56,-221
16.70,-81.00,-225
16.72,-82.08,-228
16.74,-82.44,-229
16.76,-82.08,-228
16.78,-81.72,-227
16.80,-80.64,-224
16.82,-79.20,-220
16.84,-77.04,-214
16.86,-74.16,-206
16.88,-71.28,-198
16.90,-67.68,-188
16.92,-63.72,-177
16.94,-59.04,-164
16.96,-54.00,-150
16.98,-48.60,-135
17.00,-42.84,-119
17.02,-36.72,-102
17.04,-30.60,-85
17.06,-23.76,-66
17.08,-16.92,-47
17.10,-10.08,-28
17.12,-2.88,-8
17.14,4.32,12
17.16,11.16,31
17.18,18.00,50
17.20,24.84,69
17.22,31.32,87
17.24,37.44,104
17.26,43.56,121
17.28,48.96,136
17.30,54.00,150
17.32,58.68,163
17.34,63.00,175
17.36,66.60,185
17.38,70.20,195
17.40,72.72,202
17.42,74.88,208
17.44,76.68,213
17.46,78.12,217
17.48,78.84,219
17.50,79.20,220
17.52,79.20,220
17.54,78.12,217
17.56,77.04,214
17.58,75.24,209
17.60,72.72,202
17.62,70.20,195
17.64,66.60,185
17.66,63.00,175
17.68,58.68,163
17.70,54.00,150
17.72,48.96,136
17.74,43.56,121
17.76,37.80,105
17.78,31.32,87
17.80,25.20,70
17.82,18.36,51
17.84,11.52,32
17.86,4.68,13
17.88,-2.16,-6
17.90,-9.00,-25
17.92,-15.84,-44
17.94,-22.68,-63
17.96,-29.16,-81
17.98,-35.28,-98
18.00,-41.04,-114
18.02,-46.80,-130
18.04,-52.20,-145
18.06,-56.88,-158
18.08,-61.20,-170
18.10,-65.16,-181
18.12,-68.40,-190
18.14,-71.28,-198
18.16,-73.80,-205
18.18,-75.96,-211
18.20,-77.40,-215
18.22,-78.12,-217
18.24,-78.48,-218
18.26,-78.48,-218
18.28,-77.76,-216
18.30,-76.68,-213
18.32,-74.88,-208
18.34,-72.72,-202
18.36,-70.20,-195
18.38,-67.32,-187
18.40,-63.72,-177
18.42,-59.40,-165
18.44,-55.08,-153
18.46,-50.04,-139
18.48,-44.64,-124
18.50,-39.24,-109
18.52,-33.12,-92
18.54,-27.00,-75
18.56,-20.52,-57
18.58,-13.68,-38
18.60,-6.84,-19
18.62,0.00,0
18.64,6.84,19
18.66,13.32,37
18.68,20.16,56
18.70,26.64,74
18.72,32.76,91
18.74,38.52,107
18.76,44.28,123
18.78,49.32,137
18.80,54.00,150
18.82,58.32,162
18.84,62.28,173
18.86,65.88,183
18.88,68.76,191
18.90,71.28,198
18.92,73.08,203
18.94,74.52,207
18.96,75.60,210
18.98,75.96,211
19.00,76.32,212
19.02,75.60,210
19.04,74.52,207
19.06,73.08,203
19.08,70.92,197
19.10,68.40,190
19.12,65.52,182
19.14,61.92,172
19.16,57.96,161
19.18,53.64,149
19.20,48.60,135
19.22,43.56,121
19.24,38.16,106
19.26,32.04,89
19.28,25.92,72
19.30,19.44,54
19.32,12.96,36
19.34,6.48,18
19.36,0.00,0
19.38,-6.84,-19
19.40,-13.32,-37
19.42,-19.80,-55
19.44,-26.28,-73
19.46,-32.40,-90
19.48,-38.16,-106
19.50,-43.56,-121
19.52,-48.60,-135
19.54,-53.28,-148
19.56,-57.60,-160
19.58,-61.56,-171
19.60,-64.80,-180
19.62,-68.04,-189
19.64,-70.20,-195
19.66,-72.36,-201
19.68,-73.80,-205
19.70,-74.52,-207
19.72,-74.88,-208
19.74,-74.88,-208
19.76,-74.16,-206
19.78,-73.08,-203
19.80,-71.64,-199
19.82,-69.48,-193
19.84,-66.96,-186
19.86,-63.72,-177
19.88,-60.48,-168
19.90,-56.52,-157
19.92,-51.84,-144
19.94,-47.16,-131
19.96,-42.12,-117
19.98,-36.36,-101
20.00,-30.60,-85
20.02,-24.48,-68
20.04,-18.36,-51
20.06,-11.88,-33
20.08,-5.40,-15
20.10,1.44,4
20.12,7.92,22
20.14,14.40,40
20.16,20.88,58
20.18,27.00,75
20.20,32.76,91
20.22,38.52,107
20.24,43.92,122
20.26,48.60,135
20.28,53.28,148
20.30,57.24,159
20.32,60.84,169
20.34,64.08,178
20.36,66.96,186
20.38,69.12,192
20.40,70.92,197
20.42,72.36,201
20.44,73.08,203
20.46,73.44,204
20.48,73.44,204
20.50,72.72,202
20.52,71.64,199
20.54,69.84,194
20.56,67.68,188
20.58,64.80,180
20.60,61.92,172
20.62,58.32,162
20.64,54.00,150
20.66,49.68,138
20.68,45.00,125
20.70,39.60,110
20.72,34.20,95
20.74,28.44,79
20.76,22.32,62
20.78,16.20,45
20.80,9.72,27
20.82,3.24,9
20.84,-3.24,-9
20.86,-9.72,-27
20.88,-15.84,-44
20.90,-21.96,-61
20.92,-28.08,-78
20.94,-33.84,-94
20.96,-39.24,-109
20.98,-44.28,-123
21.00,-48.96,-136
21.02,-53.28,-148
21.04,-57.24,-159
21.06,-60.84,-169
21.08,-63.72,-177
21.10,-66.24,-184
21.12,-68.40,-190
21.14,-69.84,-194
21.16,-70.92,-197
21.18,-71.64,-199
21.20,-71.64,-199
21.22,-71.28,-198
21.24,-70.20,-195
21.26,-68.76,-191
21.28,-66.96,-186
21.30,-64.44,-179
21.32,-61.56,-171
21.34,-58.32,-162
21.36,-54.72,-152
21.38,-50.40,-140
21.40,-46.08,-128
21.42,-41.04,-114
21.44,-35.64,-99
21.46,-30.24,-84
21.48,-24.12,-67
21.50,-18.36,-51
21.52,-11.88,-33
21.54,-5.76,-16
21.56,0.72,2
21.58,7.20,20
21.60,13.32,37
21.62,19.44,54
21.64,25.56,71
21.66,31.32,87
21.68,36.72,102
21.70,41.76,116
21.72,46.80,130
21.74,51.12,142
21.76,55.08,153
21.78,58.68,163
21.80,61.92,172
21.82,64.80,180
21.84,66.96,186
21.86,68.76,191
21.88,69.84,194
21.90,70.56,196
21.92,70.92,197
21.94,70.56,196
21.96,69.84,194
21.98,68.76,191
22.00,66.96,186
22.02,64.80,180
22.04,62.28,173
22.06,59.04,164
22.08,55.44,154
22.10,51.48,143
22.12,47.16,131
22.14,42.48,118
22.16,37.44,104
22.18,32.04,89
22.20,26.28,73
22.22,20.52,57
22.24,14.40,40
22.26,8.28,23
22.28,2.16,6
22.30,-3.96,-11
22.32,-10.44,-29
22.34,-16.56,-46
22.36,-22.32,-62
22.38,-28.08,-78
22.40,-33.48,-93
22.42,-38.88,-108
22.44,-43.56,-121
22.46,-48.24,-134
22.48,-52.20,-145
22.50,-56.16,-156
22.52,-59.40,-165
22.54,-61.92,-172
22.56,-64.44,-179
22.58,-66.24,-184
22.60,-67.68,-188
22.62,-68.40,-190
22.64,-69.12,-192
22.66,-69.12,-192
22.68,-68.40,-190
22.70,-67.32,-187
22.72,-65.88,-183
22.74,-64.08,-178
22.76,-61.56,-171
22.78,-58.68,-163
22.80,-55.08,-153
22.82,-51.48,-143
22.84,-47.16,-131
22.86,-42.48,-118
22.88,-37.80,-105
22.90,-32.40,-90
22.92,-27.00,-75
22.94,-21.24,-59
22.96,-15.12,-42
22.98,-9.00,-25
23.00,-2.88,-8
23.02,3.24,9
23.04,9.36,26
23.06,15.48,43
23.08,21.24,59
23.10,27.00,75
23.12,32.40,90
23.14,37.44,104
23.16,42.48,118
23.18,46.80,130
23.20,50.76,141
23.22,54.72,152
23.24,57.96,161
23.26,60.84,169
23.28,63.00,175
23.30,65.16,181
23.32,66.60,185
23.34,67.32,187
23.36,67.68,188
23.38,68.04,189
23.40,67.68,188
23.42,66.60,185
23.44,65.16,181
23.46,63.00,175
23.48,60.84,169
23.50,57.96,161
23.52,54.72,152
23.54,50.76,141
23.56,46.80,130
23.58,42.48,118
23.60,37.44,104
23.62,32.40,90
23.64,27.00,75
23.66,21.24,59
23.68,15.48,43
23.70,9.72,27
23.72,3.60,10
23.74,-2.52,-7
23.76,-8.28,-23
23.78,-14.40,-40
23.80,-20.16,-56
23.82,-25.92,-72
23.84,-30.96,-86
23.86,-36.36,-101
23.88,-41.04,-114
23.90,-45.36,-126
23.92,-49.68,-138
23.94,-53.28,-148
23.96,-56.52,-157
23.98,-59.40,-165
24.00,-61.56,-171
24.02,-63.36,-176
24.04,-64.80,-180
24.06,-65.88,-183
24.08,-66.24,-184
24.10,-66.24,-184
24.12,-65.52,-182
24.14,-64.80,-180
24.16,-63.36,-176
24.18,-61.20,-170
24.20,-59.04,-164
24.22,-56.16,-156
24.24,-52.92,-147
24.26,-49.32,-137
24.28,-45.36,-126
24.30,-40.68,-113
24.32,-36.00,-100
24.34,-30.96,-86
24.36,-25.56,-71
24.38,-20.16,-56
24.40,-14.40,-40
24.42,-8.28,-23
24.44,-2.52,-7
24.46,3.60,10
24.48,9.36,26
24.50,15.12,42
24.52,20.88,58
24.54,26.28,73
24.56,31.68,88
24.58,36.72,102
24.60,41.40,115
24.62,45.72,127
24.64,49.68,138
24.66,53.28,148
24.68,56.16,156
24.70,59.04,164
24.72,61.20,170
24.74,63.00,175
24.76,64.44,179
24.78,65.16,181
24.80,65.88,183
24.82,65.88,183
24.84,65.16,181
24.86,64.44,179
24.88,62.64,174
24.90,60.84,169
24.92,58.32,162
24.94,55.44,154
24.96,52.20,145
24.98,48.60,135
25.00,44.64,124
25.02,40.32,112
25.04,35.28,98
25.06,30.24,84
25.08,25.20,70
25.10,19.44,54
25.12,14.04,39
25.14,8.28,23
25.16,2.52,7
25.18,-3.60,-10
25.20,-9.36,-26
25.22,-14.76,-41
25.24,-20.52,-57
25.26,-25.92,-72
25.28,-30.96,-86
25.30,-36.00,-100
25.32,-40.32,-112
25.34,-44.64,-124
25.36,-48.60,-135
25.38,-51.84,-144
25.40,-55.08,-153
25.42,-57.60,-160
25.44,-59.76,-166
25.46,-61.20,-170
25.48,-62.64,-174
25.50,-63.36,-176
25.52,-63.72,-177
25.54,-63.72,-177
25.56,-63.00,-175
25.58,-61.92,-172
25.60,-60.12,-167
25.62,-58.32,-162
25.64,-55.80,-155
25.66,-52.92,-147
25.68,-49.32,-137
25.70,-45.72,-127
25.72,-41.76,-116
25.74,-37.08,-103
25.76,-32.40,-90
25.78,-27.36,-76
25.80,-22.32,-62
25.82,-16.56,-46
25.84,-11.16,-31
25.86,-5.40,-15
25.88,0.36,1
25.90,6.12,17
25.92,11.88,33
25.94,17.28,48
25.96,23.04,64
25.98,28.08,78
26.00,33.12,92
26.02,37.80,105
26.04,42.12,117
26.06,46.08,128
26.08,49.68,138
26.10,52.92,147
26.12,55.80,155
26.14,58.32,162
26.16,60.12,167
26.18,61.56,171
26.20,62.64,174
26.22,63.36,176
26.24,63.36,176
26.26,63.00,175
26.28,61.92,172
26.30,60.84,169
26.32,59.04,164
26.34,56.88,158
26.36,54.36,151
26.38,51.12,142
26.40,47.88,133
26.42,43.92,122
26.44,39.96,111
26.46,35.28,98
26.48,30.60,85
26.50,25.56,71
26.52,20.16,56
26.54,14.76,41
26.56,9.36,26
26.58,3.60,10
26.60,-2.16,-6
26.62,-7.56,-21
26.64,-13.32,-37
26.66,-18.72,-52
26.68,-23.76,-66
26.70,-28.80,-80
26.72,-33.84,-94
26.74,-38.16,-106
26.76,-42.48,-118
26.78,-46.08,-128
26.80,-49.68,-138
26.82,-52.56,-146
26.84,-55.44,-154
26.86,-57.60,-160
26.88,-59.04,-164
26.90,-60.48,-168
26.92,-61.20,-170
26.94,-61.56,-171
26.96,-61.20,-170
26.98,-60.84,-169
27.00,-59.76,-166
27.02,-58.32,-162
27.04,-56.52,-157
27.06,-54.00,-150
27.08,-51.12,-142
27.10,-48.24,-134
27.12,-44.64,-124
27.14,-40.68,-113
27.16,-36.36,-101
27.18,-31.68,-88
27.20,-27.00,-75
27.22,-21.96,-61
27.24,-16.56,-46
27.26,-11.16,-31
27.28,-5.40,-15
27.30,0.00,0
27.32,5.40,15
27.34,11.16,31
27.36,16.56,46
27.38,21.60,60
27.40,27.00,75
27.42,31.68,88
27.44,36.36,101
27.46,40.32,112
27.48,44.28,123
27.50,47.88,133
27.52,51.12,142
27.54,53.64,149
27.56,56.16,156
27.58,57.96,161
27.60,59.40,165
27.62,60.48,168
27.64,61.20,170
27.66,61.20,170
27.68,60.84,169
27.70,60.12,167
27.72,59.04,164
27.74,57.24,159
27.76,55.08,153
27.78,52.56,146
27.80,49.68,138
27.82,46.08,128
27.84,42.48,118
27.86,38.52,107
27.88,33.84,94
27.90,29.16,81
27.92,24.48,68
27.94,19.44,54
27.96,14.04,39
27.98,8.64,24
28.00,3.24,9
28.02,-2.16,-6
28.04,-7.56,-21
28.06,-12.96,-36
28.08,-18.36,-51
28.10,-23.40,-65
28.12,-28.08,-78
28.14,-32.76,-91
28.16,-37.08,-103
28.18,-41.04,-114
28.20,-44.64,-124
28.22,-47.88,-133
28.24,-50.76,-141
28.26,-53.28,-148
28.28,-55.44,-154
28.30,-56.88,-158
28.32,-58.32,-162
28.34,-59.04,-164
28.36,-59.04,-164
28.38,-58.68,-163
28.40,-57.96,-161
28.42,-56.88,-158
28.44,-55.44,-154
28.46,-53.64,-149
28.48,-51.12,-142
28.50,-48.24,-134
28.52,-45.00,-125
28.54,-41.40,-115
28.56,-37.80,-105
28.58,-33.48,-93
28.60,-28.80,-80
28.62,-24.12,-67
28.64,-19.08,-53
28.66,-14.04,-39
28.68,-8.64,-24
28.70,-3.24,-9
28.72,2.16,6
28.74,7.56,21
28.76,12.96,36
28.78,18.00,50
28.80,23.04,64
28.82,27.72,77
28.84,32.40,90
28.86,36.72,102
28.88,40.68,113
28.90,44.64,124
28.92,47.88,133
28.94,50.76,141
28.96,53.28,148
28.98,55.44,154
29.00,56.88,158
29.02,58.32,162
29.04,59.04,164
29.06,59.40,165
29.08,59.04,164
29.10,58.68,163
29.12,57.60,160
29.14,56.16,156
29.16,54.36,151
29.18,52.20,145
29.20,49.32,137
29.22,46.44,129
29.24,42.84,119
29.26,39.24,109
29.28,35.28,98
29.30,30.60,85
29.32,26.28,73
29.34,21.24,59
29.36,16.20,45
29.38,11.16,31
29.40,5.76,16
29.42,0.36,1
29.44,-4.68,-13
29.46,-10.08,-28
29.48,-15.12,-42
29.50,-20.16,-56
29.52,-25.20,-70
29.54,-29.52,-82
29.56,-33.84,-94
29.58,-37.80,-105
29.60,-41.76,-116
29.62,-45.00,-125
29.64,-47.88,-133
29.66,-50.40,-140
29.68,-52.56,-146
29.70,-54.36,-151
29.72,-55.80,-155
29.74,-56.52,-157
29.76,-56.88,-158
29.78,-57.24,-159
29.80,-56.88,-158
29.82,-55.80,-155
29.84,-54.72,-152
29.86,-52.92,-147
29.88,-50.76,-141
29.90,-48.24,-134
29.92,-45.00,-125
29.94,-41.76,-116
29.96,-38.16,-106
29.98,-34.20,-95
30.00,-29.88,-83
30.02,-25.20,-70
30.04,-20.52,-57
30.06,-15.48,-43
30.08,-10.44,-29
30.10,-5.40,-15
30.12,0.00,0
30.14,5.04,14
30.16,10.44,29
30.18,15.48,43
30.20,20.52,57
30.22,25.20,70
30.24,29.52,82
30.26,33.84,94
30.28,37.80,105
30.30,41.76,116
30.32,45.00,125
30.34,47.88,133
30.36,50.40,140
30.38,52.56,146
30.40,54.36,151
30.42,55.80,155
30.44,56.52,157
30.46,56.88,158
30.48,57.24,159
30.50,56.88,158
30.52,55.80,155
30.54,54.72,152
30.56,52.92,147
30.58,50.76,141
30.60,48.24,134
30.62,45.36,126
30.64,42.12,117
30.66,38.52,107
30.68,34.92,97
30.70,30.60,85
30.72,25.92,72
30.74,21.24,59
30.76,16.56,46
30.78,11.52,32
30.80,6.48,18
30.82,1.44,4
30.84,-3.96,-11
30.86,-9.00,-25
30.88,-14.04,-39
30.90,-18.72,-52
30.92,-23.40,-65
30.94,-28.08,-78
30.96,-32.04,-89
30.98,-36.00,-100
31.00,-39.60,-110
31.02,-43.20,-120
31.04,-46.08,-128
31.06,-48.60,-135
31.08,-50.76,-141
31.10,-52.56,-146
31.12,-53.64,-149
31.14,-54.72,-152
31.16,-55.08,-153
31.18,-55.08,-153
31.20,-54.72,-152
31.22,-53.64,-149
31.24,-52.56,-146
31.26,-50.76,-141
31.28,-48.60,-135
31.30,-46.08,-128
31.32,-43.56,-121
31.34,-40.32,-112
31.36,-36.72,-102
31.38,-32.76,-91
31.40,-28.44,-79
31.42,-24.12,-67
31.44,-19.44,-54
31.46,-14.76,-41
31.48,-9.72,-27
31.50,-4.68,-13
31.52,0.36,1
31.54,5.40,15
31.56,10.44,29
31.58,15.12,42
31.60,20.16,56
31.62,24.84,69
31.64,29.16,81
31.66,33.12,92
31.68,37.08,103
31.70,40.68,113
31.72,43.92,122
31.74,46.80,130
31.76,49.32,137
31.78,51.12,142
31.80,52.92,147
31.82,54.36,151
31.84,55.08,153
31.86,55.44,154
31.88,55.44,154
31.90,55.08,153
31.92,54.00,150
31.94,52.92,147
31.96,51.12,142
31.98,48.96,136
32.00,46.44,129
32.02,43.56,121
32.04,40.68,113
32.06,37.08,103
32.08,33.12,92
32.10,29.16,81
32.12,24.84,69
32.14,20.16,56
32.16,15.48,43
32.18,10.44,29
32.20,5.40,15
32.22,0.72,2
32.24,-4.32,-12
32.26,-9.36,-26
32.28,-14.04,-39
32.30,-18.72,-52
32.32,-23.40,-65
32.34,-27.72,-77
32.36,-31.68,-88
32.38,-35.64,-99
32.40,-38.88,-108
32.42,-42.12,-117
32.44,-45.00,-125
32.46,-47.16,-131
32.48,-49.32,-137
32.50,-51.12,-142
32.52,-52.20,-145
32.54,-52.92,-147
32.56,-53.28,-148
32.58,-52.92,-147
32.60,-52.56,-146
32.62,-51.84,-144
32.64,-50.40,-140
32.66,-48.60,-135
32.68,-46.44,-129
32.70,-43.92,-122
32.72,-41.04,-114
32.74,-38.16,-106
32.76,-34.56,-96
32.78,-30.60,-85
32.80,-26.64,-74
32.82,-22.32,-62
32.84,-17.64,-49
32.86,-12.96,-36
32.88,-8.28,-23
32.90,-3.24,-9
32.92,1.80,5
32.94,6.48,18
32.96,11.52,32
32.98,16.20,45
33.00,20.88,58
33.02,25.20,70
33.04,29.52,82
33.06,33.48,93
33.08,37.08,103
33.10,40.32,112
33.12,43.20,120
33.14,46.08,128
33.16,48.24,134
33.18,50.04,139
33.20,51.84,144
33.22,52.92,147
33.24,53.64,149
33.26,53.64,149
33.28,53.28,148
33.30,52.92,147
33.32,51.84,144
33.34,50.40,140
33.36,48.60,135
33.38,46.44,129
33.40,43.92,122
33.42,41.04,114
33.44,37.80,105
33.46,34.56,96
33.48,30.60,85
33.50,26.64,74
33.52,22.32,62
33.54,17.64,49
33.56,12.96,36
33.58,8.28,23
33.60,3.60,10
33.62,-1.44,-4
33.64,-6.12,-17
33.66,-10.80,-30
33.68,-15.48,-43
33.70,-20.16,-56
33.72,-24.48,-68
33.74,-28.44,-79
33.76,-32.40,-90
33.78,-36.00,-100
33.80,-39.24,-109
33.82,-42.12,-117
33.84,-44.64,-124
33.86,-46.80,-130
33.88,-48.60,-135
33.90,-50.04,-139
33.92,-50.76,-141
33.94,-51.48,-143
33.96,-51.48,-143
33.98,-51.12,-142
34.00,-50.40,-140
34.02,-49.32,-137
34.04,-47.88,-133
34.06,-46.08,-128
34.08,-43.92,-122
34.10,-41.40,-115
34.12,-38.16,-106
34.14,-34.92,-97
34.16,-31.32,-87
34.18,-27.72,-77
34.20,-23.40,-65
34.22,-19.08,-53
34.24,-14.76,-41
34.26,-10.08,-28
34.28,-5.40,-15
34.30,-0.72,-2
34.32,4.32,12
34.34,9.00,25
34.36,13.68,38
34.38,18.00,50
34.40,22.32,62
34.42,26.64,74
34.44,30.60,85
34.46,34.20,95
34.48,37.80,105
34.50,40.68,113
34.52,43.56,121
34.54,45.72,127
34.56,47.88,133
34.58,49.68,138
34.60,50.76,141
34.62,51.48,143
34.64,51.84,144
34.66,52.20,145
34.68,51.84,144
34.70,51.12,142
34.72,49.68,138
34.74,48.24,134
34.76,46.44,129
34.78,43.92,122
34.80,41.40,115
34.82,38.16,106
34.84,34.92,97
34.86,31.32,87
34.88,27.36,76
34.90,23.40,65
34.92,19.08,53
34.94,14.40,40
34.96,10.08,28
34.98,5.40,15
35.00,0.72,2
35.02,-3.96,-11
35.04,-8.64,-24
35.06,-13.32,-37
35.08,-17.64,-49
35.10,-21.96,-61
35.12,-25.92,-72
35.14,-29.88,-83
35.16,-33.12,-92
35.18,-36.36,-101
35.20,-39.60,-110
35.22,-42.12,-117
35.24,-44.28,-123
35.26,-46.08,-128
35.28,-47.52,-132
35.30,-48.60,-135
35.32,-49.32,-137
35.34,-49.68,-138
35.36,-49.68,-138
35.38,-48.96,-136
35.40,-48.24,-134
35.42,-46.80,-130
35.44,-45.00,-125
35.46,-42.84,-119
35.48,-40.68,-113
35.50,-37.80,-105
35.52,-34.56,-96
35.54,-31.32,-87
35.56,-27.72,-77
35.58,-23.76,-66
35.60,-19.44,-54
35.62,-15.12,-42
35.64,-10.80,-30
35.66,-6.12,-17
35.68,-1.44,-4
35.70,3.24,9
35.72,7.56,21
35.74,12.24,34
35.76,16.56,46
35.78,20.88,58
35.80,25.20,70
35.82,28.80,80
35.84,32.40,90
35.86,36.00,100
35.88,38.88,108
35.90,41.76,116
35.92,43.92,122
35.94,46.08,128
35.96,47.88,133
35.98,48.96,136
36.00,49.68,138
36.02,50.40,140
36.04,50.40,140
36.06,50.04,139
36.08,49.32,137
36.10,48.24,134
36.12,46.80,130
36.14,44.64,124
36.16,42.48,118
36.18,39.96,111
36.20,37.08,103
36.22,33.84,94
36.24,30.24,84
36.26,26.64,74
36.28,22.68,63
36.30,18.36,51
36.32,14.04,39
36.34,9.72,27
36.36,5.40,15
36.38,0.72,2
36.40,-3.96,-11
36.42,-8.28,-23
36.44,-12.60,-35
36.46,-16.92,-47
36.48,-21.24,-59
36.50,-25.20,-70
36.52,-28.80,-80
36.54,-32.40,-90
36.56,-35.28,-98
36.58,-38.16,-106
36.60,-40.68,-113
36.62,-42.84,-119
36.64,-45.00,-125
36.66,-46.44,-129
36.68,-47.16,-131
36.70,-47.88,-133
36.72,-48.24,-134
36.74,-47.88,-133
36.76,-47.52,-132
36.78,-46.44,-129
36.80,-45.36,-126
36.82,-43.56,-121
36.84,-41.76,-116
36.86,-39.24,-109
36.88,-36.72,-102
36.90,-33.48,-93
36.92,-30.24,-84
36.94,-26.64,-74
36.96,-22.68,-63
36.98,-18.72,-52
37.00,-14.76,-41
37.02,-10.44,-29
37.04,-5.76,-16
37.06,-1.44,-4
37.08,3.24,9
37.10,7.56,21
37.12,11.88,33
37.14,16.20,45
37.16,20.52,57
37.18,24.48,68
37.20,28.08,78
37.22,31.68,88
37.24,34.92,97
37.26,37.80,105
37.28,40.32,112
37.30,42.84,119
37.32,44.64,124
37.34,46.44,129
37.36,47.52,132
37.38,48.24,134
37.40,48.96,136
37.42,48.96,136
37.44,48.60,135
37.46,47.88,133
37.48,46.80,130
37.50,45.36,126
37.52,43.56,121
37.54,41.40,115
37.56,38.88,108
37.58,36.00,100
37.60,32.76,91
37.62,29.52,82
37.64,25.92,72
37.66,21.96,61
37.68,18.00,50
37.70,13.68,38
37.72,9.36,26
37.74,5.04,14
37.76,0.36,1
37.78,-3.96,-11
37.80,-8.28,-23
37.82,-12.60,-35
37.84,-16.56,-46
37.86,-20.52,-57
37.88,-24.48,-68
37.90,-28.08,-78
37.92,-31.32,-87
37.94,-34.20,-95
37.96,-37.08,-103
37.98,-39.60,-110
38.00,-41.40,-115
38.02,-43.20,-120
38.04,-44.64,-124
38.06,-45.72,-127
38.08,-46.08,-128
38.10,-46.44,-129
38.12,-46.44,-129
38.14,-45.72,-127
38.16,-45.00,-125
38.18,-43.56,-121
38.20,-41.76,-116
38.22,-39.96,-111
38.24,-37.44,-104
38.26,-34.92,-97
38.28,-32.04,-89
38.30,-28.44,-79
38.32,-25.20,-70
38.34,-21.24,-59
38.36,-17.28,-48
38.38,-13.32,-37
38.40,-9.00,-25
38.42,-4.68,-13
38.44,-0.36,-1
38.46,3.96,11
38.48,8.28,23
38.50,12.60,35
38.52,16.56,46
38.54,20.52,57
38.56,24.48,68
38.58,28.08,78
38.60,31.32,87
38.62,34.56,96
38.64,37.44,104
38.66,39.96,111
38.68,42.12,117
38.70,43.92,122
38.72,45.36,126
38.74,46.44,129
38.76,47.16,131
38.78,47.52,132
38.80,47.52,132
38.82,47.16,131
38.84,46.08,128
38.86,45.00,125
38.88,43.56,121
38.90,41.76,116
38.92,39.60,110
38.94,37.08,103
38.96,34.20,95
38.98,30.96,86
39.00,27.36,76
39.02,23.76,66
39.04,20.16,56
39.06,16.20,45
39.08,11.88,33
39.10,7.92,22
39.12,3.60,10
39.14,-0.72,-2
39.16,-5.04,-14
39.18,-9.36,-26
39.20,-13.32,-37
39.22,-17.28,-48
39.24,-21.24,-59
39.26,-24.84,-69
39.28,-28.08,-78
39.30,-31.32,-87
39.32,-34.20,-95
39.34,-36.72,-102
39.36,-38.88,-108
39.38,-41.04,-114
39.40,-42.48,-118
39.42,-43.56,-121
39.44,-44.28,-123
39.46,-45.00,-125
39.48,-45.00,-125
39.50,-45.00,-125
39.52,-44.28,-123
39.54,-43.20,-120
39.56,-41.76,-116
39.58,-39.96,-111
39.60,-37.80,-105
39.62,-35.28,-98
39.64,-32.76,-91
39.66,-29.52,-82
39.68,-26.28,-73
39.70,-23.04,-64
39.72,-19.08,-53
39.74,-15.12,-42
39.76,-11.16,-31
39.78,-7.20,-20
39.80,-2.88,-8
39.82,1.44,4
39.84,5.40,15
39.86,9.72,27
39.88,13.68,38
39.90,17.64,49
39.92,21.60,60
39.94,25.20,70
39.96,28.80,80
39.98,31.68,88
40.00,34.56,96
40.02,37.44,104
40.04,39.60,110
40.06,41.40,115
40.08,43.20,120
40.10,44.28,123
40.12,45.36,126
40.14,45.72,127
40.16,46.08,128
40.18,46.08,128
40.20,45.36,126
40.22,44.28,123
40.24,43.20,120
40.26,41.40,115
40.28,39.60,110
40.30,37.08,103
40.32,34.56,96
40.34,31.68,88
40.36,28.44,79
40.38,25.20,70
40.40,21.60,60
40.42,17.64,49
40.44,13.68,38
40.46,9.72,27
40.48,5.40,15
40.50,1.44,4
40.52,-2.88,-8
40.54,-6.84,-19
40.56,-11.16,-31
40.58,-14.76,-41
40.60,-18.72,-52
40.62,-22.32,-62
40.64,-25.92,-72
40.66,-28.80,-80
40.68,-31.68,-88
40.70,-34.56,-96
40.72,-36.72,-102
40.74,-38.88,-108
40.76,-40.32,-112
40.78,-41.76,-116
40.80,-42.84,-119
40.82,-43.20,-120
40.84,-43.56,-121
40.86,-43.56,-121
40.88,-43.20,-120
40.90,-42.12,-117
40.92,-41.04,-114
40.94,-39.60,-110
40.96,-37.44,-104
40.98,-35.28,-98
41.00,-32.76,-91
41.02,-29.88,-83
41.04,-27.00,-75
41.06,-23.76,-66
41.08,-20.16,-56
41.10,-16.56,-46
41.12,-12.60,-35
41.14,-8.64,-24
41.16,-4.68,-13
41.18,-0.36,-1
41.20,3.60,10
41.22,7.92,22
41.24,11.88,33
41.26,15.84,44
41.28,19.44,54
41.30,23.04,64
41.32,26.64,74
41.34,29.52,82
41.36,32.40,90
41.38,35.28,98
41.40,37.44,104
41.42,39.60,110
41.44,41.40,115
41.46,42.48,118
41.48,43.56,121
41.50,44.28,123
41.52,44.64,124
41.54,44.64,124
41.56,44.28,123
41.58,43.56,121
41.60,42.12,117
41.62,40.68,113
41.64,38.88,108
41.66,36.72,102
41.68,34.56,96
41.70,31.68,88
41.72,28.80,80
41.74,25.56,71
41.76,21.96,61
41.78,18.36,51
41.80,14.76,41
41.82,10.80,30
41.84,6.84,19
41.86,2.88,8
41.88,-1.44,-4
41.90,-5.40,-15
41.92,-9.36,-26
41.94,-13.32,-37
41.96,-16.92,-47
41.98,-20.52,-57
42.00,-23.76,-66
42.02,-27.00,-75
42.04,-29.88,-83
42.06,-32.76,-91
42.08,-34.92,-97
42.10,-37.08,-103
42.12,-38.88,-108
42.14,-39.96,-111
42.16,-41.04,-114
42.18,-41.76,-116
42.20,-42.12,-117
42.22,-42.12,-117
42.24,-41.40,-115
42.26,-40.68,-113
42.28,-39.60,-110
42.30,-38.52,-107
42.32,-36.72,-102
42.34,-34.56,-96
42.36,-32.04,-89
42.38,-29.52,-82
42.40,-26.64,-74
42.42,-23.40,-65
42.44,-20.16,-56
42.46,-16.56,-46
42.48,-12.60,-35
42.50,-9.00,-25
42.52,-5.04,-14
42.54,-1.08,-3
42.56,2.88,8
42.58,6.84,19
42.60,10.80,30
42.62,14.76,41
42.64,18.36,51
42.66,21.96,61
42.68,25.20,70
42.70,28.44,79
42.72,31.32,87
42.74,33.84,94
42.76,36.36,101
42.78,38.16,106
42.80,39.96,111
42.82,41.40,115
42.84,42.48,118
42.86,43.20,120
42.88,43.56,121
42.90,43.20,120
42.92,43.20,120
42.94,42.48,118
42.96,41.40,115
42.98,39.96,111
43.00,38.16,106
43.02,36.36,101
43.04,33.84,94
43.06,31.32,87
43.08,28.44,79
43.10,25.20,70
43.12,21.96,61
43.14,18.36,51
43.16,14.76,41
43.18,11.16,31
43.20,7.20,20
43.22,3.24,9
43.24,-0.72,-2
43.26,-4.32,-12
43.28,-8.28,-23
43.30,-12.24,-34
43.32,-15.84,-44
43.34,-19.44,-54
43.36,-22.68,-63
43.38,-25.56,-71
43.40,-28.44,-79
43.42,-31.32,-87
43.44,-33.48,-93
43.46,-35.64,-99
43.48,-37.44,-104
43.50,-38.52,-107
43.52,-39.60,-110
43.54,-40.32,-112
43.56,-40.68,-113
43.58,-41.04,-114
43.60,-40.68,-113
43.62,-39.96,-111
43.64,-38.88,-108
43.66,-37.80,-105
43.68,-36.00,-100
43.70,-34.20,-95
43.72,-31.68,-88
43.74,-29.16,-81
43.76,-26.28,-73
43.78,-23.40,-65
43.80,-20.16,-56
43.82,-16.56,-46
43.84,-12.96,-36
43.86,-9.36,-26
43.88,-5.76,-16
43.90,-1.80,-5
43.92,2.16,6
43.94,6.12,17
43.96,9.72,27
43.98,13.68,38
44.00,17.28,48
44.02,20.52,57
44.04,23.76,66
44.06,27.00,75
44.08,29.88,83
44.10,32.40,90
44.12,34.56,96
44.14,36.72,102
44.16,38.52,107
44.18,39.60,110
44.20,40.68,113
44.22,41.40,115
44.24,41.76,116
44.26,42.12,117
44.28,41.76,116
44.30,41.04,114
44.32,40.32,112
44.34,38.88,108
44.36,37.08,103
44.38,35.28,98
44.40,33.12,92
44.42,30.60,85
44.44,27.72,77
44.46,24.84,69
44.48,21.60,60
44.50,18.00,50
44.52,14.76,41
44.54,10.80,30
44.56,7.20,20
44.58,3.24,9
44.60,-0.36,-1
44.62,-4.32,-12
44.64,-7.92,-22
44.66,-11.52,-32
44.68,-15.12,-42
44.70,-18.72,-52
44.72,-21.96,-61
44.74,-24.84,-69
44.76,-27.72,-77
44.78,-30.24,-84
44.80,-32.40,-90
44.82,-34.56,-96
44.84,-36.00,-100
44.86,-37.44,-104
44.88,-38.52,-107
44.90,-39.24,-109
44.92,-39.60,-110
44.94,-39.60,-110
44.96,-39.24,-109
44.98,-38.52,-107
45.00,-37.44,-104
45.02,-36.00,-100
45.04,-34.56,-96
45.06,-32.76,-91
45.08,-30.24,-84
45.10,-28.08,-78
45.12,-25.20,-70
45.14,-22.32,-62
45.16,-19.08,-53
45.18,-15.84,-44
45.20,-12.24,-34
45.22,-8.64,-24
45.24,-5.04,-14
45.26,-1.08,-3
45.28,2.52,7
45.30,6.48,18
45.32,10.08,28
45.34,13.68,38
45.36,17.28,48
45.38,20.52,57
45.40,23.76,66
45.42,26.64,74
45.44,29.52,82
45.46,32.04,89
45.48,34.20,95
45.50,36.00,100
45.52,37.80,105
45.54,38.88,108
45.56,39.96,111
45.58,40.68,113
45.60,41.04,114
45.62,40.68,113
45.64,40.68,113
45.66,39.96,111
45.68,38.88,108
45.70,37.44,104
45.72,36.00,100
45.74,34.20,95
45.76,31.68,88
45.78,29.52,82
45.80,26.64,74
45.82,23.76,66
45.84,20.52,57
45.86,17.28,48
45.88,13.68,38
45.90,10.44,29
45.92,6.48,18
45.94,2.88,8
45.96,-0.72,-2
45.98,-4.32,-12
46.00,-7.92,-22
46.02,-11.52,-32
46.04,-15.12,-42
46.06,-18.36,-51
46.08,-21.60,-60
46.10,-24.48,-68
46.12,-27.00,-75
46.14,-29.52,-82
46.16,-31.68,-88
46.18,-33.48,-93
46.20,-35.28,-98
46.22,-36.36,-101
46.24,-37.44,-104
46.26,-38.16,-106
46.28,-38.52,-107
46.30,-38.52,-107
46.32,-38.16,-106
46.34,-37.44,-104
46.36,-36.36,-101
46.38,-35.28,-98
46.40,-33.48,-93
46.42,-31.68,-88
46.44,-29.52,-82
46.46,-27.00,-75
46.48,-24.48,-68
46.50,-21.24,-59
46.52,-18.36,-51
46.54,-15.12,-42
46.56,-11.52,-32
46.58,-7.92,-22
46.60,-4.32,-12
46.62,-0.72,-2
46.64,2.88,8
46.66,6.48,18
46.68,10.08,28
46.70,13.68,38
46.72,16.92,47
46.74,20.16,56
46.76,23.04,64
46.78,25.92,72
46.80,28.80,80
46.82,30.96,86
46.84,33.12,92
46.86,34.92,97
46.88,36.36,101
46.90,37.80,105
46.92,38.52,107
46.94,39.24,109
46.96,39.60,110
46.98,39.60,110
47.00,39.24,109
47.02,38.52,107
47.04,37.44,104
47.06,36.36,101
47.08,34.56,96
47.10,32.76,91
47.12,30.60,85
47.14,28.08,78
47.16,25.20,70
47.18,22.32,62
47.20,19.44,54
47.22,16.20,45
47.24,12.60,35
47.26,9.36,26
47.28,5.76,16
47.30,2.16,6
47.32,-1.44,-4
47.34,-5.04,-14
47.36,-8.64,-24
47.38,-12.24,-34
47.40,-15.48,-43
47.42,-18.72,-52
47.44,-21.60,-60
47.46,-24.48,-68
47.48,-27.00,-75
47.50,-29.16,-81
47.52,-31.32,-87
47.54,-33.12,-92
47.56,-34.56,-96
47.58,-35.64,-99
47.60,-36.36,-101
47.62,-37.08,-103
47.64,-37.08,-103
47.66,-37.44,-104
47.68,-37.08,-103
47.70,-36.00,-100
47.72,-35.28,-98
47.74,-33.84,-94
47.76,-32.04,-89
47.78,-30.24,-84
47.80,-28.08,-78
47.82,-25.56,-71
47.84,-22.68,-63
47.86,-19.80,-55
47.88,-16.92,-47
47.90,-13.68,-38
47.92,-10.08,-28
47.94,-6.84,-19
47.96,-3.24,-9
47.98,0.36,1
48.00,3.96,11
48.02,7.20,20
48.04,10.80,30
48.06,14.04,39
48.08,17.28,48
48.10,20.52,57
48.12,23.40,65
48.14,25.92,72
48.16,28.44,79
48.18,30.96,86
48.20,32.76,91
48.22,34.56,96
48.24,36.00,100
48.26,37.08,103
48.28,37.80,105
48.30,38.16,106
48.32,38.52,107
48.34,38.52,107
48.36,37.80,105
48.38,37.08,103
48.40,36.00,100
48.42,34.56,96
48.44,33.12,92
48.46,30.96,86
48.48,28.80,80
48.50,26.28,73
48.52,23.76,66
48.54,20.88,58
48.56,17.64,49
48.58,14.40,40
48.60,11.16,31
48.62,7.92,22
48.64,4.32,12
48.66,0.72,2
48.68,-2.88,-8
48.70,-6.12,-17
48.72,-9.72,-27
48.74,-12.96,-36
48.76,-16.20,-45
48.78,-19.08,-53
48.80,-21.96,-61
48.82,-24.48,-68
48.84,-27.00,-75
48.86,-29.16,-81
48.88,-30.96,-86
48.90,-32.40,-90
48.92,-33.84,-94
48.94,-34.92,-97
48.96,-35.64,-99
48.98,-36.00,-100
49.00,-36.00,-100
49.02,-35.64,-99
49.04,-35.28,-98
49.06,-34.20,-95
49.08,-33.12,-92
49.10,-31.68,-88
49.12,-29.88,-83
49.14,-28.08,-78
49.16,-25.92,-72
49.18,-23.40,-65
49.20,-20.52,-57
49.22,-17.64,-49
49.24,-14.76,-41
49.26,-11.52,-32
49.28,-8.28,-23
49.30,-4.68,-13
49.32,-1.44,-4
49.34,2.16,6
49.36,5.40,15
49.38,9.00,25
49.40,12.24,34
49.42,15.48,43
49.44,18.36,51
49.46,21.60,60
49.48,24.12,67
49.50,26.64,74
49.52,29.16,81
49.54,30.96,86
49.56,32.76,91
49.58,34.56,96
49.60,35.64,99
49.62,36.72,102
49.64,37.44,104
49.66,37.44,104
49.68,37.80,105
49.70,37.44,104
49.72,37.08,103
49.74,36.00,100
49.76,34.92,97
49.78,33.48,93
49.80,31.68,88
49.82,29.52,82
49.84,27.36,76
49.86,24.84,69
49.88,21.96,61
49.90,19.08,53
49.92,16.20,45
49.94,12.96,36
49.96,9.72,27
49.98,6.48,18
50.00,2.88,8
50.02,-0.36,-1
50.04,-3.96,-11
50.06,-7.20,-20
50.08,-10.44,-29
50.10,-13.68,-38
50.12,-16.56,-46
50.14,-19.44,-54
50.16,-21.96,-61
50.18,-24.48,-68
50.20,-26.64,-74
50.22,-28.80,-80
50.24,-30.60,-85
50.26,-32.04,-89
50.28,-33.12,-92
50.30,-33.84,-94
50.32,-34.56,-96
50.34,-34.56,-96
50.36,-34.56,-96
50.38,-34.20,-95
50.40,-33.48,-93
50.42,-32.40,-90
50.44,-31.32,-87
50.46,-29.52,-82
50.48,-27.72,-77
50.50,-25.92,-72
50.52,-23.40,-65
50.54,-20.88,-58
50.56,-18.36,-51
50.58,-15.48,-43
50.60,-12.24,-34
50.62,-9.00,-25
50.64,-5.76,-16
50.66,-2.52,-7
50.68,0.72,2
50.70,3.96,11
50.72,7.56,21
50.74,10.80,30
50.76,14.04,39
50.78,16.92,47
50.80,19.80,55
50.82,22.68,63
50.84,25.20,70
50.86,27.72,77
50.88,29.88,83
50.90,31.68,88
50.92,33.12,92
50.94,34.56,96
50.96,35.64,99
50.98,36.36,101
51.00,36.72,102
51.02,37.08,103
51.04,37.08,103
51.06,36.72,102
51.08,35.64,99
51.10,34.92,97
51.12,33.48,93
51.14,32.04,89
51.16,29.88,83
51.18,28.08,78
51.20,25.56,71
51.22,23.04,64
51.24,20.16,56
51.26,17.28,48
51.28,14.40,40
51.30,11.16,31
51.32,7.92,22
51.34,4.68,13
51.36,1.44,4
51.38,-1.80,-5
51.40,-5.04,-14
51.42,-8.28,-23
51.44,-11.52,-32
51.46,-14.40,-40
51.48,-17.28,-48
51.50,-19.80,-55
51.52,-22.32,-62
51.54,-24.84,-69
51.56,-26.64,-74
51.58,-28.44,-79
51.60,-29.88,-83
51.62,-31.32,-87
51.64,-32.04,-89
51.66,-32.76,-91
51.68,-33.12,-92
51.70,-33.48,-93
51.72,-33.12,-92
51.74,-32.76,-91
51.76,-32.04,-89
51.78,-30.96,-86
51.80,-29.52,-82
51.82,-27.72,-77
51.84,-25.92,-72
51.86,-23.76,-66
51.88,-21.24,-59
51.90,-18.72,-52
51.92,-15.84,-44
51.94,-12.96,-36
51.96,-10.08,-28
51.98,-6.84,-19
52.00,-3.60,-10
52.02,-0.36,-1
52.04,2.88,8
52.06,6.12,17
52.08,9.36,26
52.10,12.24,34
52.12,15.48,43
52.14,18.36,51
52.16,20.88,58
52.18,23.76,66
52.20,25.92,72
52.22,28.08,78
52.24,30.24,84
52.26,31.68,88
52.28,33.12,92
52.30,34.20,95
52.32,35.28,98
52.34,35.64,99
52.36,36.00,100
52.38,36.00,100
52.40,35.64,99
52.42,35.28,98
52.44,34.20,95
52.46,33.12,92
52.48,31.68,88
52.50,29.88,83
52.52,27.72,77
52.54,25.56,71
52.56,23.40,65
52.58,20.88,58
52.60,18.00,50
52.62,15.12,42
52.64,11.88,33
52.66,9.00,25
52.68,5.76,16
52.70,2.52,7
52.72,-0.72,-2
52.74,-3.96,-11
52.76,-7.20,-20
52.78,-10.08,-28
52.80,-12.96,-36
52.82,-15.84,-44
52.84,-18.36,-51
52.86,-20.88,-58
52.88,-23.40,-65
52.90,-25.20,-70
52.92,-27.00,-75
52.94,-28.80,-80
52.96,-29.88,-83
52.98,-30.96,-86
53.00,-31.68,-88
53.02,-32.04,-89
53.04,-32.40,-90
53.06,-32.40,-90
53.08,-32.04,-89
53.10,-31.32,-87
53.12,-30.24,-84
53.14,-28.80,-80
53.16,-27.36,-76
53.18,-25.56,-71
53.20,-23.76,-66
53.22,-21.24,-59
53.24,-19.08,-53
53.26,-16.20,-45
53.28,-13.68,-38
53.30,-10.80,-30
53.32,-7.56,-21
53.34,-4.68,-13
53.36,-1.44,-4
53.38,1.80,5
53.40,5.04,14
53.42,7.92,22
53.44,11.16,31
53.46,14.04,39
53.48,16.92,47
53.50,19.80,55
53.52,22.32,62
53.54,24.48,68
53.56,26.64,74
53.58,28.80,80
53.60,30.60,85
53.62,32.04,89
53.64,33.12,92
53.66,33.84,94
53.68,34.56,96
53.70,34.92,97
53.72,34.92,97
53.74,34.56,96
53.76,33.84,94
53.78,33.12,92
53.80,32.04,89
53.82,30.60,85
53.84,29.16,81
53.86,27.36,76
53.88,25.20,70
53.90,23.04,64
53.92,20.52,57
53.94,17.64,49
53.96,15.12,42
53.98,12.24,34
54.00,9.00,25
54.02,6.12,17
54.04,2.88,8
54.06,-0.36,-1
54.08,-3.24,-9
54.10,-6.48,-18
54.12,-9.36,-26
54.14,-12.24,-34
54.16,-15.12,-42
54.18,-17.64,-49
54.20,-20.16,-56
54.22,-22.32,-62
54.24,-24.48,-68
54.26,-26.28,-73
54.28,-27.72,-77
54.30,-29.16,-81
54.32,-30.24,-84
54.34,-30.96,-86
54.36,-31.32,-87
54.38,-31.68,-88
54.40,-31.32,-87
54.42,-30.96,-86
54.44,-30.60,-85
54.46,-29.52,-82
54.48,-28.44,-79
54.50,-27.00,-75
54.52,-25.20,-70
54.54,-23.40,-65
54.56,-21.24,-59
54.58,-18.72,-52
54.60,-16.20,-45
54.62,-13.68,-38
54.64,-10.80,-30
54.66,-7.92,-22
54.68,-5.04,-14
54.70,-1.80,-5
54.72,1.08,3
54.74,4.32,12
54.76,7.20,20
54.78,10.44,29
54.80,13.32,37
54.82,15.84,44
54.84,18.72,52
54.86,21.24,59
54.88,23.40,65
54.90,25.56,71
54.92,27.72,77
54.94,29.16,81
54.96,30.60,85
54.98,32.04,89
55.00,32.76,91
55.02,33.48,93
55.04,33.84,94
55.06,33.84,94
55.08,33.48,93
55.10,33.12,92
55.12,32.40,90
55.14,31.32,87
55.16,30.24,84
55.18,28.80,80
55.20,27.00,75
55.22,24.84,69
55.24,22.68,63
55.26,20.16,56
55.28,17.64,49
55.30,15.12,42
55.32,12.24,34
55.34,9.36,26
55.36,6.48,18
55.38,3.24,9
55.40,0.36,1
55.42,-2.88,-8
55.44,-5.76,-16
55.46,-8.64,-24
55.48,-11.52,-32
55.50,-14.04,-39
55.52,-16.92,-47
55.54,-19.08,-53
55.56,-21.24,-59
55.58,-23.40,-65
55.60,-25.20,-70
55.62,-26.64,-74
55.64,-28.08,-78
55.66,-29.16,-81
55.68,-29.88,-83
55.70,-30.60,-85
55.72,-30.60,-85
55.74,-30.60,-85
55.76,-30.24,-84
55.78,-29.52,-82
55.80,-28.80,-80
55.82,-27.72,-77
55.84,-26.28,-73
55.86,-24.84,-69
55.88,-23.04,-64
55.90,-20.88,-58
55.92,-18.72,-52
55.94,-16.20,-45
55.96,-13.68,-38
55.98,-10.80,-30
56.00,-7.92,-22
56.02,-5.04,-14
56.04,-2.16,-6
56.06,0.72,2
56.08,3.96,11
56.10,6.84,19
56.12,9.72,27
56.14,12.60,35
56.16,15.12,42
56.18,18.00,50
56.20,20.52,57
56.22,22.68,63
56.24,24.84,69
56.26,26.64,74
56.28,28.44,79
56.30,29.88,83
56.32,30.96,86
56.34,32.04,89
56.36,32.40,90
56.38,33.12,92
56.40,33.12,92
56.42,33.12,92
56.44,32.76,91
56.46,32.04,89
56.48,30.96,86
56.50,29.88,83
56.52,28.44,79
56.54,26.64,74
56.56,24.84,69
56.58,22.68,63
56.60,20.52,57
56.62,18.00,50
56.64,15.12,42
56.66,12.60,35
56.68,9.72,27
56.70,6.84,19
56.72,3.96,11
56.74,1.08,3
56.76,-2.16,-6
56.78,-5.04,-14
56.80,-7.92,-22
56.82,-10.44,-29
56.84,-13.32,-37
56.86,-15.84,-44
56.88,-18.00,-50
56.90,-20.16,-56
56.92,-22.32,-62
56.94,-24.12,-67
56.96,-25.56,-71
56.98,-27.00,-75
57.00,-27.72,-77
57.02,-28.80,-80
57.04,-29.16,-81
57.06,-29.52,-82
57.08,-29.52,-82
57.10,-29.52,-82
57.12,-28.80,-80
57.14,-28.08,-78
57.16,-27.00,-75
57.18,-25.56,-71
57.20,-24.12,-67
57.22,-22.32,-62
57.24,-20.16,-56
57.26,-18.00,-50
57.28,-15.84,-44
57.30,-13.32,-37
57.32,-10.80,-30
57.34,-7.92,-22
57.36,-5.04,-14
57.38,-2.16,-6
57.40,0.72,2
57.42,3.60,10
57.44,6.48,18
57.46,9.36,26
57.48,12.24,34
57.50,14.76,41
57.52,17.28,48
57.54,19.80,55
57.56,21.96,61
57.58,24.12,67
57.60,25.92,72
57.62,27.72,77
57.64,28.80,80
57.66,30.24,84
57.68,30.96,86
57.70,31.68,88
57.72,32.04,89
57.74,32.04,89
57.76,32.04,89
57.78,31.32,87
57.80,30.96,86
57.82,29.88,83
57.84,28.80,80
57.86,27.36,76
57.88,25.56,71
57.90,23.76,66
57.92,21.60,60
57.94,19.44,54
57.96,17.28,48
57.98,14.40,40
58.00,11.88,33
58.02,9.00,25
58.04,6.48,18
58.06,3.60,10
58.08,0.72,2
58.10,-2.16,-6
58.12,-5.04,-14
58.14,-7.92,-22
58.16,-10.44,-29
58.18,-12.96,-36
58.20,-15.48,-43
58.22,-18.00,-50
58.24,-20.16,-56
58.26,-21.96,-61
58.28,-23.76,-66
58.30,-25.20,-70
58.32,-26.28,-73
58.34,-27.36,-76
58.36,-28.08,-78
58.38,-28.80,-80
58.40,-28.80,-80
58.42,-29.16,-81
58.44,-28.80,-80
58.46,-28.44,-79
58.48,-27.36,-76
58.50,-26.64,-74
58.52,-25.20,-70
58.54,-23.76,-66
58.56,-21.96,-61
58.58,-20.16,-56
58.60,-18.00,-50
58.62,-15.48,-43
58.64,-13.32,-37
58.66,-10.44,-29
58.68,-7.92,-22
58.70,-5.04,-14
58.72,-2.52,-7
58.74,0.36,1
58.76,3.24,9
58.78,6.12,17
58.80,9.00,25
58.82,11.52,32
58.84,14.04,39
58.86,16.56,46
58.88,19.08,53
58.90,21.24,59
58.92,23.04,64
58.94,24.84,69
58.96,26.64,74
58.98,27.72,77
59.00,29.16,81
59.02,29.88,83
59.04,30.60,85
59.06,30.96,86
59.08,30.96,86
59.10,30.60,85
59.12,30.24,84
59.14,29.52,82
59.16,28.80,80
59.18,27.36,76
59.20,26.28,73
59.22,24.48,68
59.24,22.68,63
59.26,20.52,57
59.28,18.36,51
59.30,16.20,45
59.32,13.68,38
59.34,11.16,31
59.36,8.28,23
59.38,5.76,16
59.40,2.88,8
59.42,0.00,0
59.44,-2.52,-7
59.46,-5.40,-15
59.48,-8.28,-23
59.50,-10.80,-30
59.52,-13.32,-37
59.54,-15.48,-43
59.56,-18.00,-50
59.58,-19.80,-55
59.60,-21.60,-60
59.62,-23.40,-65
59.64,-24.84,-69
59.66,-25.92,-72
59.68,-27.00,-75
59.70,-27.72,-77
59.72,-28.08,-78
59.74,-28.44,-79
59.76,-28.08,-78
59.78,-28.08,-78
59.80,-27.36,-76
59.82,-26.64,-74
59.84,-25.56,-71
59.86,-24.48,-68
59.88,-22.68,-63
59.90,-21.24,-59
59.92,-19.08,-53
59.94,-17.28,-48
59.96,-14.76,-41
59.98,-12.60,-35
60.00,-10.08,-28
60.02,-7.56,-21
60.04,-4.68,-13
60.06,-2.16,-6
60.08,0.72,2
60.10,3.60,10
60.12,6.12,17
60.14,9.00,25
60.16,11.52,32
60.18,14.04,39
60.20,16.56,46
60.22,18.72,52
60.24,20.88,58
60.26,22.68,63
60.28,24.48,68
60.30,25.92,72
60.32,27.36,76
60.34,28.44,79
60.36,29.16,81
60.38,29.88,83
60.40,30.24,84
60.42,30.24,84
60.44,30.24,84
60.46,29.88,83
60.48,29.16,81
60.50,28.08,78
60.52,27.00,75
60.54,25.56,71
60.56,24.12,67
60.58,22.32,62
60.60,20.16,56
60.62,18.00,50
60.64,15.84,44
60.66,13.32,37
60.68,10.80,30
60.70,8.28,23
60.72,5.76,16
60.74,2.88,8
60.76,0.00,0
60.78,-2.52,-7
60.80,-5.04,-14
60.82,-7.92,-22
60.84,-10.44,-29
60.86,-12.60,-35
60.88,-15.12,-42
60.90,-17.28,-48
60.92,-19.08,-53
60.94,-20.88,-58
60.96,-22.68,-63
60.98,-23.76,-66
61.00,-25.20,-70
61.02,-25.92,-72
61.04,-26.64,-74
61.06,-27.00,-75
61.08,-27.36,-76
61.10,-27.36,-76
61.12,-27.00,-75
61.14,-26.64,-74
61.16,-25.56,-71
61.18,-24.84,-69
61.20,-23.40,-65
61.22,-21.96,-61
61.24,-20.16,-56
61.26,-18.36,-51
61.28,-16.20,-45
61.30,-14.04,-39
61.32,-11.88,-33
61.34,-9.36,-26
61.36,-6.84,-19
61.38,-4.32,-12
61.40,-1.44,-4
61.42,1.08,3
61.44,3.96,11
61.46,6.48,18
61.48,9.00,25
61.50,11.52,32
61.52,14.04,39
61.54,16.20,45
61.56,18.36,51
61.58,20.52,57
61.60,22.32,62
61.62,24.12,67
61.64,25.56,71
61.66,26.64,74
61.68,27.72,77
61.70,28.44,79
61.72,29.16,81
61.74,29.16,81
61.76,29.16,81
61.78,28.80,80
61.80,28.44,79
61.82,27.72,77
61.84,26.64,74
61.86,25.56,71
61.88,24.12,67
61.90,22.68,63
61.92,20.88,58
61.94,19.08,53
61.96,16.92,47
61.98,14.76,41
62.00,12.24,34
62.02,9.72,27
62.04,7.20,20
62.06,4.68,13
62.08,2.16,6
62.10,-0.72,-2
62.12,-3.24,-9
62.14,-5.76,-16
62.16,-8.28,-23
62.18,-10.80,-30
62.20,-13.32,-37
62.22,-15.48,-43
62.24,-17.28,-48
62.26,-19.44,-54
62.28,-20.88,-58
62.30,-22.68,-63
62.32,-23.76,-66
62.34,-24.84,-69
62.36,-25.56,-71
62.38,-26.28,-73
62.40,-26.64,-74
62.42,-27.00,-75
62.44,-27.00,-75
62.46,-26.64,-74
62.48,-25.92,-72
62.50,-25.20,-70
62.52,-24.12,-67
62.54,-22.68,-63
62.56,-21.24,-59
62.58,-19.80,-55
62.60,-17.64,-49
62.62,-15.84,-44
62.64,-13.68,-38
62.66,-11.16,-31
62.68,-9.00,-25
62.70,-6.48,-18
62.72,-3.96,-11
62.74,-1.08,-3
62.76,1.44,4
62.78,3.96,11
62.80,6.48,18
62.82,9.00,25
62.84,11.52,32
62.86,13.68,38
62.88,16.20,45
62.90,18.00,50
62.92,20.16,56
62.94,21.96,61
62.96,23.40,65
62.98,24.84,69
63.00,25.92,72
63.02,26.64,74
63.04,27.36,76
63.06,28.08,78
63.08,28.08,78
63.10,28.08,78
63.12,27.72,77
63.14,27.00,75
63.16,26.28,73
63.18,25.56,71
63.20,24.12,67
63.22,23.04,64
63.24,21.24,59
63.26,19.44,54
63.28,17.64,49
63.30,15.48,43
63.32,13.32,37
63.34,11.16,31
63.36,8.64,24
63.38,6.12,17
63.40,3.60,10
63.42,1.08,3
63.44,-1.44,-4
63.46,-4.32,-12
63.48,-6.48,-18
63.50,-9.00,-25
63.52,-11.52,-32
63.54,-13.68,-38
63.56,-15.84,-44
63.58,-17.64,-49
63.60,-19.44,-54
63.62,-21.24,-59
63.64,-22.68,-63
63.66,-23.76,-66
63.68,-24.84,-69
63.70,-25.56,-71
63.72,-25.92,-72
63.74,-26.28,-73
63.76,-26.28,-73
63.78,-25.92,-72
63.80,-25.56,-71
63.82,-24.84,-69
63.84,-24.12,-67
63.86,-23.04,-64
63.88,-21.60,-60
63.90,-20.16,-56
63.92,-18.72,-52
63.94,-16.56,-46
63.96,-14.76,-41
63.98,-12.60,-35
64.00,-10.44,-29
64.02,-7.92,-22
64.04,-5.40,-15
64.06,-2.88,-8
64.08,-0.36,-1
64.10,2.16,6
64.12,4.68,13
64.14,7.20,20
64.16,9.36,26
64.18,11.88,33
64.20,14.04,39
64.22,16.20,45
64.24,18.00,50
64.26,19.80,55
64.28,21.60,60
64.30,23.04,64
64.32,24.48,68
64.34,25.56,71
64.36,26.28,73
64.38,27.00,75
64.40,27.36,76
64.42,27.36,76
64.44,27.00,75
64.46,26.64,74
64.48,26.28,73
64.50,25.56,71
64.52,24.48,68
64.54,23.40,65
64.56,21.96,61
64.58,20.16,56
64.60,18.36,51
64.62,16.56,46
64.64,14.40,40
64.66,12.24,34
64.68,10.08,28
64.70,7.56,21
64.72,5.04,14
64.74,2.88,8
64.76,0.36,1
64.78,-2.16,-6
64.80,-4.68,-13
64.82,-7.20,-20
64.84,-9.36,-26
64.86,-11.88,-33
64.88,-14.04,-39
64.90,-15.84,-44
64.92,-17.64,-49
64.94,-19.44,-54
64.96,-20.88,-58
64.98,-22.32,-62
65.00,-23.40,-65
65.02,-24.12,-67
65.04,-24.84,-69
65.06,-25.56,-71
65.08,-25.56,-71
65.10,-25.56,-71
65.12,-25.20,-70
65.14,-24.84,-69
65.16,-24.12,-67
65.18,-23.04,-64
65.20,-21.96,-61
65.22,-20.52,-57
65.24,-19.08,-53
65.26,-17.28,-48
65.28,-15.48,-43
65.30,-13.68,-38
65.32,-11.52,-32
65.34,-9.36,-26
65.36,-6.84,-19
65.38,-4.68,-13
65.40,-2.16,-6
65.42,0.36,1
65.44,2.88,8
65.46,5.40,15
65.48,7.56,21
65.50,10.08,28
65.52,12.24,34
65.54,14.40,40
65.56,16.56,46
65.58,18.36,51
65.60,20.16,56
65.62,21.60,60
65.64,23.04,64
65.66,24.12,67
65.68,24.84,69
65.70,25.92,72
65.72,26.28,73
65.74,26.64,74
65.76,26.64,74
65.78,26.64,74
65.80,26.28,73
65.82,25.56,71
65.84,24.84,69
65.86,23.76,66
65.88,22.68,63
65.90,21.24,59
65.92,19.44,54
65.94,17.64,49
65.96,15.84,44
65.98,13.68,38
66.00,11.52,32
66.02,9.36,26
66.04,6.84,19
66.06,4.68,13
66.08,2.16,6
66.10,-0.36,-1
66.12,-2.88,-8
66.14,-5.04,-14
66.16,-7.56,-21
66.18,-9.72,-27
66.20,-11.88,-33
66.22,-13.68,-38
66.24,-15.84,-44
66.26,-17.64,-49
66.28,-19.08,-53
66.30,-20.52,-57
66.32,-21.60,-60
66.34,-22.68,-63
66.36,-23.40,-65
66.38,-24.12,-67
66.40,-24.48,-68
66.42,-24.48,-68
66.44,-24.12,-67
66.46,-23.76,-66
66.48,-23.40,-65
66.50,-22.68,-63
66.52,-21.60,-60
66.54,-20.52,-57
66.56,-19.08,-53
66.58,-17.64,-49
66.60,-15.84,-44
66.62,-14.04,-39
66.64,-12.24,-34
66.66,-10.08,-28
66.68,-7.92,-22
66.70,-5.40,-15
66.72,-3.24,-9
66.74,-0.72,-2
66.76,1.80,5
66.78,3.96,11
66.80,6.48,18
66.82,8.64,24
66.84,10.80,30
66.86,12.96,36
66.88,15.12,42
66.90,16.92,47
66.92,18.72,52
66.94,20.52,57
66.96,21.96,61
66.98,23.04,64
67.00,24.12,67
67.02,24.84,69
67.04,25.56,71
67.06,25.92,72
67.08,26.28,73
67.10,26.28,73
67.12,26.28,73
67.14,25.56,71
67.16,24.84,69
67.18,24.12,67
67.20,23.04,64
67.22,21.60,60
67.24,20.16,56
67.26,18.72,52
67.28,16.92,47
67.30,14.76,41
67.32,12.96,36
67.34,10.80,30
67.36,8.64,24
67.38,6.12,17
67.40,3.96,11
67.42,1.44,4
67.44,-0.72,-2
67.46,-3.24,-9
67.48,-5.40,-15
67.50,-7.56,-21
67.52,-9.72,-27
67.54,-11.88,-33
67.56,-13.68,-38
67.58,-15.48,-43
67.60,-17.28,-48
67.62,-18.72,-52
67.64,-19.80,-55
67.66,-21.24,-59
67.68,-21.96,-61
67.70,-22.68,-63
67.72,-23.04,-64
67.74,-23.40,-65
67.76,-23.40,-65
67.78,-23.04,-64
67.80,-22.68,-63
67.82,-21.96,-61
67.84,-21.24,-59
67.86,-20.16,-56
67.88,-19.08,-53
67.90,-17.64,-49
67.92,-16.20,-45
67.94,-14.40,-40
67.96,-12.60,-35
67.98,-10.44,-29
68.00,-8.28,-23
68.02,-6.12,-17
68.04,-3.96,-11
68.06,-1.80,-5
68.08,0.72,2
68.10,2.88,8
68.12,5.40,15
68.14,7.56,21
68.16,9.72,27
68.18,11.88,33
68.20,14.04,39
68.22,15.84,44
68.24,17.64,49
68.26,19.44,54
68.28,20.88,58
68.30,22.32,62
68.32,23.40,65
68.34,24.12,67
68.36,24.84,69
68.38,25.56,71
68.40,25.92,72
68.42,25.92,72
68.44,25.92,72
68.46,25.56,71
68.48,25.20,70
68.50,24.48,68
68.52,23.40,65
68.54,22.32,62
68.56,20.88,58
68.58,19.44,54
68.60,17.64,49
68.62,15.84,44
68.64,14.04,39
68.66,11.88,33
68.68,9.72,27
68.70,7.56,21
68.72,5.40,15
68.74,3.24,9
68.76,0.72,2
68.78,-1.44,-4
68.80,-3.60,-10
68.82,-5.76,-16
68.84,-7.92,-22
68.86,-10.08,-28
68.88,-11.88,-33
68.90,-13.68,-38
68.92,-15.48,-43
68.94,-16.92,-47
68.96,-18.36,-51
68.98,-19.44,-54
69.00,-20.52,-57
69.02,-21.24,-59
69.04,-21.96,-61
69.06,-22.32,-62
69.08,-22.32,-62
69.10,-21.96,-61
69.12,-21.96,-61
69.14,-21.24,-59
69.16,-20.52,-57
69.18,-19.80,-55
69.20,-18.72,-52
69.22,-17.28,-48
69.24,-15.84,-44
69.26,-14.40,-40
69.28,-12.60,-35
69.30,-10.80,-30
69.32,-9.00,-25
69.34,-6.84,-19
69.36,-4.68,-13
69.38,-2.52,-7
69.40,0.00,0
69.42,2.16,6
69.44,4.32,12
69.46,6.48,18
69.48,8.64,24
69.50,10.80,30
69.52,12.96,36
69.54,14.76,41
69.56,16.56,46
69.58,18.36,51
69.60,19.80,55
69.62,21.24,59
69.64,22.32,62
69.66,23.40,65
69.68,24.12,67
69.70,24.84,69
69.72,25.20,70
69.74,25.56,71
69.76,25.56,71
69.78,25.56,71
69.80,25.20,70
69.82,24.48,68
69.84,23.76,66
69.86,22.68,63
69.88,21.24,59
69.90,20.16,56
69.92,18.36,51
69.94,16.92,47
69.96,15.12,42
69.98,12.96,36
70.00,11.16,31
70.02,9.00,25
70.04,6.84,19
70.06,4.68,13
70.08,2.52,7
70.10,0.00,0
70.12,-2.16,-6
70.14,-4.32,-12
70.16,-6.48,-18
70.18,-8.28,-23
70.20,-10.44,-29
70.22,-12.24,-34
70.24,-13.68,-38
70.26,-15.48,-43
70.28,-16.92,-47
70.30,-18.00,-50
70.32,-19.08,-53
70.34,-19.80,-55
70.36,-20.52,-57
70.38,-20.88,-58
70.40,-21.24,-59
70.42,-21.24,-59
70.44,-20.88,-58
70.46,-20.52,-57
70.48,-20.16,-56
70.50,-19.08,-53
70.52,-18.36,-51
70.54,-17.28,-48
70.56,-15.84,-44
70.58,-14.40,-40
70.60,-12.60,-35
70.62,-10.80,-30
70.64,-9.00,-25
70.66,-7.20,-20
70.68,-5.04,-14
70.70,-2.88,-8
70.72,-0.72,-2
70.74,1.44,4
70.76,3.60,10
70.78,5.76,16
70.80,7.92,22
70.82,10.08,28
70.84,11.88,33
70.86,14.04,39
70.88,15.84,44
70.90,17.64,49
70.92,19.08,53
70.94,20.52,57
70.96,21.60,60
70.98,22.68,63
71.00,23.76,66
71.02,24.48,68
71.04,24.84,69
71.06,25.20,70
71.08,25.20,70
71.10,24.84,69
71.12,24.48,68
71.14,24.12,67
71.16,23.40,65
71.18,22.32,62
71.20,21.24,59
71.22,20.16,56
71.24,18.72,52
71.26,17.28,48
71.28,15.48,43
71.30,13.68,38
71.32,11.52,32
71.34,9.72,27
71.36,7.56,21
71.38,5.40,15
71.40,3.24,9
71.42,1.08,3
71.44,-1.08,-3
71.46,-3.24,-9
71.48,-5.04,-14
71.50,-7.20,-20
71.52,-9.00,-25
71.54,-10.80,-30
71.56,-12.60,-35
71.58,-14.04,-39
71.60,-15.48,-43
71.62,-16.92,-47
71.64,-18.00,-50
71.66,-18.72,-52
71.68,-19.44,-54
71.70,-20.16,-56
71.72,-20.52,-57
71.74,-20.52,-57
71.76,-20.52,-57
71.78,-20.16,-56
71.80,-19.44,-54
71.82,-19.08,-53
71.84,-18.00,-50
71.86,-16.92,-47
71.88,-15.84,-44
71.90,-14.40,-40
71.92,-12.96,-36
71.94,-11.52,-32
71.96,-9.72,-27
71.98,-7.56,-21
72.00,-5.76,-16
72.02,-3.60,-10
72.04,-1.80,-5
72.06,0.36,1
72.08,2.52,7
72.10,4.68,13
72.12,6.84,19
72.14,9.00,25
72.16,10.80,30
72.18,12.96,36
72.20,14.76,41
72.22,16.20,45
72.24,18.00,50
72.26,19.44,54
72.28,20.52,57
72.30,21.60,60
72.32,22.68,63
72.34,23.40,65
72.36,24.12,67
72.38,24.48,68
72.40,24.48,68
72.42,24.48,68
72.44,24.12,67
72.46,23.76,66
72.48,23.04,64
72.50,22.32,62
72.52,21.24,59
72.54,20.16,56
72.56,18.72,52
72.58,17.28,48
72.60,15.84,44
72.62,14.04,39
72.64,12.24,34
72.66,10.44,29
72.68,8.28,23
72.70,6.12,17
72.72,4.32,12
72.74,2.16,6
72.76,0.00,0
72.78,-2.16,-6
72.80,-3.96,-11
72.82,-6.12,-17
72.84,-7.92,-22
72.86,-9.72,-27
72.88,-11.52,-32
72.90,-12.96,-36
72.92,-14.40,-40
72.94,-15.84,-44
72.96,-16.92,-47
72.98,-18.00,-50
73.00,-18.72,-52
73.02,-19.44,-54
73.04,-19.80,-55
73.06,-19.80,-55
73.08,-19.80,-55
73.10,-19.44,-54
73.12,-19.08,-53
73.14,-18.72,-52
73.16,-18.00,-50
73.18,-16.92,-47
73.20,-15.84,-44
73.22,-14.40,-40
73.24,-13.32,-37
73.26,-11.52,-32
73.28,-10.08,-28
73.30,-8.28,-23
73.32,-6.12,-17
73.34,-4.32,-12
73.36,-2.16,-6
73.38,-0.36,-1
73.40,1.80,5
73.42,3.96,11
73.44,5.76,16
73.46,7.92,22
73.48,9.72,27
73.50,11.88,33
73.52,13.68,38
73.54,15.12,42
73.56,16.92,47
73.58,18.36,51
73.60,19.44,54
73.62,20.88,58
73.64,21.60,60
73.66,22.68,63
73.68,23.04,64
73.70,23.40,65
73.72,23.76,66
73.74,23.76,66
73.76,23.40,65
73.78,23.04,64
73.80,22.68,63
73.82,21.96,61
73.84,21.24,59
73.86,20.16,56
73.88,18.72,52
73.90,17.28,48
73.92,15.84,44
73.94,14.40,40
73.96,12.60,35
73.98,10.80,30
74.00,9.00,25
74.02,6.84,19
74.04,5.04,14
74.06,2.88,8
74.08,0.72,2
74.10,-1.08,-3
74.12,-3.24,-9
74.14,-5.04,-14
74.16,-6.84,-19
74.18,-8.64,-24
74.20,-10.44,-29
74.22,-12.24,-34
74.24,-13.68,-38
74.26,-14.76,-41
74.28,-15.84,-44
74.30,-16.92,-47
74.32,-17.64,-49
74.34,-18.36,-51
74.36,-19.08,-53
74.38,-19.08,-53
74.40,-19.44,-54
74.42,-19.44,-54
74.44,-19.08,-53
74.46,-18.72,-52
74.48,-18.00,-50
74.50,-16.92,-47
74.52,-16.20,-45
74.54,-14.76,-41
74.56,-13.68,-38
74.58,-12.24,-34
74.60,-10.44,-29
74.62,-9.00,-25
74.64,-7.20,-20
74.66,-5.04,-14
74.68,-3.24,-9
74.70,-1.44,-4
74.72,0.72,2
74.74,2.52,7
74.76,4.68,13
74.78,6.48,18
74.80,8.64,24
74.82,10.44,29
74.84,12.24,34
74.86,14.04,39
74.88,15.48,43
74.90,16.92,47
74.92,18.36,51
74.94,19.44,54
74.96,20.52,57
74.98,21.24,59
75.00,21.96,61
75.02,22.32,62
75.04,22.68,63
75.06,22.68,63
75.08,22.68,63
75.10,22.32,62
75.12,21.96,61
75.14,21.24,59
75.16,20.52,57
75.18,19.44,54
75.20,18.36,51
75.22,17.28,48
75.24,15.84,44
75.26,14.04,39
75.28,12.60,35
75.30,10.80,30
75.32,9.00,25
75.34,7.20,20
75.36,5.04,14
75.38,3.24,9
75.40,1.08,3
75.42,-0.72,-2
75.44,-2.88,-8
75.46,-4.68,-13
75.48,-6.48,-18
75.50,-8.28,-23
75.52,-10.08,-28
75.54,-11.52,-32
75.56,-12.96,-36
75.58,-14.40,-40
75.60,-15.48,-43
75.62,-16.56,-46
75.64,-17.28,-48
75.66,-18.00,-50
75.68,-18.36,-51
75.70,-18.72,-52
75.72,-19.08,-53
75.74,-19.08,-53
75.76,-18.72,-52
75.78,-18.36,-51
75.80,-18.00,-50
75.82,-17.28,-48
75.84,-16.20,-45
75.86,-15.12,-42
75.88,-14.04,-39
75.90,-12.60,-35
75.92,-11.16,-31
75.94,-9.36,-26
75.96,-7.92,-22
75.98,-6.12,-17
76.00,-3.96,-11
76.02,-2.16,-6
76.04,-0.36,-1
76.06,1.80,5
76.08,3.60,10
76.10,5.40,15
76.12,7.56,21
76.14,9.36,26
76.16,11.16,31
76.18,12.60,35
76.20,14.40,40
76.22,15.84,44
76.24,16.92,47
76.26,18.00,50
76.28,19.08,53
76.30,20.16,56
76.32,20.88,58
76.34,21.24,59
76.36,21.60,60
76.38,21.96,61
76.40,21.96,61
76.42,21.96,61
76.44,21.60,60
76.46,20.88,58
76.48,20.16,56
76.50,19.44,54
76.52,18.36,51
76.54,16.92,47
76.56,15.84,44
76.58,14.40,40
76.60,12.60,35
76.62,11.16,31
76.64,9.36,26
76.66,7.56,21
76.68,5.76,16
76.70,3.60,10
76.72,1.80,5
76.74,0.00,0
76.76,-2.16,-6
76.78,-3.96,-11
76.80,-5.76,-16
76.82,-7.56,-21
76.84,-9.00,-25
76.86,-10.80,-30
76.88,-12.24,-34
76.90,-13.32,-37
76.92,-14.40,-40
76.94,-15.48,-43
76.96,-16.56,-46
76.98,-17.28,-48
77.00,-17.64,-49
77.02,-18.00,-50
77.04,-18.36,-51
77.06,-18.36,-51
77.08,-18.36,-51
77.10,-18.00,-50
77.12,-17.64,-49
77.14,-16.92,-47
77.16,-15.84,-44
77.18,-15.12,-42
77.20,-13.68,-38
77.22,-12.60,-35
77.24,-11.16,-31
77.26,-9.72,-27
77.28,-7.92,-22
77.30,-6.12,-17
77.32,-4.32,-12
77.34,-2.52,-7
77.36,-0.72,-2
77.38,1.08,3
77.40,2.88,8
77.42,4.68,13
77.44,6.84,19
77.46,8.64,24
77.48,10.08,28
77.50,11.88,33
77.52,13.32,37
77.54,14.76,41
77.56,16.20,45
77.58,17.28,48
77.60,18.36,51
77.62,19.44,54
77.64,20.16,56
77.66,20.52,57
77.68,20.88,58
77.70,21.24,59
77.72,21.24,59
77.74,21.24,59
77.76,20.88,58
77.78,20.52,57
77.80,19.80,55
77.82,19.08,53
77.84,18.00,50
77.86,16.92,47
77.88,15.84,44
77.90,14.40,40
77.92,12.96,36
77.94,11.16,31
77.96,9.72,27
77.98,7.92,22
78.00,6.12,17
78.02,4.32,12
78.04,2.16,6
78.06,0.36,1
78.08,-1.44,-4
78.10,-3.24,-9
78.12,-5.04,-14
78.14,-6.84,-19
78.16,-8.28,-23
78.18,-9.72,-27
78.20,-11.16,-31
78.22,-12.60,-35
78.24,-13.68,-38
78.26,-14.76,-41
78.28,-15.84,-44
78.30,-16.56,-46
78.32,-16.92,-47
78.34,-17.28,-48
78.36,-17.64,-49
78.38,-17.64,-49
78.40,-17.28,-48
78.42,-17.28,-48
78.44,-16.56,-46
78.46,-16.20,-45
78.48,-15.48,-43
78.50,-14.40,-40
78.52,-13.32,-37
78.54,-12.24,-34
78.56,-10.80,-30
78.58,-9.36,-26
78.60,-7.56,-21
78.62,-6.12,-17
78.64,-4.32,-12
78.66,-2.52,-7
78.68,-0.72,-2
78.70,1.08,3
78.72,2.88,8
78.74,4.68,13
78.76,6.48,18
78.78,8.28,23
78.80,9.72,27
78.82,11.52,32
78.84,12.96,36
78.86,14.40,40
78.88,15.84,44
78.90,16.92,47
78.92,18.00,50
78.94,18.72,52
78.96,19.80,55
78.98,20.16,56
79.00,20.52,57
79.02,20.88,58
79.04,20.88,58
79.06,20.52,57
79.08,20.52,57
79.10,20.16,56
79.12,19.44,54
79.14,18.72,52
79.16,17.64,49
79.18,16.56,46
79.20,15.48,43
79.22,14.40,40
79.24,12.96,36
79.26,11.16,31
79.28,9.72,27
79.30,7.92,22
79.32,6.48,18
79.34,4.68,13
79.36,2.88,8
79.38,1.08,3
79.40,-0.72,-2
79.42,-2.52,-7
79.44,-4.32,-12
79.46,-6.12,-17
79.48,-7.56,-21
79.50,-9.00,-25
79.52,-10.44,-29
79.54,-11.88,-33
79.56,-12.96,-36
79.58,-14.04,-39
79.60,-15.12,-42
79.62,-15.84,-44
79.64,-16.20,-45
79.66,-16.92,-47
79.68,-16.92,-47
79.70,-17.28,-48
79.72,-17.28,-48
79.74,-16.92,-47
79.76,-16.56,-46
79.78,-16.20,-45
79.80,-15.48,-43
79.82,-14.40,-40
79.84,-13.32,-37
79.86,-12.24,-34
79.88,-11.16,-31
79.90,-9.72,-27
79.92,-8.28,-23
79.94,-6.48,-18
79.96,-5.04,-14
79.98,-3.24,-9
80.00,-1.44,-4
80.02,0.36,1
80.04,2.16,6
80.06,3.96,11
80.08,5.40,15
80.10,7.20,20
80.12,9.00,25
80.14,10.44,29
80.16,11.88,33
80.18,13.32,37
80.20,14.76,41
80.22,15.84,44
80.24,16.92,47
80.26,17.64,49
80.28,18.72,52
80.30,19.08,53
80.32,19.44,54
80.34,19.80,55
80.36,20.16,56
80.38,20.16,56
80.40,19.80,55
80.42,19.44,54
80.44,19.08,53
80.46,18.36,51
80.48,17.64,49
80.50,16.56,46
80.52,15.48,43
80.54,14.04,39
80.56,12.60,35
80.58,11.16,31
80.60,9.72,27
80.62,8.28,23
80.64,6.48,18
80.66,4.68,13
80.68,3.24,9
80.70,1.44,4
80.72,-0.36,-1
80.74,-2.16,-6
80.76,-3.96,-11
80.78,-5.40,-15
80.80,-6.84,-19
80.82,-8.64,-24
80.84,-9.72,-27
80.86,-11.16,-31
80.88,-12.24,-34
80.90,-13.32,-37
80.92,-14.40,-40
80.94,-15.12,-42
80.96,-15.48,-43
80.98,-16.20,-45
81.00,-16.56,-46
81.02,-16.56,-46
81.04,-16.56,-46
81.06,-16.56,-46
81.08,-16.20,-45
81.10,-15.48,-43
81.12,-14.76,-41
81.14,-14.04,-39
81.16,-13.32,-37
81.18,-12.24,-34
81.20,-10.80,-30
81.22,-9.72,-27
81.24,-8.28,-23
81.26,-6.48,-18
81.28,-5.04,-14
81.30,-3.60,-10
81.32,-1.80,-5
81.34,0.00,0
81.36,1.80,5
81.38,3.24,9
81.40,5.04,14
81.42,6.84,19
81.44,8.28,23
81.46,9.72,27
81.48,11.52,32
81.50,12.60,35
81.52,14.04,39
81.54,15.12,42
81.56,16.20,45
81.58,17.28,48
81.60,18.00,50
81.62,18.36,51
81.64,19.08,53
81.66,19.08,53
81.68,19.44,54
81.70,19.44,54
81.72,19.44,54
81.74,19.08,53
81.76,18.72,52
81.78,18.00,50
81.80,17.28,48
81.82,16.20,45
81.84,15.12,42
81.86,14.04,39
81.88,12.60,35
81.90,11.16,31
81.92,9.72,27
81.94,8.28,23
81.96,6.84,19
81.98,5.04,14
82.00,3.24,9
82.02,1.80,5
82.04,0.00,0
82.06,-1.80,-5
82.08,-3.24,-9
82.10,-5.04,-14
82.12,-6.48,-18
82.14,-7.92,-22
82.16,-9.36,-26
82.18,-10.44,-29
82.20,-11.52,-32
82.22,-12.60,-35
82.24,-13.68,-38
82.26,-14.40,-40
82.28,-15.12,-42
82.30,-15.48,-43
82.32,-15.84,-44
82.34,-15.84,-44
82.36,-15.84,-44
82.38,-15.48,-43
82.40,-15.12,-42
82.42,-14.76,-41
82.44,-14.04,-39
82.46,-13.32,-37
82.48,-12.60,-35
82.50,-11.52,-32
82.52,-10.44,-29
82.54,-9.00,-25
82.56,-7.56,-21
82.58,-6.12,-17
82.60,-4.68,-13
82.62,-3.24,-9
82.64,-1.44,-4
82.66,0.00,0
82.68,1.80,5
82.70,3.24,9
82.72,5.04,14
82.74,6.48,18
82.76,8.28,23
82.78,9.72,27
82.80,11.16,31
82.82,12.60,35
82.84,13.68,38
82.86,14.76,41
82.88,15.84,44
82.90,16.92,47
82.92,17.64,49
82.94,18.36,51
82.96,18.72,52
82.98,19.08,53
83.00,19.08,53
83.02,19.08,53
83.04,18.72,52
83.06,18.72,52
83.08,18.00,50
83.10,17.64,49
83.12,16.92,47
83.14,15.84,44
83.16,14.76,41
83.18,13.68,38
83.20,12.60,35
83.22,11.16,31
83.24,9.72,27
83.26,8.28,23
83.28,6.84,19
83.30,5.04,14
83.32,3.60,10
83.34,1.80,5
83.36,0.36,1
83.38,-1.44,-4
83.40,-2.88,-8
83.42,-4.32,-12
83.44,-5.76,-16
83.46,-7.20,-20
83.48,-8.64,-24
83.50,-10.08,-28
83.52,-11.16,-31
83.54,-12.24,-34
83.56,-12.96,-36
83.58,-13.68,-38
83.60,-14.40,-40
83.62,-14.76,-41
83.64,-15.12,-42
83.66,-15.48,-43
83.68,-15.48,-43
83.70,-15.48,-43
83.72,-15.12,-42
83.74,-14.76,-41
83.76,-14.04,-39
83.78,-13.32,-37
83.80,-12.60,-35
83.82,-11.52,-32
83.84,-10.44,-29
83.86,-9.36,-26
83.88,-7.92,-22
83.90,-6.48,-18
83.92,-5.04,-14
83.94,-3.60,-10
83.96,-2.16,-6
83.98,-0.36,-1
84.00,1.08,3
84.02,2.88,8
84.04,4.32,12
84.06,5.76,16
84.08,7.56,21
84.10,9.00,25
84.12,10.44,29
84.14,11.52,32
84.16,12.96,36
84.18,14.04,39
84.20,15.12,42
84.22,15.84,44
84.24,16.56,46
84.26,17.28,48
84.28,17.64,49
84.30,18.00,50
84.32,18.36,51
84.34,18.36,51
84.36,18.36,51
84.38,18.00,50
84.40,17.64,49
84.42,16.92,47
84.44,16.20,45
84.46,15.48,43
84.48,14.40,40
84.50,13.32,37
84.52,12.24,34
84.54,11.16,31
84.56,9.72,27
84.58,8.28,23
84.60,6.84,19
84.62,5.40,15
84.64,3.60,10
84.66,2.16,6
84.68,0.72,2
84.70,-1.08,-3
84.72,-2.52,-7
84.74,-3.96,-11
84.76,-5.40,-15
84.78,-6.84,-19
84.80,-8.28,-23
84.82,-9.36,-26
84.84,-10.44,-29
84.86,-11.52,-32
84.88,-12.24,-34
84.90,-12.96,-36
84.92,-13.68,-38
84.94,-14.40,-40
84.96,-14.40,-40
84.98,-14.76,-41
85.00,-14.76,-41
85.02,-14.40,-40
85.04,-14.40,-40
85.06,-13.68,-38
85.08,-13.32,-37
85.10,-12.60,-35
85.12,-11.88,-33
85.14,-10.80,-30
85.16,-9.72,-27
85.18,-8.64,-24
85.20,-7.56,-21
85.22,-6.12,-17
85.24,-4.68,-13
85.26,-3.24,-9
85.28,-1.80,-5
85.30,-0.36,-1
85.32,1.44,4
85.34,2.88,8
85.36,4.32,12
85.38,5.76,16
85.40,7.56,21
85.42,9.00,25
85.44,10.08,28
85.46,11.52,32
85.48,12.60,35
85.50,13.68,38
85.52,14.76,41
85.54,15.48,43
85.56,16.20,45
85.58,16.92,47
85.60,17.64,49
85.62,17.64,49
85.64,18.00,50
85.66,18.00,50
85.68,17.64,49
85.70,17.64,49
85.72,17.28,48
85.74,16.56,46
85.76,15.84,44
85.78,15.12,42
85.80,14.40,40
85.82,13.32,37
85.84,12.24,34
85.86,10.80,30
85.88,9.72,27
85.90,8.28,23
85.92,6.84,19
85.94,5.40,15
85.96,3.96,11
85.98,2.16,6
86.00,0.72,2
86.02,-0.72,-2
86.04,-2.16,-6
86.06,-3.60,-10
86.08,-5.04,-14
86.10,-6.48,-18
86.12,-7.56,-21
86.14,-9.00,-25
86.16,-10.08,-28
86.18,-10.80,-30
86.20,-11.88,-33
86.22,-12.60,-35
86.24,-13.32,-37
86.26,-13.68,-38
86.28,-14.04,-39
86.30,-14.04,-39
86.32,-14.40,-40
86.34,-14.40,-40
86.36,-14.04,-39
86.38,-13.68,-38
86.40,-13.32,-37
86.42,-12.60,-35
86.44,-11.88,-33
86.46,-10.80,-30
86.48,-9.72,-27
86.50,-8.64,-24
86.52,-7.56,-21
86.54,-6.48,-18
86.56,-5.04,-14
86.58,-3.60,-10
86.60,-2.16,-6
86.62,-0.72,-2
86.64,0.72,2
86.66,2.52,7
86.68,3.96,11
86.70,5.40,15
86.72,6.84,19
86.74,8.28,23
86.76,9.36,26
86.78,10.80,30
86.80,11.88,33
86.82,12.96,36
86.84,14.04,39
86.86,14.76,41
86.88,15.48,43
86.90,16.20,45
86.92,16.56,46
86.94,16.92,47
86.96,16.92,47
86.98,17.28,48
87.00,17.28,48
87.02,16.92,47
87.04,16.56,46
87.06,16.20,45
87.08,15.48,43
87.10,14.76,41
87.12,14.04,39
87.14,12.96,36
87.16,11.88,33
87.18,10.80,30
87.20,9.36,26
87.22,7.92,22
87.24,6.84,19
87.26,5.40,15
87.28,3.96,11
87.30,2.52,7
87.32,1.08,3
87.34,-0.72,-2
87.36,-2.16,-6
87.38,-3.24,-9
87.40,-4.68,-13
87.42,-6.12,-17
87.44,-7.20,-20
87.46,-8.28,-23
87.48,-9.36,-26
87.50,-10.44,-29
87.52,-11.16,-31
87.54,-11.88,-33
87.56,-12.60,-35
87.58,-12.96,-36
87.60,-13.32,-37
87.62,-13.68,-38
87.64,-13.68,-38
87.66,-13.68,-38
87.68,-13.68,-38
87.70,-13.32,-37
87.72,-12.60,-35
87.74,-12.24,-34
87.76,-11.52,-32
87.78,-10.44,-29
87.80,-9.72,-27
87.82,-8.64,-24
87.84,-7.20,-20
87.86,-6.12,-17
87.88,-4.68,-13
87.90,-3.60,-10
87.92,-2.16,-6
87.94,-0.72,-2
87.96,0.72,2
87.98,2.16,6
88.00,3.60,10
88.02,5.04,14
88.04,6.48,18
88.06,7.92,22
88.08,9.00,25
88.10,10.44,29
88.12,11.52,32
88.14,12.60,35
88.16,13.32,37
88.18,14.04,39
88.20,14.76,41
88.22,15.48,43
88.24,15.84,44
88.26,16.20,45
88.28,16.56,46
88.30,16.56,46
88.32,16.20,45
88.34,16.20,45
88.36,15.84,44
88.38,15.12,42
88.40,14.76,41
88.42,14.04,39
88.44,13.32,37
88.46,12.24,34
88.48,11.16,31
88.50,10.08,28
88.52,9.00,25
88.54,7.56,21
88.56,6.12,17
88.58,5.04,14
88.60,3.60,10
88.62,2.16,6
88.64,0.72,2
88.66,-0.72,-2
88.68,-2.16,-6
88.70,-3.60,-10
88.72,-4.68,-13
88.74,-6.12,-17
88.76,-7.20,-20
88.78,-8.28,-23
88.80,-9.36,-26
88.82,-10.44,-29
88.84,-11.16,-31
88.86,-11.88,-33
88.88,-12.60,-35
88.90,-12.96,-36
88.92,-13.32,-37
88.94,-13.32,-37
88.96,-13.32,-37
88.98,-13.32,-37
89.00,-12.96,-36
89.02,-12.60,-35
89.04,-12.24,-34
89.06,-11.52,-32
89.08,-10.80,-30
89.10,-10.08,-28
89.12,-9.36,-26
89.14,-8.28,-23
89.16,-7.20,-20
89.18,-5.76,-16
89.20,-4.68,-13
89.22,-3.24,-9
89.24,-2.16,-6
89.26,-0.72,-2
89.28,0.72,2
89.30,2.16,6
89.32,3.60,10
89.34,5.04,14
89.36,6.12,17
89.38,7.56,21
89.40,8.64,24
89.42,10.08,28
89.44,11.16,31
89.46,11.88,33
89.48,12.96,36
89.50,13.68,38
89.52,14.40,40
89.54,15.12,42
89.56,15.48,43
89.58,15.84,44
89.60,15.84,44
89.62,16.20,45
89.64,16.20,45
89.66,15.84,44
89.68,15.48,43
89.70,15.12,42
89.72,14.76,41
89.74,14.04,39
89.76,12.96,36
89.78,12.24,34
89.80,11.16,31
89.82,10.08,28
89.84,9.00,25
89.86,7.92,22
89.88,6.48,18
89.90,5.04,14
89.92,3.96,11
89.94,2.52,7
89.96,1.08,3
89.98,-0.36,-1
90.00,-1.44,-4
90.02,-2.88,-8
90.04,-4.32,-12
90.06,-5.40,-15
90.08,-6.48,-18
90.10,-7.56,-21
90.12,-8.64,-24
90.14,-9.36,-26
90.16,-10.44,-29
90.18,-11.16,-31
90.20,-11.52,-32
90.22,-11.88,-33
90.24,-12.24,-34
90.26,-12.60,-35
90.28,-12.60,-35
90.30,-12.60,-35
90.32,-12.60,-35
90.34,-12.24,-34
90.36,-11.88,-33
90.38,-11.16,-31
90.40,-10.44,-29
90.42,-9.72,-27
90.44,-9.00,-25
90.46,-7.92,-22
90.48,-6.84,-19
90.50,-5.76,-16
90.52,-4.68,-13
90.54,-3.24,-9
90.56,-1.80,-5
90.58,-0.72,-2
90.60,0.72,2
90.62,2.16,6
90.64,3.24,9
90.66,4.68,13
90.68,6.12,17
90.70,7.20,20
90.72,8.28,23
90.74,9.72,27
90.76,10.44,29
90.78,11.52,32
90.80,12.60,35
90.82,13.32,37
90.84,14.04,39
90.86,14.40,40
90.88,14.76,41
90.90,15.12,42
90.92,15.48,43
90.94,15.48,43
90.96,15.12,42
90.98,15.12,42
91.00,14.76,41
91.02,14.40,40
91.04,13.68,38
91.06,13.32,37
91.08,12.24,34
91.10,11.52,32
91.12,10.44,29
91.14,9.36,26
91.16,8.28,23
91.18,7.20,20
91.20,6.12,17
91.22,4.68,13
91.24,3.60,10
91.26,2.16,6
91.28,0.72,2
91.30,-0.36,-1
91.32,-1.80,-5
91.34,-3.24,-9
91.36,-4.32,-12
91.38,-5.40,-15
91.40,-6.48,-18
91.42,-7.56,-21
91.44,-8.64,-24
91.46,-9.36,-26
91.48,-10.08,-28
91.50,-10.80,-30
91.52,-11.52,-32
91.54,-11.88,-33
91.56,-12.24,-34
91.58,-12.24,-34
91.60,-12.60,-35
91.62,-12.60,-35
91.64,-12.24,-34
91.66,-12.24,-34
91.68,-11.52,-32
91.70,-11.16,-31
91.72,-10.44,-29
91.74,-9.72,-27
91.76,-9.00,-25
91.78,-7.92,-22
91.80,-6.84,-19
91.82,-5.76,-16
91.84,-4.68,-13
91.86,-3.60,-10
91.88,-2.16,-6
91.90,-1.08,-3
91.92,0.36,1
91.94,1.80,5
91.96,2.88,8
91.98,4.32,12
92.00,5.40,15
92.02,6.48,18
92.04,7.92,22
92.06,9.00,25
92.08,10.08,28
92.10,10.80,30
92.12,11.88,33
92.14,12.60,35
92.16,12.96,36
92.18,13.68,38
92.20,14.04,39
92.22,14.40,40
92.24,14.40,40
92.26,14.76,41
92.28,14.76,41
92.30,14.76,41
92.32,14.40,40
92.34,14.04,39
92.36,13.32,37
92.38,12.60,35
92.40,11.88,33
92.42,11.16,31
92.44,10.08,28
92.46,9.36,26
92.48,8.28,23
92.50,7.20,20
92.52,5.76,16
92.54,4.68,13
92.56,3.24,9
92.58,2.16,6
92.60,0.72,2
92.62,-0.36,-1
92.64,-1.80,-5
92.66,-2.88,-8
92.68,-3.96,-11
92.70,-5.04,-14
92.72,-6.12,-17
92.74,-7.20,-20
92.76,-8.28,-23
92.78,-9.00,-25
92.80,-9.72,-27
92.82,-10.44,-29
92.84,-10.80,-30
92.86,-11.52,-32
92.88,-11.52,-32
92.90,-11.88,-33
92.92,-11.88,-33
92.94,-11.52,-32
92.96,-11.52,-32
92.98,-11.16,-31
93.00,-10.80,-30
93.02,-10.44,-29
93.04,-9.72,-27
93.06,-9.00,-25
93.08,-8.28,-23
93.10,-7.20,-20
93.12,-6.12,-17
93.14,-5.04,-14
93.16,-3.96,-11
93.18,-2.88,-8
93.20,-1.80,-5
93.22,-0.36,-1
93.24,0.72,2
93.26,2.16,6
93.28,3.24,9
93.30,4.32,12
93.32,5.76,16
93.34,6.84,19
93.36,7.92,22
93.38,9.00,25
93.40,10.08,28
93.42,10.80,30
93.44,11.52,32
93.46,12.24,34
93.48,12.96,36
93.50,13.68,38
93.52,14.04,39
93.54,14.40,40
93.56,14.40,40
93.58,14.40,40
93.60,14.40,40
93.62,14.04,39
93.64,13.68,38
93.66,13.32,37
93.68,12.96,36
93.70,12.24,34
93.72,11.52,32
93.74,10.80,30
93.76,9.72,27
93.78,9.00,25
93.80,7.92,22
93.82,6.84,19
93.84,5.76,16
93.86,4.32,12
93.88,3.24,9
93.90,2.16,6
93.92,0.72,2
93.94,-0.36,-1
93.96,-1.44,-4
93.98,-2.88,-8
94.00,-3.96,-11
94.02,-5.04,-14
94.04,-6.12,-17
94.06,-6.84,-19
94.08,-7.92,-22
94.10,-8.64,-24
94.12,-9.36,-26
94.14,-10.08,-28
94.16,-10.44,-29
94.18,-10.80,-30
94.20,-11.16,-31
94.22,-11.52,-32
94.24,-11.52,-32
94.26,-11.52,-32
94.28,-11.52,-32
94.30,-11.16,-31
94.32,-10.80,-30
94.34,-10.08,-28
94.36,-9.72,-27
94.38,-9.00,-25
94.40,-8.28,-23
94.42,-7.20,-20
94.44,-6.12,-17
94.46,-5.40,-15
94.48,-4.32,-12
94.50,-3.24,-9
94.52,-1.80,-5
94.54,-0.72,-2
94.56,0.36,1
94.58,1.80,5
94.60,2.88,8
94.62,3.96,11
94.64,5.04,14
94.66,6.12,17
94.68,7.20,20
94.70,8.28,23
94.72,9.36,26
94.74,10.08,28
94.76,10.80,30
94.78,11.52,32
94.80,12.24,34
94.82,12.60,35
94.84,12.96,36
94.86,13.32,37
94.88,13.68,38
94.90,13.68,38
94.92,13.68,38
94.94,13.68,38
94.96,13.32,37
94.98,12.96,36
95.00,12.60,35
95.02,11.88,33
95.04,11.16,31
95.06,10.44,29
95.08,9.36,26
95.10,8.64,24
95.12,7.56,21
95.14,6.48,18
95.16,5.40,15
95.18,4.32,12
95.20,3.24,9
95.22,2.16,6
95.24,0.72,2
95.26,-0.36,-1
95.28,-1.44,-4
95.30,-2.52,-7
95.32,-3.60,-10
95.34,-4.68,-13
95.36,-5.76,-16
95.38,-6.84,-19
95.40,-7.56,-21
95.42,-8.28,-23
95.44,-9.00,-25
95.46,-9.72,-27
95.48,-10.08,-28
95.50,-10.44,-29
95.52,-10.80,-30
95.54,-10.80,-30
95.56,-10.80,-30
95.58,-10.80,-30
95.60,-10.44,-29
95.62,-10.08,-28
95.64,-9.72,-27
95.66,-9.36,-26
95.68,-8.64,-24
95.70,-8.28,-23
95.72,-7.20,-20
95.74,-6.48,-18
95.76,-5.76,-16
95.78,-4.68,-13
95.80,-3.60,-10
95.82,-2.52,-7
95.84,-1.44,-4
95.86,-0.36,-1
95.88,0.72,2
95.90,2.16,6
95.92,3.24,9
95.94,4.32,12
95.96,5.40,15
95.98,6.48,18
96.00,7.56,21
96.02,8.64,24
96.04,9.36,26
96.06,10.08,28
96.08,10.80,30
96.10,11.52,32
96.12,12.24,34
96.14,12.60,35
96.16,12.96,36
96.18,13.32,37
96.20,13.32,37
96.22,13.32,37
96.24,13.32,37
96.26,12.96,36
96.28,12.96,36
96.30,12.60,35
96.32,11.88,33
96.34,11.52,32
96.36,10.80,30
96.38,10.08,28
96.40,9.00,25
96.42,8.28,23
96.44,7.20,20
96.46,6.12,17
96.48,5.40,15
96.50,4.32,12
96.52,2.88,8
96.54,1.80,5
96.56,0.72,2
96.58,-0.36,-1
96.60,-1.44,-4
96.62,-2.52,-7
96.64,-3.60,-10
96.66,-4.68,-13
96.68,-5.40,-15
96.70,-6.48,-18
96.72,-7.20,-20
96.74,-7.92,-22
96.76,-8.64,-24
96.78,-9.00,-25
96.80,-9.72,-27
96.82,-10.08,-28
96.84,-10.08,-28
96.86,-10.44,-29
96.88,-10.44,-29
96.90,-10.44,-29
96.92,-10.44,-29
96.94,-10.08,-28
96.96,-9.72,-27
96.98,-9.36,-26
97.00,-8.64,-24
97.02,-7.92,-22
97.04,-7.20,-20
97.06,-6.48,-18
97.08,-5.76,-16
97.10,-4.68,-13
97.12,-3.60,-10
97.14,-2.52,-7
97.16,-1.44,-4
97.18,-0.36,-1
97.20,0.72,2
97.22,1.80,5
97.24,2.88,8
97.26,3.96,11
97.28,5.04,14
97.30,6.12,17
97.32,6.84,19
97.34,7.92,22
97.36,8.64,24
97.38,9.36,26
97.40,10.08,28
97.42,10.80,30
97.44,11.52,32
97.46,11.88,33
97.48,12.24,34
97.50,12.60,35
97.52,12.60,35
97.54,12.60,35
97.56,12.24,34
97.58,12.24,34
97.60,11.88,33
97.62,11.52,32
97.64,11.16,31
97.66,10.44,29
97.68,10.08,28
97.70,9.36,26
97.72,8.28,23
97.74,7.56,21
97.76,6.48,18
97.78,5.76,16
97.80,4.68,13
97.82,3.60,10
97.84,2.52,7
97.86,1.44,4
97.88,0.36,1
97.90,-0.72,-2
97.92,-1.80,-5
97.94,-2.88,-8
97.96,-3.96,-11
97.98,-4.68,-13
98.00,-5.76,-16
98.02,-6.48,-18
98.04,-7.20,-20
98.06,-7.92,-22
98.08,-8.64,-24
98.10,-9.00,-25
98.12,-9.72,-27
98.14,-9.72,-27
98.16,-10.08,-28
98.18,-10.44,-29
98.20,-10.44,-29
98.22,-10.44,-29
98.24,-10.08,-28
98.26,-10.08,-28
98.28,-9.72,-27
98.30,-9.00,-25
98.32,-8.64,-24
98.34,-7.92,-22
98.36,-7.20,-20
98.38,-6.48,-18
98.40,-5.76,-16
98.42,-4.68,-13
98.44,-3.60,-10
98.46,-2.88,-8
98.48,-1.80,-5
98.50,-0.72,-2
98.52,0.36,1
98.54,1.44,4
98.56,2.52,7
98.58,3.60,10
98.60,4.68,13
98.62,5.40,15
98.64,6.48,18
98.66,7.20,20
98.68,8.28,23
98.70,9.00,25
98.72,9.72,27
98.74,10.08,28
98.76,10.80,30
98.78,11.16,31
98.80,11.52,32
98.82,11.52,32
98.84,11.88,33
98.86,11.88,33
98.88,11.88,33
98.90,11.88,33
98.92,11.52,32
98.94,11.16,31
98.96,10.80,30
98.98,10.08,28
99.00,9.36,26
99.02,8.64,24
99.04,7.92,22
99.06,7.20,20
99.08,6.48,18
99.10,5.40,15
99.12,4.32,12
99.14,3.24,9
99.16,2.52,7
99.18,1.44,4
99.20,0.36,1
99.22,-0.72,-2
99.24,-1.80,-5
99.26,-2.88,-8
99.28,-3.60,-10
99.30,-4.68,-13
99.32,-5.40,-15
99.34,-6.12,-17
99.36,-6.84,-19
99.38,-7.56,-21
99.40,-8.28,-23
99.42,-8.64,-24
99.44,-9.00,-25
99.46,-9.36,-26
99.48,-9.72,-27
99.50,-9.72,-27
99.52,-9.72,-27
99.54,-9.72,-27
99.56,-9.36,-26
99.58,-9.00,-25
99.60,-8.64,-24
99.62,-8.28,-23
99.64,-7.92,-22
99.66,-7.20,-20
99.68,-6.48,-18
99.70,-5.76,-16
99.72,-5.04,-14
99.74,-3.96,-11
99.76,-3.24,-9
99.78,-2.16,-6
99.80,-1.08,-3
99.82,-0.36,-1
99.84,0.72,2
99.86,1.80,5
99.88,2.88,8
99.90,3.96,11
99.92,4.68,13
99.94,5.76,16
99.96,6.48,18
99.98,7.56,21
100.00,8.28,23
100.02,9.00,25
100.04,9.72,27
100.06,10.08,28
100.08,10.80,30
100.10,11.16,31
100.12,11.52,32
100.14,11.52,32
100.16,11.52,32
100.18,11.52,32
100.20,11.52,32
100.22,11.16,31
100.24,11.16,31
100.26,10.80,30
100.28,10.08,28
100.30,9.72,27
100.32,9.00,25
100.34,8.28,23
100.36,7.56,21
100.38,6.84,19
100.40,6.12,17
100.42,5.04,14
100.44,4.32,12
100.46,3.24,9
100.48,2.16,6
100.50,1.08,3
100.52,0.36,1
100.54,-0.72,-2
100.56,-1.80,-5
100.58,-2.52,-7
100.60,-3.60,-10
100.62,-4.32,-12
100.64,-5.40,-15
100.66,-6.12,-17
100.68,-6.84,-19
100.70,-7.20,-20
100.72,-7.92,-22
100.74,-8.28,-23
100.76,-8.64,-24
100.78,-9.00,-25
100.80,-9.36,-26
100.82,-9.36,-26
100.84,-9.00,-25
100.86,-9.00,-25
100.88,-9.00,-25
100.90,-8.64,-24
100.92,-8.28,-23
100.94,-7.92,-22
100.96,-7.20,-20
100.98,-6.84,-19
101.00,-6.12,-17
101.02,-5.40,-15
101.04,-4.68,-13
101.06,-3.60,-10
101.08,-2.88,-8
101.10,-1.80,-5
101.12,-1.08,-3
101.14,0.00,0
101.16,1.08,3
101.18,1.80,5
101.20,2.88,8
101.22,3.96,11
101.24,4.68,13
101.26,5.76,16
101.28,6.48,18
101.30,7.20,20
101.32,7.92,22
101.34,8.64,24
101.36,9.36,26
101.38,9.72,27
101.40,10.44,29
101.42,10.80,30
101.44,10.80,30
101.46,11.16,31
101.48,11.16,31
101.50,11.16,31
101.52,10.80,30
101.54,10.80,30
101.56,10.44,29
101.58,10.08,28
101.60,9.72,27
101.62,9.36,26
101.64,8.64,24
101.66,7.92,22
101.68,7.20,20
101.70,6.48,18
101.72,5.76,16
101.74,4.68,13
101.76,3.96,11
101.78,2.88,8
101.80,2.16,6
101.82,1.08,3
101.84,0.00,0
101.86,-0.72,-2
101.88,-1.80,-5
101.90,-2.52,-7
101.92,-3.60,-10
101.94,-4.32,-12
101.96,-5.04,-14
101.98,-5.76,-16
102.00,-6.48,-18
102.02,-7.20,-20
102.04,-7.56,-21
102.06,-7.92,-22
102.08,-8.28,-23
102.10,-8.64,-24
102.12,-8.64,-24
102.14,-9.00,-25
102.16,-9.00,-25
102.18,-9.00,-25
102.20,-8.64,-24
102.22,-8.64,-24
102.24,-8.28,-23
102.26,-7.92,-22
102.28,-7.20,-20
102.30,-6.84,-19
102.32,-6.12,-17
102.34,-5.40,-15
102.36,-4.68,-13
102.38,-3.60,-10
102.40,-2.88,-8
102.42,-2.16,-6
102.44,-1.08,-3
102.46,-0.36,-1
102.48,0.72,2
102.50,1.80,5
102.52,2.52,7
102.54,3.60,10
102.56,4.32,12
102.58,5.04,14
102.60,6.12,17
102.62,6.84,19
102.64,7.56,21
102.66,7.92,22
102.68,8.64,24
102.70,9.00,25
102.72,9.36,26
102.74,9.72,27
102.76,10.08,28
102.78,10.44,29
102.80,10.44,29
102.82,10.44,29
102.84,10.44,29
102.86,10.44,29
102.88,10.08,28
102.90,9.72,27
102.92,9.36,26
102.94,8.64,24
102.96,8.28,23
102.98,7.56,21
103.00,6.84,19
103.02,6.12,17
103.04,5.40,15
103.06,4.68,13
103.08,3.60,10
103.10,2.88,8
103.12,1.80,5
103.14,1.08,3
103.16,0.00,0
103.18,-0.72,-2
103.20,-1.80,-5
103.22,-2.52,-7
103.24,-3.24,-9
103.26,-4.32,-12
103.28,-5.04,-14
103.30,-5.40,-15
103.32,-6.12,-17
103.34,-6.84,-19
103.36,-7.20,-20
103.38,-7.56,-21
103.40,-7.92,-22
103.42,-8.28,-23
103.44,-8.28,-23
103.46,-8.28,-23
103.48,-8.28,-23
103.50,-8.28,-23
103.52,-7.92,-22
103.54,-7.56,-21
103.56,-7.20,-20
103.58,-6.84,-19
103.60,-6.48,-18
103.62,-5.76,-16
103.64,-5.40,-15
103.66,-4.68,-13
103.68,-3.96,-11
103.70,-3.24,-9
103.72,-2.16,-6
103.74,-1.44,-4
103.76,-0.72,-2
103.78,0.36,1
103.80,1.08,3
103.82,2.16,6
103.84,2.88,8
103.86,3.96,11
103.88,4.68,13
103.90,5.40,15
103.92,6.12,17
103.94,6.84,19
103.96,7.56,21
103.98,8.28,23
104.00,8.64,24
104.02,9.00,25
104.04,9.36,26
104.06,9.72,27
104.08,10.08,28
104.10,10.08,28
104.12,10.44,29
104.14,10.44,29
104.16,10.44,29
104.18,10.08,28
104.20,10.08,28
104.22,9.72,27
104.24,9.00,25
104.26,8.64,24
104.28,8.28,23
104.30,7.56,21
104.32,6.84,19
104.34,6.12,17
104.36,5.40,15
104.38,4.68,13
104.40,3.96,11
104.42,2.88,8
104.44,2.16,6
104.46,1.08,3
104.48,0.36,1
104.50,-0.36,-1
104.52,-1.44,-4
104.54,-2.16,-6
104.56,-2.88,-8
104.58,-3.60,-10
104.60,-4.32,-12
104.62,-5.04,-14
104.64,-5.40,-15
104.66,-6.12,-17
104.68,-6.48,-18
104.70,-6.84,-19
104.72,-7.20,-20
104.74,-7.56,-21
104.76,-7.56,-21
104.78,-7.56,-21
104.80,-7.56,-21
104.82,-7.20,-20
104.84,-7.20,-20
104.86,-6.84,-19
104.88,-6.48,-18
104.90,-6.12,-17
104.92,-5.76,-16
104.94,-5.04,-14
104.96,-4.68,-13
104.98,-3.96,-11
105.00,-3.24,-9
105.02,-2.52,-7
105.04,-1.80,-5
105.06,-0.72,-2
105.08,0.00,0
105.10,0.72,2
105.12,1.80,5
105.14,2.52,7
105.16,3.24,9
105.18,4.32,12
105.20,5.04,14
105.22,5.76,16
105.24,6.48,18
105.26,7.20,20
105.28,7.56,21
105.30,8.28,23
105.32,8.64,24
105.34,9.00,25
105.36,9.36,26
105.38,9.72,27
105.40,10.08,28
105.42,10.08,28
105.44,10.08,28
105.46,10.08,28
105.48,9.72,27
105.50,9.72,27
105.52,9.36,26
105.54,9.00,25
105.56,8.64,24
105.58,8.28,23
105.60,7.56,21
105.62,7.20,20
105.64,6.48,18
105.66,5.76,16
105.68,5.04,14
105.70,4.32,12
105.72,3.60,10
105.74,2.88,8
105.76,1.80,5
105.78,1.08,3
105.80,0.36,1
105.82,-0.36,-1
105.84,-1.44,-4
105.86,-2.16,-6
105.88,-2.88,-8
105.90,-3.60,-10
105.92,-3.96,-11
105.94,-4.68,-13
105.96,-5.40,-15
105.98,-5.76,-16
106.00,-6.12,-17
106.02,-6.48,-18
106.04,-6.84,-19
106.06,-6.84,-19
106.08,-7.20,-20
106.10,-7.20,-20
106.12,-7.20,-20
106.14,-7.20,-20
106.16,-6.84,-19
106.18,-6.84,-19
106.20,-6.48,-18
106.22,-6.12,-17
106.24,-5.40,-15
106.26,-5.04,-14
106.28,-4.32,-12
106.30,-3.96,-11
106.32,-3.24,-9
106.34,-2.52,-7
106.36,-1.80,-5
106.38,-1.08,-3
106.40,0.00,0
106.42,0.72,2
106.44,1.44,4
106.46,2.16,6
106.48,2.88,8
106.50,3.60,10
106.52,4.68,13
106.54,5.04,14
106.56,5.76,16
106.58,6.48,18
106.60,7.20,20
106.62,7.56,21
106.64,7.92,22
106.66,8.64,24
106.68,8.64,24
106.70,9.00,25
106.72,9.36,26
106.74,9.36,26
106.76,9.36,26
106.78,9.00,25
106.80,9.00,25
106.82,9.00,25
106.84,8.64,24
106.86,8.28,23
106.88,7.92,22
106.90,7.56,21
106.92,6.84,19
106.94,6.48,18
106.96,5.76,16
106.98,5.04,14
107.00,4.32,12
107.02,3.60,10
107.04,2.88,8
107.06,2.16,6
107.08,1.44,4
107.10,0.72,2
107.12,0.00,0
107.14,-1.08,-3
107.16,-1.80,-5
107.18,-2.52,-7
107.20,-2.88,-8
107.22,-3.60,-10
107.24,-4.32,-12
107.26,-5.04,-14
107.28,-5.40,-15
107.30,-5.76,-16
107.32,-6.12,-17
107.34,-6.48,-18
107.36,-6.84,-19
107.38,-6.84,-19
107.40,-7.20,-20
107.42,-7.20,-20
107.44,-7.20,-20
107.46,-7.20,-20
107.48,-6.84,-19
107.50,-6.48,-18
107.52,-6.48,-18
107.54,-5.76,-16
107.56,-5.40,-15
107.58,-5.04,-14
107.60,-4.32,-12
107.62,-3.96,-11
107.64,-3.24,-9
107.66,-2.52,-7
107.68,-1.80,-5
107.70,-1.08,-3
107.72,-0.36,-1
107.74,0.36,1
107.76,1.08,3
107.78,1.80,5
107.80,2.52,7
107.82,3.24,9
107.84,3.96,11
107.86,4.68,13
107.88,5.40,15
107.90,6.12,17
107.92,6.48,18
107.94,6.84,19
107.96,7.56,21
107.98,7.92,22
108.00,7.92,22
108.02,8.28,23
108.04,8.64,24
108.06,8.64,24
108.08,8.64,24
108.10,8.64,24
108.12,8.64,24
108.14,8.28,23
108.16,8.28,23
108.18,7.92,22
108.20,7.56,21
108.22,6.84,19
108.24,6.48,18
108.26,6.12,17
108.28,5.40,15
108.30,4.68,13
108.32,3.96,11
108.34,3.24,9
108.36,2.88,8
108.38,1.80,5
108.40,1.08,3
108.42,0.36,1
108.44,-0.36,-1
108.46,-1.08,-3
108.48,-1.80,-5
108.50,-2.16,-6
108.52,-2.88,-8
108.54,-3.60,-10
108.56,-3.96,-11
108.58,-4.68,-13
108.60,-5.04,-14
108.62,-5.40,-15
108.64,-5.76,-16
108.66,-6.12,-17
108.68,-6.48,-18
108.70,-6.48,-18
108.72,-6.48,-18
108.74,-6.48,-18
108.76,-6.48,-18
108.78,-6.12,-17
108.80,-6.12,-17
108.82,-5.76,-16
108.84,-5.40,-15
108.86,-5.04,-14
108.88,-4.68,-13
108.90,-4.32,-12
108.92,-3.60,-10
108.94,-3.24,-9
108.96,-2.52,-7
108.98,-1.80,-5
109.00,-1.08,-3
109.02,-0.36,-1
109.04,0.36,1
109.06,1.08,3
109.08,1.80,5
109.10,2.52,7
109.12,3.24,9
109.14,3.60,10
109.16,4.32,12
109.18,5.04,14
109.20,5.76,16
109.22,6.12,17
109.24,6.48,18
109.26,7.20,20
109.28,7.56,21
109.30,7.92,22
109.32,7.92,22
109.34,8.28,23
109.36,8.28,23
109.38,8.64,24
109.40,8.64,24
109.42,8.64,24
109.44,8.64,24
109.46,8.28,23
109.48,7.92,22
109.50,7.56,21
109.52,7.20,20
109.54,6.84,19
109.56,6.48,18
109.58,6.12,17
109.60,5.40,15
109.62,4.68,13
109.64,4.32,12
109.66,3.60,10
109.68,2.88,8
109.70,2.16,6
109.72,1.44,4
109.74,0.72,2
109.76,0.00,0
109.78,-0.72,-2
109.80,-1.08,-3
109.82,-1.80,-5
109.84,-2.52,-7
109.86,-2.88,-8
109.88,-3.60,-10
109.90,-3.96,-11
109.92,-4.32,-12
109.94,-4.68,-13
109.96,-5.04,-14
109.98,-5.40,-15
110.00,-5.76,-16
110.02,-5.76,-16
110.04,-5.76,-16
110.06,-5.76,-16
110.08,-5.40,-15
110.10,-5.40,-15
110.12,-5.40,-15
110.14,-5.04,-14
110.16,-4.68,-13
110.18,-4.32,-12
110.20,-3.96,-11
110.22,-3.60,-10
110.24,-2.88,-8
110.26,-2.52,-7
110.28,-1.80,-5
110.30,-1.08,-3
110.32,-0.36,-1
110.34,0.00,0
110.36,0.72,2
110.38,1.44,4
110.40,2.16,6
110.42,2.88,8
110.44,3.60,10
110.46,3.96,11
110.48,4.68,13
110.50,5.40,15
110.52,5.76,16
110.54,6.48,18
110.56,6.84,19
110.58,7.20,20
110.60,7.56,21
110.62,7.92,22
110.64,7.92,22
110.66,8.28,23
110.68,8.28,23
110.70,8.28,23
110.72,8.28,23
110.74,8.28,23
110.76,7.92,22
110.78,7.92,22
110.80,7.56,21
110.82,7.20,20
110.84,6.84,19
110.86,6.48,18
110.88,6.12,17
110.90,5.40,15
110.92,5.04,14
110.94,4.32,12
110.96,3.96,11
110.98,3.24,9
111.00,2.52,7
111.02,1.80,5
111.04,1.44,4
111.06,0.72,2
111.08,0.00,0
111.10,-0.72,-2
111.12,-1.08,-3
111.14,-1.80,-5
111.16,-2.52,-7
111.18,-2.88,-8
111.20,-3.24,-9
111.22,-3.96,-11
111.24,-4.32,-12
111.26,-4.68,-13
111.28,-4.68,-13
111.30,-5.04,-14
111.32,-5.40,-15
111.34,-5.40,-15
111.36,-5.40,-15
111.38,-5.40,-15
111.40,-5.40,-15
111.42,-5.40,-15
111.44,-5.04,-14
111.46,-5.04,-14
111.48,-4.68,-13
111.50,-4.32,-12
111.52,-3.96,-11
111.54,-3.24,-9
111.56,-2.88,-8
111.58,-2.52,-7
111.60,-1.80,-5
111.62,-1.08,-3
111.64,-0.72,-2
111.66,0.00,0
111.68,0.72,2
111.70,1.08,3
111.72,1.80,5
111.74,2.52,7
111.76,3.24,9
111.78,3.60,10
111.80,4.32,12
111.82,4.68,13
111.84,5.40,15
111.86,5.76,16
111.88,6.12,17
111.90,6.48,18
111.92,6.84,19
111.94,7.20,20
111.96,7.20,20
111.98,7.56,21
112.00,7.56,21
112.02,7.56,21
112.04,7.56,21
112.06,7.20,20
112.08,7.20,20
112.10,7.20,20
112.12,6.84,19
112.14,6.48,18
112.16,6.12,17
112.18,5.76,16
112.20,5.40,15
112.22,4.68,13
112.24,4.32,12
112.26,3.60,10
112.28,3.24,9
112.30,2.52,7
112.32,2.16,6
112.34,1.44,4
112.36,0.72,2
112.38,0.36,1
112.40,-0.36,-1
112.42,-1.08,-3
112.44,-1.44,-4
112.46,-2.16,-6
112.48,-2.52,-7
112.50,-3.24,-9
112.52,-3.60,-10
112.54,-3.96,-11
112.56,-4.32,-12
112.58,-4.68,-13
112.60,-4.68,-13
112.62,-5.04,-14
112.64,-5.04,-14
112.66,-5.40,-15
112.68,-5.40,-15
112.70,-5.40,-15
112.72,-5.40,-15
112.74,-5.40,-15
112.76,-5.04,-14
112.78,-4.68,-13
112.80,-4.68,-13
112.82,-4.32,-12
112.84,-3.96,-11
112.86,-3.24,-9
112.88,-2.88,-8
112.90,-2.52,-7
112.92,-1.80,-5
112.94,-1.44,-4
112.96,-0.72,-2
112.98,0.00,0
113.00,0.36,1
113.02,1.08,3
113.04,1.44,4
113.06,2.16,6
113.08,2.88,8
113.10,3.24,9
113.12,3.96,11
113.14,4.32,12
113.16,4.68,13
113.18,5.04,14
113.20,5.40,15
113.22,5.76,16
113.24,6.12,17
113.26,6.48,18
113.28,6.48,18
113.30,6.84,19
113.32,6.84,19
113.34,6.84,19
113.36,6.48,18
113.38,6.48,18
113.40,6.48,18
113.42,6.12,17
113.44,6.12,17
113.46,5.76,16
113.48,5.40,15
113.50,5.04,14
113.52,4.68,13
113.54,3.96,11
113.56,3.60,10
113.58,3.24,9
113.60,2.52,7
113.62,2.16,6
113.64,1.44,4
113.66,0.72,2
113.68,0.36,1
113.70,-0.36,-1
113.72,-0.72,-2
113.74,-1.44,-4
113.76,-1.80,-5
113.78,-2.52,-7
113.80,-2.88,-8
113.82,-3.24,-9
113.84,-3.60,-10
113.86,-3.96,-11
113.88,-4.32,-12
113.90,-4.68,-13
113.92,-4.68,-13
113.94,-5.04,-14
113.96,-5.04,-14
113.98,-5.40,-15
114.00,-5.40,-15
114.02,-5.40,-15
114.04,-5.40,-15
114.06,-5.04,-14
114.08,-5.04,-14
114.10,-4.68,-13
114.12,-4.32,-12
114.14,-3.96,-11
114.16,-3.60,-10
114.18,-3.24,-9
114.20,-2.88,-8
114.22,-2.52,-7
114.24,-1.80,-5
114.26,-1.44,-4
114.28,-0.72,-2
114.30,-0.36,-1
114.32,0.36,1
114.34,0.72,2
114.36,1.44,4
114.38,1.80,5
114.40,2.52,7
114.42,2.88,8
114.44,3.24,9
114.46,3.96,11
114.48,4.32,12
114.50,4.68,13
114.52,5.04,14
114.54,5.40,15
114.56,5.40,15
114.58,5.76,16
114.60,5.76,16
114.62,6.12,17
114.64,6.12,17
114.66,6.12,17
114.68,6.12,17
114.70,6.12,17
114.72,6.12,17
114.74,5.76,16
114.76,5.40,15
114.78,5.40,15
114.80,5.04,14
114.82,4.68,13
114.84,4.32,12
114.86,3.60,10
114.88,3.24,9
114.90,2.88,8
114.92,2.16,6
114.94,1.80,5
114.96,1.44,4
114.98,0.72,2
115.00,0.36,1
115.02,-0.36,-1
115.04,-0.72,-2
115.06,-1.44,-4
115.08,-1.80,-5
115.10,-2.16,-6
115.12,-2.52,-7
115.14,-3.24,-9
115.16,-3.60,-10
115.18,-3.60,-10
115.20,-3.96,-11
115.22,-4.32,-12
115.24,-4.68,-13
115.26,-4.68,-13
115.28,-4.68,-13
115.30,-4.68,-13
115.32,-4.68,-13
115.34,-4.68,-13
115.36,-4.32,-12
115.38,-4.32,-12
115.40,-4.32,-12
115.42,-3.96,-11
115.44,-3.60,-10
115.46,-3.24,-9
115.48,-2.88,-8
115.50,-2.52,-7
115.52,-2.16,-6
115.54,-1.80,-5
115.56,-1.44,-4
115.58,-0.72,-2
115.60,-0.36,-1
115.62,0.36,1
115.64,0.72,2
115.66,1.08,3
115.68,1.80,5
115.70,2.16,6
115.72,2.52,7
115.74,3.24,9
115.76,3.60,10
115.78,3.96,11
115.80,4.32,12
115.82,4.68,13
115.84,5.04,14
115.86,5.40,15
115.88,5.40,15
115.90,5.76,16
115.92,5.76,16
115.94,6.12,17
115.96,6.12,17
115.98,6.12,17
116.00,6.12,17
116.02,6.12,17
116.04,5.76,16
116.06,5.76,16
116.08,5.40,15
116.10,5.04,14
116.12,5.04,14
116.14,4.68,13
116.16,4.32,12
116.18,3.60,10
116.20,3.24,9
116.22,2.88,8
116.24,2.52,7
116.26,1.80,5
116.28,1.44,4
116.30,1.08,3
116.32,0.36,1
116.34,0.00,0
116.36,-0.36,-1
116.38,-1.08,-3
116.40,-1.44,-4
116.42,-1.80,-5
116.44,-2.16,-6
116.46,-2.52,-7
116.48,-2.88,-8
116.50,-3.24,-9
116.52,-3.24,-9
116.54,-3.60,-10
116.56,-3.96,-11
116.58,-3.96,-11
116.60,-3.96,-11
116.62,-3.96,-11
116.64,-3.96,-11
116.66,-3.96,-11
116.68,-3.60,-10
116.70,-3.60,-10
116.72,-3.24,-9
116.74,-3.24,-9
116.76,-2.88,-8
116.78,-2.52,-7
116.80,-2.16,-6
116.82,-1.80,-5
116.84,-1.44,-4
116.86,-1.08,-3
116.88,-0.72,-2
116.90,-0.36,-1
116.92,0.36,1
116.94,0.72,2
116.96,1.08,3
116.98,1.80,5
117.00,2.16,6
117.02,2.52,7
117.04,2.88,8
117.06,3.60,10
117.08,3.96,11
117.10,4.32,12
117.12,4.68,13
117.14,4.68,13
117.16,5.04,14
117.18,5.40,15
117.20,5.40,15
117.22,5.76,16
117.24,5.76,16
117.26,5.76,16
117.28,5.76,16
117.30,6.12,17
117.32,6.12,17
117.34,6.12,17
117.36,5.76,16
117.38,5.76,16
117.40,5.40,15
117.42,5.04,14
117.44,4.68,13
117.46,4.68,13
117.48,4.32,12
117.50,3.96,11
117.52,3.24,9
117.54,2.88,8
117.56,2.52,7
117.58,2.16,6
117.60,1.80,5
117.62,1.08,3
117.64,0.72,2
117.66,0.36,1
117.68,0.00,0
117.70,-0.36,-1
117.72,-1.08,-3
117.74,-1.44,-4
117.76,-1.80,-5
117.78,-1.80,-5
117.80,-2.16,-6
117.82,-2.52,-7
117.84,-2.88,-8
117.86,-2.88,-8
117.88,-3.24,-9
117.90,-3.24,-9
117.92,-3.24,-9
117.94,-3.24,-9
117.96,-3.24,-9
117.98,-2.88,-8
118.00,-2.88,-8
118.02,-2.88,-8
118.04,-2.52,-7
118.06,-2.52,-7
118.08,-2.16,-6
118.10,-1.80,-5
118.12,-1.44,-4
118.14,-1.08,-3
118.16,-0.72,-2
118.18,-0.36,-1
118.20,0.00,0
118.22,0.36,1
118.24,0.72,2
118.26,1.08,3
118.28,1.80,5
118.30,2.16,6
118.32,2.52,7
118.34,2.88,8
118.36,3.24,9
118.38,3.60,10
118.40,3.96,11
118.42,4.32,12
118.44,4.68,13
118.46,5.04,14
118.48,5.04,14
118.50,5.40,15
118.52,5.76,16
118.54,5.76,16
118.56,5.76,16
118.58,5.76,16
118.60,5.76,16
118.62,5.76,16
118.64,5.76,16
118.66,5.40,15
118.68,5.40,15
118.70,5.04,14
118.72,5.04,14
118.74,4.68,13
118.76,4.32,12
118.78,4.32,12
118.80,3.96,11
118.82,3.60,10
118.84,3.24,9
118.86,2.88,8
118.88,2.16,6
118.90,1.80,5
118.92,1.44,4
118.94,1.08,3
118.96,0.72,2
118.98,0.36,1
119.00,0.00,0
119.02,-0.36,-1
119.04,-0.72,-2
119.06,-1.08,-3
119.08,-1.44,-4
119.10,-1.80,-5
119.12,-2.16,-6
119.14,-2.16,-6
119.16,-2.52,-7
119.18,-2.52,-7
119.20,-2.88,-8
119.22,-2.88,-8
119.24,-2.88,-8
119.26,-2.88,-8
119.28,-2.88,-8
119.30,-2.88,-8
119.32,-2.88,-8
119.34,-2.52,-7
119.36,-2.52,-7
119.38,-2.16,-6
119.40,-2.16,-6
119.42,-1.80,-5
119.44,-1.44,-4
119.46,-1.08,-3
119.48,-0.72,-2
119.50,-0.36,-1
119.52,0.00,0
119.54,0.36,1
119.56,0.72,2
119.58,1.08,3
119.60,1.44,4
119.62,1.80,5
119.64,2.16,6
119.66,2.52,7
119.68,2.88,8
119.70,3.24,9
119.72,3.60,10
119.74,3.96,11
119.76,3.96,11
119.78,4.32,12
119.80,4.68,13
119.82,4.68,13
119.84,5.04,14
119.86,5.04,14
119.88,5.04,14
119.90,5.04,14
119.92,5.04,14
119.94,5.04,14
119.96,4.68,13
119.98,4.68,13
120.00,4.68,13
120.02,4.32,12
120.04,4.32,12
120.06,3.96,11
120.08,3.60,10
120.10,3.60,10
120.12,3.24,9
120.14,2.88,8
120.16,2.52,7
120.18,2.16,6
120.20,1.80,5
120.22,1.44,4
120.24,1.08,3
120.26,0.72,2
120.28,0.36,1
120.30,0.00,0
120.32,-0.36,-1
120.34,-0.72,-2
120.36,-1.08,-3
120.38,-1.44,-4
120.40,-1.80,-5
120.42,-1.80,-5
120.44,-2.16,-6
120.46,-2.16,-6
120.48,-2.52,-7
120.50,-2.52,-7
120.52,-2.52,-7
120.54,-2.88,-8
120.56,-2.88,-8
120.58,-2.88,-8
120.60,-2.88,-8
120.62,-2.88,-8
120.64,-2.88,-8
120.66,-2.52,-7
120.68,-2.52,-7
120.70,-2.16,-6
120.72,-2.16,-6
120.74,-1.80,-5
120.76,-1.44,-4
120.78,-1.08,-3
120.80,-1.08,-3
120.82,-0.72,-2
120.84,-0.36,-1
120.86,0.00,0
120.88,0.36,1
120.90,0.72,2
120.92,1.08,3
120.94,1.44,4
120.96,1.80,5
120.98,2.16,6
121.00,2.52,7
121.02,2.88,8
121.04,2.88,8
121.06,3.24,9
121.08,3.60,10
121.10,3.60,10
121.12,3.96,11
121.14,3.96,11
121.16,4.32,12
121.18,4.32,12
121.20,4.32,12
121.22,4.32,12
121.24,4.32,12
121.26,3.96,11
121.28,3.96,11
121.30,3.96,11
121.32,3.96,11
121.34,3.60,10
121.36,3.60,10
121.38,3.24,9
121.40,2.88,8
121.42,2.88,8
121.44,2.52,7
121.46,2.16,6
121.48,1.80,5
121.50,1.44,4
121.52,1.08,3
121.54,0.72,2
121.56,0.72,2
121.58,0.36,1
121.60,0.00,0
121.62,-0.36,-1
121.64,-0.72,-2
121.66,-1.08,-3
121.68,-1.44,-4
121.70,-1.44,-4
121.72,-1.80,-5
121.74,-2.16,-6
121.76,-2.16,-6
121.78,-2.52,-7
121.80,-2.52,-7
121.82,-2.52,-7
121.84,-2.52,-7
121.86,-2.88,-8
121.88,-2.88,-8
121.90,-2.88,-8
121.92,-2.88,-8
121.94,-2.88,-8
121.96,-2.52,-7
121.98,-2.52,-7
122.00,-2.52,-7
122.02,-2.16,-6
122.04,-2.16,-6
122.06,-1.80,-5
122.08,-1.44,-4
122.10,-1.44,-4
122.12,-1.08,-3
122.14,-0.72,-2
122.16,-0.36,-1
122.18,0.00,0
122.20,0.36,1
122.22,0.36,1
122.24,0.72,2
122.26,1.08,3
122.28,1.44,4
122.30,1.80,5
122.32,2.16,6
122.34,2.16,6
122.36,2.52,7
122.38,2.88,8
122.40,2.88,8
122.42,3.24,9
122.44,3.24,9
122.46,3.24,9
122.48,3.60,10
122.50,3.60,10
122.52,3.60,10
122.54,3.60,10
122.56,3.60,10
122.58,3.60,10
122.60,3.60,10
122.62,3.60,10
122.64,3.24,9
122.66,3.24,9
122.68,3.24,9
122.70,2.88,8
122.72,2.52,7
122.74,2.52,7
122.76,2.16,6
122.78,1.80,5
122.80,1.80,5
122.82,1.44,4
122.84,1.08,3
122.86,0.72,2
122.88,0.36,1
122.90,0.36,1
122.92,0.00,0
122.94,-0.36,-1
122.96,-0.72,-2
122.98,-0.72,-2
123.00,-1.08,-3
123.02,-1.44,-4
123.04,-1.44,-4
123.06,-1.80,-5
123.08,-1.80,-5
123.10,-2.16,-6
123.12,-2.16,-6
123.14,-2.16,-6
123.16,-2.16,-6
123.18,-2.16,-6
123.20,-2.52,-7
123.22,-2.52,-7
123.24,-2.52,-7
123.26,-2.52,-7
123.28,-2.16,-6
123.30,-2.16,-6
123.32,-2.16,-6
123.34,-1.80,-5
123.36,-1.80,-5
123.38,-1.44,-4
123.40,-1.08,-3
123.42,-1.08,-3
123.44,-0.72,-2
123.46,-0.36,-1
123.48,-0.36,-1
123.50,0.00,0
123.52,0.36,1
123.54,0.72,2
123.56,0.72,2
123.58,1.08,3
123.60,1.44,4
123.62,1.80,5
123.64,1.80,5
123.66,2.16,6
123.68,2.16,6
123.70,2.52,7
123.72,2.52,7
123.74,2.88,8
123.76,2.88,8
123.78,2.88,8
123.80,3.24,9
123.82,3.24,9
123.84,3.24,9
123.86,3.24,9
123.88,3.24,9
123.90,3.24,9
123.92,3.24,9
123.94,3.24,9
123.96,2.88,8
123.98,2.88,8
124.00,2.52,7
124.02,2.52,7
124.04,2.16,6
124.06,2.16,6
124.08,1.80,5
124.10,1.80,5
124.12,1.44,4
124.14,1.08,3
124.16,1.08,3
124.18,0.72,2
124.20,0.36,1
124.22,0.00,0
124.24,0.00,0
124.26,-0.36,-1
124.28,-0.72,-2
124.30,-0.72,-2
124.32,-1.08,-3
124.34,-1.08,-3
124.36,-1.44,-4
124.38,-1.44,-4
124.40,-1.44,-4
124.42,-1.80,-5
124.44,-1.80,-5
124.46,-1.80,-5
124.48,-1.80,-5
124.50,-1.80,-5
124.52,-1.80,-5
124.54,-1.80,-5
124.56,-1.80,-5
124.58,-1.44,-4
124.60,-1.44,-4
124.62,-1.44,-4
124.64,-1.44,-4
124.66,-1.08,-3
124.68,-1.08,-3
124.70,-0.72,-2
124.72,-0.72,-2
124.74,-0.36,-1
124.76,0.00,0
124.78,0.00,0
124.80,0.36,1
124.82,0.72,2
124.84,0.72,2
124.86,1.08,3
124.88,1.08,3
124.90,1.44,4
124.92,1.80,5
124.94,1.80,5
124.96,2.16,6
124.98,2.16,6
125.00,2.52,7
125.02,2.52,7
125.04,2.88,8
125.06,2.88,8
125.08,2.88,8
125.10,2.88,8
125.12,3.24,9
125.14,3.24,9
125.16,3.24,9
125.18,3.24,9
125.20,3.24,9
125.22,3.24,9
125.24,3.24,9
125.26,3.24,9
125.28,2.88,8
125.30,2.88,8
125.32,2.52,7
125.34,2.52,7
125.36,2.52,7
125.38,2.16,6
125.40,2.16,6
125.42,1.80,5
125.44,1.44,4
125.46,1.44,4
125.48,1.08,3
125.50,1.08,3
125.52,0.72,2
125.54,0.36,1
125.56,0.36,1
125.58,0.00,0
125.60,0.00,0
125.62,-0.36,-1
125.64,-0.36,-1
125.66,-0.72,-2
125.68,-0.72,-2
125.70,-0.72,-2
125.72,-1.08,-3
125.74,-1.08,-3
125.76,-1.08,-3
125.78,-1.08,-3
125.80,-1.08,-3
125.82,-1.08,-3
125.84,-1.08,-3
125.86,-1.08,-3
125.88,-1.08,-3
125.90,-0.72,-2
125.92,-0.72,-2
125.94,-0.72,-2
125.96,-0.36,-1
125.98,-0.36,-1
126.00,-0.36,-1
126.02,0.00,0
126.04,0.00,0
126.06,0.36,1
126.08,0.36,1
126.10,0.72,2
126.12,0.72,2
126.14,1.08,3
126.16,1.08,3
126.18,1.44,4
126.20,1.44,4
126.22,1.80,5
126.24,2.16,6
126.26,2.16,6
126.28,2.16,6
126.30,2.52,7
126.32,2.52,7
126.34,2.88,8
126.36,2.88,8
126.38,2.88,8
126.40,2.88,8
126.42,3.24,9
126.44,3.24,9
126.46,3.24,9
126.48,3.24,9
126.50,3.24,9
126.52,3.24,9
126.54,3.24,9
126.56,3.24,9
126.58,2.88,8
126.60,2.88,8
126.62,2.88,8
126.64,2.88,8
126.66,2.52,7
126.68,2.52,7
126.70,2.16,6
126.72,2.16,6
126.74,1.80,5
126.76,1.80,5
126.78,1.44,4
126.80,1.44,4
126.82,1.08,3
126.84,1.08,3
126.86,0.72,2
126.88,0.72,2
126.90,0.36,1
126.92,0.36,1
126.94,0.36,1
126.96,0.00,0
126.98,0.00,0
127.00,0.00,0
127.02,-0.36,-1
127.04,-0.36,-1
127.06,-0.36,-1
127.08,-0.36,-1
127.10,-0.36,-1
127.12,-0.36,-1
127.14,-0.36,-1
127.16,-0.36,-1
127.18,-0.36,-1
127.20,0.00,0
127.22,0.00,0
127.24,0.00,0
127.26,0.00,0
127.28,0.00,0
127.30,0.36,1
127.32,0.36,1
127.34,0.72,2
127.36,0.72,2
127.38,0.72,2
127.40,1.08,3
127.42,1.08,3
127.44,1.44,4
127.46,1.44,4
127.48,1.80,5
127.50,1.80,5
127.52,1.80,5
127.54,2.16,6
127.56,2.16,6
127.58,2.52,7
127.60,2.52,7
127.62,2.52,7
127.64,2.88,8
127.66,2.88,8
127.68,2.88,8
127.70,2.88,8
127.72,2.88,8
127.74,3.24,9
127.76,3.24,9
127.78,3.24,9
127.80,3.24,9
127.82,3.24,9
127.84,3.24,9
127.86,3.24,9
127.88,3.24,9
127.90,2.88,8
127.92,2.88,8
127.94,2.88,8
127.96,2.88,8
127.98,2.52,7
128.00,2.52,7
128.02,2.52,7
128.04,2.16,6
128.06,2.16,6
128.08,1.80,5
128.10,1.80,5
128.12,1.80,5
128.14,1.44,4
128.16,1.44,4
128.18,1.44,4
128.20,1.08,3
128.22,1.08,3
128.24,0.72,2
128.26,0.72,2
128.28,0.72,2
128.30,0.72,2
128.32,0.36,1
128.34,0.36,1
128.36,0.36,1
128.38,0.36,1
128.40,0.36,1
128.42,0.36,1
128.44,0.36,1
128.46,0.36,1
128.48,0.36,1
128.50,0.36,1
128.52,0.72,2
128.54,0.72,2
128.56,0.72,2
128.58,0.72,2
128.60,0.72,2
128.62,1.08,3
128.64,1.08,3
128.66,1.08,3
128.68,1.44,4
128.70,1.44,4
128.72,1.44,4
128.74,1.80,5
128.76,1.80,5
128.78,1.80,5
128.80,2.16,6
128.82,2.16,6
128.84,2.16,6
128.86,2.52,7
128.88,2.52,7
128.90,2.52,7
128.92,2.52,7
128.94,2.88,8
128.96,2.88,8
128.98,2.88,8
129.00,2.88,8
129.02,2.88,8
129.04,2.88,8
129.06,3.24,9
129.08,3.24,9
129.10,3.24,9
129.12,3.24,9
129.14,3.24,9
129.16,3.24,9
129.18,3.24,9
129.20,3.24,9
129.22,2.88,8
129.24,2.88,8
129.26,2.88,8
129.28,2.88,8
129.30,2.88,8
129.32,2.52,7
129.34,2.52,7
129.36,2.52,7
129.38,2.16,6
129.40,2.16,6
129.42,2.16,6
129.44,2.16,6
129.46,1.80,5
129.48,1.80,5
129.50,1.80,5
129.52,1.44,4
129.54,1.44,4
129.56,1.44,4
129.58,1.44,4
129.60,1.44,4
129.62,1.08,3
129.64,1.08,3
129.66,1.08,3
129.68,1.08,3
129.70,1.08,3
129.72,1.08,3
129.74,1.08,3
129.76,1.08,3
129.78,1.08,3
129.80,1.08,3
129.82,1.44,4
129.84,1.44,4
129.86,1.44,4
129.88,1.44,4
129.90,1.44,4
129.92,1.44,4
129.94,1.44,4
129.96,1.80,5
129.98,1.80,5
130.00,1.80,5
130.02,1.80,5
130.04,2.16,6
130.06,2.16,6
130.08,2.16,6
130.10,2.16,6
130.12,2.52,7
130.14,2.52,7
130.16,2.52,7
130.18,2.52,7
130.20,2.88,8
130.22,2.88,8
130.24,2.88,8
130.26,2.88,8
130.28,2.88,8
130.30,2.88,8
130.32,2.88,8
130.34,2.88,8
130.36,2.88,8
130.38,3.24,9
130.40,3.24,9
130.42,3.24,9
130.44,3.24,9
130.46,3.24,9
130.48,3.24,9
130.50,3.24,9
130.52,3.24,9
130.54,2.88,8
130.56,2.88,8
130.58,2.88,8
130.60,2.88,8
130.62,2.88,8
130.64,2.88,8
130.66,2.52,7
130.68,2.52,7
130.70,2.52,7
130.72,2.52,7
130.74,2.52,7
130.76,2.16,6
130.78,2.16,6
130.80,2.16,6
130.82,2.16,6
130.84,2.16,6
130.86,2.16,6
130.88,1.80,5
130.90,1.80,5
130.92,1.80,5
130.94,1.80,5
130.96,1.80,5
130.98,1.80,5
131.00,1.80,5
131.02,1.80,5
131.04,1.80,5
131.06,1.80,5
131.08,1.80,5
131.10,1.80,5
131.12,1.80,5
131.14,2.16,6
131.16,2.16,6
131.18,2.16,6
131.20,2.16,6
131.22,2.16,6
131.24,2.16,6
131.26,2.16,6
131.28,2.16,6
131.30,2.52,7
131.32,2.52,7
131.34,2.52,7
131.36,2.52,7
131.38,2.52,7
131.40,2.52,7
131.42,2.52,7
131.44,2.88,8
131.46,2.88,8
131.48,2.88,8
131.50,2.88,8
131.52,2.88,8
131.54,2.88,8
131.56,2.88,8
131.58,2.88,8
131.60,2.88,8
131.62,2.88,8
131.64,3.24,9
131.66,3.24,9
131.68,3.24,9
131.70,3.24,9
131.72,3.24,9
131.74,3.24,9
131.76,3.24,9
131.78,3.24,9
131.80,3.24,9
131.82,3.24,9
131.84,3.24,9
131.86,3.24,9
131.88,3.24,9
131.90,2.88,8
131.92,2.88,8
131.94,2.88,8
131.96,2.88,8
131.98,2.88,8
132.00,2.88,8
132.02,2.88,8
132.04,2.88,8
132.06,2.88,8
132.08,2.52,7
132.10,2.52,7
132.12,2.52,7
132.14,2.52,7
132.16,2.52,7
132.18,2.52,7
132.20,2.52,7
132.22,2.52,7
132.24,2.52,7
132.26,2.52,7
132.28,2.52,7
132.30,2.52,7
132.32,2.52,7
132.34,2.52,7
132.36,2.52,7
132.38,2.52,7
132.40,2.52,7
132.42,2.52,7
132.44,2.52,7
132.46,2.88,8
132.48,2.88,8
132.50,2.88,8
132.52,2.88,8
132.54,2.88,8
132.56,2.88,8
132.58,2.88,8
132.60,2.88,8
132.62,2.88,8
132.64,2.88,8
132.66,2.88,8
132.68,2.88,8
132.70,2.88,8
132.72,2.88,8
132.74,3.24,9
132.76,3.24,9
132.78,3.24,9
132.80,3.24,9
132.82,3.24,9
132.84,3.24,9
132.86,3.24,9
132.88,3.24,9
132.90,3.24,9
132.92,3.24,9
132.94,3.24,9
132.96,3.24,9
132.98,3.24,9
133.00,3.24,9
133.02,3.24,9
133.04,3.24,9
133.06,3.24,9
133.08,3.24,9
133.10,3.24,9
133.12,3.24,9
133.14,3.24,9
133.16,3.24,9
133.18,3.24,9
133.20,3.24,9
133.22,3.24,9
133.24,3.24,9
133.26,3.24,9
133.28,3.24,9
133.30,3.24,9
133.32,2.88,8
133.34,2.88,8
133.36,2.88,8
133.38,2.88,8
133.40,2.88,8
133.42,2.88,8
133.44,2.88,8
133.46,2.88,8
133.48,2.88,8
133.50,2.88,8
133.52,2.88,8
133.54,2.88,8
133.56,2.88,8
133.58,2.88,8
133.60,2.88,8
133.62,2.88,8
133.64,2.88,8
133.66,2.88,8
133.68,2.88,8
133.70,2.88,8
133.72,2.88,8
133.74,2.88,8
133.76,2.88,8
133.78,2.88,8
133.80,2.88,8
133.82,2.88,8
133.84,2.88,8
133.86,2.88,8
133.88,2.88,8
133.90,2.88,8
133.92,2.88,8
133.94,2.88,8
133.96,2.88,8
133.98,2.88,8
134.00,2.88,8
134.02,2.88,8
134.04,2.88,8
134.06,2.88,8
134.08,2.88,8
134.10,2.88,8
134.12,2.88,8
134.14,2.88,8
134.16,2.88,8
134.18,2.88,8
134.20,2.88,8
134.22,2.88,8
134.24,2.88,8
134.26,2.88,8
134.28,2.88,8
134.30,2.88,8
134.32,2.88,8
134.34,2.88,8
134.36,2.88,8
134.38,2.88,8
134.40,2.88,8
134.42,2.88,8
134.44,2.88,8
134.46,2.88,8
134.48,2.88,8
134.50,2.88,8
134.52,2.88,8
134.54,2.88,8
134.56,2.88,8
134.58,2.88,8
134.60,2.88,8
134.62,2.88,8
134.64,2.88,8
134.66,2.88,8
134.68,2.88,8
134.70,2.88,8
134.72,2.88,8
134.74,2.88,8
134.76,2.88,8
134.78,2.88,8
134.80,2.88,8
134.82,2.88,8
134.84,2.88,8
134.86,2.88,8
134.88,2.88,8
134.90,2.88,8
134.92,2.88,8
134.94,2.88,8
134.96,2.88,8
134.98,2.88,8
135.00,2.88,8
135.02,2.88,8
135.04,2.88,8
135.06,2.88,8
135.08,2.88,8
135.10,2.88,8
135.12,2.88,8
135.14,2.88,8
135.16,2.88,8
135.18,2.88,8
135.20,2.88,8
135.22,2.88,8
135.24,2.88,8
135.26,2.88,8
135.28,2.88,8
135.30,2.88,8
135.32,2.88,8
135.34,2.88,8
135.36,2.88,8
135.38,2.88,8
135.40,2.88,8
135.42,2.88,8
135.44,2.88,8
135.46,2.88,8
135.48,2.88,8
135.50,2.88,8
135.52,2.88,8
135.54,2.88,8
135.56,2.88,8
135.58,2.88,8
135.60,2.88,8
135.62,2.88,8
135.64,2.88,8
135.66,2.88,8
135.68,2.88,8
135.70,2.88,8
135.72,2.88,8
135.74,2.88,8
135.76,2.88,8
135.78,2.88,8
135.80,2.88,8
135.82,2.88,8
135.84,2.88,8
135.86,2.88,8
135.88,2.88,8
135.90,2.88,8
135.92,2.88,8
135.94,2.88,8
135.96,2.88,8
135.98,2.88,8
136.00,2.88,8
136.02,2.88,8
136.04,2.88,8
136.06,2.88,8
136.08,2.88,8
136.10,2.88,8
136.12,2.88,8
136.14,2.88,8
136.16,2.88,8
136.18,2.88,8
136.20,2.88,8
136.22,2.88,8
136.24,2.88,8
136.26,2.88,8
136.28,2.88,8
136.30,2.88,8
136.32,2.88,8
136.34,2.88,8
136.36,2.88,8
136.38,2.88,8
136.40,2.88,8
136.42,2.88,8
136.44,2.88,8
136.46,2.88,8
136.48,2.88,8
136.50,2.88,8
136.52,2.88,8
136.54,2.88,8
136.56,2.88,8
136.58,2.88,8
136.60,2.88,8
136.62,2.88,8
136.64,2.88,8
136.66,2.88,8
136.68,2.88,8
136.70,2.88,8
136.72,2.88,8
136.74,2.88,8
136.76,2.88,8
136.78,2.88,8
136.80,2.88,8
136.82,2.88,8
136.84,2.88,8
136.86,2.88,8
136.88,2.88,8
136.90,2.88,8
136.92,2.88,8
136.94,2.88,8
136.96,2.88,8
136.98,2.88,8
137.00,2.88,8
137.02,2.88,8
137.04,2.88,8
137.06,2.88,8
137.08,2.88,8
137.10,2.88,8
137.12,2.88,8
137.14,2.88,8
137.16,2.88,8
137.18,2.88,8
137.20,2.88,8
137.22,2.88,8
137.24,2.88,8
137.26,2.88,8
137.28,2.88,8
137.30,2.88,8
137.32,2.88,8
137.34,2.88,8
137.36,2.88,8
137.38,2.88,8
137.40,2.88,8
137.42,2.88,8
137.44,2.88,8
137.46,2.88,8
137.48,2.88,8
137.50,2.88,8
137.52,2.88,8
137.54,2.88,8
137.56,2.88,8
137.58,2.88,8
137.60,2.88,8
137.62,2.88,8
137.64,2.88,8
137.66,2.88,8
137.68,2.88,8
137.70,2.88,8
137.72,2.88,8
137.74,2.88,8
137.76,2.88,8
137.78,2.88,8
137.80,2.88,8
137.82,2.88,8
137.84,2.88,8
137.86,2.88,8
137.88,2.88,8
137.90,2.88,8
137.92,2.88,8
137.94,2.88,8
137.96,2.88,8
137.98,2.88,8
138.00,2.88,8
138.02,2.88,8
138.04,2.88,8
138.06,2.88,8
138.08,2.88,8
138.10,2.88,8
138.12,2.88,8
138.14,2.88,8
138.16,2.88,8
138.18,2.88,8
138.20,2.88,8
138.22,2.88,8
138.24,2.88,8
138.26,2.88,8
138.28,2.88,8
138.30,2.88,8
138.32,2.88,8
138.34,2.88,8
138.36,2.88,8
138.38,2.88,8
138.40,2.88,8
138.42,2.88,8
138.44,2.88,8
138.46,2.88,8
138.48,2.88,8
138.50,2.88,8
138.52,2.88,8
138.54,2.88,8
138.56,2.88,8
138.58,2.88,8
138.60,2.88,8
138.62,2.88,8
138.64,2.88,8
138.66,2.88,8
138.68,2.88,8
138.70,2.88,8
138.72,2.88,8
138.74,2.88,8
138.76,2.88,8
138.78,2.88,8
138.80,2.88,8
138.82,2.88,8
138.84,2.88,8
138.86,2.88,8
138.88,2.88,8
138.90,2.88,8
138.92,2.88,8
138.94,2.88,8
138.96,2.88,8
138.98,2.88,8
139.00,2.88,8
139.02,2.88,8
139.04,2.88,8
139.06,2.88,8
139.08,2.88,8
139.10,2.88,8
139.12,2.88,8
139.14,2.88,8
139.16,2.88,8
139.18,2.88,8
139.20,2.88,8
139.22,2.88,8
139.24,2.88,8
139.26,2.88,8
139.28,2.88,8
139.30,2.88,8
139.32,2.88,8
139.34,2.88,8
139.36,2.88,8
139.38,2.88,8
139.40,2.88,8
139.42,2.88,8
139.44,2.88,8
139.46,2.88,8
139.48,2.88,8
139.50,2.88,8
139.52,2.88,8
139.54,2.88,8
139.56,2.88,8
139.58,2.88,8
139.60,2.88,8
139.62,2.88,8
139.64,2.88,8
139.66,2.88,8
139.68,2.88,8
139.70,2.88,8
139.72,2.88,8
139.74,2.88,8
139.76,2.88,8
139.78,2.88,8
139.80,2.88,8
139.82,2.88,8
139.84,2.88,8
139.86,2.88,8
139.88,2.88,8
139.90,2.88,8
139.92,2.88,8
139.94,2.88,8
139.96,2.88,8
139.98,2.88,8
140.00,2.88,8
140.02,2.88,8
140.04,2.88,8
140.06,2.88,8
140.08,2.88,8
140.10,2.88,8
140.12,2.88,8
140.14,2.88,8
140.16,2.88,8
140.18,2.88,8
140.20,2.88,8
140.22,2.88,8
140.24,2.88,8
140.26,2.88,8
140.28,2.88,8
140.30,2.88,8
140.32,2.88,8
140.34,2.88,8
140.36,2.88,8
140.38,2.88,8
140.40,2.88,8
140.42,2.88,8
140.44,2.88,8
140.46,2.88,8
140.48,2.88,8
140.50,2.88,8
140.52,2.88,8
140.54,2.88,8
140.56,2.88,8
140.58,2.88,8
140.60,2.88,8
140.62,2.88,8
140.64,2.88,8
140.66,2.88,8
140.68,2.88,8
140.70,2.88,8
140.72,2.88,8
140.74,2.88,8
140.76,2.88,8
140.78,2.88,8
140.80,2.88,8
140.82,2.88,8
140.84,2.88,8
140.86,2.88,8
140.88,2.88,8
140.90,2.88,8
140.92,2.88,8
140.94,2.88,8
140.96,2.88,8
140.98,2.88,8
141.00,2.88,8
141.02,2.88,8
141.04,2.88,8
141.06,2.88,8
141.08,2.88,8
141.10,2.88,8
141.12,2.88,8
141.14,2.88,8
141.16,2.88,8
141.18,2.88,8
141.20,2.88,8
141.22,2.88,8
141.24,2.88,8
141.26,2.88,8
141.28,2.88,8
141.30,2.88,8
141.32,2.88,8
141.34,2.88,8
141.36,2.88,8
141.38,2.88,8
141.40,2.88,8
141.42,2.88,8
141.44,2.88,8
141.46,2.88,8
141.48,2.88,8
141.50,2.88,8
141.52,2.88,8
141.54,2.88,8
141.56,2.88,8
141.58,2.88,8
141.60,2.88,8
141.62,2.88,8
141.64,2.88,8
141.66,2.88,8
141.68,2.88,8
141.70,2.88,8
141.72,2.88,8
141.74,2.88,8
141.76,2.88,8
141.78,2.88,8
141.80,2.88,8
141.82,2.88,8
141.84,2.88,8
141.86,2.88,8
141.88,2.88,8
141.90,2.88,8
141.92,2.88,8
141.94,2.88,8
141.96,2.88,8
141.98,2.88,8
142.00,2.88,8
142.02,2.88,8
142.04,2.88,8
142.06,2.88,8
142.08,2.88,8
142.10,2.88,8
142.12,2.88,8
142.14,2.88,8
142.16,2.88,8
142.18,2.88,8
142.20,2.88,8
142.22,2.88,8
142.24,2.88,8
142.26,2.88,8
142.28,2.88,8
142.30,2.88,8
142.32,2.88,8
142.34,2.88,8
142.36,2.88,8
142.38,2.88,8
142.40,2.88,8
142.42,2.88,8
142.44,2.88,8
142.46,2.88,8
142.48,2.88,8
142.50,2.88,8
142.52,2.88,8
142.54,2.88,8
142.56,2.88,8
142.58,2.88,8
